# https://github.com/mikedh/trimesh
mtllib material.mtl
usemtl material_0
v -0.03102320 -0.08448372 0.08564816
v -0.04522222 -0.07781305 0.08564817
v -0.04531747 -0.07797691 0.08079820
v -0.03108853 -0.08466164 0.08079819
v -0.05816959 -0.06892289 0.08079821
v -0.06925409 -0.05777491 0.08079822
v -0.06950425 -0.05798328 0.07594819
v -0.05837965 -0.06917186 0.07594818
v -0.07744465 0.04501353 0.08564820
v -0.06890907 0.05811928 0.08564820
v -0.06905421 0.05824195 0.08079822
v -0.07760773 0.04510830 0.08079823
v 0.06882962 0.05743553 0.08564809
v 0.07817306 0.04485775 0.08564808
v 0.07833763 0.04495240 0.08079811
v 0.06897451 0.05755641 0.08079812
v 0.04477465 -0.07806976 0.08564811
v 0.03054058 -0.08465994 0.08564812
v 0.03060472 -0.08483823 0.08079814
v 0.04486858 -0.07823415 0.08079813
v -0.08465918 -0.03053992 0.08564820
v -0.08867682 -0.01537466 0.08564821
v -0.08886351 -0.01540726 0.08079823
v -0.08483746 -0.03060454 0.08079823
v 0.00026619 0.08988434 0.08564814
v 0.01587491 0.08865319 0.08564813
v 0.01590834 0.08883988 0.08079816
v 0.00026675 0.09007364 0.08079817
v 0.08414736 -0.03091227 0.08564808
v 0.07793930 -0.04526417 0.08564808
v 0.07810344 -0.04535947 0.08079811
v 0.08432456 -0.03097712 0.08079810
v -0.05804734 -0.06877805 0.08564818
v -0.05761816 0.06909600 0.08564819
v -0.05773922 0.06924150 0.08079821
v 0.08464480 0.03052557 0.08564808
v 0.08482308 0.03058959 0.08079811
v 0.01537477 -0.08867705 0.08564813
v 0.01540743 -0.08886380 0.08079815
v -0.09000451 0.00026017 0.08564821
v -0.09019405 0.00026071 0.08079824
v 0.03103416 0.08446281 0.08564812
v 0.03109930 0.08464067 0.08079815
v 0.06873979 -0.05803457 0.08564809
v 0.06888456 -0.05815676 0.08079811
v -0.06910852 -0.05765319 0.08564819
v -0.04478355 0.07805696 0.08564818
v -0.04487754 0.07822135 0.08079820
v 0.08867716 0.01537467 0.08564808
v 0.08886390 0.01540715 0.08079810
v -0.00025727 -0.08999949 0.08564814
v -0.01588124 -0.08858757 0.08564815
v -0.01591450 -0.08877412 0.08079818
v -0.00025781 -0.09018903 0.08079816
v -0.00025727 -0.08999949 0.08564814
v -0.00025781 -0.09018903 0.08079816
v -0.09000451 0.00026017 0.08564821
v -0.08855670 0.01586425 0.08564821
v -0.08874314 0.01589763 0.08079823
v -0.09019405 0.00026071 0.08079824
v 0.04518971 0.07779751 0.08564811
v 0.04528514 0.07796135 0.08079814
v 0.05766362 -0.06911233 0.08564810
v 0.05778540 -0.06925782 0.08079812
v -0.07807056 -0.04477650 0.08564820
v -0.07823495 -0.04487110 0.08079822
v -0.03054066 0.08469030 0.08564817
v -0.03060467 0.08486863 0.08079819
v 0.08998054 -0.00024909 0.08564807
v 0.09017001 -0.00024961 0.08079810
v -0.08461599 0.03109842 0.08564821
v -0.08479421 0.03116393 0.08079823
v 0.05815235 0.06885697 0.08564810
v 0.05827507 0.06900200 0.08079813
v -0.01537461 0.08867694 0.08564816
v 0.00026619 0.08988434 0.08564814
v 0.00026675 0.09007364 0.08079817
v -0.01540704 0.08886368 0.08079818
v 0.08998054 -0.00024909 0.08564807
v 0.08871136 -0.01592349 0.08564807
v 0.08889816 -0.01595674 0.08079810
v 0.09017001 -0.00024961 0.08079810
v -0.00025875 -0.09051477 0.07594813
v 0.01546304 -0.08918477 0.07594812
v 0.04544875 0.07824293 0.07594811
v 0.03121183 0.08494637 0.07594812
v -0.07851753 -0.04503286 0.07594819
v 0.05848524 0.06925120 0.07594810
v -0.08514389 -0.03071480 0.07594820
v 0.07862057 0.04511477 0.07594808
v 0.06922366 0.05776437 0.07594809
v -0.08918455 -0.01546293 0.07594820
v 0.08512944 0.03070033 0.07594808
v -0.09051979 0.00026166 0.07594821
v 0.08918488 0.01546252 0.07594807
v -0.08906371 0.01595503 0.07594820
v -0.09051979 0.00026166 0.07594821
v 0.09049568 -0.00025052 0.07594807
v -0.07788806 0.04527126 0.07594820
v -0.08510047 0.03127646 0.07594820
v 0.08921925 -0.01601468 0.07594807
v 0.09049568 -0.00025052 0.07594807
v -0.06930361 0.05845206 0.07594819
v 0.07838555 -0.04552297 0.07594808
v 0.08462914 -0.03108893 0.07594807
v -0.05794814 0.06949160 0.07594818
v 0.06913335 -0.05836711 0.07594808
v -0.04503998 0.07850387 0.07594817
v -0.01597196 -0.08909480 0.07594815
v -0.00025875 -0.09051477 0.07594813
v 0.05799376 -0.06950798 0.07594809
v -0.03071548 0.08517517 0.07594816
v -0.03120083 -0.08496740 0.07594816
v 0.04503095 -0.07851675 0.07594810
v 0.00026771 0.09039896 0.07594814
v -0.01546241 0.08918466 0.07594815
v -0.04548084 -0.07825860 0.07594817
v 0.03071539 -0.08514465 0.07594811
v 0.01596580 0.08916079 0.07594813
v 0.00026771 0.09039896 0.07594814
v -0.00025727 -0.08999949 0.08564814
v -0.00025725 -0.08999949 0.10764815
v -0.01588123 -0.08858757 0.10764816
v -0.01588124 -0.08858757 0.08564815
v -0.03102318 -0.08448372 0.10764817
v -0.03102320 -0.08448372 0.08564816
v -0.04522220 -0.07781305 0.10764818
v -0.04522222 -0.07781305 0.08564817
v -0.05804732 -0.06877805 0.10764819
v -0.05804734 -0.06877805 0.08564818
v -0.06910851 -0.05765319 0.10764820
v -0.06910852 -0.05765319 0.08564819
v -0.07807054 -0.04477650 0.10764821
v -0.07807056 -0.04477650 0.08564820
v -0.08465916 -0.03053992 0.10764821
v -0.08465918 -0.03053992 0.08564820
v -0.08867680 -0.01537466 0.10764821
v -0.08867682 -0.01537466 0.08564821
v -0.09000449 0.00026017 0.10764822
v -0.09000451 0.00026017 0.08564821
v -0.09000451 0.00026017 0.08564821
v -0.09000449 0.00026017 0.10764822
v -0.08855668 0.01586425 0.10764822
v -0.08855670 0.01586425 0.08564821
v -0.08461599 0.03109842 0.08564821
v -0.08461597 0.03109842 0.10764821
v -0.07744464 0.04501353 0.10764821
v -0.07744465 0.04501353 0.08564820
v -0.06890906 0.05811928 0.10764820
v -0.06890907 0.05811928 0.08564820
v -0.05761815 0.06909600 0.10764819
v -0.05761816 0.06909600 0.08564819
v -0.04478353 0.07805696 0.10764819
v -0.04478355 0.07805696 0.08564818
v -0.03054064 0.08469029 0.10764817
v -0.03054066 0.08469030 0.08564817
v -0.01537461 0.08867694 0.08564816
v -0.01537460 0.08867693 0.10764816
v 0.00026621 0.08988434 0.10764815
v 0.00026619 0.08988434 0.08564814
v 0.00026619 0.08988434 0.08564814
v 0.00026621 0.08988434 0.10764815
v 0.01587492 0.08865319 0.10764814
v 0.01587491 0.08865319 0.08564813
v 0.03103417 0.08446280 0.10764813
v 0.03103416 0.08446281 0.08564812
v 0.04518973 0.07779751 0.10764812
v 0.04518971 0.07779751 0.08564811
v 0.05815236 0.06885697 0.10764811
v 0.05815235 0.06885697 0.08564810
v 0.06882962 0.05743553 0.08564809
v 0.06882963 0.05743553 0.10764810
v 0.07817308 0.04485775 0.10764809
v 0.07817306 0.04485775 0.08564808
v 0.08464482 0.03052557 0.10764809
v 0.08464480 0.03052557 0.08564808
v 0.08867718 0.01537467 0.10764808
v 0.08867716 0.01537467 0.08564808
v 0.08998055 -0.00024909 0.10764808
v 0.08998054 -0.00024909 0.08564807
v 0.08998054 -0.00024909 0.08564807
v 0.08998055 -0.00024909 0.10764808
v 0.08871138 -0.01592349 0.10764808
v 0.08871136 -0.01592349 0.08564807
v 0.08414736 -0.03091227 0.08564808
v 0.08414738 -0.03091227 0.10764809
v 0.07793931 -0.04526417 0.10764809
v 0.07793930 -0.04526417 0.08564808
v 0.06873980 -0.05803457 0.10764810
v 0.06873979 -0.05803457 0.08564809
v 0.05766363 -0.06911233 0.10764810
v 0.05766362 -0.06911233 0.08564810
v 0.04477467 -0.07806976 0.10764811
v 0.04477465 -0.07806976 0.08564811
v 0.03054060 -0.08465994 0.10764812
v 0.03054058 -0.08465994 0.08564812
v 0.01537478 -0.08867705 0.10764813
v 0.01537477 -0.08867705 0.08564813
v -0.00025725 -0.08999949 0.10764815
v -0.00025727 -0.08999949 0.08564814
v -0.08661186 0.08661562 0.01905164
v -0.07456701 0.09717839 0.01905110
v -0.07459522 0.09721469 0.00024822
v -0.08664556 0.08664566 0.00024823
v 0.09142351 0.07015181 0.02978755
v 0.09979353 0.05761980 0.02978791
v 0.10571924 0.06103748 0.02060509
v 0.09684126 0.07430876 0.02060140
v 0.01598607 -0.12142130 0.01904937
v -0.00000344 -0.12249679 0.01905354
v -0.00000009 -0.12251029 0.00019225
v 0.01598963 -0.12145280 0.00019223
v -0.07945572 -0.08318990 0.02988698
v -0.09142349 -0.07015180 0.02978769
v -0.09684125 -0.07430875 0.02060155
v -0.08631395 -0.08631372 0.02060178
v 0.12248910 -0.00000029 0.01905193
v 0.12144079 -0.01598812 0.01905161
v 0.12145278 -0.01598979 0.00019210
v 0.12256619 -0.00000133 0.00024801
v -0.03170070 0.11831113 0.01905032
v -0.01598606 0.12142132 0.01904940
v -0.01599580 0.12150841 0.00024811
v -0.03170371 0.11831923 0.00019222
v -0.03231666 0.11040563 0.02988695
v -0.01504073 0.11424951 0.02978674
v -0.01593242 0.12102122 0.02060143
v -0.03159538 0.11792262 0.02060677
v -0.10607984 -0.06124501 0.01905119
v -0.11316482 -0.04687420 0.01905232
v -0.11316324 -0.04687366 0.00019227
v -0.10607325 -0.06124119 0.00019227
v -0.09717778 -0.07456677 0.01905113
v -0.09717011 -0.07456128 0.00019232
v 0.12143991 0.01598768 0.01905216
v 0.12150840 0.01599579 0.00024801
v -0.04687510 0.11316544 0.01905182
v -0.04687368 0.11316324 0.00019223
v -0.08661304 -0.08661323 0.01905192
v -0.08664567 -0.08664554 0.00024822
v 0.11316483 0.04687428 0.01905216
v 0.11831462 0.03170221 0.01905189
v 0.11837351 0.03171729 0.00024807
v 0.11316322 0.04687368 0.00019211
v -0.06123601 0.10606194 0.01904906
v -0.06124121 0.10607325 0.00019224
v 0.03170071 -0.11831111 0.01905026
v 0.03170368 -0.11831921 0.00019222
v -0.07455337 -0.09716005 0.01904886
v -0.07456142 -0.09716999 0.00019230
v 0.10607984 0.06124502 0.01905104
v 0.10607323 0.06124120 0.00019211
v 0.03231668 -0.11040562 0.02988689
v 0.01504075 -0.11424961 0.02978676
v 0.01593243 -0.12102130 0.02060140
v 0.03159539 -0.11792261 0.02060672
v -0.06124443 -0.10607895 0.01905097
v -0.07455337 -0.09716005 0.01904886
v -0.07456142 -0.09716999 0.00019230
v -0.06126930 -0.10612176 0.00024820
v 0.09717779 0.07456679 0.01905099
v 0.09721467 0.07459522 0.00024809
v 0.03170063 0.11831348 0.01905152
v 0.04687477 0.11316628 0.01905151
v 0.04687380 0.11316318 0.00019216
v 0.03170383 0.11831919 0.00019217
v 0.10606206 -0.06123697 0.01905208
v 0.09717739 -0.07456696 0.01905093
v 0.09721457 -0.07459533 0.00024809
v 0.10607315 -0.06124132 0.00019211
v -0.09717739 0.07456697 0.01905108
v -0.09721460 0.07459534 0.00024824
v 0.04687510 -0.11316542 0.01905174
v 0.04689447 -0.11321522 0.00024818
v -0.04687477 -0.11316627 0.01905158
v -0.04687382 -0.11316317 0.00019228
v 0.08661305 0.08661324 0.01905180
v 0.08664565 0.08664556 0.00024810
v -0.09142756 0.07015049 0.02978656
v -0.07945805 0.08318799 0.02988698
v -0.08631300 0.08631467 0.02060178
v -0.09684110 0.07430888 0.02060147
v 0.06123602 -0.10606193 0.01904896
v 0.06124118 -0.10607323 0.00019220
v -0.03170062 -0.11831347 0.01905156
v -0.03171745 -0.11837347 0.00024818
v 0.07455337 0.09716006 0.01904876
v 0.07456140 0.09717001 0.00019214
v -0.11316587 0.04687508 0.01905173
v -0.10606206 0.06123698 0.01905224
v -0.10612177 0.06126929 0.00024824
v -0.11316319 0.04687382 0.00019228
v 0.07456707 -0.09717837 0.01905098
v 0.07456128 -0.09717009 0.00019219
v -0.03231388 -0.11040657 0.02988694
v -0.04517269 -0.10569536 0.02988695
v -0.04671050 -0.11276747 0.02059859
v -0.03159530 -0.11791908 0.02060252
v 0.06894863 0.09196831 0.02988687
v 0.07945574 0.08318991 0.02988686
v 0.08631396 0.08631373 0.02060165
v 0.07431645 0.09684582 0.02060065
v -0.10647456 0.04410095 0.02979670
v -0.09979308 0.05761356 0.02978657
v -0.10571466 0.06103635 0.02060459
v -0.11277437 0.04671307 0.02060180
v 0.08661187 -0.08661561 0.01905151
v 0.08664554 -0.08664565 0.00024809
v -0.01598812 -0.12144288 0.01905099
v -0.01598981 -0.12145278 0.00019226
v 0.06124443 0.10607896 0.01905089
v 0.06124132 0.10607317 0.00019215
v -0.12144079 0.01598813 0.01905180
v -0.11831528 0.03170241 0.01905206
v -0.11831919 0.03170385 0.00019228
v -0.12145280 0.01598980 0.00019228
v 0.09717739 -0.07456696 0.01905093
v 0.09721457 -0.07459533 0.00024809
v 0.11831528 -0.03170246 0.01905188
v 0.11316587 -0.04687507 0.01905156
v 0.11321516 -0.04689461 0.00024813
v 0.11831917 -0.03170384 0.00019210
v -0.11412108 0.01372697 0.02988701
v -0.11179247 0.02750148 0.02988700
v -0.11791807 0.03159525 0.02060243
v -0.12103449 0.01593216 0.02060832
v 0.01504125 0.11426179 0.02979333
v 0.03231390 0.11040659 0.02988690
v 0.03159531 0.11791909 0.02060247
v 0.01593258 0.12102130 0.02060144
v 0.00000091 0.12249691 0.01905352
v 0.00000007 0.12251031 0.00019219
v -0.11831462 -0.03170220 0.01905207
v -0.12143990 -0.01598767 0.01905234
v -0.12145282 -0.01598964 0.00019228
v -0.11837353 -0.03171728 0.00024825
v -0.12248910 0.00000030 0.01905212
v -0.12251031 0.00000008 0.00019228
v 0.01598813 0.12144290 0.01905097
v 0.03170063 0.11831348 0.01905152
v 0.03170383 0.11831919 0.00019217
v 0.01598979 0.12145280 0.00019218
v 0.11412110 -0.01372696 0.02988683
v 0.11177249 -0.02721566 0.02988684
v 0.11791808 -0.03159524 0.02060226
v 0.12103450 -0.01593215 0.02060814
v 0.09142758 -0.07015048 0.02978642
v 0.07945801 -0.08318797 0.02988686
v 0.08631301 -0.08631460 0.02060165
v 0.09684111 -0.07430887 0.02060133
v 0.05750818 -0.09960100 0.02988687
v 0.04517258 -0.10569542 0.02988688
v 0.04671340 -0.11277412 0.02060168
v 0.06103754 -0.10572243 0.02060673
v 0.11412132 0.01372682 0.02988684
v 0.11501111 -0.00000324 0.02988683
v 0.12206611 0.00000319 0.02060158
v 0.12102091 0.01593243 0.02060119
v -0.05750267 0.09960416 0.02988697
v -0.04517255 0.10569543 0.02988696
v -0.04671340 0.11277413 0.02060175
v -0.06103753 0.10572244 0.02060682
v 0.00000496 -0.11524490 0.02978947
v -0.00000075 -0.12207770 0.02060422
v 0.10648254 0.04410099 0.02979934
v 0.11277443 0.04671287 0.02060163
v -0.06894861 -0.09196830 0.02988697
v -0.07431644 -0.09684581 0.02060076
v -0.01504123 -0.11426178 0.02979341
v -0.01593257 -0.12102128 0.02060147
v -0.00000494 0.11524491 0.02978941
v -0.00000052 0.12207771 0.02060422
v 0.04517271 0.10569537 0.02988689
v 0.05750830 0.09960094 0.02988688
v 0.06103266 0.10571146 0.02060119
v 0.04671051 0.11276748 0.02059852
v 0.03231390 0.11040659 0.02988690
v 0.03159531 0.11791909 0.02060247
v -0.05750828 -0.09960093 0.02988696
v -0.06103265 -0.10571145 0.02060128
v -0.06894861 -0.09196830 0.02988697
v -0.07431644 -0.09684581 0.02060076
v -0.06894849 0.09196840 0.02988697
v -0.07430869 0.09684114 0.02060146
v -0.09979351 -0.05761979 0.02978811
v -0.10571924 -0.06103747 0.02060525
v 0.11177133 0.02722083 0.02988684
v 0.11791952 0.03159372 0.02060796
v -0.10648252 -0.04410098 0.02979950
v -0.11277463 -0.04671208 0.02060180
v 0.07945801 -0.08318797 0.02988686
v 0.06894851 -0.09196839 0.02988687
v 0.07430870 -0.09684113 0.02060134
v 0.08631301 -0.08631460 0.02060165
v -0.10647456 0.04410095 0.02979670
v -0.11277437 0.04671307 0.02060180
v -0.11177131 -0.02722082 0.02988700
v -0.11791951 -0.03159371 0.02060813
v -0.11412110 -0.01372681 0.02988700
v -0.12102101 -0.01593242 0.02060137
v 0.10647458 -0.04410094 0.02979660
v 0.11277438 -0.04671306 0.02060163
v -0.11501109 -0.00000310 0.02988701
v -0.12206610 -0.00000317 0.02060176
v 0.10647458 -0.04410094 0.02979660
v 0.09979310 -0.05761355 0.02978641
v 0.10571467 -0.06103634 0.02060443
v 0.11277438 -0.04671306 0.02060163
v -0.11316587 0.04687508 0.01905173
v -0.11316319 0.04687382 0.00019228
v -0.03166491 -0.11818008 0.01984406
v -0.04681773 -0.11302777 0.01984233
v -0.06117171 -0.10595235 0.01984316
v -0.08651017 -0.08651024 0.01984378
v -0.09706192 -0.07447796 0.01984349
v -0.10595674 -0.06117426 0.01984528
v -0.11303073 -0.04681859 0.01984404
v -0.11818081 -0.03166524 0.01984702
v -0.12234350 -0.00000145 0.01984401
v -0.12130319 0.01596876 0.01984688
v -0.11818058 0.03166612 0.01984410
v -0.10594556 0.06116999 0.01984521
v -0.09706164 0.07447810 0.01984329
v -0.08650910 0.08651179 0.01984396
v -0.06116997 0.10594945 0.01984456
v -0.04681966 0.11303094 0.01984348
v -0.03166542 0.11818073 0.01984514
v 0.00000008 0.12235331 0.01984583
v 0.01596881 0.12129750 0.01984327
v 0.03166492 0.11818009 0.01984402
v 0.06117172 0.10595236 0.01984307
v 0.07447517 0.09705539 0.01984135
v 0.08651018 0.08651025 0.01984366
v 0.10595674 0.06117427 0.01984513
v 0.11303063 0.04681884 0.01984387
v 0.11818082 0.03166525 0.01984684
v 0.12234351 0.00000146 0.01984382
v 0.12130319 -0.01596875 0.01984670
v 0.11818059 -0.03166611 0.01984392
v 0.10594557 -0.06116998 0.01984505
v 0.09706165 -0.07447809 0.01984314
v 0.09706165 -0.07447809 0.01984314
v 0.08650911 -0.08651178 0.01984383
v 0.06116998 -0.10594943 0.01984446
v 0.04681967 -0.11303093 0.01984341
v 0.03166543 -0.11818081 0.01984509
v 0.01596801 -0.12128690 0.01984196
v -0.00000207 -0.12235329 0.01984584
v 0.07447808 -0.09706221 0.01984311
v 0.11303117 -0.04681928 0.01984349
v 0.12129591 0.01596861 0.01984373
v 0.09706192 0.07447798 0.01984335
v 0.03166492 0.11818009 0.01984402
v 0.04681773 0.11302778 0.01984226
v -0.01596800 0.12128691 0.01984199
v -0.07447802 0.09706222 0.01984323
v -0.11303117 0.04681929 0.01984366
v -0.11303117 0.04681929 0.01984366
v -0.12129591 -0.01596860 0.01984391
v -0.07447516 -0.09705538 0.01984146
v -0.07447516 -0.09705538 0.01984146
v -0.01596880 -0.12129749 0.01984329
v -0.08608982 -0.03105825 0.06956365
v -0.09018644 -0.01563113 0.06956366
v -0.09550264 -0.00896805 0.05944076
v -0.08891145 -0.03207415 0.06223652
v 0.07946480 0.04560716 0.06956353
v 0.08607584 0.03102988 0.06956353
v 0.08889638 0.03205884 0.06223639
v 0.08209949 0.04711110 0.06223639
v -0.09149720 0.00024944 0.06956366
v -0.09452524 0.00027329 0.06223652
v 0.09014957 0.01565159 0.06956352
v 0.09550426 0.00896937 0.05944026
v -0.09014953 0.01617831 0.06956366
v -0.09593375 0.00929922 0.05845806
v 0.09162197 -0.00028681 0.06956352
v 0.09450009 -0.00026155 0.06223638
v -0.08580732 0.03149879 0.06956366
v -0.07913081 0.04598718 0.06956365
v -0.08133459 0.04727453 0.06223651
v -0.08886611 0.03266048 0.06223652
v 0.08984628 -0.01609241 0.06956352
v 0.09608176 -0.00930208 0.05845553
v -0.06997166 0.05904137 0.06956364
v -0.07237022 0.06103890 0.06223651
v 0.08599485 -0.03156661 0.06956352
v 0.07913000 -0.04598706 0.06956353
v 0.08185404 -0.04753761 0.06223639
v 0.08837397 -0.03246485 0.06223638
v -0.05861477 0.07027999 0.06956364
v -0.05548671 0.07820795 0.05944139
v 0.07913000 -0.04598706 0.06956353
v 0.06993389 -0.05902741 0.06956354
v 0.07219249 -0.06094978 0.06223639
v 0.08185404 -0.04753761 0.06223639
v -0.04553571 0.07935348 0.06956363
v -0.04703292 0.08197769 0.06223649
v -0.00026132 -0.09152220 0.06956359
v -0.01614983 -0.09008656 0.06956360
v -0.01667883 -0.09303711 0.06223646
v -0.00027019 -0.09451997 0.06223645
v 0.05863392 -0.07027903 0.06956354
v 0.05552851 -0.07822772 0.05944023
v -0.03107973 0.08624287 0.06956362
v -0.03994795 0.08776751 0.05845784
v -0.03154821 -0.08591369 0.06956361
v -0.03998365 -0.08719167 0.05944072
v 0.04553275 -0.07939054 0.06956355
v 0.04702357 -0.08199103 0.06223641
v -0.01556726 0.08975256 0.06956360
v 0.00023440 0.09167421 0.06956359
v 0.00027956 0.09439909 0.06223645
v -0.01614662 0.09313107 0.06223647
v -0.04598773 -0.07913026 0.06956362
v -0.04749335 -0.08172138 0.06223648
v 0.03105716 -0.08609206 0.06956356
v 0.03994743 -0.08774747 0.05845772
v 0.01615862 0.09005492 0.06956358
v 0.01667228 0.09310614 0.06223644
v -0.05902963 -0.06994243 0.06956363
v -0.05601390 -0.07846929 0.05845773
v 0.01563505 -0.09017694 0.06956358
v 0.01614729 -0.09313106 0.06223644
v 0.03153977 0.08591405 0.06956357
v 0.03999272 0.08717266 0.05944090
v -0.05902963 -0.06994243 0.06956363
v -0.07027828 -0.05862946 0.06956364
v -0.07257974 -0.06054903 0.06223650
v -0.05601390 -0.07846929 0.05845773
v 0.03153977 0.08591405 0.06956357
v 0.04598692 0.07913062 0.06956356
v 0.04745987 0.08170519 0.06223642
v 0.03999272 0.08717266 0.05944090
v -0.07939229 -0.04553462 0.06956365
v -0.08199191 -0.04702568 0.06223651
v 0.05909010 0.06999936 0.06956355
v 0.05610062 0.07854893 0.05845556
v 0.07009722 0.05846108 0.06956354
v 0.07228679 0.06032015 0.06223640
v 0.06922366 0.05776437 0.07594809
v 0.07862057 0.04511477 0.07594808
v -0.07851753 -0.04503286 0.07594819
v -0.08514389 -0.03071480 0.07594820
v 0.04544875 0.07824293 0.07594811
v 0.05848524 0.06925120 0.07594810
v -0.06950425 -0.05798328 0.07594819
v 0.03121183 0.08494637 0.07594812
v 0.01546304 -0.08918477 0.07594812
v -0.00025875 -0.09051477 0.07594813
v -0.05837965 -0.06917186 0.07594818
v 0.01596580 0.08916079 0.07594813
v 0.03121183 0.08494637 0.07594812
v 0.03071539 -0.08514465 0.07594811
v -0.04548084 -0.07825860 0.07594817
v -0.05837965 -0.06917186 0.07594818
v 0.00026771 0.09039896 0.07594814
v 0.04503095 -0.07851675 0.07594810
v -0.03120083 -0.08496740 0.07594816
v -0.01546241 0.08918466 0.07594815
v 0.05799376 -0.06950798 0.07594809
v -0.01597196 -0.08909480 0.07594815
v -0.04503998 0.07850387 0.07594817
v -0.03071548 0.08517517 0.07594816
v 0.06913335 -0.05836711 0.07594808
v -0.05794814 0.06949160 0.07594818
v 0.07838555 -0.04552297 0.07594808
v -0.06930361 0.05845206 0.07594819
v 0.08462914 -0.03108893 0.07594807
v 0.07838555 -0.04552297 0.07594808
v -0.07788806 0.04527126 0.07594820
v 0.09049568 -0.00025052 0.07594807
v 0.08921925 -0.01601468 0.07594807
v -0.08510047 0.03127646 0.07594820
v 0.08918488 0.01546252 0.07594807
v -0.09051979 0.00026166 0.07594821
v -0.08906371 0.01595503 0.07594820
v 0.08512944 0.03070033 0.07594808
v -0.08918455 -0.01546293 0.07594820
v -0.08510047 0.03127646 0.07594820
v -0.08580732 0.03149879 0.06956366
v -0.08886611 0.03266048 0.06223652
v -0.09329205 -0.03553611 0.05218407
v -0.08656139 -0.04977333 0.05217900
v -0.07764441 -0.06275052 0.05218048
v -0.07750510 0.06307756 0.05217876
v -0.08613103 0.04993349 0.05217482
v -0.09326542 0.03591139 0.05218103
v 0.01586625 0.09860508 0.05218209
v 0.00018252 0.09977562 0.05217804
v -0.01552364 0.09861714 0.05217925
v 0.09328066 0.03552831 0.05218501
v 0.08663600 0.04982383 0.05217852
v 0.07745284 0.06259973 0.05217763
v 0.07739358 -0.06300948 0.05218067
v 0.08646898 -0.05011170 0.05217767
v 0.08646898 -0.05011170 0.05217767
v 0.09293718 -0.03579198 0.05218066
v -0.01586864 -0.09855983 0.05218223
v -0.00017509 -0.09985475 0.05217924
v 0.01552090 -0.09861719 0.05218023
v 0.03588452 -0.09306516 0.05226778
v -0.03594627 -0.09302946 0.05226681
v -0.06265266 -0.07760865 0.05226779
v -0.09853922 -0.01538460 0.05226692
v -0.09326542 0.03591139 0.05218103
v -0.09852310 0.01554442 0.05226829
v -0.06257240 0.07763021 0.05226947
v -0.03588429 0.09308323 0.05226802
v 0.03595081 0.09301541 0.05226803
v 0.01586625 0.09860508 0.05218209
v 0.01667228 0.09310614 0.06223644
v 0.06271388 0.07767978 0.05226300
v 0.09854022 0.01538395 0.05226661
v 0.09863324 -0.01546490 0.05226285
v 0.06259868 -0.07764993 0.05226663
v -0.01541244 -0.10609028 0.04075584
v -0.03211496 -0.10211078 0.04091952
v 0.03195120 -0.10217042 0.04092150
v 0.01523769 -0.10611271 0.04075157
v -0.00008540 -0.10722629 0.04075273
v -0.09958845 -0.03969507 0.04075989
v -0.10448720 -0.02274214 0.04091988
v -0.07250645 -0.07875568 0.04092152
v -0.08427753 -0.06625384 0.04075231
v -0.09289748 -0.05353426 0.04075160
v -0.08421027 0.06641668 0.04075076
v -0.07236199 0.07886086 0.04092051
v -0.10446067 0.02309681 0.04092149
v -0.09957153 0.03988225 0.04075692
v -0.09957153 0.03988225 0.04075692
v -0.09268243 0.05361205 0.04074851
v 0.01541099 0.10611280 0.04075576
v 0.03211708 0.10210349 0.04091996
v 0.03595081 0.09301541 0.05226803
v -0.03195194 0.10218063 0.04092174
v -0.01523891 0.10611282 0.04075143
v 0.00008903 0.10718690 0.04075171
v 0.09958278 0.03969097 0.04076023
v 0.10448794 0.02324444 0.04091954
v 0.07253873 0.07879014 0.04091874
v 0.08418220 0.06617862 0.04075004
v 0.09293465 0.05356008 0.04075135
v 0.08415387 -0.06638310 0.04075152
v 0.07237598 -0.07886997 0.04091890
v 0.07237598 -0.07886997 0.04091890
v 0.08415387 -0.06638310 0.04075152
v 0.10450470 -0.02342248 0.04091871
v 0.09940730 -0.03982329 0.04075592
v 0.09940730 -0.03982329 0.04075592
v 0.09285127 -0.05370013 0.04075009
v 0.09285127 -0.05370013 0.04075009
v 0.08646898 -0.05011170 0.05217767
v 0.07739358 -0.06300948 0.05218067
v -0.03588431 0.09308317 0.02988695
v -0.03994797 0.08776745 0.02988695
v 0.06259866 -0.07764993 0.02988687
v 0.07237597 -0.07886997 0.02988686
v -0.04703295 0.08197769 0.02988696
v -0.05548673 0.07820789 0.02988696
v 0.03999270 0.08717266 0.02988689
v 0.03595079 0.09301536 0.02988690
v 0.05610062 0.07854893 0.05845556
v 0.06271388 0.07767978 0.05226300
v 0.06271386 0.07767978 0.02988688
v 0.05610060 0.07854893 0.02988688
v 0.09550423 0.00896931 0.02988685
v 0.09854020 0.01538395 0.02988685
v -0.07250645 -0.07875568 0.04092152
v -0.07945572 -0.08318990 0.02988698
v -0.07250646 -0.07875568 0.02988697
v 0.09863322 -0.01546496 0.02988685
v 0.09608174 -0.00930213 0.02988685
v -0.06265266 -0.07760865 0.05226779
v -0.06265268 -0.07760865 0.02988696
v 0.05552848 -0.07822772 0.02988688
v 0.07253873 0.07879014 0.04091874
v 0.07945574 0.08318991 0.02988686
v 0.07253873 0.07879008 0.02988687
v 0.04745978 0.08170519 0.02988689
v -0.11177131 -0.02722082 0.02988700
v -0.10448720 -0.02274214 0.04091988
v -0.10448721 -0.02274214 0.02988700
v 0.05610060 0.07854893 0.02988688
v -0.09853922 -0.01538460 0.05226692
v -0.09853923 -0.01538460 0.02988699
v 0.11177133 0.02722083 0.02988684
v 0.10448794 0.02324444 0.04091954
v 0.10448793 0.02324444 0.02988684
v 0.09854022 0.01538395 0.05226661
v 0.09854020 0.01538395 0.02988685
v 0.09450007 -0.00026156 0.02988685
v 0.03195120 -0.10217042 0.04092150
v 0.03231668 -0.11040562 0.02988689
v 0.03195119 -0.10217041 0.02988689
v 0.03588452 -0.09306516 0.05226778
v 0.03588450 -0.09306516 0.02988689
v -0.03195194 0.10218063 0.04092174
v -0.03231666 0.11040563 0.02988695
v -0.03195195 0.10218063 0.02988695
v -0.03231388 -0.11040657 0.02988694
v -0.03211496 -0.10211078 0.04091952
v -0.03211497 -0.10211078 0.02988694
v -0.03195195 0.10218063 0.02988695
v -0.03594627 -0.09302946 0.05226681
v -0.03594629 -0.09302946 0.02988694
v 0.04702355 -0.08199103 0.02988688
v 0.03211708 0.10210349 0.04091996
v 0.03211701 0.10210349 0.02988690
v -0.04749337 -0.08172138 0.02988695
v -0.03998367 -0.08719167 0.02988695
v 0.03994741 -0.08774747 0.02988689
v -0.05601392 -0.07846929 0.02988696
v 0.05263203 0.08161184 0.02943479
v 0.05725187 0.08289107 0.02943478
v 0.05725187 0.08289107 0.02073846
v 0.05263203 0.08161184 0.02073847
v 0.03588450 -0.09306516 0.02988689
v 0.06167824 -0.09081772 0.02943477
v 0.06037869 -0.08620223 0.02943477
v 0.06037868 -0.08620223 0.02073846
v 0.06167824 -0.09081772 0.02073846
v -0.06048010 0.09548262 0.02943487
v -0.06167375 0.09083830 0.02943487
v -0.06167376 0.09083830 0.02073855
v -0.06048011 0.09548262 0.02073855
v -0.03998365 -0.08719167 0.05944072
v -0.03998367 -0.08719167 0.02988695
v -0.09452526 0.00027329 0.02988699
v -0.09550266 -0.00896805 0.02988699
v 0.04329444 0.09079502 0.02943479
v 0.04457378 0.08617518 0.02943479
v 0.04457378 0.08617518 0.02073847
v 0.04329443 0.09079502 0.02073848
v -0.10446067 0.02309681 0.04092149
v -0.11179247 0.02750148 0.02988700
v -0.10446048 0.02309681 0.02988700
v -0.09593377 0.00929922 0.02988699
v 0.10039191 -0.00811821 0.02943475
v 0.10502860 -0.00933433 0.02943474
v 0.10502860 -0.00933433 0.02073843
v 0.10039190 -0.00811821 0.02073843
v -0.10446048 0.02309681 0.02988700
v -0.09852311 0.01554442 0.02988699
v -0.09550264 -0.00896805 0.05944076
v -0.09550266 -0.00896805 0.02988699
v 0.10450469 -0.02342248 0.02988684
v -0.07945805 0.08318799 0.02988698
v -0.07236199 0.07886086 0.04092051
v -0.07236200 0.07886086 0.02988698
v -0.06257241 0.07763021 0.02988697
v -0.07236200 0.07886086 0.02988698
v -0.04786180 0.09900340 0.02943486
v -0.05250590 0.10019674 0.02943486
v -0.05250590 0.10019674 0.02073855
v -0.04786180 0.09900340 0.02073854
v 0.05253882 -0.10061212 0.02988688
v 0.04768396 -0.09937705 0.02988688
v 0.03231668 -0.11040562 0.02988689
v 0.04517258 -0.10569542 0.02988688
v 0.05736047 -0.09925422 0.02988687
v 0.05750818 -0.09960100 0.02988687
v 0.06085778 -0.09566734 0.02988687
v 0.06894851 -0.09196839 0.02988687
v 0.06209279 -0.09081247 0.02988687
v 0.07945801 -0.08318797 0.02988686
v 0.11338351 -0.00486708 0.02988684
v 0.10986121 -0.00842697 0.02988684
v 0.11177249 -0.02721566 0.02988684
v 0.11412110 -0.01372696 0.02988683
v 0.10977252 0.00832974 0.02988684
v 0.11333231 0.00480729 0.02988684
v 0.11412132 0.01372682 0.02988684
v 0.11177133 0.02722083 0.02988684
v 0.06089289 0.09577926 0.02988688
v 0.06222952 0.09095278 0.02988688
v 0.07945574 0.08318991 0.02988686
v 0.06894863 0.09196831 0.02988687
v 0.04764778 0.09921036 0.02988689
v 0.05247427 0.10054677 0.02988688
v 0.04517271 0.10569537 0.02988689
v 0.03231390 0.11040659 0.02988690
v -0.05251037 0.10061104 0.02988696
v -0.04765831 0.09936432 0.02988696
v -0.03231666 0.11040563 0.02988695
v -0.04517255 0.10569543 0.02988696
v -0.06208806 0.09083407 0.02988697
v -0.06084137 0.09568605 0.02988697
v -0.06894849 0.09196840 0.02988697
v -0.07945805 0.08318799 0.02988698
v -0.11352439 0.00448992 0.02988700
v -0.11019389 0.00818433 0.02988700
v -0.11179247 0.02750148 0.02988700
v -0.11412108 0.01372697 0.02988701
v -0.10933300 -0.00843690 0.02988700
v -0.11302749 -0.00510637 0.02988700
v -0.11412110 -0.01372681 0.02988700
v -0.11177131 -0.02722082 0.02988700
v -0.06088035 -0.09577461 0.02988696
v -0.06222110 -0.09094787 0.02988696
v -0.07945572 -0.08318990 0.02988698
v -0.06894861 -0.09196830 0.02988697
v -0.05730580 -0.09928419 0.02988696
v -0.05750828 -0.09960093 0.02988696
v -0.05245529 -0.10053636 0.02988696
v -0.04517269 -0.10569536 0.02988695
v -0.04762869 -0.09919550 0.02988695
v -0.03231388 -0.11040657 0.02988694
v -0.04778228 -0.08243425 0.02988695
v -0.04420780 -0.08594390 0.02988695
v -0.03998367 -0.08719167 0.02988695
v -0.04749337 -0.08172138 0.02988695
v -0.05263261 -0.08118214 0.02988696
v -0.05601392 -0.07846929 0.02988696
v -0.09536903 0.00061919 0.02988699
v -0.09640615 -0.00424551 0.02988699
v -0.09550266 -0.00896805 0.02988699
v -0.09452526 0.00027329 0.02988699
v -0.09690318 0.00535072 0.02988699
v -0.09593377 0.00929922 0.02988699
v -0.04748547 0.08260266 0.02988696
v -0.05231106 0.08125631 0.02988696
v -0.05548673 0.07820789 0.02988696
v -0.04703295 0.08197769 0.02988696
v -0.04398006 0.08618132 0.02988696
v -0.03994797 0.08776745 0.02988695
v 0.04778713 0.08245340 0.02988689
v 0.04421669 0.08596501 0.02988689
v 0.03999270 0.08717266 0.02988689
v 0.04745978 0.08170519 0.02988689
v 0.05263549 0.08119752 0.02988688
v 0.05610060 0.07854893 0.02988688
v 0.09530509 -0.00012540 0.02988685
v 0.09657562 0.00471861 0.02988685
v 0.09550423 0.00896931 0.02988685
v 0.09450007 -0.00026156 0.02988685
v 0.09662682 -0.00495570 0.02988685
v 0.09608174 -0.00930213 0.02988685
v 0.04747118 -0.08261635 0.02988688
v 0.05229314 -0.08125850 0.02988688
v 0.05552848 -0.07822772 0.02988688
v 0.04702355 -0.08199103 0.02988688
v 0.04397424 -0.08620329 0.02988688
v 0.03994741 -0.08774747 0.02988689
v 0.04273916 -0.09105815 0.02988688
v 0.03588450 -0.09306516 0.02988689
v -0.04286699 -0.09077057 0.02988695
v -0.03594629 -0.09302946 0.02988694
v -0.05745939 -0.08252294 0.02988696
v -0.06265268 -0.07760865 0.02988696
v -0.09973674 -0.00793993 0.02988699
v -0.09853923 -0.01538460 0.02988699
v -0.10059758 0.00868131 0.02988700
v -0.09852311 0.01554442 0.02988699
v -0.05716294 0.08250300 0.02988697
v -0.06257241 0.07763021 0.02988697
v -0.04273336 0.09103330 0.02988696
v -0.03588431 0.09308317 0.02988695
v 0.04287994 0.09079156 0.02988689
v 0.03595079 0.09301536 0.02988690
v 0.05746173 0.08253398 0.02988688
v 0.06271386 0.07767978 0.02988688
v 0.10009801 0.00827855 0.02988685
v 0.09854020 0.01538395 0.02988685
v 0.10018670 -0.00847816 0.02988684
v 0.09863322 -0.01546496 0.02988685
v 0.05714788 -0.08249351 0.02988687
v 0.06259866 -0.07764993 0.02988687
v 0.04409677 -0.09588011 0.02988688
v 0.03195119 -0.10217041 0.02988689
v -0.04411911 -0.09562095 0.02988695
v -0.03211497 -0.10211078 0.02988694
v -0.06096903 -0.08609749 0.02988696
v -0.07250646 -0.07875568 0.02988697
v -0.10446830 -0.00947409 0.02988700
v -0.10448721 -0.02274214 0.02988700
v -0.10546228 0.00971849 0.02988700
v -0.10446048 0.02309681 0.02988700
v -0.06074171 0.08600870 0.02988697
v -0.07236200 0.07886086 0.02988698
v -0.04407971 0.09585867 0.02988696
v -0.03195195 0.10218063 0.02988695
v 0.04413581 0.09563968 0.02988689
v 0.03211701 0.10210349 0.02988690
v 0.06097371 0.08610466 0.02988688
v 0.07253873 0.07879008 0.02988687
v 0.10492841 0.00960028 0.02988684
v 0.10448793 0.02324444 0.02988684
v 0.10503080 -0.00974870 0.02988684
v 0.10450469 -0.02342248 0.02988684
v 0.06073464 -0.08599051 0.02988687
v 0.07237597 -0.07886997 0.02988686
v 0.11465411 -0.00002300 0.02988683
v 0.11501111 -0.00000324 0.02988683
v 0.05732239 0.09929093 0.02988688
v 0.05750830 0.09960094 0.02988688
v -0.05733566 0.09926472 0.02988697
v -0.05750267 0.09960416 0.02988697
v -0.11456159 -0.00037481 0.02988701
v -0.11501109 -0.00000310 0.02988701
v 0.05253327 -0.10019773 0.02943478
v 0.04788656 -0.09901562 0.02943478
v 0.05714906 -0.09889808 0.02943478
v 0.05253327 -0.10019773 0.02943478
v 0.05253882 -0.10061212 0.02988688
v 0.05736047 -0.09925422 0.02988687
v 0.06049628 -0.09546467 0.02943477
v 0.06085778 -0.09566734 0.02988687
v 0.06049628 -0.09546467 0.02943477
v 0.06085778 -0.09566734 0.02988687
v 0.06209279 -0.09081247 0.02988687
v 0.11302361 -0.00466174 0.02943474
v 0.10965211 -0.00806922 0.02943474
v 0.10986121 -0.00842697 0.02988684
v 0.11338351 -0.00486708 0.02988684
v 0.10956722 0.00796979 0.02943474
v 0.11297472 0.00459831 0.02943474
v 0.11333231 0.00480729 0.02988684
v 0.10977252 0.00832974 0.02988684
v 0.06053567 0.09556909 0.02943472
v 0.06181521 0.09094932 0.02943478
v 0.06222952 0.09095278 0.02988688
v 0.06089289 0.09577926 0.02988688
v 0.04785795 0.09885327 0.02943479
v 0.05247742 0.10013248 0.02943473
v 0.05247427 0.10054677 0.02988688
v 0.04764778 0.09921036 0.02988689
v -0.04765831 0.09936432 0.02988696
v -0.05251037 0.10061104 0.02988696
v -0.06167375 0.09083830 0.02943487
v -0.06048010 0.09548262 0.02943487
v -0.11315539 0.00430156 0.02943491
v -0.10996839 0.00783665 0.02943490
v -0.10914470 -0.00806789 0.02943490
v -0.11267979 -0.00488083 0.02943491
v -0.11302749 -0.00510637 0.02988700
v -0.10933300 -0.00843690 0.02988700
v -0.06052344 -0.09556414 0.02943486
v -0.06180654 -0.09094413 0.02943486
v -0.06222110 -0.09094787 0.02988696
v -0.06088035 -0.09577461 0.02988696
v -0.05710195 -0.09892346 0.02943486
v -0.05730580 -0.09928419 0.02988696
v -0.05245917 -0.10012196 0.02943486
v -0.05710195 -0.09892346 0.02943486
v -0.04783915 -0.09883858 0.02943485
v -0.05245917 -0.10012196 0.02943486
v -0.05245529 -0.10053636 0.02988696
v -0.04762869 -0.09919550 0.02988695
v -0.04798613 -0.08279498 0.02943485
v -0.04456470 -0.08615431 0.02943485
v -0.04420780 -0.08594390 0.02988695
v -0.04778228 -0.08243425 0.02988695
v -0.05262897 -0.08159646 0.02943486
v -0.04798613 -0.08279498 0.02943485
v -0.04778228 -0.08243425 0.02988695
v -0.05263261 -0.08118214 0.02988696
v -0.09578280 0.00059776 0.02943489
v -0.09677522 -0.00405716 0.02943489
v -0.09640615 -0.00424551 0.02988699
v -0.09536903 0.00061919 0.02988699
v -0.09725080 0.00512517 0.02943489
v -0.09690318 0.00535072 0.02988699
v -0.04769659 0.08295932 0.02943486
v -0.05231535 0.08167062 0.02943486
v -0.05231106 0.08125631 0.02988696
v -0.04748547 0.08260266 0.02988696
v -0.04434065 0.08638475 0.02943486
v -0.04398006 0.08618132 0.02988696
v 0.04799157 0.08281389 0.02943479
v 0.04421669 0.08596501 0.02988689
v 0.04778713 0.08245340 0.02988689
v 0.05263203 0.08161184 0.02943479
v 0.04799157 0.08281389 0.02943479
v 0.09571940 -0.00012321 0.02943475
v 0.09693558 0.00451339 0.02943475
v 0.09698457 -0.00474673 0.02943475
v 0.09571940 -0.00012321 0.02943475
v 0.09530509 -0.00012540 0.02988685
v 0.09662682 -0.00495570 0.02988685
v 0.04768290 -0.08297254 0.02943478
v 0.05229808 -0.08167281 0.02943478
v 0.05229314 -0.08125850 0.02988688
v 0.04747118 -0.08261635 0.02988688
v 0.04433562 -0.08640590 0.02943479
v 0.04768290 -0.08297254 0.02943478
v 0.04315347 -0.09105290 0.02943479
v -0.04328100 -0.09077432 0.02943485
v -0.04286699 -0.09077057 0.02988695
v -0.05724899 -0.08287986 0.02943486
v -0.05745939 -0.08252294 0.02988696
v -0.09677522 -0.00405716 0.02943489
v -0.09996222 -0.00759231 0.02943490
v -0.09973674 -0.00793993 0.02988699
v -0.09640615 -0.00424551 0.02988699
v -0.10078589 0.00831223 0.02943490
v -0.10059758 0.00868131 0.02988700
v -0.05231535 0.08167062 0.02943486
v -0.05695939 0.08286396 0.02943487
v -0.04314767 0.09102907 0.02943486
v -0.04434065 0.08638475 0.02943486
v -0.04398006 0.08618132 0.02988696
v -0.04273336 0.09103330 0.02988696
v 0.04287994 0.09079156 0.02988689
v 0.05263549 0.08119752 0.02988688
v 0.05746173 0.08253398 0.02988688
v 0.10030711 0.00792080 0.02943475
v 0.10039191 -0.00811821 0.02943475
v 0.10018670 -0.00847816 0.02988684
v 0.05694540 -0.08285495 0.02943478
v 0.05714788 -0.08249351 0.02988687
v 0.04788656 -0.09901562 0.02943478
v 0.04445321 -0.09566839 0.02943479
v 0.04409677 -0.09588011 0.02988688
v 0.04768396 -0.09937705 0.02988688
v 0.04315347 -0.09105290 0.02943479
v 0.04273916 -0.09105815 0.02988688
v -0.04447953 -0.09541711 0.02943485
v -0.04411911 -0.09562095 0.02988695
v -0.04447953 -0.09541711 0.02943485
v -0.04411911 -0.09562095 0.02988695
v -0.06180654 -0.09094413 0.02943486
v -0.06060800 -0.08630134 0.02943486
v -0.05724899 -0.08287986 0.02943486
v -0.10448980 -0.00906031 0.02943490
v -0.10914470 -0.00806789 0.02943490
v -0.10448980 -0.00906031 0.02943490
v -0.10446830 -0.00947409 0.02988700
v -0.10996839 0.00783665 0.02943490
v -0.10544088 0.00930465 0.02943490
v -0.10546228 0.00971849 0.02988700
v -0.11019389 0.00818433 0.02988700
v -0.10078589 0.00831223 0.02943490
v -0.10059758 0.00868131 0.02988700
v -0.06038473 0.08621959 0.02943487
v -0.06208806 0.09083407 0.02988697
v -0.06074171 0.08600870 0.02988697
v -0.05695939 0.08286396 0.02943487
v -0.05716294 0.08250300 0.02988697
v -0.04786180 0.09900340 0.02943486
v -0.04443638 0.09564785 0.02943486
v -0.04407971 0.09585867 0.02988696
v -0.04765831 0.09936432 0.02988696
v 0.04449636 0.09543548 0.02943479
v 0.04785795 0.09885327 0.02943479
v 0.04329444 0.09079502 0.02943479
v 0.06061285 0.08630880 0.02943478
v 0.06097371 0.08610466 0.02988688
v 0.06061285 0.08630880 0.02943478
v 0.06097371 0.08610466 0.02988688
v 0.10493062 0.00918597 0.02943474
v 0.10956722 0.00796979 0.02943474
v 0.10977252 0.00832974 0.02988684
v 0.10492841 0.00960028 0.02988684
v 0.10030711 0.00792080 0.02943475
v 0.10009801 0.00827855 0.02988685
v 0.10503080 -0.00974870 0.02988684
v 0.10502860 -0.00933433 0.02943474
v 0.10039191 -0.00811821 0.02943475
v 0.06073464 -0.08599051 0.02988687
v 0.05694540 -0.08285495 0.02943478
v 0.05714788 -0.08249351 0.02988687
v 0.11423981 -0.00002520 0.02943474
v 0.11302361 -0.00466174 0.02943474
v 0.11338351 -0.00486708 0.02988684
v 0.11465411 -0.00002300 0.02988683
v 0.05711794 0.09893038 0.02943472
v 0.05732239 0.09929093 0.02988688
v 0.05711794 0.09893038 0.02943472
v 0.05732239 0.09929093 0.02988688
v -0.05712484 0.09890798 0.02943487
v -0.05733566 0.09926472 0.02988697
v -0.05712484 0.09890798 0.02943487
v -0.11414789 -0.00035338 0.02943491
v -0.11315539 0.00430156 0.02943491
v -0.11352439 0.00448992 0.02988700
v -0.11456159 -0.00037481 0.02988701
v 0.09693558 0.00451339 0.02073843
v 0.09571939 -0.00012321 0.02073843
v 0.09628796 -0.00012020 0.02024810
v 0.09742945 0.00423175 0.02024810
v -0.06038474 0.08621959 0.02073855
v -0.05989515 0.08650897 0.02024822
v -0.06110507 0.09084419 0.02024822
v 0.04799157 0.08281389 0.02073847
v 0.05263203 0.08161184 0.02073847
v 0.05262719 0.08218041 0.02024814
v 0.04827141 0.08330866 0.02024814
v -0.10078589 0.00831223 0.02073858
v -0.10544089 0.00930466 0.02073858
v -0.10541169 0.00874091 0.02024825
v -0.10104249 0.00780935 0.02024825
v 0.04457378 0.08617518 0.02073847
v 0.04506379 0.08646355 0.02024814
v -0.10544089 0.00930466 0.02073858
v -0.10996839 0.00783666 0.02073859
v -0.10966119 0.00736298 0.02024826
v -0.10541169 0.00874091 0.02024825
v -0.11315539 0.00430156 0.02943491
v -0.11315540 0.00430156 0.02073859
v -0.10996839 0.00783666 0.02073859
v 0.05694539 -0.08285495 0.02073846
v 0.09693558 0.00451339 0.02943475
v 0.09693558 0.00451339 0.02073843
v 0.10030711 0.00792080 0.02073843
v -0.10914470 -0.00806789 0.02073859
v -0.11267980 -0.00488083 0.02073859
v 0.11423980 -0.00002519 0.02073842
v 0.11302360 -0.00466174 0.02073842
v 0.10039190 -0.00811821 0.02073843
v 0.09698456 -0.00474673 0.02073843
v -0.06052345 -0.09556414 0.02073855
v -0.06180654 -0.09094413 0.02073855
v 0.11297471 0.00459831 0.02073842
v 0.05229807 -0.08167281 0.02073846
v 0.05694539 -0.08285495 0.02073846
v -0.05710196 -0.09892346 0.02073854
v 0.05711793 0.09893038 0.02073847
v 0.06053566 0.09556909 0.02073846
v 0.04788655 -0.09901562 0.02073847
v 0.04445320 -0.09566839 0.02073847
v -0.05710195 -0.09892346 0.02943486
v -0.05245918 -0.10012196 0.02073854
v -0.05710196 -0.09892346 0.02073854
v 0.05247742 0.10013248 0.02073847
v 0.05711793 0.09893038 0.02073847
v 0.04315347 -0.09105290 0.02073847
v -0.04783916 -0.09883858 0.02073854
v -0.05712484 0.09890798 0.02073855
v -0.04447953 -0.09541711 0.02073853
v -0.04798614 -0.08279498 0.02073854
v -0.04456471 -0.08615431 0.02073853
v -0.06048010 0.09548262 0.02943487
v -0.06048011 0.09548262 0.02073855
v -0.04328100 -0.09077432 0.02073853
v -0.04447953 -0.09541711 0.02073853
v -0.05262898 -0.08159645 0.02073854
v -0.04798614 -0.08279498 0.02073854
v -0.11414790 -0.00035338 0.02073859
v -0.11315540 0.00430156 0.02073859
v -0.06060800 -0.08630134 0.02943486
v -0.06060801 -0.08630133 0.02073855
v -0.09578280 0.00059776 0.02073858
v -0.09677523 -0.00405716 0.02073858
v -0.06060800 -0.08630134 0.02943486
v -0.06060801 -0.08630133 0.02073855
v -0.05724900 -0.08287986 0.02073854
v -0.09725080 0.00512517 0.02073858
v -0.10914470 -0.00806789 0.02943490
v -0.10448981 -0.00906031 0.02073858
v -0.10914470 -0.00806789 0.02073859
v -0.04769659 0.08295932 0.02073854
v -0.05231536 0.08167062 0.02073855
v -0.09996223 -0.00759231 0.02073858
v -0.04434066 0.08638475 0.02073854
v 0.04799157 0.08281389 0.02073847
v 0.04799157 0.08281389 0.02943479
v 0.04799157 0.08281389 0.02073847
v 0.09693558 0.00451339 0.02943475
v 0.09571939 -0.00012321 0.02073843
v 0.09693558 0.00451339 0.02073843
v -0.05695939 0.08286396 0.02073855
v -0.04786180 0.09900340 0.02073854
v -0.04443639 0.09564785 0.02073854
v 0.04768289 -0.08297254 0.02073847
v 0.04788656 -0.09901562 0.02943478
v 0.05253326 -0.10019773 0.02073846
v 0.04788655 -0.09901562 0.02073847
v -0.04314768 0.09102907 0.02073854
v 0.04433562 -0.08640590 0.02943479
v 0.04433561 -0.08640590 0.02073847
v 0.05714905 -0.09889808 0.02073846
v 0.04449636 0.09543548 0.02943479
v 0.04449635 0.09543548 0.02073847
v 0.04785795 0.09885327 0.02073847
v 0.04433562 -0.08640590 0.02943479
v 0.04433561 -0.08640590 0.02073847
v 0.06049627 -0.09546467 0.02073846
v 0.04449636 0.09543548 0.02943479
v 0.04449635 0.09543548 0.02073847
v 0.06049627 -0.09546467 0.02073846
v 0.06181520 0.09094932 0.02073846
v 0.06061285 0.08630880 0.02073846
v 0.11302360 -0.00466174 0.02073842
v 0.10965210 -0.00806922 0.02073842
v 0.06061285 0.08630880 0.02073846
v -0.09677523 -0.00405716 0.02073858
v 0.10956721 0.00796979 0.02073842
v 0.10493061 0.00918597 0.02073843
v 0.10956721 0.00796979 0.02073842
v -0.10078589 0.00831223 0.02073858
v -0.05695939 0.08286396 0.02943487
v -0.05695939 0.08286396 0.02073855
v -0.04434066 0.08638475 0.02073854
v -0.11265250 0.00404497 0.02024826
v -0.11024849 0.00281812 0.02024826
v -0.10819269 0.00509854 0.02024826
v 0.05696350 0.08338108 0.02024813
v 0.05558455 0.08572378 0.02024814
v 0.05260437 0.08489862 0.02024814
v 0.06110979 -0.09082493 0.02024813
v 0.05988986 -0.08649280 0.02024813
v 0.05755222 -0.08788213 0.02024813
v 0.05839092 -0.09085944 0.02024813
v -0.05998498 0.09520332 0.02024822
v -0.06110507 0.09084419 0.02024822
v -0.05838572 0.09087214 0.02024822
v -0.05761623 0.09386805 0.02024822
v 0.04386282 0.09079972 0.02024814
v 0.04740655 0.08784231 0.02024814
v 0.04658103 0.09082237 0.02024814
v 0.10067360 -0.00762439 0.02024810
v 0.10502559 -0.00876582 0.02024809
v 0.10501120 -0.00604755 0.02024810
v 0.10202030 -0.00526315 0.02024810
v -0.06038474 0.08621959 0.02073855
v -0.05695939 0.08286396 0.02073855
v -0.05668039 0.08335940 0.02024822
v -0.05989515 0.08650897 0.02024822
v 0.09747540 -0.00445985 0.02024810
v 0.09628796 -0.00012020 0.02024810
v -0.04443639 0.09564785 0.02073854
v -0.04786180 0.09900340 0.02073854
v -0.04814105 0.09850798 0.02024821
v -0.04492568 0.09535841 0.02024821
v 0.05229807 -0.08167281 0.02073846
v 0.04768289 -0.08297254 0.02073847
v 0.04797352 -0.08346142 0.02024814
v 0.05230535 -0.08224150 0.02024813
v 0.04788655 -0.09901562 0.02073847
v 0.05253326 -0.10019773 0.02073846
v 0.05252635 -0.09962912 0.02024813
v 0.04816448 -0.09851952 0.02024814
v -0.04314768 0.09102907 0.02073854
v -0.04371637 0.09102317 0.02024821
v 0.04433561 -0.08640590 0.02073847
v 0.04483170 -0.08668400 0.02024814
v 0.05714905 -0.09889808 0.02073846
v 0.05685836 -0.09840920 0.02024813
v 0.04785795 0.09885327 0.02073847
v 0.04449635 0.09543548 0.02073847
v 0.04499137 0.09515533 0.02024814
v 0.04814600 0.09836326 0.02024814
v 0.04315347 -0.09105290 0.02073847
v 0.04372215 -0.09104569 0.02024814
v 0.06049627 -0.09546467 0.02073846
v 0.06000024 -0.09518662 0.02024813
v 0.04329443 0.09079502 0.02073848
v -0.04328100 -0.09077432 0.02073853
v -0.04456471 -0.08615431 0.02073853
v -0.04505460 -0.08644320 0.02024821
v -0.04384999 -0.09077957 0.02024820
v 0.06167824 -0.09081772 0.02073846
v 0.06061285 0.08630880 0.02073846
v 0.06181520 0.09094932 0.02073846
v 0.06124669 0.09094455 0.02024813
v 0.06011807 0.08658900 0.02024813
v -0.05262898 -0.08159645 0.02073854
v -0.05724900 -0.08287986 0.02073854
v -0.05695979 -0.08336975 0.02024821
v -0.05262356 -0.08216514 0.02024821
v 0.10965210 -0.00806922 0.02073842
v 0.11302360 -0.00466174 0.02073842
v 0.11252980 -0.00438011 0.02024809
v 0.10936520 -0.00757838 0.02024809
v 0.05725187 0.08289107 0.02073846
v -0.09996223 -0.00759231 0.02073858
v -0.09677523 -0.00405716 0.02073858
v -0.09727805 -0.00380044 0.02024825
v -0.10026940 -0.00711857 0.02024825
v 0.11297471 0.00459831 0.02073842
v 0.10956721 0.00796979 0.02073842
v 0.10928561 0.00747591 0.02024809
v 0.11248371 0.00431138 0.02024809
v 0.10493061 0.00918597 0.02073843
v 0.10493361 0.00861740 0.02024810
v -0.09725080 0.00512517 0.02073858
v -0.10078589 0.00831223 0.02073858
v -0.10104249 0.00780935 0.02024825
v -0.09772442 0.00481809 0.02024825
v 0.06053566 0.09556909 0.02073846
v 0.06004565 0.09528073 0.02024813
v 0.10030711 0.00792080 0.02073843
v 0.10059391 0.00742990 0.02024810
v -0.05231536 0.08167062 0.02073855
v -0.05232120 0.08223936 0.02024822
v 0.05247742 0.10013248 0.02073847
v 0.05248219 0.09956392 0.02024813
v 0.10502860 -0.00933433 0.02073843
v -0.04434066 0.08638475 0.02073854
v -0.04483646 0.08666406 0.02024821
v -0.05250590 0.10019674 0.02073855
v -0.05249993 0.09962801 0.02024821
v 0.10039190 -0.00811821 0.02073843
v 0.04506379 0.08646355 0.02024814
v 0.04386282 0.09079972 0.02024814
v -0.06048011 0.09548262 0.02073855
v -0.06167376 0.09083830 0.02073855
v 0.06037868 -0.08620223 0.02073846
v -0.11315540 0.00430156 0.02073859
v 0.05694539 -0.08285495 0.02073846
v 0.05666697 -0.08335104 0.02024813
v -0.11267980 -0.00488083 0.02073859
v -0.10914470 -0.00806789 0.02073859
v -0.10888810 -0.00756501 0.02024825
v -0.11220620 -0.00457375 0.02024826
v 0.11423980 -0.00002519 0.02073842
v 0.11367131 -0.00002820 0.02024809
v 0.09698456 -0.00474673 0.02073843
v 0.09747540 -0.00445985 0.02024810
v -0.06003356 -0.09527530 0.02024822
v -0.06123816 -0.09093887 0.02024822
v -0.06052345 -0.09556414 0.02073855
v -0.05710196 -0.09892346 0.02073854
v -0.05682212 -0.09842838 0.02024821
v -0.06003356 -0.09527530 0.02024822
v 0.05711793 0.09893038 0.02073847
v 0.05683774 0.09843566 0.02024813
v 0.04445320 -0.09566839 0.02073847
v 0.04494208 -0.09537777 0.02024814
v -0.05245918 -0.10012196 0.02073854
v -0.05246406 -0.09955330 0.02024821
v 0.04494208 -0.09537777 0.02024814
v 0.04372215 -0.09104569 0.02024814
v -0.04783916 -0.09883858 0.02073854
v -0.04812789 -0.09834869 0.02024821
v -0.05712484 0.09890798 0.02073855
v -0.05683540 0.09841845 0.02024822
v -0.04447953 -0.09541711 0.02073853
v -0.04497492 -0.09513726 0.02024820
v -0.04798614 -0.08279498 0.02073854
v -0.04826604 -0.08329012 0.02024821
v -0.11414790 -0.00035338 0.02073859
v -0.11358410 -0.00032418 0.02024826
v -0.06060801 -0.08630133 0.02073855
v -0.06180654 -0.09094413 0.02073855
v -0.06123816 -0.09093887 0.02024822
v -0.06011318 -0.08658119 0.02024822
v -0.09578280 0.00059776 0.02073858
v -0.09634655 0.00056856 0.02024825
v -0.11220620 -0.00457375 0.02024826
v -0.11358410 -0.00032418 0.02024826
v -0.10448981 -0.00906031 0.02073858
v -0.10451900 -0.00849651 0.02024825
v -0.04769659 0.08295932 0.02073854
v -0.04798603 0.08344892 0.02024821
v 0.09979064 0.00288505 0.02024810
v 0.09900611 -0.00010582 0.02024810
v 0.09927910 -0.00010437 0.01999810
v 0.10002771 0.00274992 0.01999810
v -0.05838572 0.09087214 0.02024822
v -0.05755472 0.08789275 0.02024822
v -0.05731970 0.08803168 0.01999822
v -0.05811274 0.09087495 0.01999822
v 0.04961121 0.08567401 0.02024814
v 0.05260241 0.08517155 0.01999814
v 0.04974556 0.08591155 0.01999814
v -0.10226929 0.00540532 0.02024825
v -0.10527209 0.00604547 0.02024825
v -0.10525809 0.00577487 0.01999825
v -0.10239250 0.00516392 0.01999825
v 0.04740655 0.08784231 0.02024814
v 0.04961121 0.08567401 0.02024814
v 0.04974556 0.08591155 0.01999814
v 0.04764175 0.08798072 0.01999814
v -0.10527209 0.00604547 0.02024825
v -0.10804519 0.00487114 0.01999825
v -0.10525809 0.00577487 0.01999825
v 0.05533749 -0.08572289 0.02024813
v 0.10196551 0.00508314 0.02024810
v -0.10766130 -0.00516091 0.02024825
v -0.10994170 -0.00310515 0.02024826
v 0.11095301 -0.00004259 0.02024809
v 0.11016860 -0.00303352 0.02024809
v 0.09982222 -0.00308823 0.02024810
v -0.05769103 -0.09389426 0.02024821
v -0.05851917 -0.09091397 0.02024822
v 0.11013690 0.00293988 0.02024809
v 0.05234004 -0.08496037 0.02024813
v -0.05548393 -0.09606124 0.02024821
v 0.05549854 0.09607025 0.02024813
v 0.05770295 0.09390202 0.02024813
v 0.04949390 -0.09614767 0.02024813
v 0.04727912 -0.09398849 0.02024814
v -0.05248934 -0.09683438 0.02024821
v 0.05250483 0.09684571 0.02024814
v 0.04644073 -0.09101112 0.02024814
v -0.04950887 -0.09600648 0.02024821
v -0.05545163 0.09607766 0.02024822
v -0.05247223 0.09690902 0.02024822
v -0.04734205 -0.09379938 0.02024821
v -0.04960381 -0.08565725 0.02024821
v -0.04739665 -0.08782424 0.02024821
v -0.04656892 -0.09080447 0.02024821
v -0.05259882 -0.08488412 0.02024821
v -0.11088869 -0.00018458 0.02024826
v -0.05774604 -0.08791907 0.02024821
v -0.09904199 0.00042897 0.02024825
v -0.09968215 -0.00257372 0.02024825
v -0.05557875 -0.08571197 0.02024821
v -0.09998892 0.00334949 0.02024825
v -0.10465860 -0.00580107 0.02024825
v -0.04936981 0.08578966 0.02024821
v -0.05234909 0.08495835 0.02024822
v -0.10173800 -0.00485413 0.02024825
v -0.04720509 0.08799931 0.02024821
v -0.10226929 0.00540532 0.02024825
v -0.05755472 0.08789275 0.02024822
v -0.05534481 0.08572814 0.02024822
v -0.04947632 0.09613923 0.02024821
v -0.04726672 0.09397463 0.02024821
v 0.04936254 -0.08579877 0.02024813
v 0.05249184 -0.09691026 0.02024813
v -0.04643511 0.09099523 0.02024821
v 0.04720361 -0.08801349 0.02024814
v 0.05546915 -0.09607186 0.02024813
v 0.04735678 0.09381584 0.02024814
v 0.04952502 0.09602049 0.02024814
v 0.05762839 -0.09385707 0.02024813
v 0.05852842 0.09092190 0.02024813
v 0.05775272 0.08792850 0.02024813
v 0.10799370 -0.00523150 0.02024809
v 0.10793900 0.00511467 0.02024809
v 0.10494801 0.00589925 0.02024810
v 0.05234331 -0.08523336 0.01999813
v 0.04950232 -0.08603349 0.01999813
v 0.04950232 -0.08603349 0.01724826
v 0.05234331 -0.08523336 0.01724825
v -0.04750174 0.09383569 0.01999821
v -0.04961013 0.09590135 0.01999821
v -0.04961013 0.09590135 0.01724834
v -0.04750174 0.09383569 0.01724833
v 0.09927910 -0.00010437 0.01999810
v 0.10005780 -0.00295043 0.01999810
v 0.10005780 -0.00295043 0.01724822
v 0.09927910 -0.00010437 0.01724822
v -0.05521070 0.08596603 0.01999822
v -0.05521071 0.08596603 0.01724834
v -0.05731970 0.08803168 0.01724834
v 0.10002771 0.00274992 0.01999810
v 0.10002771 0.00274992 0.01724822
v -0.05811274 0.09087495 0.01724834
v -0.05534481 0.08572814 0.02024822
v 0.09900611 -0.00010582 0.02024810
v 0.09982222 -0.00308823 0.02024810
v -0.04961013 0.09590135 0.01999821
v -0.04750174 0.09383569 0.01999821
v 0.05234004 -0.08496037 0.02024813
v 0.04936254 -0.08579877 0.02024813
v 0.05248808 -0.09663721 0.01999813
v 0.04962772 -0.09590949 0.01999813
v -0.04643511 0.09099523 0.02024821
v -0.04726672 0.09397463 0.02024821
v -0.04670846 0.09099237 0.01999821
v 0.04744179 -0.08814700 0.01999814
v 0.04950232 -0.08603349 0.01999813
v 0.05249184 -0.09691026 0.02024813
v 0.05546915 -0.09607186 0.02024813
v 0.05532962 -0.09583714 0.01999813
v 0.05248808 -0.09663721 0.01999813
v 0.04759419 0.09368130 0.01999814
v 0.04966348 0.09578529 0.01999814
v 0.04671370 -0.09100767 0.01999814
v 0.05762839 -0.09385707 0.02024813
v 0.05739021 -0.09372356 0.01999813
v 0.04685401 0.09082470 0.01999814
v -0.04656892 -0.09080447 0.02024821
v -0.04739665 -0.08782424 0.02024821
v -0.04763185 -0.08796288 0.01999821
v -0.04684185 -0.09080699 0.01999821
v 0.05811763 -0.09086290 0.01999813
v 0.05739021 -0.09372356 0.01999813
v 0.05825549 0.09091964 0.01999813
v 0.05751550 0.08806297 0.01999813
v -0.05259882 -0.08488412 0.02024821
v -0.05557875 -0.08571197 0.02024821
v -0.05544011 -0.08594717 0.01999821
v -0.05259632 -0.08515711 0.01999821
v 0.10799370 -0.00523150 0.02024809
v 0.11016860 -0.00303352 0.02024809
v 0.10993150 -0.00289828 0.01999809
v 0.10785600 -0.00499582 0.01999809
v 0.05558455 0.08572378 0.02024814
v 0.05775272 0.08792850 0.02024813
v 0.05751550 0.08806297 0.01999813
v 0.05544602 0.08595904 0.01999813
v -0.10173800 -0.00485413 0.02024825
v -0.09968215 -0.00257372 0.02024825
v -0.09992355 -0.00245052 0.01999825
v -0.10188540 -0.00462680 0.01999825
v 0.10780371 0.00487762 0.01999809
v 0.10990131 0.00280213 0.01999809
v 0.10793900 0.00511467 0.02024809
v 0.10494801 0.00589925 0.02024810
v 0.10494941 0.00562620 0.01999810
v 0.10780371 0.00487762 0.01999809
v -0.10239250 0.00516392 0.01999825
v -0.10021629 0.00320191 0.01999825
v 0.05852842 0.09092190 0.02024813
v 0.05770295 0.09390202 0.02024813
v 0.05746769 0.09376361 0.01999813
v 0.05825549 0.09091964 0.01999813
v 0.10196551 0.00508314 0.02024810
v 0.10210321 0.00484747 0.01999810
v -0.05235201 0.08523140 0.01999822
v -0.05521070 0.08596603 0.01999822
v 0.05250483 0.09684571 0.02024814
v 0.04952502 0.09602049 0.02024814
v 0.04966348 0.09578529 0.01999814
v 0.05250740 0.09657272 0.01999813
v 0.10501120 -0.00604755 0.02024810
v 0.10500980 -0.00577468 0.01999809
v -0.04670846 0.09099237 0.01999821
v -0.04744303 0.08813336 0.01999821
v -0.04947632 0.09613923 0.02024821
v -0.05247223 0.09690902 0.02024822
v -0.05246942 0.09663597 0.01999821
v -0.04961013 0.09590135 0.01999821
v 0.10500980 -0.00577468 0.01999809
v 0.10215550 -0.00502598 0.01999810
v 0.04658103 0.09082237 0.02024814
v 0.04685401 0.09082470 0.01999814
v -0.05811274 0.09087495 0.01999822
v -0.05737841 0.09373394 0.01999822
v 0.05839092 -0.09085944 0.02024813
v 0.05755222 -0.08788213 0.02024813
v 0.05731780 -0.08802166 0.01999813
v 0.05811763 -0.09086290 0.01999813
v 0.05260437 0.08489862 0.02024814
v 0.05260241 0.08517155 0.01999814
v -0.11000709 0.00269492 0.01999826
v 0.05520428 -0.08596107 0.01999813
v 0.05731780 -0.08802166 0.01999813
v 0.10210321 0.00484747 0.01999810
v -0.10994170 -0.00310515 0.02024826
v -0.10766130 -0.00516091 0.02024825
v -0.10753810 -0.00491957 0.01999825
v -0.10971430 -0.00295769 0.01999826
v 0.11068011 -0.00004403 0.01999809
v 0.10993150 -0.00289828 0.01999809
v 0.10202030 -0.00526315 0.02024810
v 0.10215550 -0.00502598 0.01999810
v -0.05851917 -0.09091397 0.02024822
v -0.05769103 -0.09389426 0.02024821
v -0.05745583 -0.09375556 0.01999821
v -0.05824588 -0.09091146 0.01999821
v 0.11095301 -0.00004259 0.02024809
v 0.11013690 0.00293988 0.02024809
v 0.10990131 0.00280213 0.01999809
v 0.11068011 -0.00004403 0.01999809
v 0.05533749 -0.08572289 0.02024813
v 0.05520428 -0.08596107 0.01999813
v -0.05548393 -0.09606124 0.02024821
v -0.05534958 -0.09582354 0.01999821
v 0.05536407 0.09583273 0.01999813
v 0.05746769 0.09376361 0.01999813
v 0.04727912 -0.09398849 0.02024814
v 0.04949390 -0.09614767 0.02024813
v 0.04962772 -0.09590949 0.01999813
v 0.04751414 -0.09384897 0.01999814
v -0.05249178 -0.09656133 0.01999821
v -0.05534958 -0.09582354 0.01999821
v 0.05549854 0.09607025 0.02024813
v 0.05536407 0.09583273 0.01999813
v 0.04644073 -0.09101112 0.02024814
v 0.04671370 -0.09100767 0.01999814
v -0.05248934 -0.09683438 0.02024821
v -0.04950887 -0.09600648 0.02024821
v -0.04964757 -0.09577128 0.01999821
v -0.05249178 -0.09656133 0.01999821
v -0.05545163 0.09607766 0.02024822
v -0.05531269 0.09584263 0.01999822
v -0.04734205 -0.09379938 0.02024821
v -0.04757969 -0.09366503 0.01999821
v -0.04973798 -0.08589491 0.01999821
v -0.04763185 -0.08796288 0.01999821
v -0.05531269 0.09584263 0.01999822
v -0.04684185 -0.09080699 0.01999821
v -0.04757969 -0.09366503 0.01999821
v -0.04960381 -0.08565725 0.02024821
v -0.04973798 -0.08589491 0.01999821
v -0.11061800 -0.00017057 0.01999826
v -0.05824588 -0.09091146 0.01999821
v -0.05750828 -0.08805342 0.01999821
v -0.09931260 0.00041495 0.01999825
v -0.09992355 -0.00245052 0.01999825
v -0.11088869 -0.00018458 0.02024826
v -0.11061800 -0.00017057 0.01999826
v -0.05544011 -0.08594717 0.01999821
v -0.09904199 0.00042897 0.02024825
v -0.09998892 0.00334949 0.02024825
v -0.10021629 0.00320191 0.01999825
v -0.09931260 0.00041495 0.01999825
v -0.10467260 -0.00553046 0.01999825
v -0.10753810 -0.00491957 0.01999825
v -0.05234909 0.08495835 0.02024822
v -0.04936981 0.08578966 0.02024821
v -0.04950875 0.08602474 0.01999821
v -0.05235201 0.08523140 0.01999822
v -0.10465860 -0.00580107 0.02024825
v -0.10467260 -0.00553046 0.01999825
v -0.04720509 0.08799931 0.02024821
v -0.04744303 0.08813336 0.01999821
v -0.05259632 -0.08515711 0.01724833
v -0.05750828 -0.08805342 0.01724834
v -0.05249178 -0.09656133 0.01724833
v -0.10971430 -0.00295769 0.01724838
v -0.09992355 -0.00245052 0.01724837
v -0.10525809 0.00577487 0.01724837
v -0.05731970 0.08803168 0.01724834
v -0.05235202 0.08523140 0.01724834
v -0.04750174 0.09383569 0.01724833
v 0.05260241 0.08517155 0.01724826
v 0.05751550 0.08806297 0.01724826
v 0.05250740 0.09657272 0.01724826
v 0.10002771 0.00274992 0.01724822
v 0.10005780 -0.00295043 0.01724822
v 0.10500980 -0.00577468 0.01724822
v 0.04744179 -0.08814700 0.01724826
v 0.04751414 -0.09384897 0.01724826
v 0.05739021 -0.09372356 0.01724825
v 0.04962772 -0.09590949 0.01999813
v 0.05248808 -0.09663721 0.01724825
v 0.04962772 -0.09590949 0.01724826
v -0.04670846 0.09099237 0.01724833
v 0.04744179 -0.08814700 0.01999814
v 0.04744179 -0.08814700 0.01724826
v 0.05532962 -0.09583714 0.01724825
v 0.04759419 0.09368130 0.01999814
v 0.04759419 0.09368130 0.01724826
v 0.04966348 0.09578529 0.01724826
v 0.04744179 -0.08814700 0.01999814
v 0.04671370 -0.09100767 0.01724826
v 0.04744179 -0.08814700 0.01724826
v 0.05739021 -0.09372356 0.01724825
v 0.04759419 0.09368130 0.01999814
v 0.04685401 0.09082470 0.01724826
v 0.04759419 0.09368130 0.01724826
v -0.04763185 -0.08796288 0.01724833
v -0.04684186 -0.09080699 0.01724833
v 0.05739021 -0.09372356 0.01999813
v 0.05811762 -0.09086290 0.01724825
v 0.05739021 -0.09372356 0.01724825
v 0.05751550 0.08806297 0.01999813
v 0.05825549 0.09091964 0.01724826
v 0.05751550 0.08806297 0.01724826
v -0.05544011 -0.08594717 0.01724833
v -0.05259632 -0.08515711 0.01724833
v 0.10993150 -0.00289828 0.01724821
v 0.10785600 -0.00499582 0.01724821
v 0.05751550 0.08806297 0.01724826
v 0.05544602 0.08595904 0.01724826
v -0.09992355 -0.00245052 0.01724837
v -0.10188540 -0.00462680 0.01724837
v 0.10780371 0.00487762 0.01999809
v 0.10780371 0.00487762 0.01724822
v 0.10990130 0.00280213 0.01724821
v 0.10494940 0.00562620 0.01724822
v 0.10780371 0.00487762 0.01724822
v -0.10239250 0.00516392 0.01999825
v -0.10239250 0.00516392 0.01724837
v -0.10021630 0.00320191 0.01724837
v 0.05746769 0.09376361 0.01724826
v 0.10210321 0.00484747 0.01724822
v -0.05521070 0.08596603 0.01999822
v -0.05235202 0.08523140 0.01724834
v -0.05521071 0.08596603 0.01724834
v 0.05250740 0.09657272 0.01724826
v 0.10500980 -0.00577468 0.01724822
v -0.04744303 0.08813336 0.01999821
v -0.04744303 0.08813336 0.01724833
v -0.05246943 0.09663597 0.01724834
v -0.04961013 0.09590135 0.01724834
v 0.10215550 -0.00502598 0.01999810
v 0.10215550 -0.00502598 0.01724822
v 0.04764175 0.08798072 0.01724826
v -0.05737841 0.09373394 0.01999822
v -0.05737841 0.09373394 0.01724834
v 0.05731780 -0.08802166 0.01724825
v 0.05260241 0.08517155 0.01724826
v -0.10804519 0.00487114 0.01999825
v -0.11000709 0.00269492 0.01999826
v -0.11000710 0.00269492 0.01724838
v -0.10804519 0.00487114 0.01724838
v 0.05520428 -0.08596107 0.01999813
v 0.05520428 -0.08596107 0.01724825
v 0.10002771 0.00274992 0.01999810
v 0.10002771 0.00274992 0.01724822
v -0.10753810 -0.00491957 0.01724838
v -0.10971430 -0.00295769 0.01724838
v 0.10993150 -0.00289828 0.01999809
v 0.11068010 -0.00004403 0.01724821
v 0.10993150 -0.00289828 0.01724821
v 0.10215550 -0.00502598 0.01724822
v -0.05745583 -0.09375556 0.01724834
v -0.05824589 -0.09091146 0.01724834
v 0.05520428 -0.08596107 0.01724825
v -0.05534958 -0.09582354 0.01724833
v 0.05536407 0.09583273 0.01999813
v 0.05536407 0.09583273 0.01724826
v 0.04962772 -0.09590949 0.01724826
v 0.04751414 -0.09384897 0.01724826
v -0.05534958 -0.09582354 0.01999821
v -0.05249178 -0.09656133 0.01724833
v -0.05534958 -0.09582354 0.01724833
v 0.05536407 0.09583273 0.01724826
v -0.04964757 -0.09577128 0.01724833
v -0.05531269 0.09584263 0.01724834
v -0.04757970 -0.09366503 0.01724833
v -0.04973798 -0.08589491 0.01999821
v -0.04973798 -0.08589491 0.01724833
v -0.05737841 0.09373394 0.01999822
v -0.05737841 0.09373394 0.01724834
v -0.04757969 -0.09366503 0.01999821
v -0.04757970 -0.09366503 0.01724833
v -0.04973798 -0.08589491 0.01724833
v -0.11000709 0.00269492 0.01999826
v -0.11061800 -0.00017057 0.01724838
v -0.11000710 0.00269492 0.01724838
v -0.05750828 -0.08805342 0.01999821
v -0.05750828 -0.08805342 0.01724834
v -0.09992355 -0.00245052 0.01999825
v -0.09931260 0.00041495 0.01724837
v -0.09992355 -0.00245052 0.01724837
v -0.05750828 -0.08805342 0.01999821
v -0.05750828 -0.08805342 0.01724834
v -0.10753810 -0.00491957 0.01999825
v -0.10467261 -0.00553046 0.01724837
v -0.10753810 -0.00491957 0.01724838
v -0.04950875 0.08602474 0.01724834
v -0.04744303 0.08813336 0.01724833
v -0.10525809 0.00577487 0.01724837
v 0.04974556 0.08591155 0.01724826
v -0.10239250 0.00516392 0.01724837
v 0.04974556 0.08591155 0.01999814
v 0.04974556 0.08591155 0.01724826
v 0.10571467 -0.06103634 0.02060443
v 0.09684111 -0.07430887 0.02060133
v 0.09684111 -0.07430887 0.02060133
v 0.06124132 0.10607317 0.00019215
v -0.10607325 -0.06124119 0.00019227
v -0.06124121 0.10607325 0.00019224
v -0.05824589 -0.09091146 0.01724834
v -0.05745583 -0.09375556 0.01724834
v -0.05534958 -0.09582354 0.01724833
v -0.04964757 -0.09577128 0.01724833
v -0.04757970 -0.09366503 0.01724833
v -0.04684186 -0.09080699 0.01724833
v -0.04763185 -0.08796288 0.01724833
v -0.04973798 -0.08589491 0.01724833
v -0.05544011 -0.08594717 0.01724833
v -0.10804519 0.00487114 0.01724838
v -0.11000710 0.00269492 0.01724838
v -0.11061800 -0.00017057 0.01724838
v -0.10753810 -0.00491957 0.01724838
v -0.10467261 -0.00553046 0.01724837
v -0.10188540 -0.00462680 0.01724837
v -0.09931260 0.00041495 0.01724837
v -0.10021630 0.00320191 0.01724837
v -0.10239250 0.00516392 0.01724837
v -0.04961013 0.09590135 0.01724834
v -0.05246943 0.09663597 0.01724834
v -0.05531269 0.09584263 0.01724834
v -0.05737841 0.09373394 0.01724834
v -0.05811274 0.09087495 0.01724834
v -0.05521071 0.08596603 0.01724834
v -0.04950875 0.08602474 0.01724834
v -0.04744303 0.08813336 0.01724833
v -0.04670846 0.09099237 0.01724833
v 0.05825549 0.09091964 0.01724826
v 0.05746769 0.09376361 0.01724826
v 0.05536407 0.09583273 0.01724826
v 0.04966348 0.09578529 0.01724826
v 0.04759419 0.09368130 0.01724826
v 0.04685401 0.09082470 0.01724826
v 0.04764175 0.08798072 0.01724826
v 0.04974556 0.08591155 0.01724826
v 0.05544602 0.08595904 0.01724826
v 0.10785600 -0.00499582 0.01724821
v 0.10993150 -0.00289828 0.01724821
v 0.11068010 -0.00004403 0.01724821
v 0.10990130 0.00280213 0.01724821
v 0.10780371 0.00487762 0.01724822
v 0.10494940 0.00562620 0.01724822
v 0.10210321 0.00484747 0.01724822
v 0.09927910 -0.00010437 0.01724822
v 0.10215550 -0.00502598 0.01724822
v 0.04962772 -0.09590949 0.01724826
v 0.05248808 -0.09663721 0.01724825
v 0.05532962 -0.09583714 0.01724825
v 0.05811762 -0.09086290 0.01724825
v 0.05731780 -0.08802166 0.01724825
v 0.05520428 -0.08596107 0.01724825
v 0.05234331 -0.08523336 0.01724825
v 0.04950232 -0.08603349 0.01724826
v 0.04671370 -0.09100767 0.01724826
v 0.06124118 -0.10607323 0.00019220
v 0.04689447 -0.11321522 0.00024818
v 0.03170368 -0.11831921 0.00019222
v 0.01598963 -0.12145280 0.00019223
v -0.01598981 -0.12145278 0.00019226
v -0.00000009 -0.12251029 0.00019225
v -0.03171745 -0.11837347 0.00024818
v -0.04687382 -0.11316317 0.00019228
v -0.06126930 -0.10612176 0.00024820
v -0.07456142 -0.09716999 0.00019230
v -0.08664567 -0.08664554 0.00024822
v -0.09717011 -0.07456128 0.00019232
v -0.11316324 -0.04687366 0.00019227
v -0.11831919 0.03170385 0.00019228
v -0.11837353 -0.03171728 0.00024825
v -0.12145282 -0.01598964 0.00019228
v -0.12251031 0.00000008 0.00019228
v -0.12145280 0.01598980 0.00019228
v -0.11316319 0.04687382 0.00019228
v -0.10612177 0.06126929 0.00024824
v -0.09721460 0.07459534 0.00024824
v -0.08664556 0.08664566 0.00024823
v -0.07459522 0.09721469 0.00024822
v -0.04687368 0.11316324 0.00019223
v -0.03170371 0.11831923 0.00019222
v -0.01599580 0.12150841 0.00024811
v 0.00000007 0.12251031 0.00019219
v 0.01598979 0.12145280 0.00019218
v 0.03170383 0.11831919 0.00019217
v 0.04687380 0.11316318 0.00019216
v 0.07456140 0.09717001 0.00019214
v 0.10607323 0.06124120 0.00019211
v 0.08664565 0.08664556 0.00024810
v 0.09721467 0.07459522 0.00024809
v 0.11316322 0.04687368 0.00019211
v 0.12145278 -0.01598979 0.00019210
v 0.11837351 0.03171729 0.00024807
v 0.12150840 0.01599579 0.00024801
v 0.12256619 -0.00000133 0.00024801
v 0.11831917 -0.03170384 0.00019210
v 0.11321516 -0.04689461 0.00024813
v 0.10607315 -0.06124132 0.00019211
v 0.09721457 -0.07459533 0.00024809
v 0.08664554 -0.08664565 0.00024809
v 0.07456128 -0.09717009 0.00019219
vn -0.34444845 -0.93799273 0.03904987
vn -0.50209222 -0.86393200 0.03904994
vn -0.50176771 -0.86337301 0.05306802
vn -0.34422519 -0.93738575 0.05307511
vn -0.64406659 -0.76312594 0.05307565
vn -0.76678928 -0.63970050 0.05307983
vn -0.76614987 -0.63916182 0.06698166
vn -0.64352724 -0.76248439 0.06700935
vn -0.86388505 0.50218734 0.03886525
vn -0.77169298 0.63478966 0.03914114
vn -0.77117941 0.63439312 0.05317599
vn -0.86333073 0.50186751 0.05281145
vn 0.76726327 0.64015262 0.03888057
vn 0.86136242 0.50648323 0.03910908
vn 0.86080816 0.50614517 0.05316374
vn 0.76677435 0.63973699 0.05285520
vn 0.49691498 -0.86692201 0.03900947
vn 0.33913455 -0.93992751 0.03903887
vn 0.33891343 -0.93931930 0.05307481
vn 0.49658030 -0.86636647 0.05307672
vn -0.93994943 -0.33907041 0.03906816
vn -0.98451978 -0.17086878 0.03904682
vn -0.98388180 -0.17075930 0.05308366
vn -0.93933874 -0.33885870 0.05308026
vn 0.07857332 0.99614955 0.03888841
vn 0.17318367 0.98411419 0.03907275
vn 0.17307651 0.98347478 0.05312136
vn 0.07852200 0.99551031 0.05285372
vn 0.93800467 -0.34443526 0.03887908
vn 0.86901711 -0.49323433 0.03910444
vn 0.86844731 -0.49292453 0.05314768
vn 0.93740358 -0.34421247 0.05284236
vn -0.64448255 -0.76362097 0.03905465
vn -0.63635496 0.77041013 0.03899481
vn -0.63593635 0.76991499 0.05306471
vn 0.94132550 0.33523583 0.03902879
vn 0.94071711 0.33501548 0.05306544
vn 0.17068897 -0.98455047 0.03905953
vn 0.17058562 -0.98391202 0.05308192
vn -0.99565956 -0.08455024 0.03890124
vn -0.99501986 -0.08449711 0.05287453
vn 0.34721333 0.93697365 0.03902930
vn 0.34698163 0.93636950 0.05306521
vn 0.76115988 -0.64738848 0.03903565
vn 0.76066843 -0.64696798 0.05306578
vn -0.76729062 -0.64010688 0.03909324
vn -0.49883202 0.86582014 0.03901395
vn -0.49850049 0.86526320 0.05307401
vn 0.98454901 0.17069940 0.03905072
vn 0.98391104 0.17059334 0.05307520
vn -0.08993535 -0.99518756 0.03890196
vn -0.17633258 -0.98355604 0.03904276
vn -0.17621615 -0.98291948 0.05307701
vn -0.08987687 -0.99454820 0.05287743
vn 0.08423307 -0.99568637 0.03890310
vn 0.08417837 -0.99504675 0.05287681
vn -0.99496955 0.09231991 0.03889245
vn -0.98435461 0.17182254 0.03902578
vn -0.98371665 0.17171770 0.05305264
vn -0.99433051 0.09225962 0.05286779
vn 0.49816208 0.86620351 0.03906434
vn 0.49784654 0.86563995 0.05306873
vn 0.64096613 -0.76657354 0.03908222
vn 0.64056118 -0.76607030 0.05308181
vn -0.86679200 -0.49713637 0.03907752
vn -0.86622896 -0.49682008 0.05307736
vn -0.33931229 0.93986337 0.03903874
vn -0.33908424 0.93925663 0.05309291
vn 0.99578441 0.08307078 0.03889296
vn 0.99514479 0.08301670 0.05286844
vn -0.93357617 0.35623772 0.03911806
vn -0.93297776 0.35598444 0.05317491
vn 0.65243822 0.75683079 0.03913484
vn 0.65200453 0.75634928 0.05315885
vn -0.16613376 0.98532969 0.03905097
vn -0.07690889 0.99627990 0.03887651
vn -0.07685963 0.99564090 0.05283742
vn -0.16603717 0.98469017 0.05307477
vn 0.99598268 -0.08064696 0.03891742
vn 0.98158874 -0.18696429 0.03908826
vn 0.98095509 -0.18681903 0.05315790
vn 0.99534223 -0.08059467 0.05289943
vn 0.08410768 -0.99421790 0.06675833
vn 0.17044128 -0.98308637 0.06701465
vn 0.49744595 0.86490410 0.06699571
vn 0.34668453 0.93558478 0.06701454
vn -0.86550668 -0.49639833 0.06698419
vn 0.65140733 0.75575855 0.06706342
vn -0.93855256 -0.33857152 0.06699567
vn 0.86011259 0.50567089 0.06710655
vn 0.76613621 0.63920151 0.06675883
vn -0.98305594 -0.17061212 0.06702629
vn 0.93992037 0.33475195 0.06701371
vn -0.99419075 -0.08442631 0.06676038
vn 0.98308612 0.17044500 0.06700888
vn -0.98288751 0.17159240 0.06699397
vn -0.99350284 0.09218056 0.06674464
vn 0.99431582 0.08294715 0.06675191
vn -0.86260962 0.50145296 0.06670509
vn -0.93221882 0.35561700 0.06711653
vn 0.98013795 -0.18661437 0.06711684
vn 0.99451186 -0.08052635 0.06679576
vn -0.77049748 0.63390312 0.06708555
vn 0.86769739 -0.49254653 0.06707573
vn 0.93662060 -0.34392786 0.06674933
vn -0.63541806 0.76925337 0.06703094
vn 0.76003261 -0.64642046 0.06701515
vn -0.49807932 0.86453592 0.06704202
vn -0.17606970 -0.98209364 0.06701900
vn -0.08980043 -0.99371992 0.06675785
vn 0.64002160 -0.76543149 0.06698502
vn -0.33880008 0.93846570 0.06705693
vn -0.34393719 -0.93659849 0.06701096
vn 0.49616514 -0.86563605 0.06704015
vn -0.07679575 0.99481243 0.06671310
vn -0.16591444 0.98386091 0.06700826
vn -0.50134071 -0.86265262 0.06699211
vn 0.33863134 -0.93852891 0.06702466
vn 0.17294502 0.98264546 0.06706657
vn 0.07845492 0.99468148 0.06673513
vn -0.09000188 -0.99594160 0.00000003
vn -0.06543094 -0.72405056 0.68663643
vn -0.12806223 -0.71431723 0.68800506
vn -0.17646643 -0.98430666 0.00000010
vn -0.25015803 -0.68122519 0.68800669
vn -0.34471131 -0.93870875 0.00000023
vn -0.36464831 -0.62743786 0.68800679
vn -0.50247563 -0.86459137 0.00000035
vn -0.46806483 -0.55458468 0.68800519
vn -0.64497923 -0.76420010 0.00000046
vn -0.55724783 -0.46488390 0.68801003
vn -0.76787537 -0.64059926 0.00000055
vn -0.62951912 -0.36105451 0.68800096
vn -0.86745318 -0.49751882 0.00000063
vn -0.68263926 -0.24625438 0.68801338
vn -0.94066586 -0.33933427 0.00000069
vn -0.71498828 -0.12409128 0.68803570
vn -0.98527093 -0.17100060 0.00000073
vn -0.99641378 -0.08461429 0.00000074
vn -0.99641378 -0.08461429 0.00000074
vn -0.99572313 0.09238748 0.00000075
vn -0.46621756 0.04325771 0.88361188
vn -0.71350550 0.12455302 0.68948999
vn -0.98510317 0.17196435 0.00000074
vn -0.93430397 0.35647733 0.00000071
vn -0.68249616 0.26040194 0.68292739
vn -0.62087756 0.36092825 0.69587488
vn -0.86453584 0.50257118 0.00000066
vn -0.56409302 0.46404424 0.68298023
vn -0.77226829 0.63529654 0.00000060
vn -0.46133941 0.55851813 0.68936452
vn -0.63684482 0.77099200 0.00000050
vn -0.36223166 0.62873405 0.68810008
vn -0.49920639 0.86648311 0.00000040
vn -0.24656920 0.68298990 0.68755249
vn -0.33956461 0.94058273 0.00000029
vn -0.16627126 0.98608005 0.00000016
vn -0.12075491 0.71614607 0.68742495
vn -0.05582567 0.72317366 0.68840639
vn -0.07696710 0.99703363 0.00000009
vn 0.07863166 0.99690374 -0.00000002
vn 0.05695884 0.72212605 0.68941255
vn 0.12606661 0.71634463 0.68626349
vn 0.17332176 0.98486525 -0.00000010
vn 0.25201976 0.68009219 0.68844800
vn 0.34747590 0.93768891 -0.00000023
vn 0.36125773 0.62813699 0.68915657
vn 0.49855246 0.86685953 -0.00000034
vn 0.47646842 0.55274041 0.68370746
vn 0.65291410 0.75743196 -0.00000046
vn 0.76784631 0.64063410 -0.00000055
vn 0.55236108 0.46084873 0.69463349
vn 0.62903206 0.36985258 0.68376000
vn 0.86203358 0.50685116 -0.00000063
vn 0.68264458 0.24311409 0.68912402
vn 0.94204197 0.33549505 -0.00000069
vn 0.71527132 0.12401362 0.68775545
vn 0.98530028 0.17083135 -0.00000073
vn 0.99653840 0.08313369 -0.00000074
vn 0.99653840 0.08313369 -0.00000074
vn 0.99673788 -0.08070684 -0.00000075
vn 0.46507501 -0.03765755 0.88446998
vn 0.71682565 -0.13651104 0.68375852
vn 0.98234539 -0.18707626 -0.00000074
vn 0.93871394 -0.34469716 -0.00000071
vn 0.67526299 -0.24795741 0.69464884
vn 0.63471037 -0.36026889 0.68362934
vn 0.86966936 -0.49363468 -0.00000067
vn 0.55176151 -0.46928662 0.68944130
vn 0.76174188 -0.64788063 -0.00000059
vn 0.46574657 -0.55700412 0.68762384
vn 0.64146450 -0.76715272 -0.00000051
vn 0.36084579 -0.62954154 0.68808994
vn 0.49728883 -0.86758505 -0.00000040
vn 0.24630093 -0.68264450 0.68799152
vn 0.33938836 -0.94064634 -0.00000029
vn 0.12396762 -0.71503863 0.68800566
vn 0.17082295 -0.98530174 -0.00000016
vn 0.06128622 -0.72443484 0.68661355
vn 0.08429685 -0.99644069 -0.00000010
vn -0.70411318 0.70411618 0.09189686
vn -0.60549490 0.79053277 0.09183607
vn -0.60738259 0.79440574 0.00242905
vn -0.70712355 0.70708587 0.00241952
vn 0.63297696 0.49306605 0.59684674
vn 0.69550994 0.40416530 0.59406762
vn 0.76402519 0.44109010 0.47085565
vn 0.69679098 0.53773220 0.47468559
vn 0.13030121 -0.98782209 0.08502421
vn 0.00048404 -0.99599567 0.08940012
vn 0.00025843 -0.99999949 0.00097933
vn 0.13073596 -0.99141631 0.00134274
vn -0.56649344 -0.56841562 0.59664802
vn -0.63361785 -0.49479574 0.59473153
vn -0.69679049 -0.53773235 0.47468615
vn -0.62160209 -0.61937012 0.47957428
vn 0.99575744 -0.00047953 0.09201575
vn 0.98773768 -0.13002126 0.08642191
vn 0.99125386 -0.13195929 0.00159348
vn 0.99999018 -0.00194527 0.00398251
vn -0.25797311 0.96243311 0.08468994
vn -0.12990594 0.98778107 0.08609881
vn -0.12994767 0.99151467 0.00350190
vn -0.26083471 0.96538343 0.00029228
vn -0.20870332 0.77453258 0.59711155
vn -0.11189489 0.79616736 0.59464029
vn -0.11753536 0.87507846 0.46949242
vn -0.22633901 0.85093328 0.47400759
vn -0.86263858 -0.49812315 0.08790911
vn -0.91995615 -0.38141099 0.09058883
vn -0.92309254 -0.38457786 -0.00017554
vn -0.86593403 -0.50015804 -0.00043062
vn -0.79008774 -0.60629252 0.09039217
vn -0.79392484 -0.60801584 0.00030876
vn 0.98723427 0.12995054 0.09209424
vn 0.99138513 0.13093100 0.00354900
vn -0.38138411 0.91999917 0.09026455
vn -0.38317536 0.92367561 0.00008396
vn -0.70410787 -0.70422464 0.09110303
vn -0.70743507 -0.70677563 0.00195612
vn 0.91995681 0.38140584 0.09060388
vn 0.96215844 0.25797276 0.08775639
vn 0.96556849 0.26013868 0.00231527
vn 0.92309244 0.38457809 -0.00017772
vn -0.49846940 0.86308869 0.08127838
vn -0.49901019 0.86659536 0.00114930
vn 0.25760481 -0.96257244 0.08422627
vn 0.25808669 -0.96612112 0.00111185
vn -0.65574152 -0.75053508 0.08185447
vn -0.65675975 -0.75409957 0.00067824
vn 0.86263840 0.49812370 0.08790778
vn 0.86645119 0.49926164 0.00038723
vn 0.20867962 -0.77441140 0.59727698
vn 0.11194873 -0.79612526 0.59468652
vn 0.11753805 -0.87510630 0.46943986
vn 0.22633382 -0.85090913 0.47405342
vn -0.49867095 -0.86192315 0.09173748
vn -0.55445931 -0.82817063 0.08190402
vn -0.55774762 -0.83000875 0.00175038
vn -0.50082126 -0.86554873 0.00185981
vn 0.79025045 0.60591931 0.09146588
vn 0.79440232 0.60738692 0.00246691
vn 0.32017872 0.94347350 0.08569326
vn 0.38113361 0.91984281 0.09287830
vn 0.38285878 0.92380688 -0.00002971
vn 0.32180291 0.94680662 0.00034086
vn 0.86314677 -0.49787740 0.08423622
vn 0.82842775 -0.55258588 0.09141284
vn 0.83277571 -0.55360863 0.00145322
vn 0.86620947 -0.49967954 0.00122611
vn -0.79025517 0.60587439 0.09172236
vn -0.79346449 0.60861012 0.00279521
vn 0.38098228 -0.92005973 0.09133783
vn 0.38244488 -0.92397559 0.00224063
vn -0.38075363 -0.91995885 0.09328655
vn -0.38213395 -0.92410661 0.00078902
vn 0.70380215 0.70447739 0.09151033
vn 0.70614615 0.70806341 0.00195461
vn -0.63611024 0.49124133 0.59501741
vn -0.56431736 0.56646262 0.60055475
vn -0.62267715 0.62125055 0.47573199
vn -0.69901990 0.53641518 0.47289527
vn 0.49879322 -0.86286319 0.08168500
vn 0.50147710 -0.86517086 0.00032763
vn -0.25816814 -0.96216540 0.08710317
vn -0.25994303 -0.96562059 0.00254755
vn 0.60630402 0.79098920 0.08204580
vn 0.60761807 0.79422927 0.00039469
vn -0.89304424 0.44060578 0.09131557
vn -0.86286963 0.49817388 0.08531576
vn -0.86633372 0.49945900 0.00256734
vn -0.89829487 0.43939311 -0.00015712
vn 0.60586897 -0.79037046 0.09075970
vn 0.60801178 -0.79392796 0.00026747
vn -0.20832485 -0.77155943 0.60107970
vn -0.31569334 -0.72883684 0.60756446
vn -0.33706573 -0.81042283 0.47916754
vn -0.22745392 -0.85191051 0.47171305
vn 0.47877744 0.63644509 0.60473946
vn 0.56689557 0.56878440 0.59591419
vn 0.62160258 0.61936984 0.47957402
vn 0.53790794 0.69852618 0.47192821
vn -0.72118058 0.35652989 0.59395708
vn -0.69449242 0.40210489 0.59665059
vn -0.76570244 0.44215681 0.46711575
vn -0.79095325 0.39013328 0.47136927
vn 0.70386119 -0.70442141 0.09148713
vn 0.70583392 -0.70837323 0.00241814
vn -0.12997697 -0.98727076 0.09166478
vn -0.12921345 -0.99161663 0.00057995
vn 0.49837787 0.86220648 0.09066137
vn 0.50014107 0.86594389 -0.00029936
vn -0.98773750 0.13002155 0.08642358
vn -0.96227227 0.25787287 0.08679664
vn -0.96584225 0.25913054 0.00033727
vn -0.99139089 0.13093317 0.00077593
vn 0.74869091 -0.65655539 0.09163488
vn 0.75180082 -0.65938559 0.00248148
vn 0.96233884 -0.25748380 0.08721265
vn 0.91963306 -0.38194754 0.09160307
vn 0.92349154 -0.38361303 0.00210123
vn 0.96631145 -0.25737534 0.00033521
vn -0.79087194 0.09567712 0.60445633
vn -0.77441064 0.20731141 0.59775424
vn -0.85009252 0.22867468 0.47439498
vn -0.87171749 0.11616123 0.47604116
vn 0.10853300 0.79660141 0.59468209
vn 0.17446150 0.78112366 0.59950731
vn 0.17538342 0.85808364 0.48263145
vn 0.11500455 0.87364795 0.47277183
vn -0.00050859 0.99599053 0.08945728
vn 0.00078001 0.99999808 0.00179725
vn -0.96229494 -0.25760138 0.08734976
vn -0.98736883 -0.12996809 0.09061510
vn -0.99152394 -0.12991670 0.00139176
vn -0.96603964 -0.25838352 0.00231795
vn -0.99585603 0.00008534 0.09094377
vn -0.99999949 0.00011428 0.00100507
vn 0.13037085 0.98725653 0.09125777
vn 0.19435250 0.97715488 0.08599673
vn 0.19545939 0.98071170 0.00044134
vn 0.13101325 0.99138045 0.00058074
vn 0.79012312 -0.09634718 0.60532857
vn 0.82259019 -0.03555640 0.56752191
vn 0.84858198 -0.22914474 0.47686612
vn 0.87171902 -0.11616425 0.47603762
vn 0.63509256 -0.49271215 0.59488838
vn 0.59005563 -0.54074781 0.59952161
vn 0.59204675 -0.53153844 0.60576195
vn 0.63669667 -0.48845541 0.59668137
vn 0.39758655 -0.68941038 0.60550662
vn 0.31218155 -0.73280405 0.60459979
vn 0.33432750 -0.81125824 0.47967197
vn 0.44161911 -0.76479645 0.46910442
vn 0.78877900 0.09088008 0.60792146
vn 0.79618016 0.00006807 0.60505962
vn 0.87890701 0.00033592 0.47699304
vn 0.87153767 0.11346207 0.47702038
vn -0.39755255 0.68942474 0.60551259
vn -0.31216885 0.73280834 0.60460114
vn -0.33432342 0.81126106 0.47967004
vn -0.44162359 0.76479469 0.46910307
vn 0.00107392 -0.80438542 0.59410685
vn 0.00005660 -0.88175423 0.47170911
vn 0.74443370 0.30401871 0.59446706
vn 0.81437100 0.33769307 0.47197803
vn -0.51972912 -0.60407364 0.60413300
vn -0.57896483 -0.66023407 0.47842523
vn -0.10894823 -0.79645798 0.59479826
vn -0.11500569 -0.87364855 0.47277045
vn -0.00080808 0.80385768 0.59482113
vn -0.00004662 0.88175427 0.47170903
vn 0.31569435 0.72883698 0.60756377
vn 0.39821638 0.68959391 0.60488342
vn 0.43933354 0.76110311 0.47718769
vn 0.33706640 0.81042255 0.47916755
vn 0.62547131 0.60594949 0.49153926
vn 0.28660597 0.84177377 0.45746469
vn -0.39821542 -0.68959373 0.60488426
vn -0.43933307 -0.76110348 0.47718754
vn -0.44234359 -0.66301668 0.60393793
vn -0.49193796 -0.73713517 0.46328046
vn -0.47317813 0.63739686 0.60813460
vn -0.53430169 0.69768333 0.47724174
vn -0.69597996 -0.40315127 0.59420615
vn -0.76402551 -0.44108854 0.47085658
vn 0.77223096 0.20516672 0.60130355
vn 0.85154884 0.22894579 0.47164435
vn -0.74417842 -0.30430357 0.59464092
vn -0.81434931 -0.33766530 0.47203532
vn 0.21226511 -0.84460818 0.49150844
vn 0.47318642 -0.63739614 0.60812891
vn 0.53429611 -0.69767584 0.47725893
vn 0.63031538 -0.65216981 0.42116156
vn -0.76770335 0.24382803 0.59260397
vn -0.83458690 0.28028631 0.47424075
vn -0.77174003 -0.20375460 0.60241298
vn -0.85154815 -0.22894819 0.47164443
vn -0.78877270 -0.09088011 0.60792963
vn -0.87156217 -0.11346430 0.47697509
vn 0.76751131 -0.24409616 0.59274232
vn 0.84057143 -0.32663600 0.43214417
vn -0.79618326 -0.00010958 0.60505554
vn -0.87890375 -0.00032979 0.47699905
vn 0.71843560 -0.35517683 0.59808002
vn 0.69728139 -0.40091683 0.59419219
vn 0.69449929 -0.40151081 0.59704255
vn 0.72101645 -0.35526058 0.59491613
vn -0.94303092 0.32025223 0.09017316
vn -0.94687069 0.32161450 0.00005187
vn -0.25015476 -0.93434217 0.25382535
vn -0.36911186 -0.89008746 0.26739625
vn -0.48268852 -0.83543570 0.26279076
vn -0.68233372 -0.68235350 0.26232496
vn -0.76542208 -0.58742258 0.26279983
vn -0.83670299 -0.48320669 0.25775841
vn -0.89165015 -0.36921506 0.26199285
vn -0.93423533 -0.25051902 0.25385934
vn -0.96499139 -0.00014230 0.26228153
vn -0.95898219 0.12593522 0.25395568
vn -0.93381277 0.25034599 0.25557894
vn -0.83877439 0.48392340 0.24955092
vn -0.76553528 0.58734704 0.26263890
vn -0.68223048 0.68221961 0.26294101
vn -0.48527838 0.83955472 0.24423915
vn -0.36919748 0.89158659 0.26223381
vn -0.25049029 0.93539195 0.24959271
vn -0.00027339 0.96562210 0.25994977
vn 0.12622946 0.95639252 0.26339984
vn 0.18820422 0.94890476 0.25329613
vn 0.48268873 0.83543537 0.26279144
vn 0.58980562 0.76940671 0.24523996
vn 0.68233393 0.68235328 0.26232501
vn 0.83670297 0.48320713 0.25775766
vn 0.89166363 0.36921550 0.26194633
vn 0.93423586 0.25051857 0.25385782
vn 0.96499153 0.00014376 0.26228102
vn 0.95898259 -0.12593503 0.25395425
vn 0.93381106 -0.25034411 0.25558701
vn 0.83877496 -0.48392353 0.24954876
vn 0.80245609 -0.53611578 0.26200017
vn 0.72556088 -0.63623790 0.26222653
vn 0.68222640 -0.68221563 0.26296191
vn 0.48527837 -0.83955512 0.24423781
vn 0.36919931 -0.89158653 0.26223145
vn 0.25048984 -0.93539355 0.24958714
vn 0.12657192 -0.95972580 0.25081057
vn 0.00026322 -0.96563808 0.25989043
vn 0.58700589 -0.76563219 0.26311867
vn 0.89123727 -0.36985456 0.26249522
vn 0.95681060 0.12564890 0.26215613
vn 0.76542227 0.58742241 0.26279967
vn 0.31110486 0.91599091 0.25332670
vn 0.36911220 0.89008725 0.26739648
vn -0.12657563 0.95971102 0.25086523
vn -0.58700759 0.76563718 0.26310037
vn -0.91367808 0.31067765 0.26205299
vn -0.86522060 0.42755982 0.26188912
vn -0.95682521 -0.12565263 0.26210099
vn -0.53862597 -0.80614317 0.24498012
vn -0.63864077 -0.72961943 0.24452698
vn -0.12623240 -0.95639232 0.26339914
vn -0.90823467 -0.32239798 0.26677580
vn -0.94986146 -0.17758982 0.25734232
vn -0.95110898 -0.04867053 0.30499654
vn -0.85563967 -0.29351530 0.42629747
vn 0.83060768 0.48590488 0.27200612
vn 0.90967162 0.31853958 0.26651468
vn 0.85660470 0.29030665 0.42655649
vn 0.78005256 0.45860824 0.42567181
vn -0.96077190 -0.00620363 0.27727040
vn -0.96877386 -0.02101009 0.24705421
vn 0.94985194 0.18064756 0.25524056
vn 0.96199194 -0.01292633 0.27277173
vn -0.94395984 0.18084861 0.27610434
vn -0.96815695 -0.02011123 0.24953490
vn 0.95884413 0.00086527 0.28393166
vn 0.97033627 0.03370205 0.23939861
vn -0.87219083 0.41829251 0.25360310
vn -0.83291412 0.48089450 0.27385133
vn -0.79129943 0.45245653 0.41125211
vn -0.79869003 0.41015464 0.44030376
vn 0.95146102 -0.18156109 0.24851057
vn 0.96615283 0.01713258 0.25740083
vn -0.73564934 0.62146390 0.26944883
vn -0.68598762 0.58853943 0.42783446
vn 0.90462834 -0.32698537 0.27336447
vn 0.87291994 -0.40084194 0.27809444
vn 0.82818688 -0.37071654 0.42032813
vn 0.86828668 -0.29317026 0.40016176
vn -0.62651869 0.73571543 0.25728806
vn -0.47016549 0.84002888 0.27073213
vn 0.78599144 -0.55844197 0.26525462
vn 0.73252982 -0.62661071 0.26600578
vn 0.68094599 -0.59593120 0.42565076
vn 0.73391730 -0.52488473 0.43111648
vn -0.48845917 0.82726679 0.27755592
vn -0.50604840 0.82650891 0.24657258
vn -0.00274247 -0.96264757 0.27074366
vn -0.17505309 -0.94770503 0.26685502
vn -0.17359027 -0.88784388 0.42614511
vn -0.00171470 -0.90466643 0.42611701
vn 0.62955633 -0.73320914 0.25702760
vn 0.47070251 -0.83931680 0.27200453
vn -0.30746070 0.91042238 0.27676526
vn -0.50254481 0.82778769 0.24943185
vn -0.32079138 -0.91162170 0.25698010
vn -0.43366316 -0.84776963 0.30532429
vn 0.48442969 -0.82928230 0.27860142
vn 0.50486576 -0.82749405 0.24569120
vn -0.16403341 0.95116216 0.26150256
vn -0.00599499 0.96247889 0.27129034
vn -0.00642005 0.90837062 0.41811674
vn -0.15922391 0.88650206 0.43446732
vn -0.47583530 -0.83423021 0.27864087
vn -0.46403247 -0.85110989 0.24553172
vn 0.31714025 -0.90944716 0.26893854
vn 0.50054470 -0.82845503 0.25123151
vn 0.17686437 0.94711371 0.26775850
vn 0.14743755 0.89869154 0.41305652
vn -0.55519769 -0.78810109 0.26580481
vn -0.38300604 -0.91000405 0.15874194
vn 0.16445121 -0.94850234 0.27073810
vn 0.16936620 -0.89321720 0.41650704
vn 0.25359763 0.93399692 0.25167042
vn 0.25564249 0.90321662 0.34474145
vn -0.67671422 -0.68509725 0.26962867
vn -0.73918522 -0.61668022 0.27075952
vn -0.68888854 -0.59330821 0.41643480
vn -0.62364261 -0.64507504 0.44152927
vn 0.41785984 0.87053654 0.25992167
vn 0.47258624 0.83558365 0.28011106
vn 0.45772422 0.85495358 0.24401415
vn 0.52722933 0.80941972 0.25859032
vn -0.83506134 -0.47890126 0.27078799
vn -0.78434553 -0.45093583 0.42598000
vn 0.63706705 0.72440525 0.26340578
vn 0.50985840 0.81076524 0.28758326
vn 0.73908341 0.61673655 0.27090911
vn 0.68834908 0.59661299 0.41258755
vn 0.75880688 0.62882374 0.16968451
vn 0.85171117 0.50154352 0.15179651
vn -0.85685850 -0.49138890 0.15598226
vn -0.92909962 -0.33537774 0.15587070
vn 0.49361386 0.85501726 0.15903092
vn 0.64267205 0.75092320 0.15194402
vn -0.75847385 -0.63275765 0.15599737
vn 0.41993377 0.89375195 0.15768033
vn 0.16875032 -0.97326697 0.15580351
vn -0.00282783 -0.98777382 0.15586814
vn -0.70050891 -0.69652064 0.15539067
vn 0.16871007 0.97513662 0.14368539
vn 0.26309826 0.95178118 0.15777164
vn 0.33524151 -0.92915710 0.15582108
vn -0.49632532 -0.85400638 0.15599450
vn -0.56891365 -0.80758386 0.15538841
vn 0.00961947 0.98188899 0.18921277
vn 0.49119473 -0.85698729 0.15588622
vn -0.34048954 -0.92722357 0.15595939
vn -0.18169723 0.97791624 0.10327605
vn 0.63381185 -0.75776369 0.15516676
vn -0.17429720 -0.97227424 0.15589512
vn -0.49604374 0.85436995 0.15489545
vn -0.32286283 0.93215480 0.16385062
vn 0.75134100 -0.64028340 0.15976190
vn -0.62782614 0.76199439 0.15874156
vn 0.80756815 -0.57246561 0.14183370
vn -0.76692304 0.62611980 0.14072334
vn 0.91289689 -0.34971019 0.21052804
vn 0.90945729 -0.39339486 0.13463998
vn -0.83884980 0.50256337 0.20919147
vn 0.98629838 -0.01017064 0.16465744
vn 0.97936514 -0.16696007 0.11387828
vn -0.89473769 0.42398026 0.14030396
vn 0.97287832 0.17190108 0.15478304
vn -0.98811333 0.00092768 0.15372438
vn -0.97024242 0.17789433 0.16426578
vn 0.93082646 0.33109561 0.15471844
vn -0.97328233 -0.16806577 0.15644615
vn -0.96169630 0.24876499 0.11513561
vn -0.92807678 0.25409701 0.27222823
vn -0.88448695 0.21684949 0.41310911
vn -0.80819679 -0.29814668 0.50786466
vn -0.74574162 -0.43102461 0.50802286
vn -0.65878345 -0.55497879 0.50793987
vn -0.66930457 0.54184273 0.50836784
vn -0.74132568 0.43138956 0.51413935
vn -0.76778085 0.38953649 0.50869823
vn 0.11495557 0.84451466 0.52304895
vn -0.00068403 0.86021914 0.50992408
vn -0.14907960 0.84810605 0.50842050
vn 0.80848616 0.29628813 0.50849136
vn 0.74233888 0.43828316 0.50679469
vn 0.65543695 0.55342487 0.51392929
vn 0.65257798 -0.57306921 0.49571530
vn 0.72490363 -0.50996397 0.46308906
vn 0.78798456 -0.35138844 0.50557541
vn 0.80678078 -0.29107462 0.51417928
vn -0.14474029 -0.84867192 0.50873000
vn 0.00023969 -0.86124635 0.50818762
vn 0.15134742 -0.84801483 0.50790236
vn 0.49290623 -0.79354241 0.35683876
vn -0.24416311 -0.81724616 0.52200870
vn -0.59270715 -0.58645073 0.55206320
vn -0.83097012 -0.19759196 0.52004430
vn -0.84042109 0.20658027 0.50101596
vn -0.94078799 -0.10303970 0.32295630
vn -0.35057852 0.88830285 0.29666942
vn -0.55845890 0.76467626 0.32154917
vn 0.66391045 0.71340527 0.22422273
vn 0.23745389 0.86014872 0.45139765
vn 0.24577614 0.84908814 0.46759323
vn 0.59897505 0.57532282 0.55698523
vn 0.94058252 -0.06956128 0.33236388
vn 0.94096799 0.09462460 0.32500066
vn 0.35356056 -0.88636405 0.29892089
vn -0.12316246 -0.81386641 0.56784899
vn -0.19635955 -0.79759813 0.57033337
vn 0.17927806 -0.79337692 0.58173227
vn 0.12561022 -0.81218482 0.56971738
vn 0.00114123 -0.82272674 0.56843593
vn -0.76669943 -0.29806120 0.56862246
vn -0.79027743 -0.22422213 0.57025083
vn -0.59737102 -0.55198637 0.58177221
vn -0.64070346 -0.51465867 0.56975919
vn -0.71189350 -0.41259843 0.56830465
vn -0.64725284 0.50918336 0.56727072
vn -0.33795164 0.85959005 0.38326707
vn -0.90960634 -0.14149846 0.39063345
vn -0.79334765 0.22820510 0.56437748
vn -0.73544910 0.36803789 0.56891364
vn -0.70859125 0.41158893 0.57314309
vn 0.12158002 0.81437986 0.56745374
vn 0.19803104 0.79747142 0.56993248
vn 0.21921959 0.79635655 0.56370117
vn -0.56072257 0.72807631 0.39432864
vn -0.12452793 0.81214028 0.57001839
vn -0.00099188 0.82176866 0.56982040
vn 0.76699095 0.29890799 0.56778419
vn 0.78878733 0.22884892 0.57047587
vn 0.60089542 0.54702907 0.58282407
vn 0.63906935 0.51148926 0.57442937
vn 0.71012549 0.41692522 0.56735804
vn 0.64886003 -0.49670475 0.57642436
vn 0.58964891 -0.54821956 0.59310157
vn 0.12634159 -0.95853360 0.25544303
vn 0.61795692 -0.57569307 0.53545003
vn 0.90451588 0.21384071 0.36894873
vn 0.77372164 -0.28087313 0.56786011
vn 0.72379026 -0.35071596 0.59424404
vn 0.70009067 -0.42482746 0.57392916
vn 0.76153188 -0.35130385 0.54466027
vn 0.69035411 -0.47897696 0.54221054
vn 0.68463094 -0.48160694 0.54711537
vn -0.86263334 0.50582974 -0.00000053
vn -0.71848349 0.69554401 -0.00000022
vn -0.02129837 -0.99977316 -0.00000002
vn -0.32955856 -0.94413514 0.00000021
vn -0.52464577 0.85132063 -0.00000033
vn -0.24779842 0.96881161 -0.00000092
vn 0.71652705 0.69755930 -0.00000113
vn 0.87652907 0.48134893 -0.00000307
vn 0.13030503 0.99147395 -0.00000006
vn 0.07340913 0.99730191 -0.00000056
vn 0.00907222 0.99995885 0.00000003
vn 0.13030503 0.99147395 -0.00000006
vn 0.96236990 -0.27174285 -0.00000053
vn 0.90387671 -0.42779305 -0.00000069
vn 0.20750990 -0.97823292 -0.00000019
vn 0.53790859 -0.84300318 -0.00000043
vn 0.33529530 -0.94211308 -0.00000028
vn 0.87073360 0.49175502 -0.00000184
vn 0.96026012 0.27910663 -0.00000117
vn -0.07115243 -0.99746545 0.00000002
vn -0.00651791 -0.99997876 -0.00000003
vn 0.24649760 -0.96914340 -0.00000022
vn -0.20427775 0.97891297 -0.00000510
vn -0.53671035 0.84376656 -0.00000413
vn -0.33304778 0.94290995 -0.00000279
vn 0.47161071 0.88180686 -0.00000075
vn -0.52377179 0.85185862 0.00000042
vn -0.73078345 0.68260937 0.00000057
vn -0.66021702 0.75107489 0.00000052
vn 0.34310090 0.93929855 -0.00000074
vn -0.87955091 0.47580478 0.00000067
vn -0.84675941 0.53197603 0.00000065
vn 0.47918934 -0.87771156 -0.00000039
vn 0.74155705 -0.67088982 -0.00000058
vn 0.65288583 -0.75745633 -0.00000051
vn 0.79744286 -0.60339446 -0.00000062
vn 0.79744286 -0.60339446 -0.00000062
vn 0.99947448 0.03241553 -0.00000069
vn 0.95091451 -0.30945371 -0.00000072
vn 0.99901657 0.04433830 -0.00000074
vn 0.98353633 -0.18071053 -0.00000074
vn 0.91800725 -0.39656360 -0.00000070
vn 0.91800725 -0.39656360 -0.00000070
vn -0.99901833 -0.04429879 0.00000074
vn -0.99901833 -0.04429879 0.00000074
vn -0.99901833 -0.04429879 0.00000074
vn -0.99971268 0.02396982 0.00000075
vn -0.95184461 -0.30658087 0.00000070
vn -0.98244896 -0.18653162 0.00000073
vn -0.91791809 0.39676993 -0.00000008
vn -0.84865689 -0.52894374 0.00000062
vn -0.87655074 -0.48130946 0.00000064
vn 0.52247638 -0.85265376 -0.00000042
vn 0.95185476 0.30654938 -0.00000378
vn 0.98242795 0.18664223 -0.00000637
vn -0.47686277 -0.87897776 0.00000033
vn -0.58878328 -0.80829095 0.00000041
vn 0.71780571 -0.69624346 -0.00000056
vn -0.24426843 -0.96970765 0.00000015
vn -0.08384549 0.96213685 0.25935037
vn -0.46829906 0.79562258 0.38429248
vn -0.50721449 0.86181986 0.00000041
vn -0.00833276 0.99996528 0.00000004
vn 0.79461512 -0.60711351 -0.00000061
vn -0.92303974 -0.01171293 0.38452626
vn -0.79361491 -0.47170527 0.38427790
vn -0.85962019 -0.51093359 0.00000062
vn -0.99991943 -0.01269383 0.00000075
vn 0.96852322 -0.24892322 -0.00000073
vn 0.96196684 0.08575960 0.25935515
vn 0.96515767 0.06830943 0.25259553
vn 0.96852322 -0.24892322 -0.00000073
vn -0.82246648 -0.56881358 0.00000059
vn -0.82246648 -0.56881358 0.00000059
vn -0.99969459 -0.02471272 0.00000076
vn -0.99445345 0.10517762 0.00000075
vn 0.96211466 0.08385954 0.25942814
vn 0.79560724 0.46824503 0.38439004
vn 0.86196557 0.43957689 0.25256190
vn 0.96530884 0.06644359 0.25251553
vn -0.51496576 -0.85721075 -0.00000903
vn -0.51496576 -0.85721075 -0.00000903
vn -0.51496576 -0.85721075 -0.00000903
vn -0.96271745 -0.27050900 0.00000072
vn 0.25369994 0.96728297 -0.00000016
vn -0.08091665 0.96238269 0.25936857
vn -0.00529203 0.99998600 0.00000004
vn 0.25369994 0.96728297 -0.00000016
vn -0.78614412 -0.61804322 -0.00000313
vn -0.86298827 -0.50522396 0.00000063
vn -0.90389313 0.42775836 0.00000069
vn -0.90389313 0.42775836 0.00000069
vn 0.65037020 0.75961741 -0.00000106
vn 0.52063053 0.85378209 -0.00000036
vn 0.52063053 0.85378209 -0.00000036
vn 0.52063053 0.85378209 -0.00000036
vn 0.02185141 0.99976123 0.00000002
vn 0.12472902 0.99219084 -0.00000006
vn -0.23089830 -0.89858923 0.37312647
vn 0.00947358 -0.92312847 0.38437492
vn 0.01028969 -0.99994706 -0.00000004
vn -0.24887197 -0.96853639 0.00000015
vn 0.05469354 0.21498845 0.97508389
vn 0.05470946 0.21505194 0.97506899
vn 0.00000075 -0.00000003 1.00000000
vn 0.00000075 -0.00000003 1.00000000
vn 0.00000075 -0.00000003 1.00000000
vn 0.00000075 -0.00000003 1.00000000
vn 0.00000075 -0.00000003 1.00000000
vn 0.00000075 -0.00000003 1.00000000
vn 0.00000075 -0.00000003 1.00000000
vn 0.00000075 -0.00000003 1.00000000
vn 0.00000075 -0.00000003 1.00000000
vn 0.00000075 -0.00000003 1.00000000
vn 0.00000075 -0.00000003 1.00000000
vn 0.00000075 -0.00000003 1.00000000
vn 0.00000075 -0.00000003 1.00000000
vn 0.00000075 -0.00000003 1.00000000
vn 0.00000075 -0.00000003 1.00000000
vn 0.00000075 -0.00000003 1.00000000
vn 0.00000075 -0.00000003 1.00000000
vn 0.00000075 -0.00000003 1.00000000
vn 0.00000075 -0.00000003 1.00000000
vn 0.00000075 -0.00000003 1.00000000
vn 0.15820498 -0.15560310 0.97506864
vn 0.00000075 -0.00000003 1.00000000
vn 0.00000075 -0.00000003 1.00000000
vn 0.00000075 -0.00000003 1.00000000
vn 0.00000075 -0.00000003 1.00000000
vn 0.00000075 -0.00000003 1.00000000
vn 0.00000075 -0.00000003 1.00000000
vn 0.00000075 -0.00000003 1.00000000
vn 0.21492706 -0.05522409 0.97506752
vn 0.29924653 -0.16867858 0.93914805
vn 0.00000075 -0.00000003 1.00000000
vn 0.00000075 -0.00000003 1.00000000
vn 0.16483231 -0.14859516 0.97506399
vn 0.16480091 -0.14857240 0.97507277
vn 0.00000075 -0.00000003 1.00000000
vn 0.00000075 -0.00000003 1.00000000
vn 0.04627432 0.21704332 0.97506455
vn 0.00000075 -0.00000003 1.00000000
vn 0.00000075 -0.00000003 1.00000000
vn 0.00000075 -0.00000003 1.00000000
vn 0.00000075 -0.00000003 1.00000000
vn 0.21479478 -0.05544622 0.97508406
vn 0.00000075 -0.00000003 1.00000000
vn 0.00000075 -0.00000003 1.00000000
vn 0.05546516 0.21485826 0.97506900
vn 0.00000075 -0.00000003 1.00000000
vn 0.05545769 0.21482268 0.97507726
vn 0.00000075 -0.00000003 1.00000000
vn 0.00000075 -0.00000003 1.00000000
vn 0.00000075 -0.00000003 1.00000000
vn 0.00000075 -0.00000003 1.00000000
vn 0.00000075 -0.00000003 1.00000000
vn 0.00000075 -0.00000003 1.00000000
vn 0.00000075 -0.00000003 1.00000000
vn 0.00000075 -0.00000003 1.00000000
vn 0.00000075 -0.00000003 1.00000000
vn 0.00000075 -0.00000003 1.00000000
vn 0.00000075 -0.00000003 1.00000000
vn 0.00000075 -0.00000003 1.00000000
vn 0.00000075 -0.00000003 1.00000000
vn 0.00000075 -0.00000003 1.00000000
vn 0.00000075 -0.00000003 1.00000000
vn 0.00000075 -0.00000003 1.00000000
vn 0.05522401 0.21491784 0.97506955
vn 0.00000075 -0.00000003 1.00000000
vn 0.00000075 -0.00000003 1.00000000
vn 0.00000075 -0.00000003 1.00000000
vn 0.00000075 -0.00000003 1.00000000
vn 0.05562956 0.21475425 0.97508254
vn 0.00000075 -0.00000003 1.00000000
vn 0.00000075 -0.00000003 1.00000000
vn 0.00000075 -0.00000003 1.00000000
vn 0.05564356 0.21481192 0.97506904
vn 0.00000075 -0.00000003 1.00000000
vn 0.21464688 -0.05629961 0.97506773
vn 0.29850469 -0.17023643 0.93910303
vn 0.00000075 -0.00000003 1.00000000
vn 0.00000075 -0.00000003 1.00000000
vn 0.00000075 -0.00000003 1.00000000
vn 0.00000075 -0.00000003 1.00000000
vn 0.15888025 -0.15489638 0.97507137
vn 0.00000075 -0.00000003 1.00000000
vn 0.00000075 -0.00000003 1.00000000
vn 0.00000075 -0.00000003 1.00000000
vn 0.29977466 -0.16803824 0.93909441
vn 0.00000075 -0.00000003 1.00000000
vn 0.21505285 -0.05470925 0.97506880
vn 0.00000075 -0.00000003 1.00000000
vn 0.00000075 -0.00000003 1.00000000
vn 0.00000075 -0.00000003 1.00000000
vn 0.15834337 -0.15545323 0.97507009
vn 0.00000075 -0.00000003 1.00000000
vn 0.00000075 -0.00000003 1.00000000
vn 0.00000075 -0.00000003 1.00000000
vn 0.00000075 -0.00000003 1.00000000
vn 0.00000075 -0.00000003 1.00000000
vn 0.05522072 0.21489660 0.97507442
vn 0.00000075 -0.00000003 1.00000000
vn 0.00000075 -0.00000003 1.00000000
vn 0.00000075 -0.00000003 1.00000000
vn 0.21475494 -0.05563073 0.97508232
vn 0.00000075 -0.00000003 1.00000000
vn 0.00000075 -0.00000003 1.00000000
vn 0.00000075 -0.00000003 1.00000000
vn 0.15773055 -0.15606846 0.97507113
vn 0.00000075 -0.00000003 1.00000000
vn 0.05629915 0.21464895 0.97506730
vn 0.00000075 -0.00000003 1.00000000
vn 0.00000075 -0.00000003 1.00000000
vn 0.00000075 -0.00000003 1.00000000
vn 0.00000075 -0.00000003 1.00000000
vn 0.00000075 -0.00000003 1.00000000
vn 0.00000075 -0.00000003 1.00000000
vn 0.00000075 -0.00000003 1.00000000
vn 0.29905347 -0.16900689 0.93915052
vn 0.00000075 -0.00000003 1.00000000
vn 0.04626977 0.21701534 0.97507100
vn 0.00000075 -0.00000003 1.00000000
vn 0.00000075 -0.00000003 1.00000000
vn 0.00000075 -0.00000003 1.00000000
vn 0.00000075 -0.00000003 1.00000000
vn 0.00000075 -0.00000003 1.00000000
vn 0.00000075 -0.00000003 1.00000000
vn 0.00000075 -0.00000003 1.00000000
vn 0.29900220 -0.16932776 0.93910904
vn 0.00000075 -0.00000003 1.00000000
vn 0.00000075 -0.00000003 1.00000000
vn 0.00000075 -0.00000003 1.00000000
vn 0.00000075 -0.00000003 1.00000000
vn 0.00000075 -0.00000003 1.00000000
vn 0.05629471 0.21462898 0.97507195
vn 0.00000075 -0.00000003 1.00000000
vn 0.00000075 -0.00000003 1.00000000
vn 0.00000075 -0.00000003 1.00000000
vn 0.00000075 -0.00000003 1.00000000
vn 0.00000075 -0.00000003 1.00000000
vn 0.00000075 -0.00000003 1.00000000
vn 0.00000075 -0.00000003 1.00000000
vn 0.15850450 -0.15526136 0.97507448
vn 0.00000075 -0.00000003 1.00000000
vn 0.00000075 -0.00000003 1.00000000
vn 0.00000075 -0.00000003 1.00000000
vn 0.18460162 0.72563693 0.66285238
vn 0.18460190 0.72564124 0.66284759
vn -0.47175167 0.79358761 0.38427734
vn -0.08799334 0.96175913 0.25937721
vn -0.20290539 0.72062115 0.66297402
vn -0.37672804 0.63385355 0.67550401
vn -0.66429346 0.64765468 0.37317237
vn -0.53605161 0.52266547 0.66292494
vn -0.89912581 0.22869459 0.37319106
vn -0.72557916 0.18455491 0.66292862
vn -0.73698031 -0.00934477 0.67584962
vn -0.65950657 0.65254414 0.37314506
vn -0.46580943 0.79702925 0.38440336
vn -0.37197654 0.63646551 0.67568122
vn -0.53223318 0.52661463 0.66287621
vn -0.65254962 -0.65949848 0.37314976
vn -0.79706545 -0.46584399 0.38428641
vn -0.63659306 -0.37205352 0.67551865
vn -0.52662880 -0.53221170 0.66288221
vn -0.79559168 -0.46825046 0.38441564
vn -0.92313984 -0.00770602 0.38438713
vn -0.73720327 -0.00616442 0.67564291
vn -0.63531015 -0.37388805 0.67571351
vn 0.42297240 -0.86823445 0.25935168
vn 0.00774302 -0.92316428 0.38432767
vn 0.00609997 -0.73725969 0.67558193
vn 0.19980661 -0.72160393 0.66284620
vn -0.18634921 -0.72522053 0.66281910
vn 0.00762450 -0.73719154 0.67564081
vn 0.72518570 -0.18633563 0.66286102
vn 0.64199474 -0.36197499 0.67588228
vn 0.55615197 -0.50137021 0.66281438
vn 0.55608621 -0.50133002 0.66289995
vn 0.62123723 0.68909831 0.37310565
vn 0.77453411 0.50229895 0.38443813
vn 0.61846950 0.40109674 0.67573433
vn 0.50138291 0.55617414 0.66278617
vn 0.79523668 0.46887242 0.38439208
vn 0.96204355 0.08459325 0.25945364
vn 0.72129094 0.20032400 0.66303067
vn 0.63504589 0.37444315 0.67565453
vn 0.64999394 0.66202365 0.37313881
vn 0.52457651 0.53428623 0.66284064
vn 0.18714752 0.72494998 0.66289013
vn 0.18714968 0.72498131 0.66285527
vn -0.46887399 0.79523979 0.38438374
vn -0.08463227 0.96205921 0.25938284
vn -0.20038681 0.72136936 0.66292637
vn -0.37444245 0.63505750 0.67564400
vn -0.65000337 -0.66201664 0.37313480
vn -0.79523037 -0.46891333 0.38435525
vn -0.63506866 -0.37444865 0.67563008
vn -0.52458742 -0.53427985 0.66283714
vn 0.00848160 -0.92313934 0.38437198
vn -0.23189850 -0.89832777 0.37313578
vn -0.18715087 -0.72498445 0.66285149
vn 0.00672863 -0.73719968 0.67564144
vn -0.92194278 -0.04775310 0.38437112
vn -0.90738236 0.19345217 0.37314006
vn -0.73229937 0.15612457 0.66284444
vn -0.73624765 -0.03813520 0.67563682
vn -0.77455157 -0.50230079 0.38440055
vn -0.61850643 -0.40113412 0.67567833
vn -0.46972761 0.79470071 0.38445643
vn -0.08572786 0.96197097 0.25935033
vn -0.20122621 0.72120791 0.66284777
vn -0.37513951 0.63453822 0.67574522
vn -0.66279944 0.64930273 0.37296497
vn -0.53505465 0.52410337 0.66259503
vn 0.65054335 0.66146185 0.37317767
vn 0.63533738 0.37392861 0.67566546
vn 0.52495285 0.53374672 0.66297734
vn 0.18775678 0.72484160 0.66283637
vn 0.18775560 0.72482463 0.66285526
vn 0.72427577 -0.18997085 0.66282402
vn 0.64037879 -0.36523709 0.67566033
vn 0.79703907 0.46582791 0.38436061
vn 0.96238889 0.08092152 0.25934402
vn 0.72222600 0.19762719 0.66282207
vn 0.63652125 0.37198333 0.67562497
vn 0.42677031 -0.86637136 0.25936031
vn 0.01177487 -0.92310039 0.38437876
vn 0.00930824 -0.73715822 0.67565606
vn 0.20294925 -0.72070603 0.66286833
vn 0.64311470 -0.36048251 0.67561516
vn 0.53611476 -0.52267477 0.66286654
vn 0.72564357 -0.18460285 0.66284478
vn -0.92321579 -0.00849626 0.38418800
vn -0.73743367 -0.00676797 0.67538565
vn 0.42371708 -0.86787410 0.25934221
vn 0.20040677 -0.72145001 0.66283256
vn -0.68908893 0.62122732 0.37313947
vn -0.50231619 0.77455170 0.38438016
vn -0.40114460 0.61853179 0.67564890
vn -0.55611997 0.50135416 0.66285337
vn -0.62123573 -0.68908353 0.37313544
vn -0.50136834 -0.55613451 0.66283044
vn 0.18634400 0.72520911 0.66283305
vn 0.18634133 0.72516977 0.66287685
vn -0.92313286 -0.00952823 0.38436301
vn -0.89868069 0.23084308 0.37294033
vn -0.72546961 0.18635546 0.66254471
vn -0.73719066 -0.00758431 0.67564222
vn 0.72147888 0.19979739 0.66298509
vn -0.19981400 0.72161422 0.66283277
vn -0.37394616 0.63546444 0.67553624
vn 0.53222645 -0.52662077 0.66287673
vn 0.65256068 0.65949851 0.37313037
vn 0.52666107 0.53225642 0.66282066
vn -0.22871853 -0.89915518 0.37310561
vn -0.18458718 -0.72565826 0.66283306
vn 0.64763867 0.66432300 0.37314757
vn 0.79351356 0.47167591 0.38452316
vn 0.63357981 0.37655986 0.67585449
vn 0.52266042 0.53614858 0.66285049
vn 0.96176033 0.08804378 0.25935566
vn 0.72071036 0.20295064 0.66286319
vn -0.66205120 0.65005632 0.37298123
vn -0.53442136 0.52470913 0.66262670
vn -0.89839212 0.23191859 0.37296832
vn -0.72522483 0.18721582 0.66257013
vn 0.72479611 -0.18709688 0.66307267
vn 0.64160225 -0.36267808 0.67587807
vn 0.53432989 -0.52457428 0.66280721
vn 0.15613576 0.73232195 0.66281685
vn 0.15613641 0.73234782 0.66278812
vn -0.12551564 0.95759312 0.25934772
vn -0.23093505 0.71224632 0.66285306
vn 0.46025920 -0.84904903 0.25937852
vn 0.04775265 -0.92192705 0.38440891
vn 0.03812084 -0.73619629 0.67569359
vn 0.23092661 -0.71221403 0.66289070
vn -0.19344989 -0.90738658 0.37313099
vn -0.15612217 -0.73229681 0.66284783
vn 0.79462670 0.46978444 0.38453995
vn 0.72119873 0.20127183 0.66284390
vn 0.63445074 0.37503175 0.67588716
vn 0.64923708 0.66274473 0.37317642
vn 0.52392251 0.53484288 0.66290897
vn -0.64924833 -0.66276255 0.37312519
vn -0.79469941 -0.46980246 0.38436767
vn -0.63463924 -0.37517125 0.67563272
vn -0.52397434 -0.53487808 0.66283960
vn 0.64148673 -0.36327277 0.67566832
vn 0.53381348 -0.52503602 0.66285771
vn 0.72470995 -0.18772962 0.66298799
vn -0.89806086 0.23268629 0.37328780
vn -0.72461261 0.18774185 0.66309092
vn -0.66144590 0.65050885 0.37326606
vn -0.53371116 0.52493624 0.66301911
vn 0.00488450 -0.92316656 0.38436914
vn -0.23538930 -0.89740896 0.37316086
vn -0.18996405 -0.72423211 0.66287368
vn 0.00390649 -0.73722806 0.67563268
vn 0.42034197 -0.86950651 0.25936665
vn 0.19761119 -0.72218869 0.66286750
vn -0.19760692 0.72218254 0.66287547
vn 0.18995648 0.72423561 0.66287203
vn 0.18995754 0.72425011 0.66285588
vn -0.63383085 -0.37679047 0.67549049
vn -0.64767678 -0.66431115 0.37310251
vn -0.52274553 -0.53616263 0.66277201
vn -0.92316878 -0.00487338 0.38436397
vn -0.89741312 0.23539765 0.37314559
vn -0.72425901 0.18997776 0.66284036
vn -0.73723971 -0.00389521 0.67562004
vn -0.65054452 -0.66145774 0.37318291
vn -0.52495288 -0.53374765 0.66297656
vn -0.23264931 -0.89811144 0.37318915
vn -0.18775819 -0.72481782 0.66286197
vn 0.42470120 -0.86738529 0.25936779
vn 0.20121624 -0.72117091 0.66289105
vn 0.53488755 -0.52394146 0.66285795
vn 0.92196011 0.04775407 0.38432943
vn 0.90739416 -0.19346970 0.37310229
vn 0.73234940 -0.15614722 0.66278383
vn 0.73629780 0.03813787 0.67558201
vn 0.56732409 -0.32355196 0.75726977
vn 0.64420202 -0.16897467 0.74595664
vn 0.27718283 -0.07270492 0.95806246
vn 0.34505289 -0.19679391 0.91772036
vn 0.86107882 0.44128624 0.25260587
vn 0.64138106 0.17900053 0.74604902
vn 0.64138920 0.17900478 0.74604101
vn 0.32182466 0.56838190 0.75721259
vn -0.00544998 0.65304615 0.75729850
vn -0.00329691 0.39718815 0.91773128
vn 0.19578996 0.34567750 0.91770004
vn -0.19289781 -0.90477339 0.37970454
vn -0.00852806 -0.96777579 0.25166901
vn -0.13942100 -0.65395831 0.74357267
vn -0.13942102 -0.65391077 0.74361448
vn 0.46702230 0.47483304 0.74593817
vn 0.20093590 0.20429387 0.95806512
vn 0.20624497 -0.63605290 0.74357227
vn 0.35679095 -0.55015327 0.75500437
vn 0.21709961 -0.33475795 0.91695413
vn 0.08878281 -0.27380016 0.95768006
vn 0.74272748 -0.66959383 -0.00000058
vn 0.74272748 -0.66959383 -0.00000058
vn 0.54411983 -0.83900752 -0.00000044
vn -0.69808124 -0.71601856 0.00000050
vn 0.71084003 -0.70335372 -0.00000056
vn 0.71084003 -0.70335372 -0.00000056
vn 0.50458013 -0.86336487 -0.00000041
vn 0.66959990 0.74272200 -0.00000047
vn 0.84238154 0.47650215 0.25167249
vn -0.99998607 -0.00527820 0.00000075
vn -0.96727684 0.25372332 0.00000073
vn 0.70335599 0.71083778 -0.00000050
vn 0.86330636 0.43694581 0.25254797
vn 0.86161446 0.44025198 0.25258407
vn 0.96524927 0.06719178 0.25254526
vn -0.86336376 -0.50458202 0.00000063
vn 0.01271163 -0.99991920 -0.00000004
vn -0.24652030 -0.96913763 0.00000015
vn 0.70059451 0.71355962 -0.00000050
vn -0.70119518 -0.71296936 0.00000050
vn -0.86181453 -0.50722354 0.00000063
vn 0.69806945 0.71603006 -0.00000050
vn 0.86003402 0.44332835 0.25258950
vn 0.24994968 0.96825883 -0.00000015
vn -0.00916273 0.99995802 0.00000004
vn 0.24994968 0.96825883 -0.00000015
vn 0.00833792 -0.99996524 -0.00000004
vn -0.25076610 -0.96804771 0.00000015
vn 0.96499312 0.07060827 0.25259206
vn -0.50789248 0.86142047 0.00000041
vn 0.50890753 -0.86082119 -0.00000041
vn -0.71352663 0.70062811 0.00000056
vn -0.70060152 -0.71355274 0.00000050
vn -0.86139393 -0.50793750 0.00000063
vn 0.71437831 -0.69975969 -0.00000056
vn 0.71437831 -0.69975969 -0.00000056
vn -0.99995773 -0.00919401 0.00000075
vn -0.96825766 0.24995422 0.00000073
vn 0.00916502 -0.99995800 -0.00000004
vn -0.24995104 -0.96825848 0.00000015
vn 0.96171436 0.10846325 0.25167682
vn 0.97801651 -0.20852747 -0.00000074
vn 0.96825747 -0.24995494 -0.00000073
vn 0.96825747 -0.24995494 -0.00000073
vn -0.99866133 -0.05172573 0.00000074
vn -0.97801983 0.20851189 0.00000074
vn 0.71359071 -0.70056284 -0.00000056
vn 0.71359071 -0.70056284 -0.00000056
vn 0.50793446 -0.86139572 -0.00000041
vn -0.83900843 -0.54411843 0.00000061
vn 0.20851291 0.97801961 -0.00000012
vn -0.05171973 0.99866164 0.00000007
vn 0.20851291 0.97801961 -0.00000012
vn -0.50886855 0.86084424 0.00000041
vn -0.01028716 0.99994709 0.00000004
vn -0.54412124 0.83900660 0.00000044
vn -0.71431526 0.69982406 0.00000056
vn 0.70118976 0.71297470 -0.00000050
vn 0.25075892 0.96804957 -0.00000015
vn 0.25075892 0.96804957 -0.00000015
vn 0.96727824 -0.25371798 -0.00000073
vn 0.96549780 0.06346738 0.25255868
vn 0.96727824 -0.25371798 -0.00000073
vn 0.69979931 0.71433950 -0.00000050
vn -0.69978480 -0.71435372 0.00000050
vn -0.86083003 -0.50889258 0.00000063
vn 0.51096017 -0.85960439 -0.00000041
vn 0.24654472 0.96913141 -0.00000015
vn -0.01267290 0.99991970 0.00000004
vn 0.24654472 0.96913141 -0.00000015
vn -0.99994663 -0.01033115 0.00000075
vn 0.71602461 -0.69807504 -0.00000056
vn 0.71602461 -0.69807504 -0.00000056
vn -0.51094526 0.85961325 0.00000041
vn 0.71294362 -0.70122136 -0.00000056
vn 0.71294362 -0.70122136 -0.00000056
vn 0.50718673 -0.86183619 -0.00000041
vn 0.96913371 -0.24653571 -0.00000073
vn 0.96913371 -0.24653571 -0.00000073
vn -0.71603688 0.69806245 0.00000056
vn 0.96805560 -0.25073562 -0.00000073
vn 0.96805560 -0.25073562 -0.00000073
vn -0.96914196 0.24650328 0.00000073
vn -0.99996525 -0.00833631 0.00000075
vn -0.96803469 0.25081635 0.00000073
vn -0.71084919 0.70334446 0.00000056
vn -0.50458066 0.86336456 0.00000041
vn -0.71300122 0.70116279 0.00000056
vn -0.74273309 0.66958760 0.00000058
vn -0.70333972 -0.71085388 0.00000050
vn 0.00528945 -0.99998601 -0.00000004
vn -0.25371635 -0.96727866 0.00000016
vn -0.66960073 -0.74272125 0.00000047
vn 0.24887643 0.96853525 -0.00000015
vn 0.24887643 0.96853525 -0.00000015
vn -0.96855693 0.24879205 0.00000073
vn 0.35538700 -0.18136511 0.91695517
vn 0.27541881 -0.14054635 0.95099485
vn 0.16823907 -0.25941141 0.95100018
vn -0.20147828 0.34232853 0.91772419
vn 0.00000095 0.00000015 1.00000000
vn 0.04998443 0.19294688 0.97993523
vn -0.39720864 -0.00504926 0.91771445
vn -0.34141508 -0.20294158 0.91774205
vn -0.13916842 -0.14274390 0.97992670
vn -0.19293789 0.04907887 0.97998277
vn 0.34606990 -0.19505128 0.91770944
vn 0.27751839 -0.07132415 0.95806910
vn 0.19298511 -0.04956734 0.97994889
vn 0.26803718 -0.15108573 0.95148787
vn 0.27744519 -0.07186297 0.95805004
vn 0.00000096 0.00000020 1.00000000
vn 0.19284551 -0.04997522 0.97995566
vn 0.19678829 0.34506455 0.91771718
vn -0.00210298 0.39722947 0.91771691
vn 0.05056049 0.19278313 0.97993791
vn 0.05055287 0.19272525 0.97994969
vn 0.46602488 0.47567634 0.74602469
vn 0.32066565 0.56890636 0.75731043
vn 0.19507242 0.34599725 0.91773234
vn 0.20050587 0.20465628 0.95807787
vn 0.64240549 0.17578496 0.74593219
vn 0.64237906 0.17577132 0.74595816
vn -0.56221666 -0.33239660 0.75724826
vn -0.32065456 -0.56884003 0.75736495
vn -0.19502552 -0.34596805 0.91775332
vn -0.34197063 -0.20214955 0.91771000
vn 0.00830617 -0.65291911 0.75738210
vn 0.33364332 -0.56129298 0.75738519
vn 0.20291673 -0.34137987 0.91776064
vn 0.00504276 -0.39710635 0.91775875
vn 0.31929365 0.56964779 0.75733279
vn -0.00824905 0.65296954 0.75733925
vn -0.00507343 0.39714574 0.91774153
vn 0.19421895 0.34645286 0.91774147
vn -0.65295585 -0.00673337 0.75736604
vn -0.39711078 -0.00408451 0.91776159
vn 0.56959282 -0.31928554 0.75737756
vn 0.34643113 -0.19418692 0.91775646
vn -0.33362237 0.56128223 0.75740238
vn -0.20289285 0.34137860 0.91776639
vn 0.33127252 -0.56293338 0.75720838
vn 0.56816656 -0.32175846 0.75740231
vn 0.34553231 -0.19571678 0.91777032
vn 0.20154132 -0.34237213 0.91769408
vn 0.64533655 -0.16416558 0.74604986
vn 0.27766314 -0.07063385 0.95807831
vn -0.56964790 0.31930652 0.75732729
vn -0.34646028 0.19420273 0.91774211
vn 0.64481688 -0.16701359 0.74586705
vn -0.65277016 -0.00598875 0.75753235
vn -0.56246372 -0.33167346 0.75738186
vn -0.34208990 -0.20171920 0.91776025
vn -0.39699661 -0.00363397 0.91781288
vn -0.65306986 -0.00829943 0.75725219
vn -0.56825795 0.32181505 0.75730970
vn -0.65308391 -0.00545062 0.75726593
vn -0.39722840 -0.00331039 0.91771381
vn -0.34560816 0.19572555 0.91773989
vn 0.00601238 -0.65295606 0.75737192
vn 0.33163388 -0.56238725 0.75745597
vn 0.20163947 -0.34205772 0.91778976
vn 0.00361979 -0.39713111 0.91775475
vn -0.32954172 0.56386572 0.75726990
vn -0.56736019 0.32357587 0.75723251
vn -0.34507832 0.19680310 0.91770883
vn -0.20042570 0.34295336 0.91772138
vn -0.33125266 0.56283720 0.75728856
vn -0.35677228 0.55013626 0.75502559
vn -0.58406332 0.29806553 0.75500131
vn -0.35539953 0.18134916 0.91695346
vn -0.21709681 0.33474179 0.91696069
vn -0.56378579 -0.32948401 0.75735452
vn -0.32354592 -0.56733445 0.75726459
vn -0.19679346 -0.34505528 0.91771956
vn -0.34289198 -0.20039263 0.91775154
vn 0.00345325 -0.65306660 0.75729261
vn 0.00210305 -0.39720488 0.91772755
vn -0.55021299 -0.35682625 0.75494416
vn -0.44770722 -0.49659757 0.74360547
vn -0.19272079 -0.21376750 0.95768583
vn -0.33479389 -0.21713701 0.91693215
vn -0.56284038 -0.33125834 0.75728371
vn -0.34231895 -0.20147682 0.91772808
vn 0.32953132 -0.56386559 0.75727453
vn 0.20043943 -0.34294319 0.91772218
vn -0.00671415 0.65291416 0.75740215
vn -0.00408513 0.39710278 0.91776505
vn 0.00544451 -0.65306121 0.75728555
vn 0.00330477 -0.39719805 0.91772697
vn -0.00345585 0.65310564 0.75725893
vn -0.56864741 0.32054320 0.75755672
vn -0.34581984 0.19497329 0.91782027
vn 0.00672831 -0.65292836 0.75738978
vn 0.00406945 -0.39710849 0.91776265
vn 0.32356325 0.56732879 0.75726143
vn 0.64185156 0.17774672 0.74594415
vn 0.64194890 0.17779733 0.74584832
vn 0.56895870 -0.32073824 0.75724037
vn 0.64495201 -0.16576104 0.74602961
vn -0.56132775 -0.33365950 0.75735229
vn 0.58406311 -0.29805331 0.75500630
vn -0.31926878 -0.56948980 0.75746209
vn -0.19412934 -0.34638519 0.91778598
vn 0.44774518 0.49666395 0.74353828
vn 0.29805558 0.58406880 0.75500100
vn 0.18136502 0.35539470 0.91695220
vn 0.19274603 0.21380555 0.95767226
vn -0.65310813 -0.00345899 0.75725676
vn -0.39724084 -0.00210561 0.91771198
vn 0.46845005 0.47343264 0.74593303
vn 0.20156015 0.20370338 0.95805973
vn 0.64164631 0.17820503 0.74601138
vn 0.64179641 0.17828321 0.74586357
vn 0.46653743 0.47517129 0.74602618
vn 0.32129821 0.56848191 0.75736106
vn 0.19541216 0.34575963 0.91774962
vn 0.20073711 0.20445154 0.95807316
vn -0.32182675 -0.56829103 0.75727990
vn -0.19573407 -0.34564640 0.91772367
vn 0.46485000 0.47678422 0.74605045
vn 0.19999971 0.20513244 0.95808183
vn -0.00594709 0.65297781 0.75735369
vn -0.00367810 0.39714626 0.91774796
vn 0.64096165 0.18049674 0.74604898
vn 0.64096343 0.18049768 0.74604723
vn -0.33166724 0.56252136 0.75734177
vn -0.20174653 0.34212703 0.91774039
vn 0.33231387 -0.56212296 0.75735412
vn 0.20210589 -0.34188659 0.91775093
vn -0.56832714 0.32121293 0.75751338
vn -0.34564181 0.19537897 0.91780107
vn -0.32128827 -0.56843352 0.75740160
vn -0.19539962 -0.34572140 0.91776669
vn 0.65392393 -0.13942608 0.74360195
vn 0.28148864 -0.06001759 0.95768577
vn 0.56860068 -0.32137807 0.75723801
vn 0.64497037 -0.16649850 0.74584950
vn 0.27752179 -0.07164218 0.95804439
vn 0.34584185 -0.19544078 0.91771254
vn -0.65489169 -0.03391903 0.75496118
vn -0.39849252 -0.02063909 0.91693933
vn 0.63607088 0.20625460 0.74355421
vn 0.63602367 0.20622730 0.74360218
vn -0.03391723 0.65485106 0.75499649
vn -0.02063890 0.39846797 0.91695000
vn -0.33228049 0.56208117 0.75739978
vn -0.20209577 0.34186401 0.91776157
vn 0.26738872 -0.15248183 0.95144761
vn 0.19271450 -0.05055024 0.97995193
vn 0.66551375 -0.17456766 0.72568422
vn 0.58679152 -0.33467293 0.73733964
vn 0.66271464 0.18484272 0.72570137
vn 0.58135115 0.34366714 0.73751185
vn 0.77732321 0.45952078 0.42966183
vn 0.95351807 0.08101539 0.29024092
vn 0.04997693 0.19293796 0.97993737
vn 0.17253070 0.66600468 0.72572097
vn 0.17254062 0.66611554 0.72561686
vn -0.14400976 -0.67546857 0.72318974
vn -0.14401233 -0.67552591 0.72313567
vn -0.02195075 -0.95709326 0.28894748
vn -0.18963946 -0.88948505 0.41575620
vn 0.58215239 0.34262699 0.73736378
vn 0.48256902 0.49066056 0.72552006
vn 0.63717159 0.64784515 0.41750332
vn 0.77825632 0.45805122 0.42954182
vn 0.06175061 -0.19043888 0.97975502
vn 0.36890811 -0.56885594 0.73505763
vn 0.21304816 -0.65704196 0.72312264
vn -0.13908277 -0.14265777 0.97995140
vn 0.14163340 -0.14014342 0.97994888
vn 0.04174201 0.19579519 0.97975601
vn 0.00000066 0.00000011 1.00000000
vn -0.19276000 0.05055368 0.97994281
vn -0.19272758 0.05054812 0.97994947
vn 0.00000106 0.00000015 1.00000000
vn 0.00000075 -0.00000003 1.00000000
vn 0.19276556 -0.04976226 0.97998222
vn -0.14016624 -0.14165959 0.97994183
vn 0.00000075 -0.00000003 1.00000000
vn 0.04979886 0.19288889 0.97995610
vn -0.13971719 -0.14204907 0.97994957
vn -0.13972383 -0.14205452 0.97994784
vn 0.04908859 0.19294784 0.97998033
vn 0.00000075 -0.00000003 1.00000000
vn 0.04980040 0.19288781 0.97995623
vn 0.00000091 0.00000033 1.00000000
vn 0.19307182 -0.04913567 0.97995355
vn 0.00000075 -0.00000003 1.00000000
vn 0.14231389 -0.13941327 0.97995444
vn 0.00000074 0.00000033 1.00000000
vn -0.19290981 0.04980206 0.97995181
vn -0.13959337 -0.14218188 0.97994796
vn -0.13957246 -0.14214927 0.97995567
vn -0.19293504 0.04980608 0.97994664
vn 0.00000075 -0.00000003 1.00000000
vn 0.19575955 -0.04173733 0.97976334
vn 0.26781775 -0.15136584 0.95150514
vn -0.19579791 0.04174354 0.97975541
vn -0.19577421 0.04174113 0.97976024
vn 0.14214964 -0.13957964 0.97995459
vn -0.13403898 -0.14867350 0.97976004
vn 0.04174552 0.19580648 0.97975361
vn 0.00000089 0.00000005 1.00000000
vn 0.04957284 0.19291349 0.97996271
vn 0.00000070 -0.00000014 1.00000000
vn -0.19292614 0.04957052 0.97996034
vn -0.13403730 -0.14867795 0.97975960
vn 0.00000066 0.00000011 1.00000000
vn 0.04957957 0.19292758 0.97995960
vn -0.13941311 -0.14231165 0.97995478
vn -0.13942996 -0.14231607 0.97995174
vn 0.14261842 -0.13904097 0.97996306
vn 0.04909457 0.19300212 0.97996934
vn -0.19277565 0.04954569 0.97999121
vn 0.26840496 -0.15046129 0.95148315
vn 0.00000075 -0.00000003 1.00000000
vn 0.26783774 -0.15169762 0.95144668
vn 0.14207661 -0.13973268 0.97994337
vn -0.19305480 0.04909205 0.97995909
vn -0.19288068 0.04998288 0.97994834
vn -0.19299313 0.04999510 0.97992558
vn 0.00000107 -0.00000026 1.00000000
vn -0.14016249 -0.14165214 0.97994344
vn 0.00000075 0.00000033 1.00000000
vn 0.01152804 -0.90292444 0.42964469
vn 0.42635792 -0.85667368 0.29039479
vn 0.51096650 -0.85960063 -0.00000041
vn 0.01272540 -0.99991903 -0.00000004
vn -0.85772305 -0.42431920 0.29028329
vn -0.69983139 -0.71430808 0.00000050
vn -0.69983139 -0.71430808 0.00000050
vn -0.86085113 -0.50885689 0.00000063
vn 0.95390756 0.07626192 0.29024901
vn 0.77965786 0.45563065 0.42957459
vn 0.86336897 0.50457311 -0.00000063
vn 0.99998602 0.00528728 -0.00000075
vn 0.63578199 0.64910843 0.41765955
vn 0.69972727 0.71441007 -0.00000050
vn 0.86083263 0.50888819 -0.00000063
vn 0.96728466 -0.25369348 -0.00000073
vn 0.96728466 -0.25369348 -0.00000073
vn 0.99994701 0.01029463 -0.00000075
vn 0.48134648 0.49141975 0.72581829
vn 0.66363375 0.18157708 0.72568589
vn 0.58314962 0.34084913 0.73739975
vn -0.48158174 -0.49158954 0.72554721
vn -0.48147066 -0.49143092 0.72572836
vn 0.00853127 -0.67528187 0.73751042
vn 0.18642973 -0.66208884 0.72586660
vn 0.16960719 0.66676510 0.72571186
vn 0.16959332 0.66660207 0.72586485
vn -0.66225277 -0.18477320 0.72614058
vn -0.66265189 -0.18495930 0.72572897
vn -0.95344643 -0.08099218 0.29048265
vn 0.58904299 -0.33021398 0.73755480
vn 0.49239192 -0.48004799 0.72601937
vn -0.18641494 0.66206811 0.72588930
vn -0.34503255 0.58047009 0.73756831
vn -0.46136321 0.77620709 0.42970519
vn -0.08326068 0.95331719 0.29026538
vn 0.58781082 -0.33287387 0.73734214
vn 0.49057921 -0.48248957 0.72562790
vn 0.66675542 -0.16968677 0.72570215
vn -0.49258476 0.48023082 0.72576760
vn -0.65059195 0.63427863 0.41763707
vn 0.66606286 -0.17260702 0.72564942
vn -0.66296952 -0.18414967 0.72564476
vn -0.66287975 -0.18410795 0.72573735
vn -0.85822122 -0.42332535 0.29026195
vn -0.95361566 -0.07994795 0.29021628
vn -0.66638969 0.16950924 0.72607947
vn -0.66673452 0.16953858 0.72575599
vn -0.66611509 0.17261117 0.72560049
vn -0.66646934 0.17264289 0.72526757
vn 0.00619796 -0.67532636 0.73749298
vn 0.18414875 -0.66286276 0.72574252
vn 0.42335185 -0.85820892 0.29025963
vn 0.00829586 -0.90296314 0.42963792
vn -0.34078449 0.58314020 0.73743708
vn -0.48908911 0.48395437 0.72565833
vn -0.64589857 0.63911353 0.41755111
vn -0.45564536 0.77963876 0.42959366
vn -0.34253177 0.58204708 0.73749114
vn -0.49081199 0.48267618 0.72534633
vn -0.64789951 0.63723708 0.41731897
vn -0.45795958 0.77825481 0.42964225
vn -0.36898541 0.56895938 0.73493877
vn -0.51295482 0.46244175 0.72320466
vn -0.67551040 0.60896688 0.41574635
vn -0.49185333 0.75838867 0.42769957
vn -0.48395386 -0.48909628 0.72565384
vn -0.48398402 -0.48913890 0.72560500
vn -0.17456275 -0.66559400 0.72561179
vn 0.00354886 -0.67528294 0.73755024
vn 0.00477764 -0.90296824 0.42968074
vn -0.23051121 -0.87893420 0.41753953
vn -0.46244005 -0.51294791 0.72321065
vn -0.46239150 -0.51287188 0.72329561
vn -0.66312653 -0.18368990 0.72561782
vn -0.66307482 -0.18366591 0.72567115
vn -0.85855726 -0.42267733 0.29021253
vn -0.95367152 -0.07924201 0.29022636
vn 0.18159805 -0.66365713 0.72565926
vn 0.42001719 -0.85985617 0.29022909
vn 0.17122046 0.66631180 0.72574937
vn 0.17121463 0.66624523 0.72581186
vn 0.00570296 -0.67534238 0.73748231
vn 0.18365283 -0.66315117 0.72560469
vn 0.42262988 -0.85857710 0.29022292
vn 0.00745524 -0.90296935 0.42964028
vn -0.18163829 0.66377860 0.72553808
vn -0.07629254 0.95392579 0.29018103
vn -0.66592525 0.17114646 0.72612152
vn -0.66621215 0.17117158 0.72585237
vn -0.17120465 -0.66636056 0.72570832
vn 0.00695224 -0.67524001 0.73756531
vn 0.00930742 -0.90292606 0.42969512
vn -0.22611510 -0.88008748 0.41751405
vn 0.17457342 0.66563653 0.72557021
vn 0.17455879 0.66547848 0.72571869
vn 0.66305671 0.18365847 0.72568958
vn 0.95366924 0.07919347 0.29024710
vn 0.66637927 -0.17115738 0.72570229
vn 0.58831753 -0.33158059 0.73752071
vn -0.66192050 -0.18634626 0.72604154
vn -0.66253232 -0.18663330 0.72540949
vn -0.85675187 -0.42634482 0.29018327
vn -0.95325995 -0.08327454 0.29044933
vn -0.18366554 0.66322827 0.72553100
vn -0.07923202 0.95366326 0.29025622
vn 0.60394097 -0.30817945 0.73503791
vn -0.48044396 -0.49279078 0.72548663
vn -0.48042919 -0.49276959 0.72551080
vn 0.48910606 -0.48396540 0.72563955
vn 0.56886408 0.36892742 0.73504165
vn 0.46247483 0.51300896 0.72314510
vn 0.60898627 0.67551841 0.41570494
vn 0.75835982 0.49182749 0.42778044
vn -0.66561761 0.17456671 0.72558918
vn -0.66555644 0.17456105 0.72564665
vn 0.48392841 0.48908124 0.72568094
vn 0.63908832 0.64590065 0.41758649
vn 0.66254329 0.18405142 0.72605885
vn 0.58168609 0.34301376 0.73755194
vn 0.77782152 0.45864451 0.42969628
vn 0.95354579 0.07994904 0.29044548
vn -0.66373572 -0.18161934 0.72558205
vn -0.66374510 -0.18162365 0.72557239
vn -0.85986203 -0.42002232 0.29020430
vn -0.95392231 -0.07628418 0.29019468
vn -0.16961023 -0.66681356 0.72566662
vn -0.22399809 -0.88064505 0.41747952
vn 0.48197222 0.49089468 0.72575836
vn 0.63657123 0.64835344 0.41763007
vn -0.48251307 -0.49056409 0.72562250
vn -0.48250100 -0.49054693 0.72564213
vn 0.58018861 0.34482087 0.73788870
vn 0.48001919 0.49238122 0.72604567
vn 0.63423012 0.65056132 0.41775844
vn 0.77607717 0.46137670 0.42992530
vn 0.17196569 0.66607024 0.72579490
vn 0.17196905 0.66610813 0.72575933
vn -0.17254206 -0.66608534 0.72564424
vn -0.22785864 -0.87962574 0.41753922
vn 0.66220420 0.18654594 0.72573150
vn 0.95330811 0.08335841 0.29026714
vn -0.18412440 0.66285059 0.72575981
vn -0.34299766 0.58169748 0.73755044
vn -0.45863744 0.77782903 0.42969024
vn -0.07994671 0.95358983 0.29030149
vn 0.18490528 -0.66265884 0.72573639
vn 0.42432719 -0.85772258 0.29027300
vn -0.49095444 0.48199353 0.72570378
vn -0.64838895 0.63656699 0.41758142
vn -0.48211383 -0.49104874 0.72556005
vn -0.48201559 -0.49090881 0.72572000
vn 0.49145212 -0.48143734 0.72573611
vn -0.66624254 0.17199039 0.72563089
vn -0.66619075 0.17198580 0.72567952
vn -0.17197068 -0.66624005 0.72563784
vn -0.22710409 -0.87983951 0.41749989
vn 0.67541491 -0.14400296 0.72324121
vn 0.66580074 -0.17187311 0.72606406
vn 0.58783855 -0.33225285 0.73760009
vn -0.67551479 0.14401836 0.72314485
vn -0.67546097 0.14401595 0.72319560
vn 0.65692593 0.21300337 0.72324124
vn 0.94968724 0.12070720 0.28900504
vn 0.49089911 -0.48202400 0.72572098
vn -0.65701610 -0.21304151 0.72314809
vn -0.65694685 -0.21300556 0.72322159
vn -0.83983095 -0.45951241 0.28901960
vn -0.94970102 -0.12071970 0.28895453
vn 0.14401853 0.67552758 0.72313287
vn 0.14401942 0.67554750 0.72311409
vn -0.18487610 0.66257771 0.72581788
vn -0.34362748 0.58129359 0.73757570
vn -0.45951445 0.77730415 0.42970307
vn -0.08101892 0.95350443 0.29028474
vn -0.21302763 0.65704815 0.72312306
vn -0.12070727 0.94970501 0.28894663
vn -0.49138777 0.48139659 0.72580672
vn -0.64903809 0.63583641 0.41768603
vn 0.00000075 -0.00000003 1.00000000
vn 0.00000075 -0.00000003 1.00000000
vn 0.00000075 -0.00000003 1.00000000
vn 0.00000075 -0.00000003 1.00000000
vn 0.00000075 -0.00000003 1.00000000
vn 0.00000075 -0.00000003 1.00000000
vn 0.00000075 -0.00000003 1.00000000
vn 0.00000075 -0.00000003 1.00000000
vn 0.00000075 -0.00000003 1.00000000
vn 0.00000075 -0.00000003 1.00000000
vn 0.00000075 -0.00000003 1.00000000
vn 0.00000075 -0.00000003 1.00000000
vn 0.00000075 -0.00000003 1.00000000
vn 0.00000075 -0.00000003 1.00000000
vn 0.00000075 -0.00000003 1.00000000
vn 0.00000075 -0.00000003 1.00000000
vn 0.00000075 -0.00000003 1.00000000
vn 0.00000075 -0.00000003 1.00000000
vn 0.24655945 0.96912767 -0.00000015
vn -0.01266396 0.99991981 0.00000004
vn 0.24655945 0.96912767 -0.00000015
vn -0.99994703 -0.01029267 0.00000075
vn 0.71602459 -0.69807506 -0.00000056
vn 0.71602459 -0.69807506 -0.00000056
vn -0.51093713 0.85961808 0.00000041
vn 0.71296009 -0.70120462 -0.00000056
vn 0.71296009 -0.70120462 -0.00000056
vn 0.50718349 -0.86183810 -0.00000041
vn 0.96910410 -0.24665207 -0.00000073
vn 0.99991951 0.01268725 -0.00000075
vn 0.96910410 -0.24665207 -0.00000073
vn -0.71602556 0.69807406 0.00000056
vn 0.96803127 -0.25082953 -0.00000073
vn 0.99996525 0.00833667 -0.00000075
vn 0.96803127 -0.25082953 -0.00000073
vn -0.86141996 -0.50789335 0.00000063
vn -0.99995818 -0.00914510 0.00000075
vn -0.96915823 0.24643931 0.00000073
vn -0.99991935 -0.01270014 0.00000075
vn -0.96915823 0.24643931 0.00000073
vn -0.96804833 0.25076369 0.00000073
vn -0.99996488 -0.00838109 0.00000075
vn -0.96804833 0.25076369 0.00000073
vn 0.50790597 -0.86141252 -0.00000041
vn 0.00918897 -0.99995778 -0.00000004
vn -0.71083204 0.70336180 0.00000056
vn -0.50457883 0.86336563 0.00000041
vn -0.71291984 0.70124553 0.00000056
vn -0.50717815 0.86184124 0.00000041
vn -0.74275163 0.66956703 0.00000058
vn -0.54412679 0.83900300 0.00000044
vn -0.70335161 -0.71084212 0.00000050
vn -0.70335161 -0.71084212 0.00000050
vn -0.86336560 -0.50457888 0.00000063
vn 0.00529118 -0.99998600 -0.00000004
vn -0.25368324 -0.96728735 0.00000016
vn -0.66961044 -0.74271251 0.00000047
vn -0.66961044 -0.74271251 0.00000047
vn -0.83900935 -0.54411700 0.00000061
vn -0.86182024 -0.50721383 0.00000063
vn 0.50456196 -0.86337548 -0.00000041
vn 0.24889634 0.96853013 -0.00000015
vn -0.01028213 0.99994714 0.00000004
vn 0.24889634 0.96853013 -0.00000015
vn 0.00832351 -0.99996536 -0.00000004
vn -0.00529112 0.99998600 0.00000004
vn -0.96854217 0.24884947 0.00000073
vn -0.96854217 0.24884947 0.00000073
vn 0.01030895 -0.99994686 -0.00000004
vn -0.24884202 -0.96854409 0.00000015
vn 0.25372119 0.96727739 -0.00000016
vn 0.25372119 0.96727739 -0.00000016
vn 0.86181727 0.50721888 -0.00000063
vn 0.96856132 -0.24877492 -0.00000073
vn 0.96856132 -0.24877492 -0.00000073
vn -0.85963510 -0.51090851 0.00000062
vn -0.00835376 0.99996511 0.00000004
vn 0.54412825 -0.83900205 -0.00000044
vn 0.74273355 -0.66958709 -0.00000058
vn 0.74273355 -0.66958709 -0.00000058
vn 0.54412825 -0.83900205 -0.00000044
vn -0.69808480 -0.71601509 0.00000050
vn -0.69808480 -0.71601509 0.00000050
vn 0.71083207 -0.70336176 -0.00000056
vn 0.71083207 -0.70336176 -0.00000056
vn 0.66958808 0.74273266 -0.00000047
vn 0.83900503 0.54412366 -0.00000061
vn -0.96728364 0.25369739 0.00000073
vn -0.99998597 -0.00529631 0.00000075
vn -0.96728364 0.25369739 0.00000073
vn 0.70334540 0.71084826 -0.00000050
vn 0.86140784 0.50791391 -0.00000063
vn 0.99995773 0.00919393 -0.00000075
vn -0.24650793 -0.96914077 0.00000015
vn 0.70059429 0.71355984 -0.00000050
vn -0.70123631 -0.71292891 0.00000050
vn -0.70123631 -0.71292891 0.00000050
vn 0.69806306 0.71603629 -0.00000050
vn 0.85957784 0.51100483 -0.00000062
vn 0.24997291 0.96825283 -0.00000015
vn -0.00914701 0.99995817 0.00000004
vn 0.24997291 0.96825283 -0.00000015
vn -0.25076399 -0.96804825 0.00000015
vn -0.50792055 0.86140392 0.00000041
vn 0.50889180 -0.86083049 -0.00000041
vn -0.71357750 0.70057630 0.00000056
vn -0.70061448 -0.71354001 0.00000050
vn -0.70061448 -0.71354001 0.00000050
vn 0.71434742 -0.69979123 -0.00000056
vn 0.71434742 -0.69979123 -0.00000056
vn -0.96825429 0.24996726 0.00000073
vn -0.96825429 0.24996726 0.00000073
vn -0.24992862 -0.96826426 0.00000015
vn 0.97802062 -0.20850818 -0.00000074
vn 0.99866135 0.05172535 -0.00000074
vn 0.97802062 -0.20850818 -0.00000074
vn 0.96827384 -0.24989153 -0.00000073
vn 0.96827384 -0.24989153 -0.00000073
vn -0.97801720 0.20852424 0.00000074
vn -0.99866141 -0.05172425 0.00000074
vn -0.97801720 0.20852424 0.00000074
vn 0.71352703 -0.70062770 -0.00000056
vn 0.71352703 -0.70062770 -0.00000056
vn 0.20850288 0.97802175 -0.00000012
vn -0.05171763 0.99866175 0.00000007
vn 0.20850288 0.97802175 -0.00000012
vn -0.50888600 0.86083392 0.00000041
vn -0.71433629 0.69980259 0.00000056
vn 0.05172654 -0.99866129 -0.00000007
vn 0.70121310 0.71295174 -0.00000050
vn -0.20851523 -0.97801912 0.00000012
vn 0.25074898 0.96805214 -0.00000015
vn 0.25074898 0.96805214 -0.00000015
vn 0.81716778 -0.47142289 0.33165839
vn 0.70609754 -0.61916927 0.34359231
vn 0.78067175 -0.52201110 0.34359283
vn -0.00000076 -0.00000007 -1.00000000
vn -0.00000126 -0.00000099 -1.00000000
vn -0.00082331 0.00082230 -0.99999932
vn 0.00000075 -0.00000003 1.00000000
vn 0.00000075 -0.00000003 1.00000000
vn 0.00000075 -0.00000003 1.00000000
vn 0.00000075 -0.00000003 1.00000000
vn 0.00000075 -0.00000003 1.00000000
vn 0.00000075 -0.00000003 1.00000000
vn 0.00000075 -0.00000003 1.00000000
vn 0.00000075 -0.00000003 1.00000000
vn 0.00000075 -0.00000003 1.00000000
vn 0.00000075 -0.00000003 1.00000000
vn 0.00000075 -0.00000003 1.00000000
vn 0.00000075 -0.00000003 1.00000000
vn 0.00000075 -0.00000003 1.00000000
vn 0.00000075 -0.00000003 1.00000000
vn 0.00000075 -0.00000003 1.00000000
vn 0.00000075 -0.00000003 1.00000000
vn 0.00000075 -0.00000003 1.00000000
vn 0.00000075 -0.00000003 1.00000000
vn 0.00000075 -0.00000003 1.00000000
vn 0.00000075 -0.00000003 1.00000000
vn 0.00000075 -0.00000003 1.00000000
vn 0.00000075 -0.00000003 1.00000000
vn 0.00000075 -0.00000003 1.00000000
vn 0.00000075 -0.00000003 1.00000000
vn 0.00000075 -0.00000003 1.00000000
vn 0.00000075 -0.00000003 1.00000000
vn 0.00000075 -0.00000003 1.00000000
vn 0.00000075 -0.00000003 1.00000000
vn 0.00000075 -0.00000003 1.00000000
vn 0.00000075 -0.00000003 1.00000000
vn 0.00000075 -0.00000003 1.00000000
vn 0.00000075 -0.00000003 1.00000000
vn 0.00000075 -0.00000003 1.00000000
vn 0.00000075 -0.00000003 1.00000000
vn 0.00000075 -0.00000003 1.00000000
vn 0.00000075 -0.00000003 1.00000000
vn 0.00000075 -0.00000003 1.00000000
vn 0.00000075 -0.00000003 1.00000000
vn 0.00000075 -0.00000003 1.00000000
vn 0.00000075 -0.00000003 1.00000000
vn 0.00000075 -0.00000003 1.00000000
vn 0.00000075 -0.00000003 1.00000000
vn 0.00000075 -0.00000003 1.00000000
vn 0.00000075 -0.00000003 1.00000000
vn 0.00000075 -0.00000003 1.00000000
vn 0.00000075 -0.00000003 1.00000000
vn 0.00000075 -0.00000003 1.00000000
vn 0.00000075 -0.00000003 1.00000000
vn 0.00000075 -0.00000003 1.00000000
vn 0.00000075 -0.00000003 1.00000000
vn 0.00000075 -0.00000003 1.00000000
vn 0.00000075 -0.00000003 1.00000000
vn 0.00000075 -0.00000003 1.00000000
vn 0.00000075 -0.00000003 1.00000000
vn 0.00044351 -0.00107143 -0.99999933
vn 0.01940932 -0.04681737 -0.99871488
vn 0.00044336 -0.00107116 -0.99999933
vn -0.00000075 0.00000003 -1.00000000
vn -0.00030102 -0.00111867 -0.99999933
vn -0.00000075 0.00000003 -1.00000000
vn -0.01312314 -0.04888911 -0.99871800
vn -0.00087938 -0.00211922 -0.99999737
vn -0.02532140 -0.04383543 -0.99871782
vn -0.00139802 -0.00182170 -0.99999736
vn -0.03579959 -0.03579877 -0.99871760
vn -0.00083306 -0.00083227 -0.99999931
vn -0.00112060 -0.00030054 -0.99999933
vn -0.00000075 0.00000003 -1.00000000
vn -0.04894189 -0.01313625 -0.99871524
vn -0.00112065 -0.00030056 -0.99999933
vn -0.00000075 0.00000003 -1.00000000
vn -0.00000075 0.00000003 -1.00000000
vn -0.00092325 0.00070832 -0.99999932
vn -0.02168257 0.01449224 -0.99965986
vn -0.00702573 0.00606055 -0.99995695
vn -0.00692585 0.00617474 -0.99995695
vn -0.01719614 0.01960547 -0.99965990
vn -0.00000075 0.00000003 -1.00000000
vn -0.00015252 0.00114816 -0.99999933
vn -0.00663467 0.05018286 -0.99871801
vn -0.00015260 0.00114873 -0.99999933
vn -0.00000075 0.00000003 -1.00000000
vn -0.00000075 0.00000003 -1.00000000
vn -0.00000075 0.00000003 -1.00000000
vn 0.00087302 0.00076638 -0.99999933
vn 0.00087300 0.00076637 -0.99999933
vn 0.01960632 0.01719667 -0.99965988
vn 0.01960469 0.01719542 -0.99965993
vn 0.00114634 0.00018991 -0.99999932
vn 0.00115510 0.00011437 -0.99999933
vn 0.02559737 0.00510824 -0.99965928
vn 0.01364552 0.00180005 -0.99990528
vn 0.02574777 0.00170263 -0.99966702
vn 0.00107159 -0.00044455 -0.99999933
vn 0.04686636 -0.01943071 -0.99871217
vn 0.00194166 -0.00120948 -0.99999738
vn 0.01960467 -0.01719538 -0.99965993
vn 0.01959187 -0.01718560 -0.99966035
vn 0.00087211 -0.00076611 -0.99999933
vt 0.98252040 0.59835172
vt 0.98229021 0.60960782
vt 0.97858500 0.60957032
vt 0.97881562 0.59829050
vt 0.97846782 0.62139177
vt 0.97846782 0.63339537
vt 0.97475660 0.63341701
vt 0.97475660 0.62137008
vt 0.47114190 0.89975268
vt 0.47100100 0.91143048
vt 0.46729550 0.91141778
vt 0.46743679 0.89971519
vt 0.98728472 0.47826809
vt 0.98738110 0.49010929
vt 0.98367590 0.49014691
vt 0.98357922 0.47828081
vt 0.98324561 0.74929148
vt 0.98347551 0.76055032
vt 0.97977072 0.76061147
vt 0.97954041 0.74932897
vt 0.98252040 0.65643507
vt 0.98285693 0.66680938
vt 0.97915292 0.66689241
vt 0.97881567 0.65649629
vt 0.98838651 0.42379680
vt 0.98794949 0.43286249
vt 0.98424548 0.43277961
vt 0.98468339 0.42369470
vt 0.98348862 0.70258921
vt 0.98324013 0.71367288
vt 0.97953492 0.71363562
vt 0.97978377 0.70252842
vt 0.98217332 0.62140441
vt 0.47100809 0.92345327
vt 0.46730271 0.92346579
vt 0.98761803 0.50135601
vt 0.98391318 0.50141728
vt 0.98381168 0.77092981
vt 0.98010772 0.77101302
vt 0.98328948 0.67598981
vt 0.97958642 0.67609221
vt 0.98761570 0.44328949
vt 0.98391092 0.44322860
vt 0.98313022 0.72552758
vt 0.97942472 0.72551513
vt 0.98217332 0.63338268
vt 0.47112319 0.93522650
vt 0.46741799 0.93526357
vt 0.98795360 0.51173341
vt 0.98424959 0.51181650
vt 0.98328948 0.57880181
vt 0.98285693 0.58797783
vt 0.97915292 0.58789480
vt 0.97958642 0.57869959
vt 0.98424393 0.78011310
vt 0.98054081 0.78021550
vt 0.47212449 0.86885327
vt 0.47169331 0.87804008
vt 0.46798930 0.87795699
vt 0.46842140 0.86875087
vt 0.98738712 0.45451739
vt 0.98368192 0.45448011
vt 0.98312831 0.73748821
vt 0.97942281 0.73750091
vt 0.98229021 0.64517963
vt 0.97858500 0.64521718
vt 0.47135171 0.94650823
vt 0.46764699 0.94656920
vt 0.98838651 0.52089870
vt 0.98468339 0.52100110
vt 0.47134879 0.88837707
vt 0.46764401 0.88831568
vt 0.98726368 0.46633571
vt 0.98355818 0.46632329
vt 0.47168860 0.95686442
vt 0.47212449 0.96598113
vt 0.46842140 0.96608311
vt 0.46798459 0.95694733
vt 0.98424393 0.68293530
vt 0.98380601 0.69205391
vt 0.98010200 0.69197083
vt 0.98054081 0.68283302
vt 0.97683352 0.78039140
vt 0.97639889 0.77115560
vt 0.97997111 0.45441571
vt 0.98020089 0.44312361
vt 0.97487408 0.64528149
vt 0.97984689 0.46630171
vt 0.97510570 0.65660143
vt 0.97996509 0.49021149
vt 0.97986799 0.47830239
vt 0.97544408 0.66703510
vt 0.98020321 0.50152260
vt 0.97587907 0.67626798
vt 0.98054081 0.51195931
vt 0.46428061 0.87781417
vt 0.46471420 0.86857480
vt 0.98097622 0.52117711
vt 0.46372601 0.89965099
vt 0.46393400 0.88821030
vt 0.97639322 0.69182801
vt 0.97683352 0.68265730
vt 0.46358430 0.91139591
vt 0.97582400 0.71357101
vt 0.97607392 0.70242369
vt 0.46359140 0.92348742
vt 0.97571337 0.72549337
vt 0.46370721 0.93532783
vt 0.97544408 0.58775222
vt 0.97587907 0.57852358
vt 0.97571152 0.73752260
vt 0.46393690 0.94667429
vt 0.97510570 0.59818542
vt 0.97582960 0.74939352
vt 0.46471420 0.96625859
vt 0.46427581 0.95708978
vt 0.97487408 0.60950601
vt 0.97606081 0.76071662
vt 0.98053670 0.43263689
vt 0.98097622 0.42351931
vt 0.95676321 0.68265730
vt 0.97356123 0.68265730
vt 0.97356308 0.69183332
vt 0.95676500 0.69183332
vt 0.97356439 0.70220721
vt 0.95676643 0.70220721
vt 0.97356540 0.71346319
vt 0.95676732 0.71346319
vt 0.97356588 0.72525990
vt 0.95676792 0.72525990
vt 0.97356588 0.73723823
vt 0.95676792 0.73723823
vt 0.97356540 0.74903512
vt 0.95676732 0.74903512
vt 0.97356439 0.76029068
vt 0.95676643 0.76029068
vt 0.97356308 0.77066487
vt 0.95676500 0.77066487
vt 0.97356123 0.77984530
vt 0.95676321 0.77984530
vt 0.57966810 0.84151810
vt 0.56287003 0.84151810
vt 0.56285560 0.83233178
vt 0.57965368 0.83233172
vt 0.57964218 0.82199520
vt 0.56284422 0.82199520
vt 0.56283730 0.81062001
vt 0.57963532 0.81062001
vt 0.56283259 0.79894209
vt 0.57963067 0.79894203
vt 0.56283277 0.78691930
vt 0.57963091 0.78691930
vt 0.56283671 0.77514613
vt 0.57963473 0.77514613
vt 0.56284428 0.76386410
vt 0.57964230 0.76386410
vt 0.57965362 0.75350738
vt 0.56285548 0.75350738
vt 0.56287003 0.74439031
vt 0.57966810 0.74439031
vt 0.08383363 0.96779251
vt 0.06703555 0.96779251
vt 0.06702345 0.95872432
vt 0.08382159 0.95872432
vt 0.06701421 0.94829547
vt 0.08381223 0.94829559
vt 0.06700783 0.93706661
vt 0.08380591 0.93706661
vt 0.06700444 0.92524761
vt 0.08380252 0.92524761
vt 0.08380305 0.91331518
vt 0.06700503 0.91331518
vt 0.06700766 0.90147448
vt 0.08380579 0.90147448
vt 0.06701427 0.89022911
vt 0.08381229 0.89022923
vt 0.06702357 0.87985361
vt 0.08382165 0.87985361
vt 0.06703555 0.87069052
vt 0.08383363 0.87069052
vt 0.06698924 0.61005968
vt 0.08378738 0.61005968
vt 0.08379852 0.61918271
vt 0.06700038 0.61918271
vt 0.06700849 0.62972128
vt 0.08380663 0.62972128
vt 0.08381295 0.64080763
vt 0.06701493 0.64080763
vt 0.08381575 0.65266317
vt 0.06701767 0.65266317
vt 0.08381581 0.66462398
vt 0.06701773 0.66462398
vt 0.08381283 0.67642611
vt 0.06701469 0.67642611
vt 0.08380693 0.68768251
vt 0.06700891 0.68768251
vt 0.08379828 0.69805872
vt 0.06700026 0.69805872
vt 0.08378738 0.70723760
vt 0.06698924 0.70723760
vt 0.83594137 0.29688421
vt 0.83553761 0.30893740
vt 0.82127410 0.30873761
vt 0.82167780 0.29667839
vt 0.02473080 0.66289729
vt 0.02436918 0.67426771
vt 0.01674318 0.67372781
vt 0.01712495 0.66168177
vt 0.82591897 0.48226991
vt 0.82608581 0.49436060
vt 0.81180269 0.49482840
vt 0.81163740 0.48273641
vt 0.84927422 0.13840500
vt 0.84852970 0.15043940
vt 0.84104222 0.14847790
vt 0.84161961 0.13749750
vt 0.01606684 0.72136921
vt 0.01671046 0.73209977
vt 0.00243413 0.73193651
vt 0.00182647 0.72122687
vt 0.83542812 0.34527421
vt 0.83576107 0.35674751
vt 0.82149529 0.35657999
vt 0.82112581 0.34507921
vt 0.84426051 0.34183571
vt 0.84451741 0.35461709
vt 0.83697242 0.35663909
vt 0.83664358 0.34520420
vt 0.83941138 0.15997320
vt 0.83915538 0.17199230
vt 0.82483721 0.17197610
vt 0.82509440 0.15995841
vt 0.83983308 0.14835539
vt 0.82551640 0.14834180
vt 0.01562124 0.70996302
vt 0.00138092 0.70981151
vt 0.83527952 0.33334169
vt 0.82097721 0.33314541
vt 0.84041321 0.13733670
vt 0.82613432 0.13730350
vt 0.01534855 0.68591619
vt 0.01538002 0.69807768
vt 0.00114048 0.69791842
vt 0.00107276 0.68574762
vt 0.83531588 0.32115901
vt 0.82101429 0.32096341
vt 0.82595778 0.47051799
vt 0.81167758 0.47098649
vt 0.84113938 0.12711670
vt 0.82682282 0.12709489
vt 0.01552546 0.67368633
vt 0.00125146 0.67351842
vt 0.83491850 0.47028381
vt 0.83476001 0.48317850
vt 0.82713389 0.48229730
vt 0.82717568 0.47058389
vt 0.82869899 0.54198092
vt 0.82978380 0.55267131
vt 0.81550479 0.55314779
vt 0.81445777 0.54246652
vt 0.01591086 0.66159773
vt 0.00167376 0.66142201
vt 0.02059262 0.61023092
vt 0.01933783 0.61867988
vt 0.00506258 0.61851352
vt 0.00631702 0.61005968
vt 0.01970309 0.75847387
vt 0.02099436 0.76484132
vt 0.00675923 0.76470518
vt 0.00542653 0.75831223
vt 0.83651918 0.28520221
vt 0.82225591 0.28499341
vt 0.82620311 0.45930699
vt 0.81195992 0.45975879
vt 0.82777262 0.53060043
vt 0.81349260 0.53107119
vt 0.01649653 0.64985663
vt 0.00225931 0.64967692
vt 0.84523058 0.28729850
vt 0.84470099 0.30028990
vt 0.83715242 0.29697499
vt 0.83772820 0.28533450
vt 0.82664847 0.44883990
vt 0.81236893 0.44930610
vt 0.82702011 0.51873231
vt 0.81277668 0.51921117
vt 0.01727193 0.63867241
vt 0.00299740 0.63849968
vt 0.83815688 0.26375490
vt 0.83726400 0.27410439
vt 0.82299882 0.27388230
vt 0.82385463 0.26355970
vt 0.82728702 0.43926960
vt 0.81300801 0.43974560
vt 0.83600062 0.51943302
vt 0.83667213 0.52951252
vt 0.82897991 0.53046232
vt 0.82823092 0.51863891
vt 0.02618116 0.64055872
vt 0.02548950 0.65001881
vt 0.01770842 0.64998138
vt 0.01847970 0.63882738
vt 0.84677809 0.26711860
vt 0.84592980 0.27685460
vt 0.83847028 0.27426681
vt 0.83936012 0.26396140
vt 0.82810849 0.43078440
vt 0.81386709 0.43122661
vt 0.82645363 0.50658369
vt 0.81217277 0.50705540
vt 0.01822412 0.62821293
vt 0.00394976 0.62804770
vt 0.83981991 0.21993470
vt 0.84039521 0.23085991
vt 0.82607692 0.23084550
vt 0.82550102 0.21992220
vt 0.82909793 0.42351910
vt 0.81485701 0.42395890
vt 0.01754117 0.74197251
vt 0.01854360 0.75081831
vt 0.00430650 0.75068009
vt 0.00326520 0.74180633
vt 0.84857482 0.21678720
vt 0.84904671 0.22644760
vt 0.84160131 0.23070119
vt 0.84103251 0.21981190
vt 0.84564000 0.37421200
vt 0.84666407 0.38392511
vt 0.83899081 0.38635430
vt 0.83815747 0.37739071
vt 0.83627212 0.36758730
vt 0.82196712 0.36739561
vt 0.83906752 0.18420631
vt 0.83915091 0.19640660
vt 0.82483143 0.19639170
vt 0.82478690 0.18419120
vt 0.83940279 0.20838460
vt 0.82508302 0.20837250
vt 0.83694971 0.37757859
vt 0.83778667 0.38656381
vt 0.82348400 0.38637170
vt 0.82264698 0.37738711
vt 0.02552533 0.72827452
vt 0.02620655 0.73685640
vt 0.01874852 0.74178410
vt 0.01792526 0.73194420
vt 0.84511667 0.09926700
vt 0.84305203 0.08591175
vt 0.84873009 0.08683627
vt 0.85031772 0.09892481
vt 0.83554292 0.45181671
vt 0.83515942 0.46080831
vt 0.82741731 0.45941639
vt 0.82786423 0.44897339
vt 0.02458930 0.70926839
vt 0.02497363 0.71906018
vt 0.01727986 0.72124428
vt 0.01683515 0.70987999
vt 0.84419441 0.32112959
vt 0.84416211 0.33158660
vt 0.83649248 0.33330739
vt 0.83653188 0.32116890
vt 0.83491713 0.49454921
vt 0.82730061 0.49434659
vt 0.02420789 0.68578041
vt 0.01656371 0.68591613
vt 0.84991759 0.12980290
vt 0.84234279 0.12730090
vt 0.83526719 0.50605381
vt 0.82766747 0.50652993
vt 0.84499818 0.36480540
vt 0.83748192 0.36743540
vt 0.02795439 0.62340063
vt 0.02699947 0.63159132
vt 0.01943022 0.62841290
vt 0.02053791 0.61891681
vt 0.02900636 0.61599898
vt 0.02179026 0.61048400
vt 0.83746880 0.53928250
vt 0.82990491 0.54180431
vt 0.83839941 0.54846990
vt 0.83098543 0.55247241
vt 0.84438407 0.31063291
vt 0.83675021 0.30898741
vt 0.84813350 0.16136751
vt 0.84062397 0.16005370
vt 0.02435106 0.69917011
vt 0.01659876 0.69803917
vt 0.84789872 0.17267890
vt 0.84036589 0.17203321
vt 0.83676469 0.43617290
vt 0.83609051 0.44360420
vt 0.82849789 0.43944880
vt 0.82931638 0.43099210
vt 0.84974438 0.23757669
vt 0.84232241 0.24077579
vt 0.84790218 0.18617840
vt 0.84028232 0.18420669
vt 0.84799987 0.19658640
vt 0.84036088 0.19636300
vt 0.02721321 0.74683928
vt 0.01974833 0.75059390
vt 0.84821731 0.20686610
vt 0.84061259 0.20829700
vt 0.84361303 0.12218760
vt 0.84510642 0.11077490
vt 0.85031772 0.11111500
vt 0.84872019 0.12320300
vt 0.84111822 0.24097370
vt 0.82680041 0.24095620
vt 0.82763249 0.51869422
vt 0.82838380 0.53054619
vt 0.82930982 0.54191363
vt 0.84102458 0.13739219
vt 0.84044570 0.14839780
vt 0.84002542 0.16000091
vt 0.83976817 0.17200670
vt 0.83968240 0.18420690
vt 0.84001547 0.20835420
vt 0.84043401 0.21989299
vt 0.84100640 0.23080620
vt 0.83787513 0.27416161
vt 0.83713150 0.28525040
vt 0.83655453 0.29691789
vt 0.83593071 0.32116529
vt 0.83589292 0.33333260
vt 0.83604258 0.34525371
vt 0.83688450 0.36753789
vt 0.83756161 0.37751651
vt 0.83839720 0.38649580
vt 0.01883476 0.62828422
vt 0.01788282 0.63872671
vt 0.01710945 0.64990193
vt 0.01614058 0.67370278
vt 0.01596236 0.68591851
vt 0.01599562 0.69806731
vt 0.01668018 0.72132808
vt 0.01732486 0.73204911
vt 0.01815187 0.74191087
vt 0.02031219 0.75839680
vt 0.02160191 0.76474959
vt 0.82970822 0.42359310
vt 0.82872021 0.43084940
vt 0.82726282 0.44887751
vt 0.82681662 0.45933819
vt 0.82657290 0.47053349
vt 0.82653260 0.48227251
vt 0.82669961 0.49434891
vt 0.82789952 0.43932489
vt 0.01915389 0.75074339
vt 0.01623463 0.70993668
vt 0.01652461 0.66162890
vt 0.02120041 0.61031902
vt 0.01994645 0.61876452
vt 0.83637369 0.35671401
vt 0.83615112 0.30895719
vt 0.84172881 0.24090581
vt 0.83876711 0.26382861
vt 0.83976352 0.19639181
vt 0.83039278 0.55259871
vt 0.84174949 0.12717840
vt 0.82706732 0.50655878
vt 0.87996578 0.17815050
vt 0.87996632 0.19033730
vt 0.87200218 0.19631580
vt 0.87415981 0.17797241
vt 0.05680269 0.67639381
vt 0.05667614 0.68861407
vt 0.05082929 0.68874460
vt 0.05095696 0.67613572
vt 0.88019568 0.20228980
vt 0.87439519 0.20291869
vt 0.05681627 0.70057201
vt 0.04887712 0.70683169
vt 0.88063538 0.21373551
vt 0.87160480 0.20984410
vt 0.05722105 0.71208012
vt 0.05140239 0.71292382
vt 0.87872052 0.27597010
vt 0.87780112 0.28609160
vt 0.87205857 0.28509319
vt 0.87295651 0.27436459
vt 0.05792725 0.72245061
vt 0.04870009 0.71965802
vt 0.87708962 0.29725829
vt 0.87128258 0.29641610
vt 0.05881780 0.73192322
vt 0.05995655 0.73969603
vt 0.05420637 0.74158102
vt 0.05307763 0.73324549
vt 0.87660611 0.30913281
vt 0.86840707 0.31422371
vt 0.87041551 0.43780690
vt 0.86930680 0.44396740
vt 0.86353469 0.44231009
vt 0.86467159 0.43581939
vt 0.87636119 0.32126611
vt 0.87053740 0.32126051
vt 0.86733562 0.49527299
vt 0.86774057 0.50744760
vt 0.86191571 0.50784433
vt 0.86149728 0.49527130
vt 0.86840641 0.45184201
vt 0.86002362 0.45394889
vt 0.87634361 0.33342540
vt 0.86746848 0.32814220
vt 0.86840248 0.51942372
vt 0.86075503 0.52600998
vt 0.86774349 0.46122301
vt 0.86191869 0.46010640
vt 0.87663758 0.34492621
vt 0.87707043 0.35598251
vt 0.87129581 0.35702151
vt 0.87078708 0.34581879
vt 0.86930108 0.53083748
vt 0.86352730 0.53200042
vt 0.86733699 0.47180301
vt 0.85861850 0.46521410
vt 0.87779307 0.36570740
vt 0.87200958 0.36718151
vt 0.87040907 0.54134250
vt 0.86112368 0.53878188
vt 0.86719972 0.48327029
vt 0.86135691 0.48287520
vt 0.87869889 0.37407410
vt 0.87123507 0.37997469
vt 0.88128179 0.14402039
vt 0.88063312 0.15463869
vt 0.87484902 0.15368930
vt 0.87290919 0.13712171
vt 0.05994695 0.63305980
vt 0.05881625 0.64240742
vt 0.05304342 0.64103383
vt 0.05144470 0.63481963
vt 0.88019001 0.16613290
vt 0.87439132 0.16555960
vt 0.05789214 0.65294760
vt 0.04947447 0.64596719
vt 0.05724745 0.66447908
vt 0.05143177 0.66383171
vt 0.06218636 0.66473740
vt 0.06173193 0.67651999
vt 0.88511640 0.16632891
vt 0.88489461 0.17821570
vt 0.06373000 0.64290559
vt 0.06280744 0.65332782
vt 0.88555467 0.15496150
vt 0.06484365 0.63368112
vt 0.87213302 0.48330501
vt 0.87226748 0.49517581
vt 0.88619620 0.14446020
vt 0.88269991 0.36529210
vt 0.88360661 0.37354109
vt 0.87226892 0.47196409
vt 0.87421137 0.53034848
vt 0.87530732 0.54073781
vt 0.88201630 0.35556251
vt 0.87267101 0.46150100
vt 0.87332273 0.51906049
vt 0.88152921 0.34483460
vt 0.87332630 0.45221829
vt 0.87266803 0.50721622
vt 0.88129002 0.32131681
vt 0.88128501 0.33330381
vt 0.87421852 0.44445890
vt 0.88153630 0.30931929
vt 0.87530732 0.43824300
vt 0.88200378 0.29752520
vt 0.06376302 0.73120981
vt 0.06484365 0.73919213
vt 0.88274688 0.28668210
vt 0.06215876 0.71174932
vt 0.06281644 0.72225177
vt 0.88360661 0.27640811
vt 0.06174641 0.70044911
vt 0.88511997 0.20210490
vt 0.88556337 0.21335520
vt 0.06160932 0.68859458
vt 0.88489592 0.19026230
vt 0.88619620 0.22382030
vt 0.88129812 0.22412281
vt 0.87551892 0.22559489
vt 0.86611092 0.17631000
vt 0.86633861 0.16446140
vt 0.86676991 0.15309390
vt 0.86329991 0.29377970
vt 0.86403573 0.28292441
vt 0.86490518 0.27269039
vt 0.86391163 0.36874330
vt 0.86323112 0.35899600
vt 0.86274117 0.34830621
vt 0.04268938 0.68766463
vt 0.04282361 0.67562848
vt 0.04325342 0.66382730
vt 0.85563409 0.43847451
vt 0.85672891 0.43239680
vt 0.04624521 0.74475902
vt 0.04514968 0.73692828
vt 0.85375440 0.50712663
vt 0.85336399 0.49510959
vt 0.85322171 0.48325241
vt 0.85348457 0.46811879
vt 0.85469031 0.52274621
vt 0.86770529 0.13910370
vt 0.86618268 0.19220780
vt 0.86760688 0.22887580
vt 0.86683267 0.21496220
vt 0.86275113 0.30930451
vt 0.86249709 0.33284241
vt 0.04619747 0.62940937
vt 0.04783535 0.61907250
vt 0.05555731 0.62322861
vt 0.04419302 0.64864278
vt 0.04294180 0.70330417
vt 0.04398185 0.72469068
vt 0.85452920 0.44878829
vt 0.84436548 0.50658423
vt 0.84515440 0.51953578
vt 0.84407741 0.47081190
vt 0.84384698 0.48327419
vt 0.84399641 0.49485609
vt 0.85685468 0.17452431
vt 0.85694557 0.18799751
vt 0.85829151 0.14025991
vt 0.85749823 0.15185940
vt 0.85708559 0.16297650
vt 0.85411471 0.29062480
vt 0.85368139 0.30330160
vt 0.85790890 0.22172061
vt 0.85852033 0.23307410
vt 0.85568672 0.27004710
vt 0.85483003 0.28000480
vt 0.85462409 0.37131971
vt 0.85569310 0.38060319
vt 0.86517417 0.37959611
vt 0.85330552 0.33891049
vt 0.85348088 0.35135949
vt 0.85396481 0.36176959
vt 0.03330522 0.68671000
vt 0.03352427 0.69967639
vt 0.03464215 0.65093613
vt 0.03384703 0.66341418
vt 0.03345263 0.67496771
vt 0.83890098 0.09857141
vt 0.83672422 0.08564716
vt 0.84565508 0.44155860
vt 0.84654021 0.43340361
vt 0.03511261 0.73198873
vt 0.03602916 0.74170017
vt 0.83731163 0.12190350
vt 0.83903939 0.11031280
vt 0.03711611 0.74919653
vt 0.83346522 0.10988220
vt 0.83317822 0.09784388
vt 0.84552401 0.33260921
vt 0.84580129 0.32784459
vt 0.83758330 0.44934750
vt 0.83730137 0.44183421
vt 0.84600443 0.32092351
vt 0.84599388 0.31391570
vt 0.02907443 0.63455588
vt 0.02925634 0.62920958
vt 0.85338861 0.08564710
vt 0.85715568 0.09013873
vt 0.85643101 0.10709410
vt 0.85246330 0.10729530
vt 0.02650678 0.70656800
vt 0.02600193 0.70310450
vt 0.84809363 0.55174351
vt 0.83942533 0.55702072
vt 0.83973831 0.55201918
vt 0.02704471 0.72449100
vt 0.02707517 0.71940321
vt 0.85663110 0.54404002
vt 0.83968443 0.54459918
vt 0.83764571 0.45468709
vt 0.86363411 0.09865707
vt 0.86952913 0.10729530
vt 0.86327678 0.10701660
vt 0.02855682 0.64074510
vt 0.84176922 0.42053679
vt 0.84800398 0.41194791
vt 0.84829432 0.42031059
vt 0.02784979 0.64571232
vt 0.85452098 0.40338871
vt 0.85510981 0.42035261
vt 0.85640192 0.25884360
vt 0.86167532 0.25092250
vt 0.86167508 0.25928080
vt 0.86567217 0.24311920
vt 0.86567217 0.26007459
vt 0.02691578 0.71263522
vt 0.36933550 0.77610272
vt 0.36960700 0.78602028
vt 0.36462629 0.78300172
vt 0.36960700 0.76678532
vt 0.36005551 0.78077841
vt 0.87450677 0.57075387
vt 0.86838061 0.56252688
vt 0.87450677 0.56237650
vt 0.82097721 0.42057219
vt 0.82699603 0.41196871
vt 0.82703948 0.42034450
vt 0.84493703 0.33879560
vt 0.83441550 0.40341830
vt 0.83450347 0.42040890
vt 0.83742368 0.46091449
vt 0.03765898 0.62178230
vt 0.02930796 0.62168378
vt 0.83903241 0.53280860
vt 0.83837688 0.52674830
vt 0.83698481 0.46592799
vt 0.83948982 0.53949559
vt 0.89250088 0.68253338
vt 0.89250088 0.67901450
vt 0.89909291 0.67923379
vt 0.89909291 0.68275279
vt 0.83653778 0.46867791
vt 0.85943758 0.56942558
vt 0.85943758 0.56576443
vt 0.86603969 0.56576163
vt 0.86603969 0.56942278
vt 0.87790281 0.25967890
vt 0.87759858 0.25685111
vt 0.88418168 0.25685111
vt 0.88448590 0.25967890
vt 0.83950722 0.39813539
vt 0.83962357 0.42057219
vt 0.84983581 0.20289110
vt 0.84956533 0.19629070
vt 0.88175011 0.12206560
vt 0.88167071 0.11845620
vt 0.88825369 0.11845620
vt 0.88833320 0.12206560
vt 0.37669751 0.76678532
vt 0.37669751 0.77671218
vt 0.37175259 0.77352589
vt 0.84991390 0.20981970
vt 0.89301890 0.67288768
vt 0.89279890 0.67034793
vt 0.89939088 0.67056978
vt 0.89961082 0.67310947
vt 0.84953147 0.22171120
vt 0.84984082 0.21494310
vt 0.85888100 0.39813539
vt 0.85965848 0.42053679
vt 0.02676242 0.73189032
vt 0.20773990 0.87655592
vt 0.21232300 0.86823469
vt 0.21304581 0.87655592
vt 0.84577692 0.30907130
vt 0.84531373 0.30318660
vt 0.90681970 0.11499130
vt 0.90706283 0.11859630
vt 0.90048170 0.11890460
vt 0.90023851 0.11529960
vt 0.46045011 0.95634598
vt 0.45796260 0.95344031
vt 0.46031511 0.93919051
vt 0.46143860 0.94958431
vt 0.46115130 0.96010619
vt 0.46143860 0.96008980
vt 0.45987859 0.96371323
vt 0.46008289 0.97050267
vt 0.45697281 0.96620059
vt 0.45762649 0.98066682
vt 0.40763789 0.95629859
vt 0.40512991 0.95341218
vt 0.40751451 0.93919051
vt 0.40863770 0.94958419
vt 0.40423450 0.96617550
vt 0.40712100 0.96366751
vt 0.40728131 0.97050279
vt 0.40482420 0.98066831
vt 0.97572380 0.55040240
vt 0.97322452 0.54750818
vt 0.97559363 0.53327721
vt 0.97671682 0.54367089
vt 0.97229022 0.56026918
vt 0.97518432 0.55777001
vt 0.97536039 0.56458950
vt 0.97290373 0.57475340
vt 0.42539150 0.95632690
vt 0.42289710 0.95342702
vt 0.42526731 0.93919051
vt 0.42639050 0.94958413
vt 0.42193750 0.96618992
vt 0.42483750 0.96369570
vt 0.42503420 0.97050267
vt 0.42257750 0.98066658
vt 0.95337880 0.23001949
vt 0.95102340 0.22703990
vt 0.95319539 0.21240009
vt 0.95428962 0.22301050
vt 0.94954669 0.23966210
vt 0.95252609 0.23730680
vt 0.95293379 0.24392921
vt 0.95047700 0.25409490
vt 0.98059851 0.39067709
vt 0.97810102 0.38778010
vt 0.98047668 0.37354580
vt 0.98159993 0.38393950
vt 0.98131287 0.39443481
vt 0.98159993 0.39444029
vt 0.98005283 0.39804611
vt 0.98024362 0.40485811
vt 0.97715580 0.40054369
vt 0.97778690 0.41502199
vt 0.96657473 0.39334339
vt 0.96728921 0.39710101
vt 0.96629190 0.40031260
vt 0.96599960 0.39322460
vt 0.96783477 0.38973200
vt 0.96754462 0.38643470
vt 0.93935412 0.23207220
vt 0.93990409 0.23583010
vt 0.93898249 0.23938380
vt 0.93869412 0.23229399
vt 0.94075662 0.22854260
vt 0.94021308 0.22548629
vt 0.41136429 0.95897740
vt 0.41207439 0.96273589
vt 0.41106170 0.96594107
vt 0.41078320 0.95887882
vt 0.41262850 0.95536721
vt 0.41235080 0.95207059
vt 0.96170592 0.55307972
vt 0.96242332 0.55683571
vt 0.96140027 0.56003040
vt 0.96109188 0.55297071
vt 0.96296281 0.54946810
vt 0.96274900 0.54614460
vt 0.39362881 0.95901841
vt 0.39435759 0.96277207
vt 0.39333120 0.96595788
vt 0.39302209 0.95887482
vt 0.39487460 0.95540309
vt 0.39467400 0.95206451
vt 0.44641700 0.95896322
vt 0.44711831 0.96272337
vt 0.44613770 0.96596330
vt 0.44583750 0.95886832
vt 0.44768971 0.95535618
vt 0.44738501 0.95207739
vt 0.45059550 0.95286882
vt 0.44965121 0.94749779
vt 0.96978670 0.39999801
vt 0.96828890 0.40535080
vt 0.97073191 0.38723451
vt 0.96981132 0.38185340
vt 0.94225937 0.23880950
vt 0.94097930 0.24442270
vt 0.94373602 0.22618739
vt 0.94249427 0.22085550
vt 0.41456881 0.96563590
vt 0.41306239 0.97098690
vt 0.41552839 0.95287287
vt 0.41461551 0.94749111
vt 0.96492261 0.55972987
vt 0.96339858 0.56507361
vt 0.96585691 0.54696882
vt 0.96499920 0.54157603
vt 0.39686561 0.96565861
vt 0.39532760 0.97099578
vt 0.39776099 0.95289522
vt 0.39692259 0.94749492
vt 0.44960570 0.96562910
vt 0.44813341 0.97099870
vt 0.45435569 0.95216757
vt 0.45455399 0.94172567
vt 0.97339821 0.40125811
vt 0.97243339 0.41163281
vt 0.97448951 0.38652000
vt 0.97471529 0.37608069
vt 0.94578880 0.24021199
vt 0.94514811 0.25032270
vt 0.94749397 0.22563741
vt 0.94739139 0.21539409
vt 0.41817889 0.96690011
vt 0.41721550 0.97727239
vt 0.41928700 0.95216280
vt 0.41951340 0.94172239
vt 0.96853411 0.56098658
vt 0.96754652 0.57135957
vt 0.96961302 0.54625148
vt 0.96986783 0.53580618
vt 0.40048081 0.96690428
vt 0.39947110 0.97727871
vt 0.40151471 0.95216638
vt 0.40178940 0.94172168
vt 0.45321259 0.96690178
vt 0.45227531 0.97727913
vt 0.40836671 0.96005231
vt 0.40863770 0.96008497
vt 0.97644109 0.55415851
vt 0.97671682 0.55417180
vt 0.42610171 0.96008551
vt 0.42639050 0.96008497
vt 0.95392883 0.23377730
vt 0.95428962 0.23351631
vt 0.46016470 0.95648253
vt 0.45778379 0.95370120
vt 0.88581347 0.08935809
vt 0.88581347 0.09288239
vt 0.88543409 0.09303212
vt 0.88543409 0.08935022
vt 0.88603312 0.08581352
vt 0.88566351 0.08564716
vt 0.85963279 0.57260352
vt 0.85926580 0.57282650
vt 0.85906172 0.56950641
vt 0.89301890 0.66328228
vt 0.89279890 0.66683221
vt 0.89241952 0.66682631
vt 0.89264929 0.66311771
vt 0.87564671 0.70362049
vt 0.87584198 0.70044458
vt 0.87621772 0.70052558
vt 0.87601382 0.70384347
vt 0.86819363 0.25302151
vt 0.86819363 0.25668171
vt 0.86781782 0.25676379
vt 0.86781782 0.25293979
vt 0.89769697 0.69666040
vt 0.89769697 0.70009220
vt 0.89731419 0.70007962
vt 0.89731419 0.69649428
vt 0.90719157 0.11484310
vt 0.90744573 0.11860940
vt 0.42180029 0.96590477
vt 0.42457610 0.96351731
vt 0.95308822 0.23014461
vt 0.95083451 0.22729370
vt 0.55391842 0.74459100
vt 0.55367887 0.74793440
vt 0.55329651 0.74788451
vt 0.55354661 0.74439043
vt 0.87874693 0.69740778
vt 0.87882602 0.70101869
vt 0.87844598 0.70115000
vt 0.87836337 0.69737750
vt 0.87891448 0.69397831
vt 0.87853861 0.69379461
vt 0.97979122 0.39786819
vt 0.98099738 0.39441141
vt 0.89128101 0.11855630
vt 0.89128101 0.12207700
vt 0.89090163 0.12222760
vt 0.89090163 0.11854940
vt 0.54126072 0.75461662
vt 0.54145610 0.75144660
vt 0.54183191 0.75152868
vt 0.54162782 0.75484037
vt 0.90159512 0.08939975
vt 0.90135193 0.08579558
vt 0.90172392 0.08564716
vt 0.90197790 0.08941256
vt 0.88317972 0.68223119
vt 0.88337368 0.68545288
vt 0.88300657 0.68566841
vt 0.88280380 0.68230152
vt 0.88317972 0.67860031
vt 0.88280380 0.67850709
vt 0.88835680 0.69755018
vt 0.88835680 0.70107222
vt 0.88797742 0.70122248
vt 0.88797742 0.69754303
vt 0.88857651 0.69400352
vt 0.88820702 0.69383770
vt 0.88183790 0.11502660
vt 0.88128722 0.11842620
vt 0.88146192 0.11484310
vt 0.96322441 0.54964590
vt 0.96202153 0.55310267
vt 0.39394429 0.95904052
vt 0.39464191 0.96263349
vt 0.88318729 0.66673368
vt 0.88326818 0.67034107
vt 0.88288832 0.67047352
vt 0.88280380 0.66670471
vt 0.91015130 0.85784191
vt 0.91015130 0.85441458
vt 0.91053420 0.85442829
vt 0.91053420 0.85800892
vt 0.44795069 0.95553511
vt 0.44673240 0.95898771
vt 0.45073199 0.95315421
vt 0.54145610 0.74778551
vt 0.54183191 0.74770367
vt 0.90159512 0.09283143
vt 0.90197790 0.09299778
vt 0.88602901 0.09797871
vt 0.88581318 0.10146020
vt 0.88543409 0.10144180
vt 0.88565958 0.09780347
vt 0.88337368 0.67553318
vt 0.88300657 0.67530167
vt 0.41235951 0.96259880
vt 0.41474709 0.96537459
vt 0.54435331 0.75144368
vt 0.54454869 0.75461739
vt 0.54418153 0.75484079
vt 0.54397738 0.75152522
vt 0.88137031 0.12219700
vt 0.89212137 0.68268430
vt 0.89212137 0.67900771
vt 0.39704251 0.96539640
vt 0.88335317 0.66330028
vt 0.88297713 0.66311771
vt 0.90990788 0.85080832
vt 0.91027993 0.85066080
vt 0.87222737 0.11502770
vt 0.87205827 0.11845270
vt 0.87167478 0.11842130
vt 0.87185162 0.11484310
vt 0.87213558 0.12206570
vt 0.87175572 0.12219580
vt 0.89150077 0.11500870
vt 0.89113122 0.11484310
vt 0.54126072 0.74461412
vt 0.54162782 0.74439043
vt 0.97792292 0.38804159
vt 0.97446620 0.38683549
vt 0.97086942 0.38751930
vt 0.94582558 0.23989780
vt 0.94942153 0.23937149
vt 0.88581318 0.10499390
vt 0.88543409 0.10513480
vt 0.92100501 0.68599302
vt 0.92118168 0.68264771
vt 0.92156333 0.68269181
vt 0.92137849 0.68618780
vt 0.92112660 0.67904061
vt 0.92150557 0.67892212
vt 0.87752008 0.25323951
vt 0.87721872 0.25698209
vt 0.87713659 0.25320891
vt 0.87768823 0.24981131
vt 0.87731230 0.24962720
vt 0.54454869 0.74461442
vt 0.54435331 0.74778241
vt 0.54397738 0.74769998
vt 0.54418153 0.74439043
vt 0.96855718 0.56067109
vt 0.97215241 0.55998451
vt 0.96510041 0.55946821
vt 0.86838877 0.25985089
vt 0.86802173 0.26007459
vt 0.89272058 0.67546707
vt 0.89235109 0.67530167
vt 0.90159178 0.10172830
vt 0.90134919 0.09812748
vt 0.90172100 0.09797817
vt 0.90197462 0.10174010
vt 0.90159178 0.10516380
vt 0.90197462 0.10532930
vt 0.89241952 0.67049938
vt 0.40149260 0.95248199
vt 0.39789960 0.95317948
vt 0.85906172 0.56568152
vt 0.85963279 0.56260091
vt 0.85926580 0.56237638
vt 0.87584198 0.69678462
vt 0.87564671 0.69362122
vt 0.87601382 0.69339681
vt 0.87621772 0.69670182
vt 0.86838877 0.24985090
vt 0.86802173 0.24962731
vt 0.89793992 0.70369488
vt 0.89756799 0.70384347
vt 0.90706283 0.12202670
vt 0.90744573 0.12219320
vt 0.42578620 0.96006179
vt 0.55367887 0.75154138
vt 0.55391842 0.75444561
vt 0.55354661 0.75468922
vt 0.55329651 0.75165409
vt 0.84825611 0.55916691
vt 0.85191631 0.55916703
vt 0.85180390 0.55958641
vt 0.84836853 0.55958623
vt 0.88410312 0.25323951
vt 0.88453078 0.25328150
vt 0.88460451 0.25667161
vt 0.85425627 0.25177941
vt 0.85242629 0.25494921
vt 0.85211933 0.25464231
vt 0.85383701 0.25166699
vt 0.91453820 0.67904061
vt 0.91459328 0.68264771
vt 0.91416872 0.68258780
vt 0.91411692 0.67920208
vt 0.85425627 0.24811910
vt 0.85383701 0.24823150
vt 0.86420941 0.12118650
vt 0.86106211 0.12300390
vt 0.86095053 0.12258750
vt 0.86390448 0.12088180
vt 0.92064381 0.68818009
vt 0.91405523 0.68818009
vt 0.91441661 0.68599302
vt 0.86623502 0.56259823
vt 0.90134919 0.10751350
vt 0.89476770 0.10781710
vt 0.89501047 0.10546740
vt 0.56050050 0.74469757
vt 0.56026107 0.74804097
vt 0.86923981 0.69678211
vt 0.86904448 0.69361871
vt 0.88993621 0.66330028
vt 0.88977033 0.66673368
vt 0.88532990 0.69740778
vt 0.88540900 0.70101869
vt 0.86923981 0.70044231
vt 0.90357018 0.85472512
vt 0.90332693 0.85111892
vt 0.88549751 0.69397831
vt 0.87499088 0.24985120
vt 0.87479579 0.25302181
vt 0.87881052 0.11502770
vt 0.87864131 0.11845270
vt 0.89150077 0.12462770
vt 0.89787310 0.12229570
vt 0.89809281 0.12484630
vt 0.90427822 0.69978583
vt 0.90452123 0.70338851
vt 0.87871867 0.12206570
vt 0.89787310 0.11877490
vt 0.90048170 0.12233500
vt 0.89809281 0.11522740
vt 0.53465861 0.75461692
vt 0.53485388 0.75144702
vt 0.90681970 0.12436330
vt 0.90023851 0.12467160
vt 0.53485388 0.74778581
vt 0.53465861 0.74461430
vt 0.89501393 0.08970701
vt 0.89477080 0.08610284
vt 0.56026107 0.75164819
vt 0.56050050 0.75455230
vt 0.87913060 0.70384347
vt 0.88571358 0.70384347
vt 0.88978177 0.68220079
vt 0.88997591 0.68542248
vt 0.90135193 0.09517115
vt 0.89477080 0.09547841
vt 0.89501393 0.09313875
vt 0.88978177 0.67856997
vt 0.88602901 0.10763320
vt 0.89240640 0.10517790
vt 0.89262211 0.10781710
vt 0.89494878 0.69776791
vt 0.89494878 0.70128989
vt 0.89240640 0.10164420
vt 0.89516860 0.69422120
vt 0.88842088 0.11502660
vt 0.89272058 0.68508112
vt 0.89931267 0.68530053
vt 0.88357413 0.67315608
vt 0.88985121 0.67034107
vt 0.89015710 0.67315608
vt 0.88427132 0.24981131
vt 0.55115080 0.74461329
vt 0.55095547 0.74778128
vt 0.90357018 0.85815239
vt 0.88603312 0.09544205
vt 0.89240563 0.09309810
vt 0.89262521 0.09565782
vt 0.55095547 0.75144261
vt 0.90990788 0.86017168
vt 0.90332693 0.86048228
vt 0.89240563 0.08957380
vt 0.89793992 0.69431913
vt 0.90452123 0.69401252
vt 0.90427822 0.69635391
vt 0.87243891 0.12489880
vt 0.87902200 0.12489880
vt 0.89262521 0.08602929
vt 0.88205492 0.12488780
vt 0.88863802 0.12488780
vt 0.86623502 0.57260072
vt 0.87479579 0.25668201
vt 0.87499088 0.25985110
vt 0.89961082 0.66350412
vt 0.89939088 0.66705388
vt 0.89931267 0.67568648
vt 0.89262211 0.09816265
vt 0.86904448 0.70361811
vt 0.89501047 0.10203200
vt 0.89476770 0.09843116
vt 0.88997591 0.67550278
vt 0.88857651 0.70362592
vt 0.89516860 0.70384359
vt 0.55115080 0.75461632
vt 0.85753942 0.12258760
vt 0.85807282 0.12059700
vt 0.86041701 0.12059690
vt 0.84914410 0.25636011
vt 0.84860688 0.25435519
vt 0.85065168 0.25317460
vt 0.82692462 0.25464550
vt 0.82520640 0.25166941
vt 0.82721168 0.25113210
vt 0.82839262 0.25317749
vt 0.81377512 0.56130397
vt 0.81675130 0.55958581
vt 0.81728870 0.56159133
vt 0.81524330 0.56277221
vt 0.85211921 0.24525639
vt 0.85183221 0.24876860
vt 0.85065162 0.24672399
vt 0.85649657 0.56427902
vt 0.85649657 0.56771427
vt 0.85449189 0.56717730
vt 0.85449201 0.56481618
vt 0.82030022 0.55916631
vt 0.82347101 0.56099701
vt 0.82316393 0.56130409
vt 0.82018793 0.55958581
vt 0.89019811 0.66677362
vt 0.89027393 0.67015958
vt 0.81663883 0.57283068
vt 0.81346798 0.57099998
vt 0.81377512 0.57069290
vt 0.81675118 0.57241118
vt 0.82661748 0.24494991
vt 0.82978821 0.24311920
vt 0.82990062 0.24353869
vt 0.82692462 0.24525690
vt 0.83845079 0.25178191
vt 0.83662021 0.25495261
vt 0.83631313 0.25464550
vt 0.83803129 0.25166950
vt 0.82030010 0.57283068
vt 0.82018781 0.57241118
vt 0.83344948 0.24311920
vt 0.83333713 0.24353869
vt 0.83344948 0.25678310
vt 0.83333713 0.25636369
vt 0.84559608 0.24311920
vt 0.84925628 0.24311920
vt 0.84914398 0.24353860
vt 0.84570849 0.24353860
vt 0.83662021 0.24494980
vt 0.83631313 0.24525690
vt 0.82978833 0.25678319
vt 0.82990062 0.25636381
vt 0.85242617 0.24494921
vt 0.84111100 0.56416750
vt 0.84111100 0.56782871
vt 0.84069151 0.56771642
vt 0.84069151 0.56427991
vt 0.82661748 0.25495261
vt 0.84559631 0.25677940
vt 0.84242648 0.25494930
vt 0.84273350 0.25464231
vt 0.84570861 0.25636011
vt 0.83610970 0.57283002
vt 0.83244860 0.57283002
vt 0.83256090 0.57241058
vt 0.83599740 0.57241052
vt 0.85508603 0.57099652
vt 0.85191637 0.57282650
vt 0.85180402 0.57240713
vt 0.85477912 0.57068938
vt 0.84925652 0.25677940
vt 0.85742748 0.10944090
vt 0.86106169 0.10944090
vt 0.86095017 0.10985720
vt 0.85753912 0.10985730
vt 0.84508651 0.57099652
vt 0.84325647 0.56782693
vt 0.84367579 0.56771439
vt 0.84539342 0.57068950
vt 0.84325647 0.56416672
vt 0.84367591 0.56427902
vt 0.86602622 0.11440500
vt 0.86602622 0.11803940
vt 0.86561000 0.11792770
vt 0.86560988 0.11451670
vt 0.84059632 0.25177941
vt 0.84101570 0.25166720
vt 0.84508657 0.56099701
vt 0.84539342 0.56130391
vt 0.82530171 0.56416792
vt 0.82488233 0.56428027
vt 0.84242642 0.24494940
vt 0.84273338 0.24525639
vt 0.85691601 0.56782669
vt 0.82347101 0.57099998
vt 0.82316393 0.57069302
vt 0.81163740 0.56782907
vt 0.81205678 0.56771672
vt 0.85691601 0.56416661
vt 0.88868141 0.11849740
vt 0.88875598 0.12188520
vt 0.81346798 0.56099701
vt 0.81663889 0.55916631
vt 0.82478702 0.25178179
vt 0.85742801 0.12300390
vt 0.82478690 0.24812061
vt 0.82520640 0.24823301
vt 0.85246342 0.11803950
vt 0.85246330 0.11440550
vt 0.85287970 0.11451710
vt 0.85287970 0.11792800
vt 0.84825617 0.57282650
vt 0.84836853 0.57240713
vt 0.85508603 0.56099701
vt 0.85477901 0.56130391
vt 0.88575763 0.69744933
vt 0.88583177 0.70083863
vt 0.82744718 0.56416762
vt 0.82927781 0.56099677
vt 0.82958478 0.56130397
vt 0.82786667 0.56427991
vt 0.84059632 0.24811921
vt 0.84101558 0.24823160
vt 0.83845079 0.24812061
vt 0.83803129 0.24823301
vt 0.83244848 0.55916631
vt 0.83256090 0.55958569
vt 0.87906897 0.11849580
vt 0.87914163 0.12188700
vt 0.83610958 0.55916631
vt 0.83599722 0.55958569
vt 0.81163740 0.56416768
vt 0.81205690 0.56428021
vt 0.83928043 0.56099677
vt 0.83897340 0.56130397
vt 0.83928043 0.57099932
vt 0.83897328 0.57069242
vt 0.85428059 0.12118690
vt 0.85458529 0.12088200
vt 0.82927787 0.57099950
vt 0.82744718 0.56782877
vt 0.82786667 0.56771642
vt 0.82958478 0.57069242
vt 0.86420912 0.11125780
vt 0.86390442 0.11156270
vt 0.56068712 0.74810749
vt 0.56068712 0.75149310
vt 0.85428029 0.11125810
vt 0.85458511 0.11156290
vt 0.82530159 0.56782919
vt 0.82488221 0.56771678
vt 0.84890580 0.56159109
vt 0.85126668 0.56159109
vt 0.85121268 0.56179231
vt 0.84895980 0.56179231
vt 0.91467720 0.11233900
vt 0.91467720 0.11000870
vt 0.91489297 0.11003350
vt 0.91489309 0.11225740
vt 0.85183221 0.25112981
vt 0.85050428 0.25302720
vt 0.85163093 0.25107589
vt 0.95036638 0.10770050
vt 0.95020813 0.10537880
vt 0.95042431 0.10539620
vt 0.95057529 0.10761180
vt 0.23533849 0.94829869
vt 0.23549490 0.94608933
vt 0.23570371 0.94621491
vt 0.23555429 0.94832331
vt 0.86244720 0.11942480
vt 0.86036348 0.12039700
vt 0.86230087 0.11927830
vt 0.82721168 0.24877040
vt 0.84686112 0.56277150
vt 0.85487032 0.11505030
vt 0.85487032 0.11739460
vt 0.84890580 0.57040250
vt 0.85126680 0.57040250
vt 0.85331148 0.56277162
vt 0.82987207 0.56481731
vt 0.82987207 0.56717902
vt 0.84686112 0.56922191
vt 0.82839262 0.24672499
vt 0.83105302 0.56277198
vt 0.84302038 0.24876881
vt 0.84302050 0.25112990
vt 0.83602601 0.25113210
vt 0.83602601 0.24877021
vt 0.83309817 0.56159109
vt 0.84420103 0.24672399
vt 0.83484513 0.24672499
vt 0.83546001 0.56159109
vt 0.81406242 0.56481761
vt 0.81406242 0.56717932
vt 0.83750522 0.56277192
vt 0.83750528 0.56922430
vt 0.83868611 0.56717902
vt 0.83868611 0.56481719
vt 0.83546001 0.57040519
vt 0.85604250 0.11942480
vt 0.83105302 0.56922430
vt 0.86244720 0.11301980
vt 0.86041689 0.11184760
vt 0.83309817 0.57040513
vt 0.86361933 0.11505000
vt 0.85604233 0.11302010
vt 0.82287669 0.56717938
vt 0.82287669 0.56481773
vt 0.85807252 0.11184780
vt 0.82169580 0.56922477
vt 0.86361933 0.11739450
vt 0.81965041 0.56159133
vt 0.82169592 0.56277227
vt 0.81524318 0.56922472
vt 0.81728870 0.57040572
vt 0.83043802 0.24554411
vt 0.83484513 0.25317749
vt 0.81965047 0.57040572
vt 0.83279967 0.24554411
vt 0.83279967 0.25435820
vt 0.84860682 0.24554341
vt 0.84624583 0.24554341
vt 0.83043802 0.25435829
vt 0.84420109 0.25317460
vt 0.84624583 0.25435519
vt 0.85331142 0.56922191
vt 0.84568059 0.56717730
vt 0.84568059 0.56481618
vt 0.34270391 0.94859028
vt 0.34270391 0.95070022
vt 0.34062281 0.95079839
vt 0.34062281 0.94868863
vt 0.34986910 0.94806367
vt 0.34998941 0.94611353
vt 0.35207719 0.94611311
vt 0.35195690 0.94806331
vt 0.24014620 0.95054650
vt 0.24014620 0.94832522
vt 0.24222741 0.94837183
vt 0.24222741 0.95059311
vt 0.91504240 0.10792600
vt 0.91712362 0.10797120
vt 0.91697431 0.11007880
vt 0.24029569 0.95228302
vt 0.24237680 0.95232981
vt 0.91697431 0.11230270
vt 0.91483372 0.10780010
vt 0.23993030 0.95062882
vt 0.23993030 0.94830108
vt 0.81539071 0.56907737
vt 0.81734252 0.57020432
vt 0.34291989 0.94860119
vt 0.34291989 0.95081198
vt 0.83469760 0.25303000
vt 0.83582461 0.25107810
vt 0.34965780 0.95037133
vt 0.34965780 0.94800937
vt 0.34986910 0.95031762
vt 0.83274579 0.24574541
vt 0.83049190 0.24574549
vt 0.37445530 0.95067298
vt 0.37445530 0.94839960
vt 0.37466910 0.94840348
vt 0.37466910 0.95057309
vt 0.84855288 0.24574479
vt 0.84629971 0.24574479
vt 0.83469760 0.24687240
vt 0.37459701 0.94611311
vt 0.37480411 0.94622147
vt 0.85050422 0.24687140
vt 0.35664201 0.94801158
vt 0.35664201 0.95037329
vt 0.35643071 0.95031929
vt 0.35643071 0.94806552
vt 0.82854009 0.25303009
vt 0.83049190 0.25415701
vt 0.84434849 0.25302720
vt 0.84629983 0.25415379
vt 0.32757059 0.94991481
vt 0.32757059 0.94770110
vt 0.32778659 0.94781238
vt 0.32778659 0.94992501
vt 0.31383529 0.94856483
vt 0.31397730 0.94627488
vt 0.31418449 0.94638222
vt 0.31404909 0.94856751
vt 0.30925620 0.94856322
vt 0.30939811 0.94627488
vt 0.30960530 0.94638270
vt 0.30946991 0.94856638
vt 0.36335230 0.94835889
vt 0.36349151 0.94611311
vt 0.36369839 0.94622678
vt 0.36356559 0.94836992
vt 0.84588188 0.56712317
vt 0.84700853 0.56907451
vt 0.32526851 0.94627488
vt 0.32542500 0.94859773
vt 0.32520920 0.94858831
vt 0.32505980 0.94637161
vt 0.86341947 0.11734070
vt 0.86341947 0.11510360
vt 0.37903431 0.95037198
vt 0.37903431 0.94801092
vt 0.37924561 0.94806480
vt 0.37924561 0.95031798
vt 0.32542500 0.95081377
vt 0.32520920 0.95070320
vt 0.82267541 0.56487161
vt 0.82154840 0.56291950
vt 0.34751219 0.94859892
vt 0.34751219 0.95081270
vt 0.34729621 0.95070148
vt 0.34729621 0.94858891
vt 0.31383529 0.95083272
vt 0.31404909 0.95073181
vt 0.81959641 0.57020432
vt 0.82154840 0.56907737
vt 0.33231989 0.95223778
vt 0.33216301 0.94991231
vt 0.33237889 0.94992262
vt 0.33252871 0.95214182
vt 0.85429060 0.56712317
vt 0.85429060 0.56487012
vt 0.23533849 0.95062762
vt 0.23555429 0.95054579
vt 0.81734258 0.56179261
vt 0.81539071 0.56291950
vt 0.25374779 0.95034480
vt 0.25374779 0.94798303
vt 0.25395909 0.94803768
vt 0.25395909 0.95029151
vt 0.30925620 0.95083320
vt 0.30946991 0.95073259
vt 0.85812622 0.12039700
vt 0.82741320 0.24882419
vt 0.82741320 0.25107819
vt 0.84700853 0.56291890
vt 0.24452250 0.94824612
vt 0.24467690 0.94608933
vt 0.24488540 0.94621998
vt 0.24473810 0.94827819
vt 0.84895968 0.57020098
vt 0.85121280 0.57020098
vt 0.24008690 0.94608933
vt 0.24029569 0.94621438
vt 0.94335908 0.85661280
vt 0.94335908 0.85428280
vt 0.94357502 0.85430759
vt 0.94357502 0.85653102
vt 0.35878751 0.95037580
vt 0.35878751 0.94801480
vt 0.35899889 0.94806820
vt 0.35899889 0.95032132
vt 0.34276280 0.94627488
vt 0.34255409 0.94637042
vt 0.94351560 0.85207349
vt 0.94372439 0.85219920
vt 0.84322178 0.24882270
vt 0.84322190 0.25107601
vt 0.91467720 0.10161220
vt 0.91483361 0.09940576
vt 0.91504240 0.09953194
vt 0.91489297 0.10163760
vt 0.83315217 0.56179249
vt 0.83120042 0.56291938
vt 0.34735540 0.94627488
vt 0.34714669 0.94637108
vt 0.91467720 0.10394350
vt 0.91489297 0.10386230
vt 0.30467701 0.95083451
vt 0.30467701 0.94856340
vt 0.30489081 0.94856668
vt 0.30489081 0.95073408
vt 0.33216301 0.94769943
vt 0.33237889 0.94781083
vt 0.30481881 0.94627488
vt 0.30502599 0.94638282
vt 0.83735788 0.56907690
vt 0.83848470 0.56712502
vt 0.81426382 0.56487161
vt 0.83848470 0.56487131
vt 0.83735788 0.56291938
vt 0.32772750 0.95223981
vt 0.32793629 0.95214373
vt 0.85618877 0.11927840
vt 0.83007348 0.56712520
vt 0.83120042 0.56907701
vt 0.86230087 0.11316620
vt 0.86036342 0.11204770
vt 0.24452250 0.95057303
vt 0.24473810 0.95049870
vt 0.83315217 0.57020378
vt 0.31841460 0.95045358
vt 0.31841460 0.94811147
vt 0.31862581 0.94817263
vt 0.31862581 0.95040780
vt 0.85618871 0.11316630
vt 0.85507011 0.11510400
vt 0.36792889 0.95067292
vt 0.36792889 0.94840097
vt 0.36814260 0.94840461
vt 0.36814260 0.95057273
vt 0.36335230 0.95063841
vt 0.36356559 0.95054531
vt 0.36807069 0.94611311
vt 0.36827779 0.94622117
vt 0.90349829 0.68200088
vt 0.90657711 0.67892212
vt 0.91190970 0.68425471
vt 0.91917747 0.87097722
vt 0.91388422 0.86568391
vt 0.92111510 0.86374652
vt 0.91173857 0.86570692
vt 0.91061163 0.86991262
vt 0.90332693 0.86796069
vt 0.91266912 0.11626250
vt 0.91687369 0.11738920
vt 0.91492230 0.12467160
vt 0.91996193 0.85320008
vt 0.92108852 0.85740447
vt 0.91801071 0.86048228
vt 0.90719891 0.10781710
vt 0.90412009 0.10473840
vt 0.90945262 0.09940576
vt 0.37480411 0.95214880
vt 0.37675369 0.95064127
vt 0.37688869 0.95221710
vt 0.35195690 0.95031720
vt 0.34255409 0.95213449
vt 0.34047291 0.95223272
vt 0.37675369 0.94847172
vt 0.34714669 0.95214289
vt 0.34506550 0.95223981
vt 0.34521499 0.95079851
vt 0.91504240 0.10560990
vt 0.91697431 0.10390680
vt 0.91712362 0.10565450
vt 0.37688869 0.94628978
vt 0.23570371 0.95228678
vt 0.23763560 0.95059162
vt 0.23778491 0.95233262
vt 0.35434291 0.95031941
vt 0.35434291 0.94806552
vt 0.25407940 0.95224768
vt 0.25604680 0.95029062
vt 0.25616699 0.95224690
vt 0.37936589 0.95226878
vt 0.38133341 0.95031810
vt 0.38145360 0.95226902
vt 0.32986769 0.94771522
vt 0.32986769 0.94982779
vt 0.31626901 0.94645232
vt 0.31613371 0.94863760
vt 0.31168979 0.94645202
vt 0.31155461 0.94863582
vt 0.36578330 0.94628501
vt 0.36565050 0.94842809
vt 0.35911909 0.94611311
vt 0.36120671 0.94611388
vt 0.36108661 0.94806892
vt 0.32312790 0.94868428
vt 0.32297859 0.94646758
vt 0.31874529 0.94628447
vt 0.32083300 0.94627488
vt 0.32071349 0.94816297
vt 0.38133341 0.94806492
vt 0.32312790 0.95079923
vt 0.36827779 0.95214468
vt 0.37022719 0.95064157
vt 0.37036249 0.95221353
vt 0.34521499 0.94868588
vt 0.31613371 0.95080191
vt 0.34998941 0.95227122
vt 0.35207719 0.95227093
vt 0.33445999 0.94982511
vt 0.33460981 0.95204431
vt 0.31418449 0.95229518
vt 0.31626901 0.95236528
vt 0.23763560 0.94836909
vt 0.91504240 0.11400170
vt 0.91712362 0.11404700
vt 0.25604680 0.94803679
vt 0.31155461 0.95080203
vt 0.95042431 0.10333400
vt 0.95057529 0.10197780
vt 0.95265591 0.10186790
vt 0.95250481 0.10322400
vt 0.25407940 0.94609022
vt 0.25616699 0.94608933
vt 0.32505980 0.95214963
vt 0.32297859 0.95224559
vt 0.24696679 0.94625372
vt 0.24681941 0.94831192
vt 0.35911909 0.95226872
vt 0.36108661 0.95032197
vt 0.36120671 0.95226938
vt 0.24237680 0.94626111
vt 0.94565618 0.85435307
vt 0.94565618 0.85657662
vt 0.34047291 0.94646859
vt 0.94580561 0.85224468
vt 0.37936589 0.94611311
vt 0.38145360 0.94611323
vt 0.91712362 0.09957653
vt 0.91697431 0.10168210
vt 0.30502599 0.95230418
vt 0.30697531 0.95080322
vt 0.30711061 0.95237333
vt 0.34506550 0.94646811
vt 0.30697531 0.94863582
vt 0.33445999 0.94771332
vt 0.30711061 0.94645202
vt 0.35631049 0.95227063
vt 0.35422271 0.95227081
vt 0.33252871 0.94637239
vt 0.33460981 0.94627488
vt 0.35631049 0.94611311
vt 0.35422271 0.94611323
vt 0.33001739 0.95204651
vt 0.24488540 0.95228642
vt 0.24681941 0.95053238
vt 0.24696679 0.95232022
vt 0.94372439 0.85827368
vt 0.94580561 0.85831922
vt 0.31874529 0.95239103
vt 0.32071349 0.95039821
vt 0.32083300 0.95238137
vt 0.32793629 0.94637209
vt 0.33001739 0.94627488
vt 0.36369839 0.95217007
vt 0.36565050 0.95060349
vt 0.36578330 0.95222819
vt 0.37022719 0.94847339
vt 0.37036249 0.94629008
vt 0.95250481 0.10528630
vt 0.23778491 0.94626057
vt 0.95265591 0.10750190
vt 0.30960530 0.95230103
vt 0.31168979 0.95237041
vt 0.02090424 0.75823700
vt 0.83030242 0.42375270
vt 0.02219069 0.76456821
vt 0.40857059 0.56882137
vt 0.57966822 0.51079333
vt 0.49243650 0.61020780
vt 0.90883100 0.67892212
vt 0.91078281 0.68004900
vt 0.91190970 0.68200088
vt 0.91078281 0.68620652
vt 0.90883100 0.68733352
vt 0.90657711 0.68733352
vt 0.90462518 0.68620652
vt 0.90349829 0.68425471
vt 0.90462518 0.68004900
vt 0.92223352 0.86568397
vt 0.92223352 0.86792117
vt 0.92111492 0.86985868
vt 0.91694021 0.87097710
vt 0.91500282 0.86985862
vt 0.91388422 0.86792099
vt 0.91500288 0.86374640
vt 0.91694039 0.86262792
vt 0.91917747 0.86262792
vt 0.90332693 0.86570680
vt 0.90445387 0.86375481
vt 0.90640581 0.86262792
vt 0.90865970 0.86262792
vt 0.91061163 0.86375493
vt 0.91173857 0.86796081
vt 0.90865970 0.87103963
vt 0.90640581 0.87103963
vt 0.90445387 0.86991262
vt 0.91800022 0.11934050
vt 0.91800022 0.12159370
vt 0.91687357 0.12354510
vt 0.91266912 0.12467160
vt 0.91071773 0.12354490
vt 0.90959120 0.12159360
vt 0.90959132 0.11934040
vt 0.91071790 0.11738910
vt 0.91492242 0.11626260
vt 0.91575760 0.86048228
vt 0.91380632 0.85935569
vt 0.91267967 0.85740447
vt 0.91267967 0.85515130
vt 0.91380632 0.85320008
vt 0.91575748 0.85207361
vt 0.91801071 0.85207361
vt 0.92108852 0.85515130
vt 0.91996193 0.85935569
vt 0.90412009 0.10248450
vt 0.90524691 0.10053260
vt 0.90719891 0.09940576
vt 0.91140461 0.10053260
vt 0.91253150 0.10248450
vt 0.91253150 0.10473820
vt 0.91140461 0.10669010
vt 0.90945262 0.10781710
vt 0.90524691 0.10669020
vt 0.48025370 0.42356181
vt 0.49249041 0.42351931
vt 0.50461650 0.42515740
vt 0.51643503 0.42832151
vt 0.53833193 0.43912721
vt 0.52774072 0.43300030
vt 0.54806030 0.44655001
vt 0.55667770 0.45523879
vt 0.56415510 0.46492419
vt 0.57023168 0.47554499
vt 0.57494980 0.48683441
vt 0.57807279 0.49866489
vt 0.57966822 0.52302682
vt 0.55664748 0.57857227
vt 0.57811439 0.53516507
vt 0.57490849 0.54697472
vt 0.57022971 0.55828041
vt 0.56410283 0.56887138
vt 0.54799122 0.58721727
vt 0.53830582 0.59469467
vt 0.52770400 0.60080951
vt 0.51639563 0.60548937
vt 0.50457340 0.60865438
vt 0.48020321 0.61020780
vt 0.46807379 0.60861218
vt 0.45624080 0.60548842
vt 0.44494960 0.60076928
vt 0.43435851 0.59464240
vt 0.42465779 0.58718711
vt 0.41601259 0.57853079
vt 0.40245870 0.55822468
vt 0.39302221 0.52297622
vt 0.39774060 0.54693520
vt 0.39457560 0.53511298
vt 0.39302221 0.51074290
vt 0.40858760 0.46489811
vt 0.39457601 0.49860439
vt 0.39774171 0.48678041
vt 0.40242270 0.47546950
vt 0.41604289 0.45519730
vt 0.42467061 0.44652051
vt 0.43440861 0.43911031
vt 0.44498640 0.43296000
vt 0.45629480 0.42828020
vt 0.46812519 0.42515731
f 1/1/1 2/2/2 3/3/3
f 1/1/1 3/3/3 4/4/4
f 5/5/5 6/6/6 7/7/7
f 5/5/5 7/7/7 8/8/8
f 9/9/9 10/10/10 11/11/11
f 9/9/9 11/11/11 12/12/12
f 13/13/13 14/14/14 15/15/15
f 13/13/13 15/15/15 16/16/16
f 17/17/17 18/18/18 19/19/19
f 17/17/17 19/19/19 20/20/20
f 21/21/21 22/22/22 23/23/23
f 21/21/21 23/23/23 24/24/24
f 25/25/25 26/26/26 27/27/27
f 25/25/25 27/27/27 28/28/28
f 29/29/29 30/30/30 31/31/31
f 29/29/29 31/31/31 32/32/32
f 2/2/2 33/33/33 5/5/5
f 2/2/2 5/5/5 3/3/3
f 10/10/10 34/34/34 35/35/35
f 10/10/10 35/35/35 11/11/11
f 14/14/14 36/36/36 37/37/37
f 14/14/14 37/37/37 15/15/15
f 18/18/18 38/38/38 39/39/39
f 18/18/18 39/39/39 19/19/19
f 22/22/22 40/40/40 41/41/41
f 22/22/22 41/41/41 23/23/23
f 26/26/26 42/42/42 43/43/43
f 26/26/26 43/43/43 27/27/27
f 30/30/30 44/44/44 45/45/45
f 30/30/30 45/45/45 31/31/31
f 33/33/33 46/46/46 6/6/6
f 33/33/33 6/6/6 5/5/5
f 34/34/34 47/47/47 48/48/48
f 34/34/34 48/48/48 35/35/35
f 36/36/36 49/49/49 50/50/50
f 36/36/36 50/50/50 37/37/37
f 51/51/51 52/52/52 53/53/53
f 51/51/51 53/53/53 54/54/54
f 38/38/38 55/55/55 56/56/56
f 38/38/38 56/56/56 39/39/39
f 57/57/57 58/58/58 59/59/59
f 57/57/57 59/59/59 60/60/60
f 42/42/42 61/61/61 62/62/62
f 42/42/42 62/62/62 43/43/43
f 44/44/44 63/63/63 64/64/64
f 44/44/44 64/64/64 45/45/45
f 46/46/46 65/65/65 66/66/66
f 46/46/46 66/66/66 6/6/6
f 47/47/47 67/67/67 68/68/68
f 47/47/47 68/68/68 48/48/48
f 49/49/49 69/69/69 70/70/70
f 49/49/49 70/70/70 50/50/50
f 52/52/52 1/1/1 4/4/4
f 52/52/52 4/4/4 53/53/53
f 71/71/71 9/9/9 12/12/12
f 71/71/71 12/12/12 72/72/72
f 61/61/61 73/73/73 74/74/74
f 61/61/61 74/74/74 62/62/62
f 63/63/63 17/17/17 20/20/20
f 63/63/63 20/20/20 64/64/64
f 65/65/65 21/21/21 24/24/24
f 65/65/65 24/24/24 66/66/66
f 75/75/75 76/76/76 77/77/77
f 75/75/75 77/77/77 78/78/78
f 79/79/79 80/80/80 81/81/81
f 79/79/79 81/81/81 82/82/82
f 39/39/39 56/56/56 83/83/83
f 39/39/39 83/83/83 84/84/84
f 43/43/43 62/62/62 85/85/85
f 43/43/43 85/85/85 86/86/86
f 6/6/6 66/66/66 87/87/87
f 6/6/6 87/87/87 7/7/7
f 62/62/62 74/74/74 88/88/88
f 62/62/62 88/88/88 85/85/85
f 66/66/66 24/24/24 89/89/89
f 66/66/66 89/89/89 87/87/87
f 16/16/16 15/15/15 90/90/90
f 16/16/16 90/90/90 91/91/91
f 24/24/24 23/23/23 92/92/92
f 24/24/24 92/92/92 89/89/89
f 15/15/15 37/37/37 93/93/93
f 15/15/15 93/93/93 90/90/90
f 23/23/23 41/41/41 94/94/94
f 23/23/23 94/94/94 92/92/92
f 37/37/37 50/50/50 95/95/95
f 37/37/37 95/95/95 93/93/93
f 60/60/60 59/59/59 96/96/96
f 60/60/60 96/96/96 97/97/97
f 50/50/50 70/70/70 98/98/98
f 50/50/50 98/98/98 95/95/95
f 72/72/72 12/12/12 99/99/99
f 72/72/72 99/99/99 100/100/100
f 82/82/82 81/81/81 101/101/101
f 82/82/82 101/101/101 102/102/102
f 12/12/12 11/11/11 103/103/103
f 12/12/12 103/103/103 99/99/99
f 32/32/32 31/31/31 104/104/104
f 32/32/32 104/104/104 105/105/105
f 11/11/11 35/35/35 106/106/106
f 11/11/11 106/106/106 103/103/103
f 31/31/31 45/45/45 107/107/107
f 31/31/31 107/107/107 104/104/104
f 35/35/35 48/48/48 108/108/108
f 35/35/35 108/108/108 106/106/106
f 54/54/54 53/53/53 109/109/109
f 54/54/54 109/109/109 110/110/110
f 45/45/45 64/64/64 111/111/111
f 45/45/45 111/111/111 107/107/107
f 48/48/48 68/68/68 112/112/112
f 48/48/48 112/112/112 108/108/108
f 53/53/53 4/4/4 113/113/113
f 53/53/53 113/113/113 109/109/109
f 64/64/64 20/20/20 114/114/114
f 64/64/64 114/114/114 111/111/111
f 78/78/78 77/77/77 115/115/115
f 78/78/78 115/115/115 116/116/116
f 4/4/4 3/3/3 117/117/117
f 4/4/4 117/117/117 113/113/113
f 20/20/20 19/19/19 118/118/118
f 20/20/20 118/118/118 114/114/114
f 28/28/28 27/27/27 119/119/119
f 28/28/28 119/119/119 120/120/120
f 3/3/3 5/5/5 8/8/8
f 3/3/3 8/8/8 117/117/117
f 19/19/19 39/39/39 84/84/84
f 19/19/19 84/84/84 118/118/118
f 27/27/27 43/43/43 86/86/86
f 27/27/27 86/86/86 119/119/119
f 59/59/59 72/72/72 100/100/100
f 59/59/59 100/100/100 96/96/96
f 58/58/58 71/71/71 72/72/72
f 58/58/58 72/72/72 59/59/59
f 68/68/68 78/78/78 116/116/116
f 68/68/68 116/116/116 112/112/112
f 67/67/67 75/75/75 78/78/78
f 67/67/67 78/78/78 68/68/68
f 74/74/74 16/16/16 91/91/91
f 74/74/74 91/91/91 88/88/88
f 73/73/73 13/13/13 16/16/16
f 73/73/73 16/16/16 74/74/74
f 81/81/81 32/32/32 105/105/105
f 81/81/81 105/105/105 101/101/101
f 80/80/80 29/29/29 32/32/32
f 80/80/80 32/32/32 81/81/81
f 121/121/121 122/122/122 123/123/123
f 121/121/121 123/123/123 124/124/124
f 124/124/124 123/123/123 125/125/125
f 124/124/124 125/125/125 126/126/126
f 126/126/126 125/125/125 127/127/127
f 126/126/126 127/127/127 128/128/128
f 128/128/128 127/127/127 129/129/129
f 128/128/128 129/129/129 130/130/130
f 130/130/130 129/129/129 131/131/131
f 130/130/130 131/131/131 132/132/132
f 132/132/132 131/131/131 133/133/133
f 132/132/132 133/133/133 134/134/134
f 134/134/134 133/133/133 135/135/135
f 134/134/134 135/135/135 136/136/136
f 136/136/136 135/135/135 137/137/137
f 136/136/136 137/137/137 138/138/138
f 138/138/138 137/137/137 139/139/139
f 138/138/138 139/139/139 140/140/140
f 141/141/141 142/142/142 143/143/143
f 141/141/141 143/143/143 144/144/144
f 145/145/145 146/146/146 147/147/147
f 145/145/145 147/147/147 148/148/148
f 148/148/148 147/147/147 149/149/149
f 148/148/148 149/149/149 150/150/150
f 150/150/150 149/149/149 151/151/151
f 150/150/150 151/151/151 152/152/152
f 152/152/152 151/151/151 153/153/153
f 152/152/152 153/153/153 154/154/154
f 154/154/154 153/153/153 155/155/155
f 154/154/154 155/155/155 156/156/156
f 157/157/157 158/158/158 159/159/159
f 157/157/157 159/159/159 160/160/160
f 161/161/161 162/162/162 163/163/163
f 161/161/161 163/163/163 164/164/164
f 164/164/164 163/163/163 165/165/165
f 164/164/164 165/165/165 166/166/166
f 166/166/166 165/165/165 167/167/167
f 166/166/166 167/167/167 168/168/168
f 168/168/168 167/167/167 169/169/169
f 168/168/168 169/169/169 170/170/170
f 171/171/171 172/172/172 173/173/173
f 171/171/171 173/173/173 174/174/174
f 174/174/174 173/173/173 175/175/175
f 174/174/174 175/175/175 176/176/176
f 176/176/176 175/175/175 177/177/177
f 176/176/176 177/177/177 178/178/178
f 178/178/178 177/177/177 179/179/179
f 178/178/178 179/179/179 180/180/180
f 181/181/181 182/182/182 183/183/183
f 181/181/181 183/183/183 184/184/184
f 185/185/185 186/186/186 187/187/187
f 185/185/185 187/187/187 188/188/188
f 188/188/188 187/187/187 189/189/189
f 188/188/188 189/189/189 190/190/190
f 190/190/190 189/189/189 191/191/191
f 190/190/190 191/191/191 192/192/192
f 192/192/192 191/191/191 193/193/193
f 192/192/192 193/193/193 194/194/194
f 194/194/194 193/193/193 195/195/195
f 194/194/194 195/195/195 196/196/196
f 196/196/196 195/195/195 197/197/197
f 196/196/196 197/197/197 198/198/198
f 198/198/198 197/197/197 199/199/199
f 198/198/198 199/199/199 200/200/200
f 144/144/144 143/143/143 146/146/146
f 144/144/144 146/146/146 145/145/145
f 156/156/156 155/155/155 158/158/158
f 156/156/156 158/158/158 157/157/157
f 170/170/170 169/169/169 172/172/172
f 170/170/170 172/172/172 171/171/171
f 184/184/184 183/183/183 186/186/186
f 184/184/184 186/186/186 185/185/185
f 142/142/142 139/139/139 137/137/137
f 182/182/182 179/179/179 177/177/177
f 137/137/137 135/135/135 147/147/147
f 135/135/135 133/133/133 147/147/147
f 133/133/133 131/131/131 147/147/147
f 131/131/131 129/129/129 147/147/147
f 129/129/129 127/127/127 147/147/147
f 127/127/127 125/125/125 147/147/147
f 125/125/125 123/123/123 147/147/147
f 123/123/123 122/122/122 147/147/147
f 122/122/122 159/159/159 147/147/147
f 159/159/159 158/158/158 155/155/155
f 147/147/147 159/159/159 153/153/153
f 155/155/155 153/153/153 159/159/159
f 153/153/153 151/151/151 147/147/147
f 151/151/151 149/149/149 147/147/147
f 147/147/147 146/146/146 143/143/143
f 137/137/137 147/147/147 142/142/142
f 147/147/147 143/143/143 142/142/142
f 177/177/177 175/175/175 172/172/172
f 175/175/175 173/173/173 172/172/172
f 172/172/172 169/169/169 167/167/167
f 177/177/177 172/172/172 186/186/186
f 167/167/167 165/165/165 172/172/172
f 165/165/165 163/163/163 162/162/162
f 162/162/162 199/199/199 186/186/186
f 199/199/199 197/197/197 186/186/186
f 197/197/197 195/195/195 186/186/186
f 195/195/195 193/193/193 186/186/186
f 193/193/193 191/191/191 186/186/186
f 191/191/191 189/189/189 186/186/186
f 189/189/189 187/187/187 186/186/186
f 162/162/162 172/172/172 165/165/165
f 172/172/172 162/162/162 186/186/186
f 177/177/177 186/186/186 182/182/182
f 186/186/186 183/183/183 182/182/182
f 201/201/201 202/202/202 203/203/203
f 201/201/201 203/203/203 204/204/204
f 205/205/205 206/206/206 207/207/207
f 205/205/205 207/207/207 208/208/208
f 209/209/209 210/210/210 211/211/211
f 209/209/209 211/211/211 212/212/212
f 213/213/213 214/214/214 215/215/215
f 213/213/213 215/215/215 216/216/216
f 217/217/217 218/218/218 219/219/219
f 217/217/217 219/219/219 220/220/220
f 221/221/221 222/222/222 223/223/223
f 221/221/221 223/223/223 224/224/224
f 225/225/225 226/226/226 227/227/227
f 225/225/225 227/227/227 228/228/228
f 229/229/229 230/230/230 231/231/231
f 229/229/229 231/231/231 232/232/232
f 233/233/233 229/229/229 232/232/232
f 233/233/233 232/232/232 234/234/234
f 235/235/235 217/217/217 220/220/220
f 235/235/235 220/220/220 236/236/236
f 237/237/237 221/221/221 224/224/224
f 237/237/237 224/224/224 238/238/238
f 239/239/239 233/233/233 234/234/234
f 239/239/239 234/234/234 240/240/240
f 241/241/241 242/242/242 243/243/243
f 241/241/241 243/243/243 244/244/244
f 245/245/245 237/237/237 238/238/238
f 245/245/245 238/238/238 246/246/246
f 247/247/247 209/209/209 212/212/212
f 247/247/247 212/212/212 248/248/248
f 249/249/249 239/239/239 240/240/240
f 249/249/249 240/240/240 250/250/250
f 251/251/251 241/241/241 244/244/244
f 251/251/251 244/244/244 252/252/252
f 202/202/202 245/245/245 246/246/246
f 202/202/202 246/246/246 203/203/203
f 253/253/253 254/254/254 255/255/255
f 253/253/253 255/255/255 256/256/256
f 257/257/257 258/258/258 259/259/259
f 257/257/257 259/259/259 260/260/260
f 261/261/261 251/251/251 252/252/252
f 261/261/261 252/252/252 262/262/262
f 263/263/263 264/264/264 265/265/265
f 263/263/263 265/265/265 266/266/266
f 267/267/267 268/268/268 269/269/269
f 267/267/267 269/269/269 270/270/270
f 271/271/271 201/201/201 204/204/204
f 271/271/271 204/204/204 272/272/272
f 273/273/273 247/247/247 248/248/248
f 273/273/273 248/248/248 274/274/274
f 275/275/275 257/257/257 260/260/260
f 275/275/275 260/260/260 276/276/276
f 277/277/277 261/261/261 262/262/262
f 277/277/277 262/262/262 278/278/278
f 279/279/279 280/280/280 281/281/281
f 279/279/279 281/281/281 282/282/282
f 283/283/283 273/273/273 274/274/274
f 283/283/283 274/274/274 284/284/284
f 285/285/285 275/275/275 276/276/276
f 285/285/285 276/276/276 286/286/286
f 287/287/287 277/277/277 278/278/278
f 287/287/287 278/278/278 288/288/288
f 289/289/289 290/290/290 291/291/291
f 289/289/289 291/291/291 292/292/292
f 293/293/293 283/283/283 284/284/284
f 293/293/293 284/284/284 294/294/294
f 295/295/295 296/296/296 297/297/297
f 295/295/295 297/297/297 298/298/298
f 299/299/299 300/300/300 301/301/301
f 299/299/299 301/301/301 302/302/302
f 303/303/303 304/304/304 305/305/305
f 303/303/303 305/305/305 306/306/306
f 307/307/307 293/293/293 294/294/294
f 307/307/307 294/294/294 308/308/308
f 309/309/309 285/285/285 286/286/286
f 309/309/309 286/286/286 310/310/310
f 311/311/311 287/287/287 288/288/288
f 311/311/311 288/288/288 312/312/312
f 313/313/313 314/314/314 315/315/315
f 313/313/313 315/315/315 316/316/316
f 317/317/317 307/307/307 308/308/308
f 317/317/317 308/308/308 318/318/318
f 319/319/319 320/320/320 321/321/321
f 319/319/319 321/321/321 322/322/322
f 323/323/323 324/324/324 325/325/325
f 323/323/323 325/325/325 326/326/326
f 218/218/218 319/319/319 322/322/322
f 218/218/218 322/322/322 219/219/219
f 327/327/327 328/328/328 329/329/329
f 327/327/327 329/329/329 330/330/330
f 222/222/222 331/331/331 332/332/332
f 222/222/222 332/332/332 223/223/223
f 333/333/333 334/334/334 335/335/335
f 333/333/333 335/335/335 336/336/336
f 337/337/337 313/313/313 316/316/316
f 337/337/337 316/316/316 338/338/338
f 339/339/339 340/340/340 341/341/341
f 339/339/339 341/341/341 342/342/342
f 230/230/230 333/333/333 336/336/336
f 230/230/230 336/336/336 231/231/231
f 343/343/343 344/344/344 345/345/345
f 343/343/343 345/345/345 346/346/346
f 304/304/304 279/279/279 282/282/282
f 304/304/304 282/282/282 305/305/305
f 347/347/347 348/348/348 349/349/349
f 347/347/347 349/349/349 350/350/350
f 351/351/351 352/352/352 353/353/353
f 351/351/351 353/353/353 354/354/354
f 355/355/355 356/356/356 357/357/357
f 355/355/355 357/357/357 358/358/358
f 359/359/359 360/360/360 361/361/361
f 359/359/359 361/361/361 362/362/362
f 352/352/352 253/253/253 256/256/256
f 352/352/352 256/256/256 353/353/353
f 254/254/254 363/363/363 364/364/364
f 254/254/254 364/364/364 255/255/255
f 360/360/360 225/225/225 228/228/228
f 360/360/360 228/228/228 361/361/361
f 206/206/206 365/365/365 366/366/366
f 206/206/206 366/366/366 207/207/207
f 367/367/367 213/213/213 216/216/216
f 367/367/367 216/216/216 368/368/368
f 369/369/369 295/295/295 298/298/298
f 369/369/369 298/298/298 370/370/370
f 264/264/264 311/311/311 312/312/312
f 264/264/264 312/312/312 265/265/265
f 371/371/371 327/327/327 330/330/330
f 371/371/371 330/330/330 372/372/372
f 373/373/373 374/374/374 375/375/375
f 373/373/373 375/375/375 376/376/376
f 210/210/210 309/309/309 310/310/310
f 210/210/210 310/310/310 211/211/211
f 377/377/377 373/373/373 376/376/376
f 377/377/377 376/376/376 378/378/378
f 226/226/226 371/371/371 372/372/372
f 226/226/226 372/372/372 227/227/227
f 296/296/296 379/379/379 380/380/380
f 296/296/296 380/380/380 297/297/297
f 374/374/374 299/299/299 302/302/302
f 374/374/374 302/302/302 375/375/375
f 331/331/331 339/339/339 342/342/342
f 331/331/331 342/342/342 332/332/332
f 379/379/379 381/381/381 382/382/382
f 379/379/379 382/382/382 380/380/380
f 300/300/300 205/205/205 208/208/208
f 300/300/300 208/208/208 301/301/301
f 280/280/280 383/383/383 384/384/384
f 280/280/280 384/384/384 281/281/281
f 214/214/214 385/385/385 386/386/386
f 214/214/214 386/386/386 215/215/215
f 365/365/365 387/387/387 388/388/388
f 365/365/365 388/388/388 366/366/366
f 383/383/383 359/359/359 362/362/362
f 383/383/383 362/362/362 384/384/384
f 385/385/385 389/389/389 390/390/390
f 385/385/385 390/390/390 386/386/386
f 391/391/391 392/392/392 393/393/393
f 391/391/391 393/393/393 394/394/394
f 242/242/242 235/235/235 236/236/236
f 242/242/242 236/236/236 243/243/243
f 324/324/324 395/395/395 396/396/396
f 324/324/324 396/396/396 325/325/325
f 389/389/389 397/397/397 398/398/398
f 389/389/389 398/398/398 390/390/390
f 392/392/392 351/351/351 354/354/354
f 392/392/392 354/354/354 393/393/393
f 356/356/356 343/343/343 346/346/346
f 356/356/356 346/346/346 357/357/357
f 290/290/290 271/271/271 272/272/272
f 290/290/290 272/272/272 291/291/291
f 397/397/397 399/399/399 400/400/400
f 397/397/397 400/400/400 398/398/398
f 320/320/320 267/267/267 270/270/270
f 320/320/320 270/270/270 321/321/321
f 344/344/344 401/401/401 402/402/402
f 344/344/344 402/402/402 345/345/345
f 334/334/334 337/337/337 338/338/338
f 334/334/334 338/338/338 335/335/335
f 403/403/403 323/323/323 326/326/326
f 403/403/403 326/326/326 404/404/404
f 405/405/405 406/406/406 407/407/407
f 405/405/405 407/407/407 408/408/408
f 406/406/406 347/347/347 350/350/350
f 406/406/406 350/350/350 407/407/407
f 399/399/399 403/403/403 404/404/404
f 399/399/399 404/404/404 400/400/400
f 314/314/314 409/409/409 410/410/410
f 314/314/314 410/410/410 315/315/315
f 387/387/387 355/355/355 358/358/358
f 387/387/387 358/358/358 388/388/388
f 411/411/411 412/412/412 275/275/275
f 411/411/411 275/275/275 285/285/285
f 412/412/412 413/413/413 257/257/257
f 412/412/412 257/257/257 275/275/275
f 414/414/414 415/415/415 233/233/233
f 414/414/414 233/233/233 239/239/239
f 415/415/415 416/416/416 229/229/229
f 415/415/415 229/229/229 233/233/233
f 416/416/416 417/417/417 230/230/230
f 416/416/416 230/230/230 229/229/229
f 417/417/417 418/418/418 333/333/333
f 417/417/417 333/333/333 230/230/230
f 419/419/419 420/420/420 313/313/313
f 419/419/419 313/313/313 337/337/337
f 420/420/420 421/421/421 314/314/314
f 420/420/420 314/314/314 313/313/313
f 422/422/422 423/423/423 271/271/271
f 422/422/422 271/271/271 290/290/290
f 423/423/423 424/424/424 201/201/201
f 423/423/423 201/201/201 271/271/271
f 425/425/425 426/426/426 237/237/237
f 425/425/425 237/237/237 245/245/245
f 426/426/426 427/427/427 221/221/221
f 426/426/426 221/221/221 237/237/237
f 428/428/428 429/429/429 339/339/339
f 428/428/428 339/339/339 331/331/331
f 429/429/429 430/430/430 340/340/340
f 429/429/429 340/340/340 339/339/339
f 431/431/431 432/432/432 287/287/287
f 431/431/431 287/287/287 311/311/311
f 432/432/432 433/433/433 277/277/277
f 432/432/432 277/277/277 287/287/287
f 434/434/434 435/435/435 241/241/241
f 434/434/434 241/241/241 251/251/251
f 435/435/435 436/436/436 242/242/242
f 435/435/435 242/242/242 241/241/241
f 437/437/437 438/438/438 218/218/218
f 437/437/437 218/218/218 217/217/217
f 438/438/438 439/439/439 319/319/319
f 438/438/438 319/319/319 218/218/218
f 440/440/440 441/441/441 268/268/268
f 440/440/440 268/268/268 267/267/267
f 442/442/442 443/443/443 307/307/307
f 442/442/442 307/307/307 317/317/317
f 444/444/444 445/445/445 273/273/273
f 444/444/444 273/273/273 283/283/283
f 445/445/445 446/446/446 247/247/247
f 445/445/445 247/247/247 273/273/273
f 446/446/446 447/447/447 209/209/209
f 446/446/446 209/209/209 247/247/247
f 447/447/447 448/448/448 210/210/210
f 447/447/447 210/210/210 209/209/209
f 443/443/443 449/449/449 293/293/293
f 443/443/443 293/293/293 307/307/307
f 449/449/449 444/444/444 283/283/283
f 449/449/449 283/283/283 293/293/293
f 439/439/439 450/450/450 320/320/320
f 439/439/439 320/320/320 319/319/319
f 450/450/450 440/440/440 267/267/267
f 450/450/450 267/267/267 320/320/320
f 436/436/436 451/451/451 235/235/235
f 436/436/436 235/235/235 242/242/242
f 451/451/451 437/437/437 217/217/217
f 451/451/451 217/217/217 235/235/235
f 433/433/433 452/452/452 261/261/261
f 433/433/433 261/261/261 277/277/277
f 452/452/452 434/434/434 251/251/251
f 452/452/452 251/251/251 261/261/261
f 453/453/453 454/454/454 264/264/264
f 453/453/453 264/264/264 263/263/263
f 454/454/454 431/431/431 311/311/311
f 454/454/454 311/311/311 264/264/264
f 427/427/427 455/455/455 222/222/222
f 427/427/427 222/222/222 221/221/221
f 455/455/455 428/428/428 331/331/331
f 455/455/455 331/331/331 222/222/222
f 424/424/424 456/456/456 202/202/202
f 424/424/424 202/202/202 201/201/201
f 456/456/456 425/425/425 245/245/245
f 456/456/456 245/245/245 202/202/202
f 421/421/421 457/457/457 409/409/409
f 421/421/421 409/409/409 314/314/314
f 458/458/458 422/422/422 290/290/290
f 458/458/458 290/290/290 289/289/289
f 418/418/418 459/459/459 334/334/334
f 418/418/418 334/334/334 333/333/333
f 459/459/459 419/419/419 337/337/337
f 459/459/459 337/337/337 334/334/334
f 413/413/413 460/460/460 258/258/258
f 413/413/413 258/258/258 257/257/257
f 461/461/461 414/414/414 239/239/239
f 461/461/461 239/239/239 249/249/249
f 448/448/448 462/462/462 309/309/309
f 448/448/448 309/309/309 210/210/210
f 462/462/462 411/411/411 285/285/285
f 462/462/462 285/285/285 309/309/309
f 363/363/363 369/369/369 370/370/370
f 363/363/363 370/370/370 364/364/364
f 463/463/463 464/464/464 465/465/465
f 463/463/463 465/465/465 466/466/466
f 467/467/467 468/468/468 469/469/469
f 467/467/467 469/469/469 470/470/470
f 464/464/464 471/471/471 472/472/472
f 464/464/464 472/472/472 465/465/465
f 468/468/468 473/473/473 474/474/474
f 468/468/468 474/474/474 469/469/469
f 471/471/471 475/475/475 476/476/476
f 471/471/471 476/476/476 472/472/472
f 473/473/473 477/477/477 478/478/478
f 473/473/473 478/478/478 474/474/474
f 479/479/479 480/480/480 481/481/481
f 479/479/479 481/481/481 482/482/482
f 477/477/477 483/483/483 484/484/484
f 477/477/477 484/484/484 478/478/478
f 480/480/480 485/485/485 486/486/486
f 480/480/480 486/486/486 481/481/481
f 487/487/487 488/488/488 489/489/489
f 487/487/487 489/489/489 490/490/490
f 485/485/485 491/491/491 492/492/492
f 485/485/485 492/492/492 486/486/486
f 493/493/493 494/494/494 495/495/495
f 493/493/493 495/495/495 496/496/496
f 491/491/491 497/497/497 498/498/498
f 491/491/491 498/498/498 492/492/492
f 499/499/499 500/500/500 501/501/501
f 499/499/499 501/501/501 502/502/502
f 494/494/494 503/503/503 504/504/504
f 494/494/494 504/504/504 495/495/495
f 497/497/497 505/505/505 506/506/506
f 497/497/497 506/506/506 498/498/498
f 500/500/500 507/507/507 508/508/508
f 500/500/500 508/508/508 501/501/501
f 503/503/503 509/509/509 510/510/510
f 503/503/503 510/510/510 504/504/504
f 511/511/511 512/512/512 513/513/513
f 511/511/511 513/513/513 514/514/514
f 507/507/507 515/515/515 516/516/516
f 507/507/507 516/516/516 508/508/508
f 509/509/509 517/517/517 518/518/518
f 509/509/509 518/518/518 510/510/510
f 512/512/512 519/519/519 520/520/520
f 512/512/512 520/520/520 513/513/513
f 515/515/515 521/521/521 522/522/522
f 515/515/515 522/522/522 516/516/516
f 517/517/517 523/523/523 524/524/524
f 517/517/517 524/524/524 518/518/518
f 519/519/519 525/525/525 526/526/526
f 519/519/519 526/526/526 520/520/520
f 527/527/527 528/528/528 529/529/529
f 527/527/527 529/529/529 530/530/530
f 523/523/523 499/499/499 502/502/502
f 523/523/523 502/502/502 524/524/524
f 531/531/531 532/532/532 533/533/533
f 531/531/531 533/533/533 534/534/534
f 528/528/528 535/535/535 536/536/536
f 528/528/528 536/536/536 529/529/529
f 532/532/532 537/537/537 538/538/538
f 532/532/532 538/538/538 533/533/533
f 535/535/535 463/463/463 466/466/466
f 535/535/535 466/466/466 536/536/536
f 539/539/539 467/467/467 470/470/470
f 539/539/539 470/470/470 540/540/540
f 541/541/541 542/542/542 467/467/467
f 541/541/541 467/467/467 539/539/539
f 543/543/543 544/544/544 463/463/463
f 543/543/543 463/463/463 535/535/535
f 545/545/545 546/546/546 537/537/537
f 545/545/545 537/537/537 532/532/532
f 547/547/547 543/543/543 535/535/535
f 547/547/547 535/535/535 528/528/528
f 548/548/548 545/545/545 532/532/532
f 548/548/548 532/532/532 531/531/531
f 549/549/549 550/550/550 499/499/499
f 549/549/549 499/499/499 523/523/523
f 551/551/551 547/547/547 528/528/528
f 551/551/551 528/528/528 527/527/527
f 552/552/552 553/553/553 525/525/525
f 552/552/552 525/525/525 519/519/519
f 554/554/554 549/549/549 523/523/523
f 554/554/554 523/523/523 517/517/517
f 555/555/555 556/556/556 521/521/521
f 555/555/555 521/521/521 515/515/515
f 557/557/557 552/552/552 519/519/519
f 557/557/557 519/519/519 512/512/512
f 558/558/558 554/554/554 517/517/517
f 558/558/558 517/517/517 509/509/509
f 559/559/559 555/555/555 515/515/515
f 559/559/559 515/515/515 507/507/507
f 560/560/560 557/557/557 512/512/512
f 560/560/560 512/512/512 511/511/511
f 561/561/561 558/558/558 509/509/509
f 561/561/561 509/509/509 503/503/503
f 562/562/562 559/559/559 507/507/507
f 562/562/562 507/507/507 500/500/500
f 563/563/563 564/564/564 505/505/505
f 563/563/563 505/505/505 497/497/497
f 565/565/565 561/561/561 503/503/503
f 565/565/565 503/503/503 494/494/494
f 550/550/550 562/562/562 500/500/500
f 550/550/550 500/500/500 499/499/499
f 566/566/566 563/563/563 497/497/497
f 566/566/566 497/497/497 491/491/491
f 567/567/567 565/565/565 494/494/494
f 567/567/567 494/494/494 493/493/493
f 568/568/568 566/566/566 491/491/491
f 568/568/568 491/491/491 485/485/485
f 569/569/569 570/570/570 488/488/488
f 569/569/569 488/488/488 487/487/487
f 571/571/571 568/568/568 485/485/485
f 571/571/571 485/485/485 480/480/480
f 572/572/572 573/573/573 483/483/483
f 572/572/572 483/483/483 477/477/477
f 574/574/574 571/571/571 480/480/480
f 574/574/574 480/480/480 479/479/479
f 575/575/575 572/572/572 477/477/477
f 575/575/575 477/477/477 473/473/473
f 576/576/576 577/577/577 475/475/475
f 576/576/576 475/475/475 471/471/471
f 578/578/578 575/575/575 473/473/473
f 578/578/578 473/473/473 468/468/468
f 579/579/579 576/576/576 471/471/471
f 579/579/579 471/471/471 464/464/464
f 542/542/542 578/578/578 468/468/468
f 542/542/542 468/468/468 467/467/467
f 544/544/544 579/579/579 464/464/464
f 544/544/544 464/464/464 463/463/463
f 577/577/577 580/580/580 581/581/581
f 577/577/577 581/581/581 475/475/475
f 475/475/475 581/581/581 582/582/582
f 475/475/475 582/582/582 476/476/476
f 564/564/564 560/560/560 511/511/511
f 564/564/564 511/511/511 505/505/505
f 505/505/505 511/511/511 514/514/514
f 505/505/505 514/514/514 506/506/506
f 546/546/546 541/541/541 539/539/539
f 546/546/546 539/539/539 537/537/537
f 537/537/537 539/539/539 540/540/540
f 537/537/537 540/540/540 538/538/538
f 573/573/573 569/569/569 487/487/487
f 573/573/573 487/487/487 483/483/483
f 483/483/483 487/487/487 490/490/490
f 483/483/483 490/490/490 484/484/484
f 583/583/583 584/584/584 536/536/536
f 583/583/583 536/536/536 466/466/466
f 584/584/584 585/585/585 529/529/529
f 584/584/584 529/529/529 536/536/536
f 586/586/586 587/587/587 481/481/481
f 586/586/586 481/481/481 486/486/486
f 587/587/587 588/588/588 482/482/482
f 587/587/587 482/482/482 481/481/481
f 589/589/589 590/590/590 513/513/513
f 589/589/589 513/513/513 520/520/520
f 590/590/590 591/591/591 514/514/514
f 590/590/590 514/514/514 513/513/513
f 592/592/592 593/593/593 470/470/470
f 592/592/592 470/470/470 469/469/469
f 593/593/593 594/594/594 540/540/540
f 593/593/593 540/540/540 470/470/470
f 595/595/595 596/596/596 496/496/496
f 595/595/595 496/496/496 495/495/495
f 597/597/597 598/598/598 490/490/490
f 597/597/597 490/490/490 489/489/489
f 599/599/599 600/600/600 502/502/502
f 599/599/599 502/502/502 501/501/501
f 600/600/600 601/601/601 524/524/524
f 600/600/600 524/524/524 502/502/502
f 601/601/601 602/602/602 518/518/518
f 601/601/601 518/518/518 524/524/524
f 603/603/603 599/599/599 501/501/501
f 603/603/603 501/501/501 508/508/508
f 585/585/585 604/604/604 530/530/530
f 585/585/585 530/530/530 529/529/529
f 605/605/605 583/583/583 466/466/466
f 605/605/605 466/466/466 465/465/465
f 606/606/606 607/607/607 476/476/476
f 606/606/606 476/476/476 582/582/582
f 608/608/608 586/586/586 486/486/486
f 608/608/608 486/486/486 492/492/492
f 591/591/591 609/609/609 506/506/506
f 591/591/591 506/506/506 514/514/514
f 610/610/610 611/611/611 612/612/612
f 610/610/610 612/612/612 534/534/534
f 594/594/594 613/613/613 538/538/538
f 594/594/594 538/538/538 540/540/540
f 614/614/614 592/592/592 469/469/469
f 614/614/614 469/469/469 474/474/474
f 598/598/598 615/615/615 484/484/484
f 598/598/598 484/484/484 490/490/490
f 616/616/616 595/595/595 495/495/495
f 616/616/616 495/495/495 504/504/504
f 295/295/295 369/369/369 617/617/617
f 295/295/295 617/617/617 618/618/618
f 618/618/618 617/617/617 599/599/599
f 618/618/618 599/599/599 603/603/603
f 254/254/254 253/253/253 619/619/619
f 254/254/254 619/619/619 620/620/620
f 620/620/620 619/619/619 602/602/602
f 620/620/620 602/602/602 601/601/601
f 363/363/363 254/254/254 620/620/620
f 363/363/363 620/620/620 621/621/621
f 621/621/621 620/620/620 601/601/601
f 621/621/621 601/601/601 600/600/600
f 369/369/369 363/363/363 621/621/621
f 369/369/369 621/621/621 617/617/617
f 617/617/617 621/621/621 600/600/600
f 617/617/617 600/600/600 599/599/599
f 397/397/397 389/389/389 622/622/622
f 397/397/397 622/622/622 623/623/623
f 623/623/623 622/622/622 583/583/583
f 623/623/623 583/583/583 605/605/605
f 214/214/214 213/213/213 624/624/624
f 214/214/214 624/624/624 625/625/625
f 625/625/625 624/624/624 604/604/604
f 625/625/625 604/604/604 585/585/585
f 385/385/385 214/214/214 625/625/625
f 385/385/385 625/625/625 626/626/626
f 626/626/626 625/625/625 585/585/585
f 626/626/626 585/585/585 584/584/584
f 389/389/389 385/385/385 626/626/626
f 389/389/389 626/626/626 622/622/622
f 622/622/622 626/626/626 584/584/584
f 622/622/622 584/584/584 583/583/583
f 280/280/280 279/279/279 627/627/627
f 280/280/280 627/627/627 628/628/628
f 628/628/628 627/627/627 586/586/586
f 628/628/628 586/586/586 608/608/608
f 395/395/395 324/324/324 629/629/629
f 395/395/395 629/629/629 630/630/630
f 630/630/630 629/629/629 607/607/607
f 630/630/630 607/607/607 606/606/606
f 304/304/304 303/303/303 631/631/631
f 304/304/304 631/631/631 632/632/632
f 632/632/632 631/631/631 588/588/588
f 632/632/632 588/588/588 587/587/587
f 279/279/279 304/304/304 632/632/632
f 279/279/279 632/632/632 627/627/627
f 627/627/627 632/632/632 587/587/587
f 627/627/627 587/587/587 586/586/586
f 328/328/328 327/327/327 633/633/633
f 328/328/328 633/633/633 634/634/634
f 634/634/634 633/633/633 589/589/589
f 634/634/634 589/589/589 635/635/635
f 226/226/226 225/225/225 636/636/636
f 226/226/226 636/636/636 637/637/637
f 637/637/637 636/636/636 609/609/609
f 637/637/637 609/609/609 591/591/591
f 371/371/371 226/226/226 637/637/637
f 371/371/371 637/637/637 638/638/638
f 638/638/638 637/637/637 591/591/591
f 638/638/638 591/591/591 590/590/590
f 327/327/327 371/371/371 638/638/638
f 327/327/327 638/638/638 633/633/633
f 633/633/633 638/638/638 590/590/590
f 633/633/633 590/590/590 589/589/589
f 387/387/387 365/365/365 639/639/639
f 387/387/387 639/639/639 640/640/640
f 640/640/640 639/639/639 592/592/592
f 640/640/640 592/592/592 614/614/614
f 205/205/205 300/300/300 641/641/641
f 205/205/205 641/641/641 642/642/642
f 642/642/642 641/641/641 613/613/613
f 642/642/642 613/613/613 594/594/594
f 206/206/206 205/205/205 642/642/642
f 206/206/206 642/642/642 643/643/643
f 643/643/643 642/642/642 594/594/594
f 643/643/643 594/594/594 593/593/593
f 365/365/365 206/206/206 643/643/643
f 365/365/365 643/643/643 639/639/639
f 639/639/639 643/643/643 593/593/593
f 639/639/639 593/593/593 592/592/592
f 348/348/348 347/347/347 644/644/644
f 348/348/348 644/644/644 645/645/645
f 646/646/646 647/647/647 595/595/595
f 646/646/646 595/595/595 616/616/616
f 401/401/401 344/344/344 648/648/648
f 401/401/401 648/648/648 649/649/649
f 649/649/649 648/648/648 615/615/615
f 649/649/649 615/615/615 598/598/598
f 406/406/406 405/405/405 650/650/650
f 406/406/406 650/650/650 651/651/651
f 652/652/652 649/649/649 598/598/598
f 652/652/652 598/598/598 597/597/597
f 347/347/347 406/406/406 651/651/651
f 347/347/347 651/651/651 644/644/644
f 644/644/644 651/651/651 653/653/653
f 644/644/644 653/653/653 654/654/654
f 506/506/506 609/609/609 655/655/655
f 506/506/506 655/655/655 656/656/656
f 646/646/646 616/616/616 657/657/657
f 646/646/646 657/657/657 658/658/658
f 492/492/492 498/498/498 659/659/659
f 492/492/492 659/659/659 660/660/660
f 610/610/610 534/534/534 661/661/661
f 610/610/610 661/661/661 662/662/662
f 498/498/498 506/506/506 656/656/656
f 498/498/498 656/656/656 659/659/659
f 663/663/663 664/664/664 665/665/665
f 663/663/663 665/665/665 666/666/666
f 614/614/614 474/474/474 667/667/667
f 614/614/614 667/667/667 668/668/668
f 669/669/669 670/670/670 671/671/671
f 484/484/484 615/615/615 672/672/672
f 484/484/484 672/672/672 673/673/673
f 674/674/674 669/669/669 671/671/671
f 674/674/674 671/671/671 675/675/675
f 616/616/616 504/504/504 676/676/676
f 616/616/616 676/676/676 657/657/657
f 677/677/677 678/678/678 679/679/679
f 534/534/534 533/533/533 680/680/680
f 534/534/534 680/680/680 661/661/661
f 681/681/681 682/682/682 683/683/683
f 664/664/664 677/677/677 679/679/679
f 664/664/664 679/679/679 665/665/665
f 533/533/533 538/538/538 684/684/684
f 533/533/533 684/684/684 680/680/680
f 682/682/682 685/685/685 686/686/686
f 682/682/682 686/686/686 683/683/683
f 687/687/687 688/688/688 689/689/689
f 688/688/688 690/690/690 691/691/691
f 688/688/688 691/691/691 689/689/689
f 474/474/474 478/478/478 692/692/692
f 474/474/474 692/692/692 667/667/667
f 478/478/478 484/484/484 673/673/673
f 478/478/478 673/673/673 692/692/692
f 693/693/693 694/694/694 695/695/695
f 696/696/696 693/693/693 695/695/695
f 696/696/696 695/695/695 697/697/697
f 698/698/698 699/699/699 700/700/700
f 701/701/701 702/702/702 703/703/703
f 609/609/609 636/636/636 704/704/704
f 609/609/609 704/704/704 655/655/655
f 702/702/702 705/705/705 706/706/706
f 702/702/702 706/706/706 703/703/703
f 504/504/504 510/510/510 707/707/707
f 504/504/504 707/707/707 676/676/676
f 377/377/377 708/708/708 709/709/709
f 508/508/508 516/516/516 710/710/710
f 508/508/508 710/710/710 711/711/711
f 510/510/510 518/518/518 712/712/712
f 510/510/510 712/712/712 707/707/707
f 708/708/708 610/610/610 662/662/662
f 708/708/708 662/662/662 709/709/709
f 516/516/516 522/522/522 713/713/713
f 516/516/516 713/713/713 710/710/710
f 714/714/714 715/715/715 716/716/716
f 714/714/714 716/716/716 717/717/717
f 518/518/518 602/602/602 718/718/718
f 518/518/518 718/718/718 712/712/712
f 719/719/719 720/720/720 721/721/721
f 719/719/719 721/721/721 722/722/722
f 723/723/723 724/724/724 725/725/725
f 723/723/723 725/725/725 726/726/726
f 705/705/705 727/727/727 728/728/728
f 705/705/705 728/728/728 706/706/706
f 465/465/465 472/472/472 729/729/729
f 465/465/465 729/729/729 730/730/730
f 731/731/731 732/732/732 733/733/733
f 731/731/731 733/733/733 734/734/734
f 735/735/735 736/736/736 737/737/737
f 522/522/522 674/674/674 675/675/675
f 522/522/522 675/675/675 713/713/713
f 472/472/472 476/476/476 738/738/738
f 472/472/472 738/738/738 729/729/729
f 739/739/739 740/740/740 741/741/741
f 739/739/739 741/741/741 742/742/742
f 607/607/607 629/629/629 743/743/743
f 607/607/607 743/743/743 744/744/744
f 685/685/685 745/745/745 746/746/746
f 685/685/685 746/746/746 686/686/686
f 648/648/648 344/344/344 747/747/747
f 748/748/748 749/749/749 750/750/750
f 476/476/476 607/607/607 744/744/744
f 476/476/476 744/744/744 738/738/738
f 615/615/615 648/648/648 747/747/747
f 615/615/615 747/747/747 672/672/672
f 628/628/628 608/608/608 751/751/751
f 628/628/628 751/751/751 752/752/752
f 608/608/608 492/492/492 660/660/660
f 608/608/608 660/660/660 751/751/751
f 391/391/391 646/646/646 658/658/658
f 753/753/753 754/754/754 755/755/755
f 753/753/753 755/755/755 756/756/756
f 757/757/757 758/758/758 759/759/759
f 757/757/757 759/759/759 760/760/760
f 761/761/761 757/757/757 760/760/760
f 761/761/761 760/760/760 762/762/762
f 763/763/763 761/761/761 762/762/762
f 763/763/763 762/762/762 764/764/764
f 765/765/765 763/763/763 764/764/764
f 765/765/765 764/764/764 766/766/766
f 767/767/767 768/768/768 769/769/769
f 767/767/767 769/769/769 770/770/770
f 771/771/771 772/772/772 773/773/773
f 771/771/771 773/773/773 774/774/774
f 775/775/775 776/776/776 777/777/777
f 775/775/775 777/777/777 778/778/778
f 779/779/779 780/780/780 781/781/781
f 779/779/779 781/781/781 782/782/782
f 783/783/783 784/784/784 785/785/785
f 783/783/783 785/785/785 786/786/786
f 787/787/787 788/788/788 789/789/789
f 787/787/787 789/789/789 790/790/790
f 791/791/791 792/792/792 793/793/793
f 791/791/791 793/793/793 794/794/794
f 795/795/795 796/796/796 797/797/797
f 795/795/795 797/797/797 798/798/798
f 799/799/799 800/800/800 801/801/801
f 799/799/799 801/801/801 802/802/802
f 803/803/803 799/799/799 802/802/802
f 803/803/803 802/802/802 804/804/804
f 805/805/805 803/803/803 804/804/804
f 805/805/805 804/804/804 806/806/806
f 807/807/807 805/805/805 806/806/806
f 807/807/807 806/806/806 808/808/808
f 809/809/809 810/810/810 811/811/811
f 809/809/809 811/811/811 812/812/812
f 813/813/813 809/809/809 812/812/812
f 813/813/813 812/812/812 814/814/814
f 815/815/815 816/816/816 817/817/817
f 815/815/815 817/817/817 818/818/818
f 819/819/819 815/815/815 818/818/818
f 819/819/819 818/818/818 820/820/820
f 821/821/821 822/822/822 823/823/823
f 821/821/821 823/823/823 824/824/824
f 825/825/825 821/821/821 824/824/824
f 825/825/825 824/824/824 826/826/826
f 827/827/827 828/828/828 829/829/829
f 827/827/827 829/829/829 830/830/830
f 831/831/831 827/827/827 830/830/830
f 831/831/831 830/830/830 832/832/832
f 833/833/833 834/834/834 835/835/835
f 833/833/833 835/835/835 836/836/836
f 837/837/837 833/833/833 836/836/836
f 837/837/837 836/836/836 838/838/838
f 839/839/839 840/840/840 841/841/841
f 839/839/839 841/841/841 842/842/842
f 843/843/843 839/839/839 842/842/842
f 843/843/843 842/842/842 844/844/844
f 845/845/845 843/843/843 844/844/844
f 845/845/845 844/844/844 846/846/846
f 810/810/810 847/847/847 848/848/848
f 810/810/810 848/848/848 811/811/811
f 849/849/849 813/813/813 814/814/814
f 849/849/849 814/814/814 850/850/850
f 816/816/816 851/851/851 852/852/852
f 816/816/816 852/852/852 817/817/817
f 853/853/853 819/819/819 820/820/820
f 853/853/853 820/820/820 854/854/854
f 822/822/822 855/855/855 856/856/856
f 822/822/822 856/856/856 823/823/823
f 857/857/857 825/825/825 826/826/826
f 857/857/857 826/826/826 858/858/858
f 828/828/828 859/859/859 860/860/860
f 828/828/828 860/860/860 829/829/829
f 861/861/861 831/831/831 832/832/832
f 861/861/861 832/832/832 862/862/862
f 834/834/834 863/863/863 864/864/864
f 834/834/834 864/864/864 835/835/835
f 865/865/865 837/837/837 838/838/838
f 865/865/865 838/838/838 866/866/866
f 840/840/840 867/867/867 868/868/868
f 840/840/840 868/868/868 841/841/841
f 758/758/758 869/869/869 870/870/870
f 758/758/758 870/870/870 759/759/759
f 869/869/869 845/845/845 846/846/846
f 869/869/869 846/846/846 870/870/870
f 871/871/871 807/807/807 808/808/808
f 871/871/871 808/808/808 872/872/872
f 847/847/847 871/871/871 872/872/872
f 847/847/847 872/872/872 848/848/848
f 800/800/800 873/873/873 874/874/874
f 800/800/800 874/874/874 801/801/801
f 873/873/873 849/849/849 850/850/850
f 873/873/873 850/850/850 874/874/874
f 875/875/875 795/795/795 798/798/798
f 875/875/875 798/798/798 876/876/876
f 851/851/851 875/875/875 876/876/876
f 851/851/851 876/876/876 852/852/852
f 792/792/792 877/877/877 878/878/878
f 792/792/792 878/878/878 793/793/793
f 877/877/877 853/853/853 854/854/854
f 877/877/877 854/854/854 878/878/878
f 879/879/879 787/787/787 790/790/790
f 879/879/879 790/790/790 880/880/880
f 855/855/855 879/879/879 880/880/880
f 855/855/855 880/880/880 856/856/856
f 784/784/784 881/881/881 882/882/882
f 784/784/784 882/882/882 785/785/785
f 881/881/881 857/857/857 858/858/858
f 881/881/881 858/858/858 882/882/882
f 883/883/883 779/779/779 782/782/782
f 883/883/883 782/782/782 884/884/884
f 859/859/859 883/883/883 884/884/884
f 859/859/859 884/884/884 860/860/860
f 776/776/776 885/885/885 886/886/886
f 776/776/776 886/886/886 777/777/777
f 885/885/885 861/861/861 862/862/862
f 885/885/885 862/862/862 886/886/886
f 887/887/887 771/771/771 774/774/774
f 887/887/887 774/774/774 888/888/888
f 863/863/863 887/887/887 888/888/888
f 863/863/863 888/888/888 864/864/864
f 768/768/768 889/889/889 890/890/890
f 768/768/768 890/890/890 769/769/769
f 889/889/889 865/865/865 866/866/866
f 889/889/889 866/866/866 890/890/890
f 891/891/891 765/765/765 766/766/766
f 891/891/891 766/766/766 892/892/892
f 867/867/867 891/891/891 892/892/892
f 867/867/867 892/892/892 868/868/868
f 893/893/893 767/767/767 770/770/770
f 893/893/893 770/770/770 894/894/894
f 772/772/772 893/893/893 894/894/894
f 772/772/772 894/894/894 773/773/773
f 895/895/895 775/775/775 778/778/778
f 895/895/895 778/778/778 896/896/896
f 780/780/780 895/895/895 896/896/896
f 780/780/780 896/896/896 781/781/781
f 897/897/897 783/783/783 786/786/786
f 897/897/897 786/786/786 898/898/898
f 788/788/788 897/897/897 898/898/898
f 788/788/788 898/898/898 789/789/789
f 899/899/899 791/791/791 794/794/794
f 899/899/899 794/794/794 900/900/900
f 796/796/796 899/899/899 900/900/900
f 796/796/796 900/900/900 797/797/797
f 901/901/901 902/902/902 758/758/758
f 901/901/901 758/758/758 757/757/757
f 903/903/903 904/904/904 905/905/905
f 903/903/903 905/905/905 906/906/906
f 907/907/907 903/903/903 906/906/906
f 907/907/907 906/906/906 908/908/908
f 719/719/719 909/909/909 910/910/910
f 719/719/719 910/910/910 911/911/911
f 912/912/912 913/913/913 914/914/914
f 912/912/912 914/914/914 915/915/915
f 916/916/916 917/917/917 918/918/918
f 916/916/916 918/918/918 919/919/919
f 920/920/920 921/921/921 922/922/922
f 920/920/920 922/922/922 923/923/923
f 924/924/924 925/925/925 926/926/926
f 924/924/924 926/926/926 927/927/927
f 754/754/754 753/753/753 928/928/928
f 754/754/754 928/928/928 929/929/929
f 930/930/930 931/931/931 788/788/788
f 930/930/930 788/788/788 787/787/787
f 932/932/932 933/933/933 792/792/792
f 932/932/932 792/792/792 791/791/791
f 934/934/934 935/935/935 936/936/936
f 934/934/934 936/936/936 937/937/937
f 938/938/938 939/939/939 940/940/940
f 938/938/938 940/940/940 941/941/941
f 942/942/942 938/938/938 941/941/941
f 942/942/942 941/941/941 943/943/943
f 944/944/944 945/945/945 803/803/803
f 944/944/944 803/803/803 805/805/805
f 946/946/946 947/947/947 948/948/948
f 946/946/946 948/948/948 949/949/949
f 950/950/950 951/951/951 952/952/952
f 950/950/950 952/952/952 953/953/953
f 954/954/954 955/955/955 956/956/956
f 954/954/954 956/956/956 957/957/957
f 958/958/958 959/959/959 960/960/960
f 958/958/958 960/960/960 961/961/961
f 962/962/962 958/958/958 961/961/961
f 962/962/962 961/961/961 963/963/963
f 964/964/964 965/965/965 966/966/966
f 964/964/964 966/966/966 967/967/967
f 968/968/968 964/964/964 967/967/967
f 968/968/968 967/967/967 969/969/969
f 970/970/970 732/732/732 971/971/971
f 970/970/970 971/971/971 972/972/972
f 973/973/973 974/974/974 827/827/827
f 973/973/973 827/827/827 831/831/831
f 975/975/975 976/976/976 834/834/834
f 975/975/975 834/834/834 833/833/833
f 977/977/977 978/978/978 979/979/979
f 977/977/977 979/979/979 980/980/980
f 981/981/981 982/982/982 983/983/983
f 981/981/981 983/983/983 984/984/984
f 985/985/985 986/986/986 839/839/839
f 985/985/985 839/839/839 843/843/843
f 987/987/987 985/985/985 843/843/843
f 987/987/987 843/843/843 845/845/845
f 951/951/951 988/988/988 989/989/989
f 951/951/951 989/989/989 952/952/952
f 990/990/990 954/954/954 957/957/957
f 990/990/990 957/957/957 991/991/991
f 992/992/992 993/993/993 994/994/994
f 992/992/992 994/994/994 995/995/995
f 996/996/996 962/962/962 963/963/963
f 996/996/996 963/963/963 997/997/997
f 998/998/998 999/999/999 855/855/855
f 998/998/998 855/855/855 822/822/822
f 1000/1000/1000 1001/1001/1001 1002/1002/1002
f 1000/1000/1000 1002/1002/1002 1003/1003/1003
f 732/732/732 731/731/731 1004/1004/1004
f 732/732/732 1004/1004/1004 971/971/971
f 715/715/715 714/714/714 1005/1005/1005
f 715/715/715 1005/1005/1005 1006/1006/1006
f 976/976/976 1007/1007/1007 863/863/863
f 976/976/976 863/863/863 834/834/834
f 1008/1008/1008 977/977/977 980/980/980
f 1008/1008/1008 980/980/980 1009/1009/1009
f 982/982/982 1010/1010/1010 1011/1011/1011
f 982/982/982 1011/1011/1011 983/983/983
f 1012/1012/1012 1013/1013/1013 1014/1014/1014
f 1012/1012/1012 1014/1014/1014 1015/1015/1015
f 1013/1013/1013 1016/1016/1016 1017/1017/1017
f 1013/1013/1013 1017/1017/1017 1014/1014/1014
f 1018/1018/1018 946/946/946 949/949/949
f 1018/1018/1018 949/949/949 1019/1019/1019
f 988/988/988 1020/1020/1020 1021/1021/1021
f 988/988/988 1021/1021/1021 989/989/989
f 1022/1022/1022 1023/1023/1023 873/873/873
f 1022/1022/1022 873/873/873 800/800/800
f 1023/1023/1023 1024/1024/1024 849/849/849
f 1023/1023/1023 849/849/849 873/873/873
f 1025/1025/1025 1026/1026/1026 795/795/795
f 1025/1025/1025 795/795/795 875/875/875
f 993/993/993 1027/1027/1027 1028/1028/1028
f 993/993/993 1028/1028/1028 994/994/994
f 1029/1029/1029 1030/1030/1030 1031/1031/1031
f 1029/1029/1029 1031/1031/1031 1032/1032/1032
f 1030/1030/1030 1033/1033/1033 1034/1034/1034
f 1030/1030/1030 1034/1034/1034 1031/1031/1031
f 1035/1035/1035 724/724/724 1036/1036/1036
f 1035/1035/1035 1036/1036/1036 1037/1037/1037
f 1038/1038/1038 1035/1035/1035 1037/1037/1037
f 1038/1038/1038 1037/1037/1037 1039/1039/1039
f 1040/1040/1040 1041/1041/1041 1042/1042/1042
f 1040/1040/1040 1042/1042/1042 1043/1043/1043
f 1041/1041/1041 1000/1000/1000 1003/1003/1003
f 1041/1041/1041 1003/1003/1003 1042/1042/1042
f 1044/1044/1044 1045/1045/1045 779/779/779
f 1044/1044/1044 779/779/779 883/883/883
f 1046/1046/1046 1044/1044/1044 883/883/883
f 1046/1046/1046 883/883/883 859/859/859
f 921/921/921 1047/1047/1047 1048/1048/1048
f 921/921/921 1048/1048/1048 922/922/922
f 1049/1049/1049 715/715/715 1006/1006/1006
f 1049/1049/1049 1006/1006/1006 1050/1050/1050
f 1051/1051/1051 1052/1052/1052 1053/1053/1053
f 1051/1051/1051 1053/1053/1053 1054/1054/1054
f 1055/1055/1055 1051/1051/1051 1054/1054/1054
f 1055/1055/1055 1054/1054/1054 1056/1056/1056
f 913/913/913 740/740/740 1057/1057/1057
f 913/913/913 1057/1057/1057 914/914/914
f 1058/1058/1058 1059/1059/1059 865/865/865
f 1058/1058/1058 865/865/865 889/889/889
f 720/720/720 719/719/719 911/911/911
f 720/720/720 911/911/911 1060/1060/1060
f 1061/1061/1061 720/720/720 1060/1060/1060
f 1061/1061/1061 1060/1060/1060 1062/1062/1062
f 1063/1063/1063 1064/1064/1064 1065/1065/1065
f 1063/1063/1063 1065/1065/1065 1066/1066/1066
f 917/917/917 1063/1063/1063 1066/1066/1066
f 917/917/917 1066/1066/1066 918/918/918
f 1067/1067/1067 920/920/920 923/923/923
f 1067/1067/1067 923/923/923 1068/1068/1068
f 925/925/925 1069/1069/1069 1070/1070/1070
f 925/925/925 1070/1070/1070 926/926/926
f 1071/1071/1071 754/754/754 929/929/929
f 1071/1071/1071 929/929/929 1072/1072/1072
f 931/931/931 1073/1073/1073 897/897/897
f 931/931/931 897/897/897 788/788/788
f 1074/1074/1074 1075/1075/1075 1076/1076/1076
f 1074/1074/1074 1076/1076/1076 1077/1077/1077
f 935/935/935 1074/1074/1074 1077/1077/1077
f 935/935/935 1077/1077/1077 936/936/936
f 1078/1078/1078 1079/1079/1079 1080/1080/1080
f 1078/1078/1078 1080/1080/1080 1081/1081/1081
f 725/725/725 1082/1082/1082 1083/1083/1083
f 725/725/725 1083/1083/1083 1084/1084/1084
f 1085/1085/1085 1086/1086/1086 1087/1087/1087
f 1085/1085/1085 1087/1087/1087 1088/1088/1088
f 1089/1089/1089 1090/1090/1090 1091/1091/1091
f 1089/1089/1089 1091/1091/1091 1092/1092/1092
f 1093/1093/1093 1085/1085/1085 1088/1088/1088
f 1093/1093/1093 1088/1088/1088 1094/1094/1094
f 1095/1095/1095 1096/1096/1096 1097/1097/1097
f 1095/1095/1095 1097/1097/1097 1098/1098/1098
f 1029/1029/1029 1099/1099/1099 1100/1100/1100
f 1029/1029/1029 1100/1100/1100 1101/1101/1101
f 720/720/720 1061/1061/1061 1102/1102/1102
f 720/720/720 1102/1102/1102 721/721/721
f 1055/1055/1055 1103/1103/1103 1104/1104/1104
f 1055/1055/1055 1104/1104/1104 1105/1105/1105
f 935/935/935 934/934/934 1106/1106/1106
f 935/935/935 1106/1106/1106 1107/1107/1107
f 1064/1064/1064 1063/1063/1063 1108/1108/1108
f 1064/1064/1064 1108/1108/1108 1109/1109/1109
f 977/977/977 1008/1008/1008 1110/1110/1110
f 977/977/977 1110/1110/1110 1111/1111/1111
f 939/939/939 938/938/938 1112/1112/1112
f 939/939/939 1112/1112/1112 1113/1113/1113
f 1063/1063/1063 917/917/917 1114/1114/1114
f 1063/1063/1063 1114/1114/1114 1108/1108/1108
f 1010/1010/1010 982/982/982 1115/1115/1115
f 1010/1010/1010 1115/1115/1115 1116/1116/1116
f 938/938/938 942/942/942 1117/1117/1117
f 938/938/938 1117/1117/1117 1112/1112/1112
f 920/920/920 1067/1067/1067 1118/1118/1118
f 920/920/920 1118/1118/1118 1119/1119/1119
f 1013/1013/1013 1012/1012/1012 1120/1120/1120
f 1013/1013/1013 1120/1120/1120 1121/1121/1121
f 1122/1122/1122 947/947/947 1123/1123/1123
f 1122/1122/1122 1123/1123/1123 1124/1124/1124
f 1069/1069/1069 925/925/925 1125/1125/1125
f 1069/1069/1069 1125/1125/1125 1126/1126/1126
f 1016/1016/1016 1013/1013/1013 1121/1121/1121
f 1016/1016/1016 1121/1121/1121 1127/1127/1127
f 947/947/947 946/946/946 1128/1128/1128
f 947/947/947 1128/1128/1128 1123/1123/1123
f 754/754/754 1071/1071/1071 1129/1129/1129
f 754/754/754 1129/1129/1129 755/755/755
f 946/946/946 1018/1018/1018 1130/1130/1130
f 946/946/946 1130/1130/1130 1128/1128/1128
f 951/951/951 950/950/950 1131/1131/1131
f 951/951/951 1131/1131/1131 1132/1132/1132
f 1071/1071/1071 1133/1133/1133 1134/1134/1134
f 1071/1071/1071 1134/1134/1134 1129/1129/1129
f 1020/1020/1020 988/988/988 1135/1135/1135
f 1020/1020/1020 1135/1135/1135 1136/1136/1136
f 955/955/955 954/954/954 1137/1137/1137
f 955/955/955 1137/1137/1137 1138/1138/1138
f 1075/1075/1075 1074/1074/1074 1139/1139/1139
f 1075/1075/1075 1139/1139/1139 1140/1140/1140
f 1141/1141/1141 939/939/939 1113/1113/1113
f 1141/1141/1141 1113/1113/1113 1142/1142/1142
f 959/959/959 958/958/958 1143/1143/1143
f 959/959/959 1143/1143/1143 1144/1144/1144
f 1074/1074/1074 935/935/935 1107/1107/1107
f 1074/1074/1074 1107/1107/1107 1139/1139/1139
f 990/990/990 1145/1145/1145 1146/1146/1146
f 990/990/990 1146/1146/1146 1147/1147/1147
f 958/958/958 962/962/962 1148/1148/1148
f 958/958/958 1148/1148/1148 1143/1143/1143
f 1149/1149/1149 1027/1027/1027 1150/1150/1150
f 1149/1149/1149 1150/1150/1150 1151/1151/1151
f 965/965/965 964/964/964 1152/1152/1152
f 965/965/965 1152/1152/1152 1153/1153/1153
f 1027/1027/1027 993/993/993 1154/1154/1154
f 1027/1027/1027 1154/1154/1154 1150/1150/1150
f 964/964/964 968/968/968 1155/1155/1155
f 964/964/964 1155/1155/1155 1152/1152/1152
f 1030/1030/1030 1029/1029/1029 1101/1101/1101
f 1030/1030/1030 1101/1101/1101 1090/1090/1090
f 732/732/732 970/970/970 1156/1156/1156
f 732/732/732 1156/1156/1156 733/733/733
f 1033/1033/1033 1030/1030/1030 1090/1090/1090
f 1033/1033/1033 1090/1090/1090 1089/1089/1089
f 1157/1157/1157 714/714/714 717/717/717
f 1157/1157/1157 717/717/717 1158/1158/1158
f 724/724/724 1035/1035/1035 1082/1082/1082
f 724/724/724 1082/1082/1082 725/725/725
f 1159/1159/1159 978/978/978 1160/1160/1160
f 1159/1159/1159 1160/1160/1160 1161/1161/1161
f 1035/1035/1035 1038/1038/1038 1162/1162/1162
f 1035/1035/1035 1162/1162/1162 1082/1082/1082
f 978/978/978 977/977/977 1111/1111/1111
f 978/978/978 1111/1111/1111 1160/1160/1160
f 1041/1041/1041 1040/1040/1040 1163/1163/1163
f 1041/1041/1041 1163/1163/1163 1164/1164/1164
f 982/982/982 981/981/981 1165/1165/1165
f 982/982/982 1165/1165/1165 1115/1115/1115
f 1166/1166/1166 904/904/904 1167/1167/1167
f 1166/1166/1166 1167/1167/1167 1168/1168/1168
f 1000/1000/1000 1041/1041/1041 1164/1164/1164
f 1000/1000/1000 1164/1164/1164 1169/1169/1169
f 981/981/981 1170/1170/1170 1171/1171/1171
f 981/981/981 1171/1171/1171 1165/1165/1165
f 904/904/904 903/903/903 1172/1172/1172
f 904/904/904 1172/1172/1172 1167/1167/1167
f 924/924/924 1173/1173/1173 1174/1174/1174
f 924/924/924 1174/1174/1174 1175/1175/1175
f 1176/1176/1176 1016/1016/1016 1127/1127/1127
f 1176/1176/1176 1127/1127/1127 1177/1177/1177
f 903/903/903 907/907/907 1178/1178/1178
f 903/903/903 1178/1178/1178 1172/1172/1172
f 1179/1179/1179 731/731/731 734/734/734
f 1179/1179/1179 734/734/734 1180/1180/1180
f 988/988/988 951/951/951 1132/1132/1132
f 988/988/988 1132/1132/1132 1135/1135/1135
f 909/909/909 719/719/719 722/722/722
f 909/909/909 722/722/722 1181/1181/1181
f 1047/1047/1047 921/921/921 1182/1182/1182
f 1047/1047/1047 1182/1182/1182 1183/1183/1183
f 954/954/954 990/990/990 1147/1147/1147
f 954/954/954 1147/1147/1147 1137/1137/1137
f 913/913/913 912/912/912 1184/1184/1184
f 913/913/913 1184/1184/1184 1185/1185/1185
f 715/715/715 1049/1049/1049 1186/1186/1186
f 715/715/715 1186/1186/1186 716/716/716
f 993/993/993 992/992/992 1187/1187/1187
f 993/993/993 1187/1187/1187 1154/1154/1154
f 917/917/917 916/916/916 1188/1188/1188
f 917/917/917 1188/1188/1188 1114/1114/1114
f 1052/1052/1052 1051/1051/1051 1189/1189/1189
f 1052/1052/1052 1189/1189/1189 1190/1190/1190
f 962/962/962 996/996/996 1191/1191/1191
f 962/962/962 1191/1191/1191 1148/1148/1148
f 921/921/921 920/920/920 1119/1119/1119
f 921/921/921 1119/1119/1119 1182/1182/1182
f 1051/1051/1051 1055/1055/1055 1105/1105/1105
f 1051/1051/1051 1105/1105/1105 1189/1189/1189
f 1192/1192/1192 965/965/965 1153/1153/1153
f 1192/1192/1192 1153/1153/1153 1193/1193/1193
f 925/925/925 924/924/924 1175/1175/1175
f 925/925/925 1175/1175/1175 1125/1125/1125
f 740/740/740 913/913/913 1185/1185/1185
f 740/740/740 1185/1185/1185 741/741/741
f 1001/1001/1001 1000/1000/1000 1169/1169/1169
f 1001/1001/1001 1169/1169/1169 1194/1194/1194
f 1097/1097/1097 1195/1195/1195 1196/1196/1196
f 1097/1097/1097 1196/1196/1196 1197/1197/1197
f 1087/1087/1087 1198/1198/1198 1199/1199/1199
f 1087/1087/1087 1199/1199/1199 1200/1200/1200
f 1201/1201/1201 1202/1202/1202 1203/1203/1203
f 1201/1201/1201 1203/1203/1203 1204/1204/1204
f 1205/1205/1205 1206/1206/1206 1207/1207/1207
f 1205/1205/1205 1207/1207/1207 1208/1208/1208
f 1209/1209/1209 1094/1094/1094 1210/1210/1210
f 1209/1209/1209 1210/1210/1210 1211/1211/1211
f 1212/1212/1212 1213/1213/1213 1214/1214/1214
f 1212/1212/1212 1214/1214/1214 1215/1215/1215
f 1216/1216/1216 1217/1217/1217 1218/1218/1218
f 1216/1216/1216 1218/1218/1218 1219/1219/1219
f 1160/1160/1160 1111/1111/1111 1220/1220/1220
f 1160/1160/1160 1220/1220/1220 1221/1221/1221
f 1222/1222/1222 1223/1223/1223 1224/1224/1224
f 1222/1222/1222 1224/1224/1224 1225/1225/1225
f 1226/1226/1226 1227/1227/1227 1228/1228/1228
f 1226/1226/1226 1228/1228/1228 1229/1229/1229
f 1230/1230/1230 1231/1231/1231 1232/1232/1232
f 1230/1230/1230 1232/1232/1232 1233/1233/1233
f 1234/1234/1234 1222/1222/1222 1225/1225/1225
f 1234/1234/1234 1225/1225/1225 1235/1235/1235
f 1227/1227/1227 1236/1236/1236 1237/1237/1237
f 1227/1227/1227 1237/1237/1237 1228/1228/1228
f 1231/1231/1231 1238/1238/1238 1239/1239/1239
f 1231/1231/1231 1239/1239/1239 1232/1232/1232
f 1240/1240/1240 1241/1241/1241 1242/1242/1242
f 1240/1240/1240 1242/1242/1242 1243/1243/1243
f 1236/1236/1236 1244/1244/1244 1245/1245/1245
f 1236/1236/1236 1245/1245/1245 1237/1237/1237
f 1238/1238/1238 1246/1246/1246 1247/1247/1247
f 1238/1238/1238 1247/1247/1247 1239/1239/1239
f 1241/1241/1241 1248/1248/1248 1209/1209/1209
f 1241/1241/1241 1209/1209/1209 1242/1242/1242
f 1249/1249/1249 1250/1250/1250 1251/1251/1251
f 1249/1249/1249 1251/1251/1251 1252/1252/1252
f 1246/1246/1246 1253/1253/1253 1201/1201/1201
f 1246/1246/1246 1201/1201/1201 1247/1247/1247
f 1254/1254/1254 1255/1255/1255 1256/1256/1256
f 1254/1254/1254 1256/1256/1256 1257/1257/1257
f 1258/1258/1258 1259/1259/1259 1260/1260/1260
f 1258/1258/1258 1260/1260/1260 1261/1261/1261
f 1262/1262/1262 1263/1263/1263 1264/1264/1264
f 1262/1262/1262 1264/1264/1264 1265/1265/1265
f 1266/1266/1266 1254/1254/1254 1257/1257/1257
f 1266/1266/1266 1257/1257/1257 1198/1198/1198
f 1267/1267/1267 1268/1268/1268 1269/1269/1269
f 1267/1267/1267 1269/1269/1269 1270/1270/1270
f 1271/1271/1271 1272/1272/1272 1273/1273/1273
f 1271/1271/1271 1273/1273/1273 1274/1274/1274
f 1272/1272/1272 1275/1275/1275 1276/1276/1276
f 1272/1272/1272 1276/1276/1276 1273/1273/1273
f 1277/1277/1277 1278/1278/1278 1279/1279/1279
f 1277/1277/1277 1279/1279/1279 1280/1280/1280
f 1255/1255/1255 1281/1281/1281 1282/1282/1282
f 1255/1255/1255 1282/1282/1282 1256/1256/1256
f 1275/1275/1275 1283/1283/1283 1284/1284/1284
f 1275/1275/1275 1284/1284/1284 1276/1276/1276
f 1217/1217/1217 1285/1285/1285 1286/1286/1286
f 1217/1217/1217 1286/1286/1286 1218/1218/1218
f 1287/1287/1287 1240/1240/1240 1243/1243/1243
f 1287/1287/1287 1243/1243/1243 1288/1288/1288
f 1289/1289/1289 1262/1262/1262 1265/1265/1265
f 1289/1289/1289 1265/1265/1265 1213/1213/1213
f 1290/1290/1290 1234/1234/1234 1235/1235/1235
f 1290/1290/1290 1235/1235/1235 1291/1291/1291
f 1223/1223/1223 1292/1292/1292 1293/1293/1293
f 1223/1223/1223 1293/1293/1293 1224/1224/1224
f 1294/1294/1294 1289/1289/1289 1213/1213/1213
f 1294/1294/1294 1213/1213/1213 1212/1212/1212
f 734/734/734 733/733/733 1295/1295/1295
f 734/734/734 1295/1295/1295 1296/1296/1296
f 1297/1297/1297 1298/1298/1298 1206/1206/1206
f 1297/1297/1297 1206/1206/1206 1205/1205/1205
f 1253/1253/1253 1299/1299/1299 1202/1202/1202
f 1253/1253/1253 1202/1202/1202 1201/1201/1201
f 1086/1086/1086 1266/1266/1266 1198/1198/1198
f 1086/1086/1086 1198/1198/1198 1087/1087/1087
f 1096/1096/1096 1300/1300/1300 1195/1195/1195
f 1096/1096/1096 1195/1195/1195 1097/1097/1097
f 1299/1299/1299 1301/1301/1301 1302/1302/1302
f 1299/1299/1299 1302/1302/1302 1202/1202/1202
f 1283/1283/1283 1078/1078/1078 1081/1081/1081
f 1283/1283/1283 1081/1081/1081 1284/1284/1284
f 1303/1303/1303 1304/1304/1304 1305/1305/1305
f 1303/1303/1303 1305/1305/1305 1306/1306/1306
f 1263/1263/1263 1307/1307/1307 1308/1308/1308
f 1263/1263/1263 1308/1308/1308 1264/1264/1264
f 1309/1309/1309 1294/1294/1294 1212/1212/1212
f 1309/1309/1309 1212/1212/1212 1310/1310/1310
f 1113/1113/1113 1112/1112/1112 1311/1311/1311
f 1113/1113/1113 1311/1311/1311 1312/1312/1312
f 1307/1307/1307 1271/1271/1271 1274/1274/1274
f 1307/1307/1307 1274/1274/1274 1308/1308/1308
f 1301/1301/1301 1226/1226/1226 1229/1229/1229
f 1301/1301/1301 1229/1229/1229 1302/1302/1302
f 1313/1313/1313 1314/1314/1314 1315/1315/1315
f 1313/1313/1313 1315/1315/1315 1316/1316/1316
f 1281/1281/1281 1317/1317/1317 1318/1318/1318
f 1281/1281/1281 1318/1318/1318 1282/1282/1282
f 1319/1319/1319 1230/1230/1230 1233/1233/1233
f 1319/1319/1319 1233/1233/1233 1320/1320/1320
f 1314/1314/1314 1321/1321/1321 1322/1322/1322
f 1314/1314/1314 1322/1322/1322 1315/1315/1315
f 1317/1317/1317 1287/1287/1287 1288/1288/1288
f 1317/1317/1317 1288/1288/1288 1318/1318/1318
f 1127/1127/1127 1121/1121/1121 1323/1323/1323
f 1127/1127/1127 1323/1323/1323 1324/1324/1324
f 1321/1321/1321 1325/1325/1325 1326/1326/1326
f 1321/1321/1321 1326/1326/1326 1322/1322/1322
f 1292/1292/1292 1327/1327/1327 1328/1328/1328
f 1292/1292/1292 1328/1328/1328 1293/1293/1293
f 1325/1325/1325 1329/1329/1329 1330/1330/1330
f 1325/1325/1325 1330/1330/1330 1326/1326/1326
f 1250/1250/1250 1331/1331/1331 1332/1332/1332
f 1250/1250/1250 1332/1332/1332 1251/1251/1251
f 1327/1327/1327 1297/1297/1297 1205/1205/1205
f 1327/1327/1327 1205/1205/1205 1328/1328/1328
f 1329/1329/1329 1249/1249/1249 1252/1252/1252
f 1329/1329/1329 1252/1252/1252 1330/1330/1330
f 1331/1331/1331 1258/1258/1258 1261/1261/1261
f 1331/1331/1331 1261/1261/1261 1332/1332/1332
f 1300/1300/1300 1333/1333/1333 1334/1334/1334
f 1300/1300/1300 1334/1334/1334 1195/1195/1195
f 1335/1335/1335 1336/1336/1336 1337/1337/1337
f 1335/1335/1335 1337/1337/1337 1338/1338/1338
f 1268/1268/1268 1339/1339/1339 1340/1340/1340
f 1268/1268/1268 1340/1340/1340 1269/1269/1269
f 1139/1139/1139 1107/1107/1107 1341/1341/1341
f 1139/1139/1139 1341/1341/1341 1342/1342/1342
f 1259/1259/1259 1335/1335/1335 1338/1338/1338
f 1259/1259/1259 1338/1338/1338 1260/1260/1260
f 1339/1339/1339 1277/1277/1277 1280/1280/1280
f 1339/1339/1339 1280/1280/1280 1340/1340/1340
f 1304/1304/1304 1343/1343/1343 1344/1344/1344
f 1304/1304/1304 1344/1344/1344 1305/1305/1305
f 1285/1285/1285 1345/1345/1345 1346/1346/1346
f 1285/1285/1285 1346/1346/1346 1286/1286/1286
f 1343/1343/1343 1267/1267/1267 1270/1270/1270
f 1343/1343/1343 1270/1270/1270 1344/1344/1344
f 1345/1345/1345 1290/1290/1290 1291/1291/1291
f 1345/1345/1345 1291/1291/1291 1346/1346/1346
f 1347/1347/1347 1348/1348/1348 1349/1349/1349
f 1347/1347/1347 1349/1349/1349 1350/1350/1350
f 1351/1351/1351 1352/1352/1352 1353/1353/1353
f 1351/1351/1351 1353/1353/1353 1354/1354/1354
f 1355/1355/1355 1200/1200/1200 1356/1356/1356
f 1355/1355/1355 1356/1356/1356 1357/1357/1357
f 1358/1358/1358 1359/1359/1359 1360/1360/1360
f 1358/1358/1358 1360/1360/1360 1361/1361/1361
f 1362/1362/1362 1363/1363/1363 1364/1364/1364
f 1362/1362/1362 1364/1364/1364 1365/1365/1365
f 1366/1366/1366 1197/1197/1197 1367/1367/1367
f 1366/1366/1366 1367/1367/1367 1368/1368/1368
f 1202/1202/1202 1302/1302/1302 1369/1369/1369
f 1202/1202/1202 1369/1369/1369 1203/1203/1203
f 1284/1284/1284 1081/1081/1081 1347/1347/1347
f 1284/1284/1284 1347/1347/1347 1370/1370/1370
f 1306/1306/1306 1305/1305/1305 1371/1371/1371
f 1306/1306/1306 1371/1371/1371 1372/1372/1372
f 1264/1264/1264 1308/1308/1308 1373/1373/1373
f 1264/1264/1264 1373/1373/1373 1374/1374/1374
f 1310/1310/1310 1212/1212/1212 1215/1215/1215
f 1310/1310/1310 1215/1215/1215 1375/1375/1375
f 1337/1337/1337 1316/1316/1316 1376/1376/1376
f 1337/1337/1337 1376/1376/1376 1377/1377/1377
f 1308/1308/1308 1274/1274/1274 1378/1378/1378
f 1308/1308/1308 1378/1378/1378 1373/1373/1373
f 1302/1302/1302 1229/1229/1229 1379/1379/1379
f 1302/1302/1302 1379/1379/1379 1369/1369/1369
f 1316/1316/1316 1315/1315/1315 1380/1380/1380
f 1316/1316/1316 1380/1380/1380 1376/1376/1376
f 1282/1282/1282 1318/1318/1318 1381/1381/1381
f 1282/1282/1282 1381/1381/1381 1382/1382/1382
f 1320/1320/1320 1233/1233/1233 1383/1383/1383
f 1320/1320/1320 1383/1383/1383 1384/1384/1384
f 1315/1315/1315 1322/1322/1322 1385/1385/1385
f 1315/1315/1315 1385/1385/1385 1380/1380/1380
f 1318/1318/1318 1288/1288/1288 1386/1386/1386
f 1318/1318/1318 1386/1386/1386 1381/1381/1381
f 1245/1245/1245 1320/1320/1320 1384/1384/1384
f 1245/1245/1245 1384/1384/1384 1387/1387/1387
f 1322/1322/1322 1326/1326/1326 1388/1388/1388
f 1322/1322/1322 1388/1388/1388 1385/1385/1385
f 1293/1293/1293 1328/1328/1328 1389/1389/1389
f 1293/1293/1293 1389/1389/1389 1390/1390/1390
f 1326/1326/1326 1330/1330/1330 1391/1391/1391
f 1326/1326/1326 1391/1391/1391 1388/1388/1388
f 1251/1251/1251 1332/1332/1332 1392/1392/1392
f 1251/1251/1251 1392/1392/1392 1393/1393/1393
f 1328/1328/1328 1205/1205/1205 1208/1208/1208
f 1328/1328/1328 1208/1208/1208 1389/1389/1389
f 1330/1330/1330 1252/1252/1252 1394/1394/1394
f 1330/1330/1330 1394/1394/1394 1391/1391/1391
f 1332/1332/1332 1261/1261/1261 1395/1395/1395
f 1332/1332/1332 1395/1395/1395 1392/1392/1392
f 1195/1195/1195 1334/1334/1334 1396/1396/1396
f 1195/1195/1195 1396/1396/1396 1196/1196/1196
f 1338/1338/1338 1337/1337/1337 1377/1377/1377
f 1338/1338/1338 1377/1377/1377 1397/1397/1397
f 1269/1269/1269 1340/1340/1340 1398/1398/1398
f 1269/1269/1269 1398/1398/1398 1399/1399/1399
f 1334/1334/1334 1306/1306/1306 1372/1372/1372
f 1334/1334/1334 1372/1372/1372 1396/1396/1396
f 1260/1260/1260 1338/1338/1338 1397/1397/1397
f 1260/1260/1260 1397/1397/1397 1400/1400/1400
f 1340/1340/1340 1280/1280/1280 1401/1401/1401
f 1340/1340/1340 1401/1401/1401 1398/1398/1398
f 1305/1305/1305 1344/1344/1344 1402/1402/1402
f 1305/1305/1305 1402/1402/1402 1371/1371/1371
f 1286/1286/1286 1346/1346/1346 1403/1403/1403
f 1286/1286/1286 1403/1403/1403 1404/1404/1404
f 1344/1344/1344 1270/1270/1270 1405/1405/1405
f 1344/1344/1344 1405/1405/1405 1402/1402/1402
f 1346/1346/1346 1291/1291/1291 1406/1406/1406
f 1346/1346/1346 1406/1406/1406 1403/1403/1403
f 1098/1098/1098 1097/1097/1097 1197/1197/1197
f 1098/1098/1098 1197/1197/1197 1366/1366/1366
f 1094/1094/1094 1088/1088/1088 1355/1355/1355
f 1094/1094/1094 1355/1355/1355 1210/1210/1210
f 1279/1279/1279 1098/1098/1098 1366/1366/1366
f 1279/1279/1279 1366/1366/1366 1407/1407/1407
f 1088/1088/1088 1087/1087/1087 1200/1200/1200
f 1088/1088/1088 1200/1200/1200 1355/1355/1355
f 1206/1206/1206 1219/1219/1219 1408/1408/1408
f 1206/1206/1206 1408/1408/1408 1207/1207/1207
f 1081/1081/1081 1080/1080/1080 1348/1348/1348
f 1081/1081/1081 1348/1348/1348 1347/1347/1347
f 1219/1219/1219 1218/1218/1218 1409/1409/1409
f 1219/1219/1219 1409/1409/1409 1408/1408/1408
f 1080/1080/1080 1310/1310/1310 1375/1375/1375
f 1080/1080/1080 1375/1375/1375 1348/1348/1348
f 1225/1225/1225 1224/1224/1224 1410/1410/1410
f 1225/1225/1225 1410/1410/1410 1411/1411/1411
f 1229/1229/1229 1228/1228/1228 1412/1412/1412
f 1229/1229/1229 1412/1412/1412 1379/1379/1379
f 1233/1233/1233 1232/1232/1232 1413/1413/1413
f 1233/1233/1233 1413/1413/1413 1383/1383/1383
f 1235/1235/1235 1225/1225/1225 1411/1411/1411
f 1235/1235/1235 1411/1411/1411 1414/1414/1414
f 1228/1228/1228 1237/1237/1237 1415/1415/1415
f 1228/1228/1228 1415/1415/1415 1412/1412/1412
f 1232/1232/1232 1239/1239/1239 1416/1416/1416
f 1232/1232/1232 1416/1416/1416 1413/1413/1413
f 1243/1243/1243 1242/1242/1242 1417/1417/1417
f 1243/1243/1243 1417/1417/1417 1418/1418/1418
f 1237/1237/1237 1245/1245/1245 1387/1387/1387
f 1237/1237/1237 1387/1387/1387 1415/1415/1415
f 1239/1239/1239 1247/1247/1247 1419/1419/1419
f 1239/1239/1239 1419/1419/1419 1416/1416/1416
f 1242/1242/1242 1209/1209/1209 1211/1211/1211
f 1242/1242/1242 1211/1211/1211 1417/1417/1417
f 1252/1252/1252 1251/1251/1251 1393/1393/1393
f 1252/1252/1252 1393/1393/1393 1394/1394/1394
f 1247/1247/1247 1201/1201/1201 1204/1204/1204
f 1247/1247/1247 1204/1204/1204 1419/1419/1419
f 1257/1257/1257 1256/1256/1256 1420/1420/1420
f 1257/1257/1257 1420/1420/1420 1421/1421/1421
f 1261/1261/1261 1260/1260/1260 1400/1400/1400
f 1261/1261/1261 1400/1400/1400 1395/1395/1395
f 1265/1265/1265 1264/1264/1264 1374/1374/1374
f 1265/1265/1265 1374/1374/1374 1422/1422/1422
f 1198/1198/1198 1257/1257/1257 1421/1421/1421
f 1198/1198/1198 1421/1421/1421 1199/1199/1199
f 1270/1270/1270 1269/1269/1269 1399/1399/1399
f 1270/1270/1270 1399/1399/1399 1405/1405/1405
f 1274/1274/1274 1273/1273/1273 1423/1423/1423
f 1274/1274/1274 1423/1423/1423 1378/1378/1378
f 1273/1273/1273 1276/1276/1276 1424/1424/1424
f 1273/1273/1273 1424/1424/1424 1423/1423/1423
f 1280/1280/1280 1279/1279/1279 1407/1407/1407
f 1280/1280/1280 1407/1407/1407 1401/1401/1401
f 1256/1256/1256 1282/1282/1282 1382/1382/1382
f 1256/1256/1256 1382/1382/1382 1420/1420/1420
f 1276/1276/1276 1284/1284/1284 1370/1370/1370
f 1276/1276/1276 1370/1370/1370 1424/1424/1424
f 1218/1218/1218 1286/1286/1286 1404/1404/1404
f 1218/1218/1218 1404/1404/1404 1409/1409/1409
f 1288/1288/1288 1243/1243/1243 1418/1418/1418
f 1288/1288/1288 1418/1418/1418 1386/1386/1386
f 1213/1213/1213 1265/1265/1265 1422/1422/1422
f 1213/1213/1213 1422/1422/1422 1214/1214/1214
f 1291/1291/1291 1235/1235/1235 1414/1414/1414
f 1291/1291/1291 1414/1414/1414 1406/1406/1406
f 1224/1224/1224 1293/1293/1293 1390/1390/1390
f 1224/1224/1224 1390/1390/1390 1410/1410/1410
f 1425/1425/1425 1426/1426/1426 1427/1427/1427
f 1425/1425/1425 1427/1427/1427 1428/1428/1428
f 1429/1429/1429 1430/1430/1430 1431/1431/1431
f 1429/1429/1429 1431/1431/1431 1432/1432/1432
f 1433/1433/1433 1434/1434/1434 1435/1435/1435
f 1433/1433/1433 1435/1435/1435 1436/1436/1436
f 1353/1353/1353 1437/1437/1437 1438/1438/1438
f 1353/1353/1353 1438/1438/1438 1439/1439/1439
f 1440/1440/1440 1433/1433/1433 1436/1436/1436
f 1440/1440/1440 1436/1436/1436 1441/1441/1441
f 1354/1354/1354 1353/1353/1353 1439/1439/1439
f 1354/1354/1354 1439/1439/1439 1442/1442/1442
f 1352/1352/1352 1443/1443/1443 1437/1437/1437
f 1352/1352/1352 1437/1437/1437 1353/1353/1353
f 1444/1444/1444 1445/1445/1445 1434/1434/1434
f 1444/1444/1444 1434/1434/1434 1433/1433/1433
f 1411/1411/1411 1410/1410/1410 1446/1446/1446
f 1411/1411/1411 1446/1446/1446 1447/1447/1447
f 1448/1448/1448 1449/1449/1449 1426/1426/1426
f 1448/1448/1448 1426/1426/1426 1425/1425/1425
f 1383/1383/1383 1413/1413/1413 1450/1450/1450
f 1383/1383/1383 1450/1450/1450 1451/1451/1451
f 1452/1452/1452 1453/1453/1453 1429/1429/1429
f 1452/1452/1452 1429/1429/1429 1454/1454/1454
f 1412/1412/1412 1415/1415/1415 1455/1455/1455
f 1412/1412/1412 1455/1455/1455 1456/1456/1456
f 1457/1457/1457 1458/1458/1458 1459/1459/1459
f 1457/1457/1457 1459/1459/1459 1460/1460/1460
f 1418/1418/1418 1417/1417/1417 1461/1461/1461
f 1418/1418/1418 1461/1461/1461 1462/1462/1462
f 1415/1415/1415 1387/1387/1387 1463/1463/1463
f 1415/1415/1415 1463/1463/1463 1455/1455/1455
f 1458/1458/1458 1464/1464/1464 1465/1465/1465
f 1458/1458/1458 1465/1465/1465 1459/1459/1459
f 1417/1417/1417 1211/1211/1211 1466/1466/1466
f 1417/1417/1417 1466/1466/1466 1461/1461/1461
f 1467/1467/1467 1468/1468/1468 1469/1469/1469
f 1467/1467/1467 1469/1469/1469 1470/1470/1470
f 1419/1419/1419 1204/1204/1204 1471/1471/1471
f 1419/1419/1419 1471/1471/1471 1472/1472/1472
f 1421/1421/1421 1420/1420/1420 1473/1473/1473
f 1421/1421/1421 1473/1473/1473 1474/1474/1474
f 1475/1475/1475 1476/1476/1476 1477/1477/1477
f 1475/1475/1475 1477/1477/1477 1478/1478/1478
f 1479/1479/1479 1480/1480/1480 1481/1481/1481
f 1479/1479/1479 1481/1481/1481 1482/1482/1482
f 1483/1483/1483 1484/1484/1484 1485/1485/1485
f 1483/1483/1483 1485/1485/1485 1486/1486/1486
f 1487/1487/1487 1488/1488/1488 1489/1489/1489
f 1487/1487/1487 1489/1489/1489 1490/1490/1490
f 1378/1378/1378 1423/1423/1423 1491/1491/1491
f 1378/1378/1378 1491/1491/1491 1492/1492/1492
f 1493/1493/1493 1494/1494/1494 1495/1495/1495
f 1493/1493/1493 1495/1495/1495 1496/1496/1496
f 1401/1401/1401 1407/1407/1407 1497/1497/1497
f 1401/1401/1401 1497/1497/1497 1498/1498/1498
f 1499/1499/1499 1500/1500/1500 1501/1501/1501
f 1499/1499/1499 1501/1501/1501 1502/1502/1502
f 1494/1494/1494 1503/1503/1503 1504/1504/1504
f 1494/1494/1494 1504/1504/1504 1495/1495/1495
f 1409/1409/1409 1404/1404/1404 1505/1505/1505
f 1409/1409/1409 1505/1505/1505 1506/1506/1506
f 1507/1507/1507 1508/1508/1508 1509/1509/1509
f 1507/1507/1507 1509/1509/1509 1510/1510/1510
f 1511/1511/1511 1479/1479/1479 1482/1482/1482
f 1511/1511/1511 1482/1482/1482 1512/1512/1512
f 1406/1406/1406 1414/1414/1414 1513/1513/1513
f 1406/1406/1406 1513/1513/1513 1514/1514/1514
f 1515/1515/1515 1516/1516/1516 1517/1517/1517
f 1515/1515/1515 1517/1517/1517 1518/1518/1518
f 1215/1215/1215 1214/1214/1214 1519/1519/1519
f 1215/1215/1215 1519/1519/1519 1520/1520/1520
f 1521/1521/1521 1362/1362/1362 1365/1365/1365
f 1521/1521/1521 1365/1365/1365 1522/1522/1522
f 1208/1208/1208 1207/1207/1207 1523/1523/1523
f 1208/1208/1208 1523/1523/1523 1524/1524/1524
f 1525/1525/1525 1526/1526/1526 1527/1527/1527
f 1525/1525/1525 1527/1527/1527 1528/1528/1528
f 1529/1529/1529 1483/1483/1483 1486/1486/1486
f 1529/1529/1529 1486/1486/1486 1530/1530/1530
f 1197/1197/1197 1196/1196/1196 1531/1531/1531
f 1197/1197/1197 1531/1531/1531 1367/1367/1367
f 1203/1203/1203 1369/1369/1369 1532/1532/1532
f 1203/1203/1203 1532/1532/1532 1533/1533/1533
f 1370/1370/1370 1347/1347/1347 1350/1350/1350
f 1370/1370/1370 1350/1350/1350 1534/1534/1534
f 1535/1535/1535 1536/1536/1536 1537/1537/1537
f 1535/1535/1535 1537/1537/1537 1538/1538/1538
f 1374/1374/1374 1373/1373/1373 1539/1539/1539
f 1374/1374/1374 1539/1539/1539 1540/1540/1540
f 1445/1445/1445 1541/1541/1541 1542/1542/1542
f 1445/1445/1445 1542/1542/1542 1434/1434/1434
f 1543/1543/1543 1544/1544/1544 1545/1545/1545
f 1543/1543/1543 1545/1545/1545 1546/1546/1546
f 1547/1547/1547 1548/1548/1548 1549/1549/1549
f 1547/1547/1547 1549/1549/1549 1550/1550/1550
f 1551/1551/1551 1448/1448/1448 1425/1425/1425
f 1551/1551/1551 1425/1425/1425 1552/1552/1552
f 1544/1544/1544 1553/1553/1553 1554/1554/1554
f 1544/1544/1544 1554/1554/1554 1545/1545/1545
f 1382/1382/1382 1381/1381/1381 1555/1555/1555
f 1382/1382/1382 1555/1555/1555 1556/1556/1556
f 1557/1557/1557 1558/1558/1558 1559/1559/1559
f 1557/1557/1557 1559/1559/1559 1560/1560/1560
f 1380/1380/1380 1385/1385/1385 1561/1561/1561
f 1380/1380/1380 1561/1561/1561 1562/1562/1562
f 1563/1563/1563 1507/1507/1507 1510/1510/1510
f 1563/1563/1563 1510/1510/1510 1564/1564/1564
f 1565/1565/1565 1557/1557/1557 1560/1560/1560
f 1565/1565/1565 1560/1560/1560 1566/1566/1566
f 1567/1567/1567 1568/1568/1568 1569/1569/1569
f 1567/1567/1567 1569/1569/1569 1570/1570/1570
f 1516/1516/1516 1571/1571/1571 1572/1572/1572
f 1516/1516/1516 1572/1572/1572 1517/1517/1517
f 1568/1568/1568 1573/1573/1573 1574/1574/1574
f 1568/1568/1568 1574/1574/1574 1569/1569/1569
f 1393/1393/1393 1392/1392/1392 1575/1575/1575
f 1393/1393/1393 1575/1575/1575 1576/1576/1576
f 1389/1389/1389 1208/1208/1208 1524/1524/1524
f 1389/1389/1389 1524/1524/1524 1577/1577/1577
f 1391/1391/1391 1394/1394/1394 1578/1578/1578
f 1391/1391/1391 1578/1578/1578 1579/1579/1579
f 1580/1580/1580 1475/1475/1475 1478/1478/1478
f 1580/1580/1580 1478/1478/1478 1581/1581/1581
f 1196/1196/1196 1396/1396/1396 1582/1582/1582
f 1196/1196/1196 1582/1582/1582 1531/1531/1531
f 1397/1397/1397 1377/1377/1377 1583/1583/1583
f 1397/1397/1397 1583/1583/1583 1584/1584/1584
f 1399/1399/1399 1398/1398/1398 1585/1585/1585
f 1399/1399/1399 1585/1585/1585 1586/1586/1586
f 1587/1587/1587 1535/1535/1535 1538/1538/1538
f 1587/1587/1587 1538/1538/1538 1588/1588/1588
f 1400/1400/1400 1397/1397/1397 1584/1584/1584
f 1400/1400/1400 1584/1584/1584 1589/1589/1589
f 1590/1590/1590 1591/1591/1591 1592/1592/1592
f 1590/1590/1590 1592/1592/1592 1593/1593/1593
f 1371/1371/1371 1402/1402/1402 1594/1594/1594
f 1371/1371/1371 1594/1594/1594 1595/1595/1595
f 1596/1596/1596 1597/1597/1597 1598/1598/1598
f 1596/1596/1596 1598/1598/1598 1599/1599/1599
f 1600/1600/1600 1487/1487/1487 1490/1490/1490
f 1600/1600/1600 1490/1490/1490 1601/1601/1601
f 1597/1597/1597 1602/1602/1602 1603/1603/1603
f 1597/1597/1597 1603/1603/1603 1598/1598/1598
f 1604/1604/1604 1605/1605/1605 1606/1606/1606
f 1607/1607/1607 1608/1608/1608 1609/1609/1609
f 1610/1610/1610 1611/1611/1611 1612/1612/1612
f 1613/1613/1613 1614/1614/1614 1615/1615/1615
f 1616/1616/1616 1617/1617/1617 1618/1618/1618
f 1619/1619/1619 1620/1620/1620 1621/1621/1621
f 1622/1622/1622 1460/1460/1460 1623/1623/1623
f 1622/1622/1622 1623/1623/1623 1624/1624/1624
f 1454/1454/1454 1429/1429/1429 1432/1432/1432
f 1454/1454/1454 1432/1432/1432 1625/1625/1625
f 1426/1426/1426 1626/1626/1626 1627/1627/1627
f 1426/1426/1426 1627/1627/1627 1427/1427/1427
f 1460/1460/1460 1459/1459/1459 1628/1628/1628
f 1460/1460/1460 1628/1628/1628 1623/1623/1623
f 1509/1509/1509 1629/1629/1629 1630/1630/1630
f 1509/1509/1509 1630/1630/1630 1631/1631/1631
f 1632/1632/1632 1566/1566/1566 1633/1633/1633
f 1632/1632/1632 1633/1633/1633 1634/1634/1634
f 1459/1459/1459 1465/1465/1465 1635/1635/1635
f 1459/1459/1459 1635/1635/1635 1628/1628/1628
f 1636/1636/1636 1522/1522/1522 1637/1637/1637
f 1636/1636/1636 1637/1637/1637 1638/1638/1638
f 1470/1470/1470 1469/1469/1469 1639/1639/1639
f 1470/1470/1470 1639/1639/1639 1640/1640/1640
f 1641/1641/1641 1528/1528/1528 1642/1642/1642
f 1641/1641/1641 1642/1642/1642 1643/1643/1643
f 1644/1644/1644 1502/1502/1502 1645/1645/1645
f 1644/1644/1644 1645/1645/1645 1646/1646/1646
f 1478/1478/1478 1477/1477/1477 1647/1647/1647
f 1478/1478/1478 1647/1647/1647 1648/1648/1648
f 1482/1482/1482 1481/1481/1481 1649/1649/1649
f 1482/1482/1482 1649/1649/1649 1650/1650/1650
f 1486/1486/1486 1485/1485/1485 1651/1651/1651
f 1486/1486/1486 1651/1651/1651 1652/1652/1652
f 1490/1490/1490 1489/1489/1489 1653/1653/1653
f 1490/1490/1490 1653/1653/1653 1654/1654/1654
f 1549/1549/1549 1655/1655/1655 1656/1656/1656
f 1549/1549/1549 1656/1656/1656 1657/1657/1657
f 1496/1496/1496 1495/1495/1495 1658/1658/1658
f 1496/1496/1496 1658/1658/1658 1659/1659/1659
f 1592/1592/1592 1660/1660/1660 1661/1661/1661
f 1592/1592/1592 1661/1661/1661 1662/1662/1662
f 1502/1502/1502 1501/1501/1501 1663/1663/1663
f 1502/1502/1502 1663/1663/1663 1645/1645/1645
f 1495/1495/1495 1504/1504/1504 1664/1664/1664
f 1495/1495/1495 1664/1664/1664 1658/1658/1658
f 1665/1665/1665 1599/1599/1599 1666/1666/1666
f 1665/1665/1665 1666/1666/1666 1667/1667/1667
f 1510/1510/1510 1509/1509/1509 1631/1631/1631
f 1510/1510/1510 1631/1631/1631 1668/1668/1668
f 1512/1512/1512 1482/1482/1482 1650/1650/1650
f 1512/1512/1512 1650/1650/1650 1669/1669/1669
f 1670/1670/1670 1454/1454/1454 1625/1625/1625
f 1670/1670/1670 1625/1625/1625 1671/1671/1671
f 1518/1518/1518 1517/1517/1517 1672/1672/1672
f 1518/1518/1518 1672/1672/1672 1673/1673/1673
f 1674/1674/1674 1512/1512/1512 1669/1669/1669
f 1674/1674/1674 1669/1669/1669 1675/1675/1675
f 1522/1522/1522 1365/1365/1365 1676/1676/1676
f 1522/1522/1522 1676/1676/1676 1637/1637/1637
f 1677/1677/1677 1354/1354/1354 1442/1442/1442
f 1677/1677/1677 1442/1442/1442 1678/1678/1678
f 1528/1528/1528 1527/1527/1527 1679/1679/1679
f 1528/1528/1528 1679/1679/1679 1642/1642/1642
f 1530/1530/1530 1486/1486/1486 1652/1652/1652
f 1530/1530/1530 1652/1652/1652 1680/1680/1680
f 1681/1681/1681 1682/1682/1682 1683/1683/1683
f 1681/1681/1681 1683/1683/1683 1684/1684/1684
f 1527/1527/1527 1685/1685/1685 1686/1686/1686
f 1527/1527/1527 1686/1686/1686 1679/1679/1679
f 1504/1504/1504 1687/1687/1687 1688/1688/1688
f 1504/1504/1504 1688/1688/1688 1664/1664/1664
f 1538/1538/1538 1537/1537/1537 1689/1689/1689
f 1538/1538/1538 1689/1689/1689 1690/1690/1690
f 1691/1691/1691 1550/1550/1550 1692/1692/1692
f 1691/1691/1691 1692/1692/1692 1693/1693/1693
f 1434/1434/1434 1542/1542/1542 1694/1694/1694
f 1434/1434/1434 1694/1694/1694 1435/1435/1435
f 1546/1546/1546 1545/1545/1545 1695/1695/1695
f 1546/1546/1546 1695/1695/1695 1696/1696/1696
f 1550/1550/1550 1549/1549/1549 1657/1657/1657
f 1550/1550/1550 1657/1657/1657 1692/1692/1692
f 1552/1552/1552 1425/1425/1425 1428/1428/1428
f 1552/1552/1552 1428/1428/1428 1697/1697/1697
f 1545/1545/1545 1554/1554/1554 1698/1698/1698
f 1545/1545/1545 1698/1698/1698 1695/1695/1695
f 1501/1501/1501 1699/1699/1699 1700/1700/1700
f 1501/1501/1501 1700/1700/1700 1663/1663/1663
f 1560/1560/1560 1559/1559/1559 1701/1701/1701
f 1560/1560/1560 1701/1701/1701 1702/1702/1702
f 1703/1703/1703 1570/1570/1570 1704/1704/1704
f 1703/1703/1703 1704/1704/1704 1705/1705/1705
f 1564/1564/1564 1510/1510/1510 1668/1668/1668
f 1564/1564/1564 1668/1668/1668 1706/1706/1706
f 1566/1566/1566 1560/1560/1560 1702/1702/1702
f 1566/1566/1566 1702/1702/1702 1633/1633/1633
f 1570/1570/1570 1569/1569/1569 1707/1707/1707
f 1570/1570/1570 1707/1707/1707 1704/1704/1704
f 1517/1517/1517 1572/1572/1572 1708/1708/1708
f 1517/1517/1517 1708/1708/1708 1672/1672/1672
f 1569/1569/1569 1574/1574/1574 1709/1709/1709
f 1569/1569/1569 1709/1709/1709 1707/1707/1707
f 1469/1469/1469 1710/1710/1710 1711/1711/1711
f 1469/1469/1469 1711/1711/1711 1639/1639/1639
f 1572/1572/1572 1712/1712/1712 1713/1713/1713
f 1572/1572/1572 1713/1713/1713 1708/1708/1708
f 1714/1714/1714 1470/1470/1470 1640/1640/1640
f 1714/1714/1714 1640/1640/1640 1715/1715/1715
f 1581/1581/1581 1478/1478/1478 1648/1648/1648
f 1581/1581/1581 1648/1648/1648 1716/1716/1716
f 1717/1717/1717 1588/1588/1588 1718/1718/1718
f 1717/1717/1717 1718/1718/1718 1719/1719/1719
f 1720/1720/1720 1546/1546/1546 1696/1696/1696
f 1720/1720/1720 1696/1696/1696 1721/1721/1721
f 1722/1722/1722 1593/1593/1593 1723/1723/1723
f 1722/1722/1722 1723/1723/1723 1724/1724/1724
f 1588/1588/1588 1538/1538/1538 1690/1690/1690
f 1588/1588/1588 1690/1690/1690 1718/1718/1718
f 1477/1477/1477 1725/1725/1725 1726/1726/1726
f 1477/1477/1477 1726/1726/1726 1647/1647/1647
f 1593/1593/1593 1592/1592/1592 1662/1662/1662
f 1593/1593/1593 1662/1662/1662 1723/1723/1723
f 1727/1727/1727 1601/1601/1601 1728/1728/1728
f 1727/1727/1727 1728/1728/1728 1729/1729/1729
f 1599/1599/1599 1598/1598/1598 1730/1730/1730
f 1599/1599/1599 1730/1730/1730 1666/1666/1666
f 1601/1601/1601 1490/1490/1490 1654/1654/1654
f 1601/1601/1601 1654/1654/1654 1728/1728/1728
f 1598/1598/1598 1603/1603/1603 1731/1731/1731
f 1598/1598/1598 1731/1731/1731 1730/1730/1730
f 1360/1360/1360 1681/1681/1681 1684/1684/1684
f 1360/1360/1360 1684/1684/1684 1732/1732/1732
f 1365/1365/1365 1364/1364/1364 1733/1733/1733
f 1365/1365/1365 1733/1733/1733 1676/1676/1676
f 1361/1361/1361 1360/1360/1360 1732/1732/1732
f 1361/1361/1361 1732/1732/1732 1734/1734/1734
f 1735/1735/1735 1530/1530/1530 1680/1680/1680
f 1735/1735/1735 1680/1680/1680 1736/1736/1736
f 370/370/370 298/298/298 411/411/411
f 370/370/370 411/411/411 462/462/462
f 364/364/364 370/370/370 462/462/462
f 364/364/364 462/462/462 448/448/448
f 368/368/368 216/216/216 414/414/414
f 368/368/368 414/414/414 461/461/461
f 380/380/380 382/382/382 460/460/460
f 380/380/380 460/460/460 413/413/413
f 400/400/400 404/404/404 419/419/419
f 400/400/400 419/419/419 459/459/459
f 398/398/398 400/400/400 459/459/459
f 398/398/398 459/459/459 418/418/418
f 306/306/306 305/305/305 422/422/422
f 306/306/306 422/422/422 458/458/458
f 325/325/325 396/396/396 457/457/457
f 325/325/325 457/457/457 421/421/421
f 384/384/384 362/362/362 425/425/425
f 384/384/384 425/425/425 456/456/456
f 281/281/281 384/384/384 456/456/456
f 281/281/281 456/456/456 424/424/424
f 227/227/227 372/372/372 428/428/428
f 227/227/227 428/428/428 455/455/455
f 228/228/228 227/227/227 455/455/455
f 228/228/228 455/455/455 427/427/427
f 376/376/376 375/375/375 431/431/431
f 376/376/376 431/431/431 454/454/454
f 378/378/378 376/376/376 454/454/454
f 378/378/378 454/454/454 453/453/453
f 208/208/208 207/207/207 434/434/434
f 208/208/208 434/434/434 452/452/452
f 301/301/301 208/208/208 452/452/452
f 301/301/301 452/452/452 433/433/433
f 358/358/358 357/357/357 437/437/437
f 358/358/358 437/437/437 451/451/451
f 388/388/388 358/358/358 451/451/451
f 388/388/388 451/451/451 436/436/436
f 402/402/402 1737/1737/1737 440/440/440
f 402/402/402 440/440/440 450/450/450
f 345/345/345 402/402/402 450/450/450
f 345/345/345 450/450/450 439/439/439
f 393/393/393 354/354/354 444/444/444
f 393/393/393 444/444/444 449/449/449
f 394/394/394 393/393/393 449/449/449
f 394/394/394 449/449/449 443/443/443
f 255/255/255 364/364/364 448/448/448
f 255/255/255 448/448/448 447/447/447
f 256/256/256 255/255/255 447/447/447
f 256/256/256 447/447/447 446/446/446
f 353/353/353 256/256/256 446/446/446
f 353/353/353 446/446/446 445/445/445
f 354/354/354 353/353/353 445/445/445
f 354/354/354 445/445/445 444/444/444
f 1738/1738/1738 394/394/394 443/443/443
f 1738/1738/1738 443/443/443 442/442/442
f 1737/1737/1737 1739/1739/1739 441/441/441
f 1737/1737/1737 441/441/441 440/440/440
f 346/346/346 345/345/345 439/439/439
f 346/346/346 439/439/439 438/438/438
f 357/357/357 346/346/346 438/438/438
f 357/357/357 438/438/438 437/437/437
f 366/366/366 388/388/388 436/436/436
f 366/366/366 436/436/436 435/435/435
f 207/207/207 366/366/366 435/435/435
f 207/207/207 435/435/435 434/434/434
f 302/302/302 301/301/301 433/433/433
f 302/302/302 433/433/433 432/432/432
f 375/375/375 302/302/302 432/432/432
f 375/375/375 432/432/432 431/431/431
f 330/330/330 329/329/329 430/430/430
f 330/330/330 430/430/430 429/429/429
f 372/372/372 330/330/330 429/429/429
f 372/372/372 429/429/429 428/428/428
f 361/361/361 228/228/228 427/427/427
f 361/361/361 427/427/427 426/426/426
f 362/362/362 361/361/361 426/426/426
f 362/362/362 426/426/426 425/425/425
f 282/282/282 281/281/281 424/424/424
f 282/282/282 424/424/424 423/423/423
f 305/305/305 282/282/282 423/423/423
f 305/305/305 423/423/423 422/422/422
f 326/326/326 325/325/325 421/421/421
f 326/326/326 421/421/421 420/420/420
f 404/404/404 326/326/326 420/420/420
f 404/404/404 420/420/420 419/419/419
f 390/390/390 398/398/398 418/418/418
f 390/390/390 418/418/418 417/417/417
f 386/386/386 390/390/390 417/417/417
f 386/386/386 417/417/417 416/416/416
f 215/215/215 386/386/386 416/416/416
f 215/215/215 416/416/416 415/415/415
f 216/216/216 215/215/215 415/415/415
f 216/216/216 415/415/415 414/414/414
f 297/297/297 380/380/380 413/413/413
f 297/297/297 413/413/413 412/412/412
f 298/298/298 297/297/297 412/412/412
f 298/298/298 412/412/412 411/411/411
f 1740/1740/1740 1741/1741/1741 1742/1742/1742
f 1605/1605/1605 1743/1743/1743 1744/1744/1744
f 1744/1744/1744 1745/1745/1745 1605/1605/1605
f 1745/1745/1745 1606/1606/1606 1605/1605/1605
f 1606/1606/1606 1746/1746/1746 1747/1747/1747
f 1747/1747/1747 1748/1748/1748 1606/1606/1606
f 1748/1748/1748 1749/1749/1749 1606/1606/1606
f 1749/1749/1749 1750/1750/1750 1604/1604/1604
f 1604/1604/1604 1751/1751/1751 1605/1605/1605
f 1749/1749/1749 1604/1604/1604 1606/1606/1606
f 1609/1609/1609 1752/1752/1752 1607/1607/1607
f 1752/1752/1752 1753/1753/1753 1607/1607/1607
f 1753/1753/1753 1754/1754/1754 1607/1607/1607
f 1607/1607/1607 1755/1755/1755 1756/1756/1756
f 1756/1756/1756 1757/1757/1757 1607/1607/1607
f 1757/1757/1757 1608/1608/1608 1607/1607/1607
f 1608/1608/1608 1758/1758/1758 1609/1609/1609
f 1758/1758/1758 1759/1759/1759 1609/1609/1609
f 1759/1759/1759 1760/1760/1760 1609/1609/1609
f 1612/1612/1612 1761/1761/1761 1762/1762/1762
f 1762/1762/1762 1763/1763/1763 1612/1612/1612
f 1763/1763/1763 1764/1764/1764 1612/1612/1612
f 1764/1764/1764 1765/1765/1765 1610/1610/1610
f 1610/1610/1610 1766/1766/1766 1611/1611/1611
f 1611/1611/1611 1767/1767/1767 1768/1768/1768
f 1768/1768/1768 1769/1769/1769 1611/1611/1611
f 1769/1769/1769 1612/1612/1612 1611/1611/1611
f 1764/1764/1764 1610/1610/1610 1612/1612/1612
f 1614/1614/1614 1770/1770/1770 1771/1771/1771
f 1771/1771/1771 1772/1772/1772 1614/1614/1614
f 1772/1772/1772 1615/1615/1615 1614/1614/1614
f 1615/1615/1615 1773/1773/1773 1774/1774/1774
f 1774/1774/1774 1775/1775/1775 1615/1615/1615
f 1775/1775/1775 1776/1776/1776 1615/1615/1615
f 1776/1776/1776 1777/1777/1777 1613/1613/1613
f 1613/1613/1613 1778/1778/1778 1614/1614/1614
f 1776/1776/1776 1613/1613/1613 1615/1615/1615
f 1618/1618/1618 1779/1779/1779 1780/1780/1780
f 1780/1780/1780 1781/1781/1781 1782/1782/1782
f 1782/1782/1782 1783/1783/1783 1616/1616/1616
f 1783/1783/1783 1784/1784/1784 1616/1616/1616
f 1784/1784/1784 1785/1785/1785 1616/1616/1616
f 1616/1616/1616 1786/1786/1786 1617/1617/1617
f 1617/1617/1617 1787/1787/1787 1618/1618/1618
f 1618/1618/1618 1780/1780/1780 1616/1616/1616
f 1780/1780/1780 1782/1782/1782 1616/1616/1616
f 1620/1620/1620 1788/1788/1788 1621/1621/1621
f 1788/1788/1788 1789/1789/1789 1621/1621/1621
f 1789/1789/1789 1790/1790/1790 1621/1621/1621
f 1621/1621/1621 1791/1791/1791 1792/1792/1792
f 1792/1792/1792 1793/1793/1793 1794/1794/1794
f 1794/1794/1794 1795/1795/1795 1619/1619/1619
f 1619/1619/1619 1796/1796/1796 1620/1620/1620
f 1621/1621/1621 1792/1792/1792 1794/1794/1794
f 1794/1794/1794 1619/1619/1619 1621/1621/1621
f 1797/1797/1797 1798/1798/1798 1799/1799/1799
f 1799/1799/1799 1800/1800/1800 1801/1801/1801
f 1800/1800/1800 1802/1802/1802 1801/1801/1801
f 1801/1801/1801 1803/1803/1803 1804/1804/1804
f 1804/1804/1804 1805/1805/1805 1806/1806/1806
f 1806/1806/1806 1807/1807/1807 1808/1808/1808
f 1741/1741/1741 1806/1806/1806 1808/1808/1808
f 1741/1741/1741 1809/1809/1809 1810/1810/1810
f 1809/1809/1809 1811/1811/1811 1812/1812/1812
f 1812/1812/1812 1813/1813/1813 1814/1814/1814
f 1814/1814/1814 1810/1810/1810 1812/1812/1812
f 1810/1810/1810 1815/1815/1815 1741/1741/1741
f 1815/1815/1815 1816/1816/1816 1817/1817/1817
f 1742/1742/1742 1815/1815/1815 1818/1818/1818
f 1817/1817/1817 1818/1818/1818 1815/1815/1815
f 1818/1818/1818 1819/1819/1819 1742/1742/1742
f 1742/1742/1742 1820/1820/1820 1821/1821/1821
f 1821/1821/1821 1822/1822/1822 1823/1823/1823
f 1823/1823/1823 1824/1824/1824 1821/1821/1821
f 1824/1824/1824 1825/1825/1825 1821/1821/1821
f 1825/1825/1825 1826/1826/1826 1740/1740/1740
f 1740/1740/1740 1827/1827/1827 1828/1828/1828
f 1827/1827/1827 1829/1829/1829 1828/1828/1828
f 1829/1829/1829 1830/1830/1830 1828/1828/1828
f 1828/1828/1828 1831/1831/1831 1832/1832/1832
f 1831/1831/1831 1833/1833/1833 1834/1834/1834
f 1832/1832/1832 1834/1834/1834 1835/1835/1835
f 1831/1831/1831 1834/1834/1834 1832/1832/1832
f 1832/1832/1832 1836/1836/1836 1828/1828/1828
f 1836/1836/1836 1837/1837/1837 1838/1838/1838
f 1838/1838/1838 1839/1839/1839 1840/1840/1840
f 1840/1840/1840 1841/1841/1841 1838/1838/1838
f 1841/1841/1841 1797/1797/1797 1740/1740/1740
f 1838/1838/1838 1841/1841/1841 1740/1740/1740
f 1797/1797/1797 1799/1799/1799 1804/1804/1804
f 1804/1804/1804 1799/1799/1799 1801/1801/1801
f 1797/1797/1797 1804/1804/1804 1806/1806/1806
f 1806/1806/1806 1741/1741/1741 1797/1797/1797
f 1809/1809/1809 1812/1812/1812 1810/1810/1810
f 1815/1815/1815 1742/1742/1742 1741/1741/1741
f 1742/1742/1742 1821/1821/1821 1825/1825/1825
f 1825/1825/1825 1740/1740/1740 1742/1742/1742
f 1836/1836/1836 1838/1838/1838 1828/1828/1828
f 1797/1797/1797 1741/1741/1741 1740/1740/1740
f 1740/1740/1740 1828/1828/1828 1838/1838/1838

