# https://github.com/mikedh/trimesh
mtllib material.mtl
usemtl material_0
v 0.04628175 -0.01883190 0.65391231
v 0.04182893 -0.02732611 0.65391141
v 0.04189997 -0.02737880 0.65391141
v 0.04636061 -0.01887000 0.65391231
v 0.04978924 -0.03255279 0.24504951
v 0.04253149 -0.04155870 0.24504940
v 0.04407227 -0.04306990 0.20788009
v 0.05159419 -0.03373660 0.20788009
v 0.03573471 -0.03488821 0.65391141
v 0.02825582 -0.04115041 0.65391213
v 0.02830392 -0.04122651 0.65391213
v 0.03579545 -0.03495370 0.65391141
v -0.04161280 0.02747003 0.65391141
v -0.03548026 0.03504637 0.65391141
v -0.03554075 0.03510044 0.65391141
v -0.04168421 0.02751116 0.65391141
v 0.04198139 0.02714787 0.65391231
v 0.04643017 0.01852361 0.65391117
v 0.04650890 0.01854942 0.65391117
v 0.04205328 0.02718840 0.65391231
v 0.03573471 -0.03488821 0.65391141
v 0.03579545 -0.03495370 0.65391141
v -0.04610604 0.01893977 0.65391111
v -0.04618471 0.01896629 0.65391111
v 0.04902964 -0.00970150 0.65391141
v 0.04911357 -0.00972390 0.65391141
v -0.04887670 0.00976000 0.65391111
v -0.04896008 0.00977079 0.65391111
v 0.04999542 -0.00016790 0.65391231
v 0.05008029 -0.00017410 0.65391231
v -0.04984456 0.00018570 0.65391111
v -0.04992961 0.00018020 0.65391111
v 0.04910928 0.00932316 0.65391231
v 0.04919308 0.00933323 0.65391231
v -0.04894191 -0.00935700 0.65391022
v -0.04902601 -0.00937880 0.65391022
v -0.04175484 -0.02721350 0.65391117
v -0.04622668 -0.01859800 0.65391040
v -0.04630619 -0.01863570 0.65391040
v -0.04182612 -0.02726591 0.65391117
v 0.03589975 0.03476397 0.65391219
v 0.03596121 0.03481749 0.65391219
v -0.03560680 -0.03486320 0.65391141
v -0.03566753 -0.03492860 0.65391141
v 0.02838164 0.04111389 0.65391213
v 0.02842992 0.04117832 0.65391213
v -0.02803671 -0.04119670 0.65391141
v -0.02808487 -0.04127300 0.65391141
v 0.01968812 0.04590408 0.65391213
v 0.01972192 0.04597661 0.65391213
v -0.01930302 -0.04595061 0.65391147
v -0.01933622 -0.04603501 0.65391147
v 0.01016116 0.04889200 0.65391183
v 0.01968812 0.04590408 0.65391213
v 0.01972192 0.04597661 0.65391213
v 0.01017796 0.04896936 0.65391183
v -0.00975168 -0.04888061 0.65391159
v -0.01930302 -0.04595061 0.65391147
v -0.01933622 -0.04603501 0.65391147
v -0.00976854 -0.04897000 0.65391159
v -0.00974512 0.04894421 0.65391159
v 0.00020547 0.04989043 0.65391183
v 0.00020558 0.04997019 0.65391183
v -0.00976199 0.04902205 0.65391159
v 0.00020547 0.04989043 0.65391183
v 0.00020558 0.04997019 0.65391183
v 0.01013875 -0.04884940 0.65391183
v 0.00020401 -0.04987790 0.65391171
v 0.00020412 -0.04996911 0.65391171
v 0.01015621 -0.04893871 0.65391183
v -0.01925987 0.04601876 0.65391141
v -0.01929301 0.04609123 0.65391141
v 0.01961791 -0.04588300 0.65391159
v 0.01965117 -0.04596730 0.65391159
v -0.02794682 0.04130820 0.65391147
v -0.02799499 0.04137293 0.65391147
v -0.02794682 0.04130820 0.65391147
v -0.02799499 0.04137293 0.65391147
v 0.06244879 0.01185278 0.18913689
v 0.06357663 -0.00022370 0.18913689
v 0.06660550 -0.00023490 0.17039250
v 0.06542426 0.01241825 0.17039250
v -0.05493623 0.02254746 0.24504890
v -0.04958516 0.03270653 0.24504919
v -0.05139279 0.03389517 0.20788009
v -0.05693835 0.02336678 0.20787971
v 0.05836546 -0.01156270 0.24504940
v 0.05509239 -0.02243650 0.24505040
v 0.05709016 -0.02325250 0.20788120
v 0.06048214 -0.01198340 0.20788009
v -0.05823600 0.01161484 0.24504919
v -0.06035774 0.01203672 0.20788001
v 0.05951488 -0.00020880 0.24505059
v 0.06167376 -0.00021670 0.20788141
v -0.05938833 0.00021250 0.24504919
v -0.06155270 0.00021980 0.20788001
v 0.05845963 0.01109461 0.24505059
v 0.06058013 0.01149753 0.20788141
v -0.05831360 -0.01115240 0.24504800
v -0.06043887 -0.01155820 0.20787869
v 0.05526918 0.02205185 0.24504919
v 0.05727303 0.02285311 0.20788009
v -0.04975432 -0.03241859 0.24504919
v -0.05508029 -0.02215791 0.24504820
v -0.05708760 -0.02296390 0.20787901
v -0.05156809 -0.03359739 0.20788001
v 0.04272848 0.04139314 0.24505040
v 0.04997134 0.03232280 0.24505050
v 0.05178260 0.03349749 0.20788130
v 0.04427671 0.04289792 0.20788120
v -0.04243201 -0.04152890 0.24504919
v -0.04397994 -0.04303890 0.20788009
v 0.03377407 0.04895571 0.24505030
v 0.04272848 0.04139314 0.24505040
v 0.04427671 0.04289792 0.20788120
v 0.03499716 0.05073497 0.20788100
v -0.03341645 -0.04907180 0.24504940
v -0.04243201 -0.04152890 0.24504919
v -0.04397994 -0.04303890 0.20788009
v -0.03463625 -0.05085610 0.20788009
v 0.02342098 0.05466042 0.24505010
v 0.02426773 0.05664674 0.20788090
v -0.02301532 -0.05473340 0.24504951
v -0.02385675 -0.05672351 0.20788030
v 0.01207453 0.05821851 0.24505000
v 0.01250869 0.06033490 0.20788071
v -0.01164025 -0.05822290 0.24504970
v -0.01206851 -0.06033979 0.20788039
v -0.01163244 0.05828104 0.24504970
v 0.00021814 0.05940804 0.24504980
v 0.00022102 0.06156722 0.20788071
v -0.01206040 0.06039975 0.20788039
v 0.01204854 -0.05818570 0.24504980
v 0.00021641 -0.05941071 0.24504980
v 0.00021921 -0.06157070 0.20788060
v 0.01248151 -0.06030130 0.20788071
v -0.02296400 0.05479661 0.24504940
v -0.02380383 0.05678830 0.20788009
v 0.02333730 -0.05465300 0.24504970
v 0.02418059 -0.05664010 0.20788039
v -0.03331011 0.04918698 0.24504951
v -0.03452605 0.05097476 0.20788009
v 0.03362447 -0.04901670 0.24505030
v 0.03484189 -0.05079891 0.20788090
v -0.04228127 0.04172949 0.24504940
v -0.03331011 0.04918698 0.24504951
v -0.03452605 0.05097476 0.20788009
v -0.04382354 0.04324630 0.20788009
v 0.03362447 -0.04901670 0.24505030
v 0.03484189 -0.05079891 0.20788090
v 0.04238009 0.06147847 0.12994529
v 0.05362462 0.05198148 0.12994550
v 0.05388844 0.05223755 0.12811141
v 0.04258817 0.06178132 0.12811130
v -0.06231176 -0.01191590 0.18913411
v -0.06346040 0.00022630 0.18913540
v -0.06649708 0.00023670 0.17039090
v -0.06529396 -0.01248530 0.17038950
v 0.05903995 0.02355955 0.18913560
v 0.06185203 0.02468393 0.17039120
v -0.05316704 -0.03463671 0.18913551
v -0.05885732 -0.02367420 0.18913449
v -0.06167382 -0.02480499 0.17038999
v -0.05571222 -0.03629090 0.17039099
v 0.04564160 0.04422382 0.18913670
v 0.05337995 0.03453306 0.18913680
v 0.05592197 0.03618143 0.17039250
v 0.04781419 0.04633526 0.17039230
v -0.04534423 -0.04437010 0.18913560
v -0.04751569 -0.04648910 0.17039120
v 0.03607511 0.05230389 0.18913659
v 0.04564160 0.04422382 0.18913670
v 0.04781419 0.04633526 0.17039230
v 0.03779089 0.05480072 0.17039220
v -0.03571194 -0.05242901 0.18913570
v -0.04534423 -0.04437010 0.18913560
v -0.04751569 -0.04648910 0.17039120
v -0.03742367 -0.05493280 0.17039131
v 0.02501386 0.05839816 0.18913651
v 0.02620154 0.06118599 0.17039201
v -0.02459913 -0.05847789 0.18913589
v -0.02578032 -0.06127051 0.17039140
v 0.01289129 0.06220016 0.18913630
v 0.01350015 0.06516937 0.17039190
v -0.01244562 -0.06220590 0.18913600
v -0.01304686 -0.06517661 0.17039140
v -0.01243764 0.06226680 0.18913600
v 0.00022355 0.06347105 0.18913621
v 0.00022758 0.06650118 0.17039169
v -0.01303786 0.06523952 0.17039140
v 0.01286298 -0.06216630 0.18913621
v 0.00022170 -0.06347510 0.18913610
v 0.00022564 -0.06650621 0.17039169
v 0.01347059 -0.06513500 0.17039169
v -0.02454406 0.05854419 0.18913570
v -0.02572280 0.06133924 0.17039131
v 0.02492398 -0.05839179 0.18913600
v 0.02610743 -0.06118040 0.17039140
v -0.03559798 0.05255113 0.18913570
v -0.03730440 0.05505977 0.17039131
v 0.03591465 -0.05237010 0.18913659
v 0.03762280 -0.05487110 0.17039201
v -0.04518318 0.04458354 0.18913570
v -0.03559798 0.05255113 0.18913570
v -0.03730440 0.05505977 0.17039131
v -0.04734683 0.04671142 0.17039131
v 0.05885124 -0.02397190 0.18913680
v 0.05318570 -0.03478010 0.18913570
v 0.05571848 -0.03644121 0.17039131
v 0.06165421 -0.02511691 0.17039230
v 0.04543083 -0.04440200 0.18913570
v 0.03591465 -0.05237010 0.18913659
v 0.03762280 -0.05487110 0.17039201
v 0.04759371 -0.04652250 0.17039131
v -0.05298632 0.03494302 0.18913560
v -0.05552268 0.03661094 0.17039120
v -0.05870348 0.02408907 0.18913530
v -0.06151264 0.02523879 0.17039080
v 0.06234776 -0.01235420 0.18913560
v 0.06531840 -0.01294460 0.17039120
v -0.06222862 0.01240859 0.18913540
v -0.06520670 0.01300064 0.17039090
v -0.01471704 0.07355032 0.12638330
v 0.00023886 0.07497272 0.12638350
v 0.00023886 0.07497272 0.10511060
v -0.01471704 0.07355038 0.10511040
v -0.04200202 -0.06162940 0.12994429
v -0.05332428 -0.05215651 0.12994421
v -0.05358725 -0.05241351 0.12811010
v -0.04220962 -0.06193300 0.12811020
v 0.02937817 0.06864241 0.12994520
v 0.02952218 0.06898049 0.12811109
v -0.02893948 -0.06873950 0.12994429
v -0.02908271 -0.06907821 0.12811039
v 0.01512861 0.07311127 0.12994500
v 0.01520246 0.07347140 0.12811100
v -0.01465404 -0.07312161 0.12994440
v -0.01472657 -0.07348201 0.12811039
v -0.01464390 0.07318983 0.12994450
v 0.00023836 0.07460502 0.12994480
v 0.00023886 0.07497272 0.12811080
v -0.01471704 0.07355038 0.12811060
v 0.01509565 -0.07307500 0.12994480
v 0.00023618 -0.07461341 0.12994480
v 0.00023667 -0.07498100 0.12811060
v 0.01516932 -0.07343499 0.12811080
v -0.02887499 0.06881407 0.12994429
v -0.02901792 0.06915323 0.12811010
v -0.06920826 -0.02782960 0.12994280
v -0.07326918 -0.01400820 0.12994240
v -0.07363086 -0.01407730 0.12810829
v -0.06954985 -0.02796671 0.12810870
v 0.02927255 -0.06863850 0.12994450
v 0.02941608 -0.06897660 0.12811050
v -0.04186815 0.06176910 0.12994440
v -0.04207473 0.06207350 0.12811039
v 0.04219186 -0.06156009 0.12994520
v 0.04239881 -0.06186341 0.12811120
v -0.05313462 0.05240360 0.12994429
v -0.04186815 0.06176910 0.12994440
v -0.04207473 0.06207350 0.12811039
v -0.05339705 0.05266169 0.12811010
v 0.06915229 -0.02817941 0.12994550
v 0.06249243 -0.04088390 0.12994429
v 0.06279993 -0.04108541 0.12811039
v 0.06949228 -0.02831830 0.12811160
v 0.05337733 -0.05219400 0.12994429
v 0.04219186 -0.06156009 0.12994520
v 0.04239881 -0.06186341 0.12811120
v 0.05363965 -0.05245121 0.12811039
v -0.06230700 0.04107205 0.12994400
v -0.06261479 0.04127434 0.12811010
v 0.06272101 0.04059014 0.12994550
v 0.06937426 0.02769134 0.12994400
v 0.06971538 0.02782772 0.12811010
v 0.06302934 0.04079006 0.12811160
v -0.06902736 0.02831379 0.12994370
v -0.06936812 0.02845321 0.12810960
v 0.07326269 -0.01452350 0.12994421
v 0.07362294 -0.01459510 0.12811010
v -0.07317131 0.01458398 0.12994391
v -0.07353246 0.01465580 0.12810990
v 0.07470673 -0.00026470 0.12994561
v 0.07507407 -0.00026610 0.12811160
v -0.07461893 0.00026440 0.12994391
v -0.07498723 0.00026560 0.12810990
v 0.07338148 0.01393065 0.12994561
v 0.07374227 0.01399926 0.12811160
v -0.06251960 -0.04071540 0.12994400
v -0.06282830 -0.04091591 0.12811010
v 0.05362462 0.05198148 0.12994550
v 0.05388844 0.05223755 0.12811141
v -0.05332428 -0.05215651 0.12994421
v -0.05358725 -0.05241351 0.12811010
v -0.05339705 0.05266169 0.10511010
v -0.04207473 0.06207350 0.10511020
v -0.04202932 0.06200609 0.10511020
v -0.05333942 0.05260465 0.10511010
v 0.01520246 0.07347140 0.12638371
v 0.01520246 0.07347140 0.10511080
v 0.01516932 -0.07343499 0.12638350
v 0.00023667 -0.07498100 0.12638350
v 0.00023667 -0.07498100 0.10511060
v 0.01516932 -0.07343499 0.10511060
v -0.02901792 0.06915323 0.12638301
v -0.02901792 0.06915323 0.10511010
v -0.06954985 -0.02796671 0.12638161
v -0.07363086 -0.01407730 0.12638099
v -0.07363086 -0.01407730 0.10510820
v -0.06954985 -0.02796671 0.10510870
v 0.02941608 -0.06897660 0.12638330
v 0.02941608 -0.06897660 0.10511040
v -0.04207473 0.06207350 0.12638310
v -0.04207473 0.06207350 0.10511020
v -0.01472657 -0.07348201 0.12638330
v -0.01472657 -0.07348201 0.10511020
v 0.04239881 -0.06186341 0.12638400
v 0.04239881 -0.06186341 0.10511110
v -0.05339705 0.05266169 0.12638301
v -0.04207473 0.06207350 0.12638310
v -0.04207473 0.06207350 0.10511020
v -0.05339705 0.05266169 0.10511010
v 0.06949228 -0.02831830 0.12638409
v 0.06279993 -0.04108541 0.12638310
v 0.06279993 -0.04108541 0.10511010
v 0.06949228 -0.02831830 0.10511130
v 0.05363965 -0.05245121 0.12638301
v 0.04239881 -0.06186341 0.12638400
v 0.04239881 -0.06186341 0.10511110
v 0.05363965 -0.05245121 0.10511010
v -0.06261479 0.04127434 0.12638280
v -0.06261479 0.04127434 0.10510990
v 0.06302934 0.04079006 0.12638409
v 0.06971538 0.02782772 0.12638280
v 0.06971538 0.02782772 0.10510990
v 0.06302934 0.04079006 0.10511130
v -0.06936812 0.02845321 0.12638240
v -0.06936812 0.02845321 0.10510940
v 0.07362294 -0.01459510 0.12638290
v 0.07362294 -0.01459510 0.10511000
v -0.07353246 0.01465580 0.12638269
v -0.07353246 0.01465580 0.10510980
v 0.07507407 -0.00026610 0.12638441
v 0.07507407 -0.00026610 0.10511140
v -0.07498723 0.00026560 0.12638269
v -0.07498723 0.00026560 0.10510980
v 0.07374227 0.01399926 0.12638441
v 0.07374227 0.01399926 0.10511140
v -0.06282830 -0.04091591 0.12638280
v -0.06282830 -0.04091591 0.10510990
v 0.05388844 0.05223755 0.12638409
v 0.05388844 0.05223755 0.10511130
v -0.05358725 -0.05241351 0.12638290
v -0.05358725 -0.05241351 0.10511000
v 0.04258817 0.06178132 0.12638409
v 0.05388844 0.05223755 0.12638409
v 0.05388844 0.05223755 0.10511130
v 0.04258817 0.06178132 0.10511120
v -0.04220962 -0.06193300 0.12638301
v -0.05358725 -0.05241351 0.12638290
v -0.05358725 -0.05241351 0.10511000
v -0.04220962 -0.06193300 0.10511010
v 0.02952218 0.06898049 0.12638400
v 0.02952218 0.06898049 0.10511110
v -0.02908271 -0.06907821 0.12638301
v -0.02908271 -0.06907821 0.10511010
v 0.06949228 -0.02831830 0.10511130
v 0.06279993 -0.04108541 0.10511010
v 0.06273204 -0.04104090 0.10511010
v 0.06941711 -0.02828760 0.10511130
v 0.05363965 -0.05245121 0.10511010
v 0.04239881 -0.06186341 0.10511110
v 0.04235327 -0.06179631 0.10511110
v 0.05358195 -0.05239441 0.10511010
v -0.06261479 0.04127434 0.10510990
v -0.06254678 0.04122964 0.10510990
v 0.06302934 0.04079006 0.10511130
v 0.06971538 0.02782772 0.10510990
v 0.06963998 0.02779762 0.10510990
v 0.06296116 0.04074589 0.10511130
v -0.06936812 0.02845321 0.10510940
v -0.06929284 0.02842239 0.10510940
v 0.07362294 -0.01459510 0.10511000
v 0.07354331 -0.01457920 0.10511000
v -0.07353246 0.01465580 0.10510980
v -0.07345265 0.01463995 0.10510980
v 0.07507407 -0.00026610 0.10511140
v 0.07499289 -0.00026580 0.10511140
v -0.07498723 0.00026560 0.10510980
v -0.07490581 0.00026530 0.10510980
v 0.07374227 0.01399926 0.10511140
v 0.07366251 0.01398412 0.10511140
v -0.07363086 -0.01407730 0.10510820
v -0.07355093 -0.01406200 0.10510820
v -0.06282830 -0.04091591 0.10510990
v -0.06954985 -0.02796671 0.10510870
v -0.06947433 -0.02793640 0.10510870
v -0.06276005 -0.04087169 0.10510990
v 0.05388844 0.05223755 0.10511130
v 0.05382990 0.05218062 0.10511130
v -0.05358725 -0.05241351 0.10511000
v -0.06282830 -0.04091591 0.10510990
v -0.06276005 -0.04087169 0.10510990
v -0.05352944 -0.05235671 0.10511000
v 0.04258817 0.06178132 0.10511120
v 0.05388844 0.05223755 0.10511130
v 0.05382990 0.05218062 0.10511130
v 0.04254204 0.06171468 0.10511120
v -0.04220962 -0.06193300 0.10511010
v -0.04216367 -0.06186581 0.10511010
v 0.02952218 0.06898049 0.10511110
v 0.02949035 0.06890604 0.10511110
v -0.02908271 -0.06907821 0.10511010
v -0.02905106 -0.06900340 0.10511010
v 0.01520246 0.07347140 0.10511080
v 0.01518613 0.07339177 0.10511080
v -0.01472657 -0.07348201 0.10511020
v -0.01471078 -0.07340240 0.10511020
v -0.01471704 0.07355038 0.10511040
v 0.00023886 0.07497272 0.10511060
v 0.00023874 0.07489130 0.10511060
v -0.01470077 0.07347105 0.10511040
v 0.01520246 0.07347140 0.10511080
v 0.01518613 0.07339177 0.10511080
v 0.01516932 -0.07343499 0.10511060
v 0.00023667 -0.07498100 0.10511060
v 0.00023655 -0.07489981 0.10511060
v 0.01515305 -0.07335550 0.10511060
v -0.02901792 0.06915323 0.10511010
v -0.01471704 0.07355038 0.10511040
v -0.01470077 0.07347105 0.10511040
v -0.02898633 0.06907794 0.10511010
v 0.02941608 -0.06897660 0.10511040
v 0.01516932 -0.07343499 0.10511060
v 0.01515305 -0.07335550 0.10511060
v 0.02938437 -0.06890190 0.10511040
v 0.04205328 0.02718840 0.65391231
v 0.04650890 0.01854942 0.65391117
v 0.04998075 0.01993755 0.50523430
v 0.04519110 0.02922330 0.50523520
v 0.05258399 0.02097825 0.35655710
v 0.04754424 0.03074894 0.35655829
v -0.04168421 0.02751116 0.65391141
v -0.03554075 0.03510044 0.65391141
v -0.03821223 0.03772775 0.50523430
v -0.04481554 0.02957026 0.50523430
v -0.04021543 0.03969750 0.35655731
v -0.04716295 0.03111402 0.35655710
v 0.03579545 -0.03495370 0.65391141
v 0.02830392 -0.04122651 0.65391213
v 0.03041267 -0.04431410 0.50523502
v 0.03846520 -0.03757150 0.50523442
v 0.03199326 -0.04662880 0.35655800
v 0.04046636 -0.03953411 0.35655731
v 0.04636061 -0.01887000 0.65391231
v 0.04189997 -0.02737880 0.65391141
v 0.04502677 -0.02942941 0.50523448
v 0.04982089 -0.02028350 0.50523520
v 0.04737097 -0.03096680 0.35655740
v 0.05241549 -0.02134331 0.35655820
v -0.02799499 0.04137293 0.65391147
v -0.03010129 0.04447023 0.50523448
v -0.03168094 0.04679213 0.35655740
v 0.02830392 -0.04122651 0.65391213
v 0.01965117 -0.04596730 0.65391159
v 0.02111208 -0.04940970 0.50523460
v 0.03041267 -0.04431410 0.50523502
v 0.02220726 -0.05199049 0.35655749
v 0.03199326 -0.04662880 0.35655800
v 0.00020412 -0.04996911 0.65391171
v -0.00976854 -0.04897000 0.65391159
v -0.01051038 -0.05263720 0.50523448
v 0.00020899 -0.05371100 0.50523472
v -0.01106619 -0.05538660 0.35655749
v 0.00021264 -0.05651639 0.35655761
v -0.02799499 0.04137293 0.65391147
v -0.01929301 0.04609123 0.65391141
v -0.02074790 0.04954139 0.50523430
v -0.03010129 0.04447023 0.50523448
v -0.02183872 0.05212811 0.35655731
v -0.03168094 0.04679213 0.35655740
v 0.01015621 -0.04893871 0.65391183
v 0.01090610 -0.05260360 0.50523472
v 0.01146847 -0.05535120 0.35655770
v -0.04630619 -0.01863570 0.65391040
v -0.04902601 -0.00937880 0.65391022
v -0.05270677 -0.01008170 0.50523311
v -0.04978328 -0.02003170 0.50523329
v -0.05546689 -0.01060880 0.35655591
v -0.05239075 -0.02107830 0.35655621
v -0.00976199 0.04902205 0.65391159
v -0.01050335 0.05269161 0.50523460
v -0.01105874 0.05544296 0.35655749
v 0.00020558 0.04997019 0.65391183
v 0.01017796 0.04896936 0.65391183
v 0.01092994 0.05263505 0.50523502
v 0.00021056 0.05371073 0.50523472
v 0.01149350 0.05538336 0.35655791
v 0.00021429 0.05651489 0.35655770
v -0.01933622 -0.04603501 0.65391147
v -0.02079439 -0.04948241 0.50523448
v -0.02188760 -0.05206710 0.35655740
v 0.01972192 0.04597661 0.65391213
v 0.02118808 0.04941831 0.50523502
v 0.02228713 0.05199823 0.35655800
v -0.02808487 -0.04127300 0.65391141
v -0.03019767 -0.04436390 0.50523442
v -0.03178215 -0.04668130 0.35655740
v 0.02842992 0.04117832 0.65391213
v 0.03054809 0.04426095 0.50523508
v 0.03213620 0.04657201 0.35655811
v -0.03566753 -0.03492860 0.65391141
v -0.03834885 -0.03754450 0.50523430
v -0.04035884 -0.03950571 0.35655731
v 0.03596121 0.03481749 0.65391219
v 0.03864330 0.03742365 0.50523520
v 0.04065406 0.03937749 0.35655820
v -0.03566753 -0.03492860 0.65391141
v -0.04182612 -0.02726591 0.65391117
v -0.04496812 -0.02930810 0.50523430
v -0.03834885 -0.03754450 0.50523430
v -0.04732418 -0.03083910 0.35655710
v -0.04035884 -0.03950571 0.35655731
v 0.03596121 0.03481749 0.65391219
v 0.03864330 0.03742365 0.50523520
v 0.04065406 0.03937749 0.35655820
v 0.04919308 0.00933323 0.65391231
v 0.05286586 0.01003132 0.50523531
v 0.05561918 0.01055465 0.35655829
v -0.04992961 0.00018020 0.65391111
v -0.05367875 0.00019300 0.50523412
v -0.05648905 0.00020260 0.35655701
v 0.05008029 -0.00017410 0.65391231
v 0.05381989 -0.00018790 0.50523531
v 0.05662328 -0.00019820 0.35655829
v -0.04896008 0.00977079 0.65391111
v -0.05263662 0.01050166 0.50523412
v -0.05539274 0.01104954 0.35655701
v 0.04911357 -0.00972390 0.65391141
v 0.05278033 -0.01045270 0.50523430
v 0.05552947 -0.01099910 0.35655731
v -0.04618471 0.01896629 0.65391111
v -0.04965341 0.02038560 0.50523400
v -0.05225378 0.02144972 0.35655689
v 0.05404233 0.02156148 0.28221869
v 0.04886239 0.03160391 0.28221980
v -0.04133749 0.04080132 0.28221869
v -0.04847890 0.03197912 0.28221869
v 0.03287965 -0.04792599 0.28221950
v 0.04158806 -0.04063390 0.28221881
v 0.04868501 -0.03182840 0.28221881
v 0.05386984 -0.02193721 0.28221980
v -0.03256595 0.04809330 0.28221881
v 0.02282083 -0.05343691 0.28221911
v 0.03287965 -0.04792599 0.28221950
v -0.01137799 -0.05692740 0.28221890
v 0.00021469 -0.05808870 0.28221920
v -0.02244997 0.05357805 0.28221869
v -0.03256595 0.04809330 0.28221881
v 0.01178354 -0.05689090 0.28221929
v -0.05701351 -0.01090410 0.28221729
v -0.05385178 -0.02166480 0.28221759
v -0.01137048 0.05698500 0.28221890
v 0.01180917 0.05692348 0.28221941
v 0.00021638 0.05808643 0.28221920
v -0.02249991 -0.05351560 0.28221881
v 0.02290338 0.05344424 0.28221941
v -0.03267014 -0.04797991 0.28221881
v 0.03302592 0.04786704 0.28221971
v -0.04148519 -0.04060470 0.28221869
v 0.04178071 0.04047248 0.28221971
v -0.04864430 -0.03169709 0.28221861
v -0.04148519 -0.04060470 0.28221869
v 0.04178071 0.04047248 0.28221971
v 0.05716252 0.01084796 0.28221989
v -0.05806434 0.00020790 0.28221849
v 0.05819422 -0.00020390 0.28221989
v -0.05693691 0.01135663 0.28221849
v 0.05706971 -0.01130530 0.28221869
v -0.05371063 0.02204607 0.28221831
v -0.01089406 -0.05127400 0.70647919
v -0.00321740 -0.05241340 0.70444542
v -0.00086215 -0.05231769 0.70967680
v -0.00753599 -0.05168749 0.71118808
v 0.01520860 -0.04977080 0.71632701
v 0.01011157 -0.05126379 0.71223330
v 0.01336145 -0.05076671 0.70702732
v 0.02133560 -0.04778330 0.71186483
v 0.01919287 -0.04783000 0.72315878
v 0.02643162 -0.04479501 0.71775192
v 0.02022558 -0.04654171 0.73034501
v 0.03067249 -0.04090710 0.72766018
v -0.01381731 -0.05012640 0.71530271
v -0.01801604 -0.04907380 0.70971012
v -0.01813971 -0.04824410 0.72152263
v -0.02337515 -0.04649611 0.71422768
v -0.01983386 -0.04670860 0.72921991
v -0.02818650 -0.04309951 0.72183597
v -0.03141993 -0.03925250 0.73233408
v -0.01845312 -0.04606660 0.73666930
v 0.01835000 -0.04601569 0.73784298
v 0.03263849 -0.03740110 0.73732072
v 0.00459039 -0.05233760 0.70456767
v 0.00459433 -0.05212080 0.71013200
v -0.01438510 -0.04610540 0.74300659
v -0.02117002 -0.04240860 0.74591100
v -0.00788724 -0.04640990 0.74754292
v -0.00836974 -0.04367679 0.75421119
v 0.00115061 -0.04655500 0.74923778
v 0.00103015 -0.04380611 0.75572008
v -0.03243947 -0.03679681 0.73894691
v -0.02198809 -0.03914811 0.75250572
v -0.00871152 -0.03974549 0.76068300
v 0.00090415 -0.04010960 0.76169920
v -0.03280258 -0.03404140 0.74550921
v -0.03243947 -0.03679681 0.73894691
v -0.02198809 -0.03914811 0.75250572
v -0.02221989 -0.03486650 0.75880551
v -0.02221989 -0.03486650 0.75880551
v -0.00875598 -0.03465579 0.76628113
v 0.00080163 -0.03534810 0.76688778
v -0.03241235 -0.03082930 0.75186491
v -0.02165079 -0.02981929 0.76418751
v -0.00875598 -0.03465579 0.76628113
v -0.00849199 -0.02883010 0.77052569
v -0.00849199 -0.02883010 0.77052569
v -0.00875598 -0.03465579 0.76628113
v 0.00080163 -0.03534810 0.76688778
v 0.00070739 -0.02964340 0.77103591
v -0.03120005 -0.02704839 0.75779837
v -0.02044153 -0.02427121 0.76846248
v -0.00802803 -0.02255940 0.77366358
v -0.00802803 -0.02255940 0.77366358
v 0.00059779 -0.02330831 0.77415490
v -0.02915078 -0.02271080 0.76309228
v -0.01868999 -0.01843710 0.77180851
v -0.01868999 -0.01843710 0.77180851
v -0.02044153 -0.02427121 0.76846248
v -0.00737178 -0.01611530 0.77590442
v 0.00048931 -0.01659040 0.77641112
v -0.02636176 -0.01794050 0.76763421
v -0.01659435 -0.01254930 0.77441412
v -0.01659435 -0.01254930 0.77441412
v -0.00658059 -0.00962070 0.77756792
v 0.00038440 -0.00970280 0.77800930
v -0.02298027 -0.01291900 0.77140278
v -0.02636176 -0.01794050 0.76763421
v -0.01419878 -0.00663190 0.77643931
v -0.00568086 -0.00306300 0.77877402
v 0.00026658 -0.00270420 0.77915871
v -0.01918596 -0.00760540 0.77446443
v -0.01165813 -0.00066190 0.77799368
v -0.00473601 0.00352310 0.77964908
v 0.00013458 0.00432540 0.77996057
v -0.01515913 -0.00220010 0.77685082
v -0.01100564 0.00337560 0.77865100
v -0.00669908 0.00900660 0.77992189
v -0.00000272 0.01137636 0.78054887
v 0.02021527 -0.00839110 0.77406597
v 0.01596248 -0.00265880 0.77667481
v 0.01119560 0.00367450 0.77873832
v 0.01170301 -0.00045170 0.77815461
v 0.00626218 0.00981454 0.78009301
v 0.00489944 0.00380190 0.77970099
v 0.02389800 -0.01357270 0.77096629
v 0.01425468 -0.00643700 0.77659261
v 0.00609195 -0.00277800 0.77880692
v 0.02682065 -0.01799880 0.76761621
v 0.01641422 -0.01209980 0.77474880
v 0.00708967 -0.00923970 0.77761561
v 0.02911216 -0.02186050 0.76401472
v 0.01820302 -0.01751680 0.77254897
v 0.00793898 -0.01558980 0.77606893
v 0.03087836 -0.02534090 0.76006079
v 0.02911216 -0.02186050 0.76401472
v 0.01820302 -0.01751680 0.77254897
v 0.01975697 -0.02280830 0.76977253
v 0.01975697 -0.02280830 0.76977253
v 0.00869131 -0.02183910 0.77392590
v 0.03217387 -0.02858031 0.75557160
v 0.02101296 -0.02800161 0.76619762
v 0.02101296 -0.02800161 0.76619762
v 0.00932074 -0.02792241 0.77099180
v 0.03298455 -0.03170560 0.75024247
v 0.02186745 -0.03303260 0.76148152
v 0.02186745 -0.03303260 0.76148152
v 0.00988865 -0.03371680 0.76691180
v 0.03317523 -0.03459591 0.74422622
v 0.02215987 -0.03749800 0.75560021
v 0.02215987 -0.03749800 0.75560021
v 0.02186745 -0.03303260 0.76148152
v 0.00988865 -0.03371680 0.76691180
v 0.01015245 -0.03886020 0.76152289
v 0.03263849 -0.03740110 0.73732072
v 0.02188259 -0.04121070 0.74864268
v 0.02188259 -0.04121070 0.74864268
v 0.01024252 -0.04297601 0.75495481
v 0.01424407 -0.04611321 0.74356180
v 0.00849450 -0.04639100 0.74745548
v -0.00252974 -0.05181921 0.70082861
v -0.01141452 -0.05049770 0.70284218
v -0.01153135 -0.04867551 0.69963050
v -0.00173253 -0.05006620 0.69767398
v -0.01967829 -0.04765131 0.70685548
v -0.02072012 -0.04536641 0.70434910
v -0.01967829 -0.04765131 0.70685548
v -0.02572005 -0.04448630 0.71226400
v -0.02710044 -0.04156820 0.71059901
v -0.02072012 -0.04536641 0.70434910
v -0.03064054 -0.04048321 0.72095251
v -0.03203046 -0.03708090 0.72018027
v -0.03329086 -0.03654431 0.73101902
v -0.03442353 -0.03344069 0.72971559
v -0.03423798 -0.03390270 0.73793560
v -0.03530097 -0.03068210 0.73685670
v -0.03454089 -0.03115170 0.74439961
v -0.03545415 -0.02795440 0.74313498
v -0.03414762 -0.02812231 0.75034881
v -0.03501600 -0.02516820 0.74855471
v -0.03262013 -0.02364260 0.75720263
v -0.03318697 -0.02005690 0.75621629
v -0.03058362 -0.01949440 0.76208621
v -0.03125149 -0.01617830 0.76062077
v -0.02781993 -0.01486570 0.76635581
v -0.02869123 -0.01177620 0.76463842
v -0.02448934 -0.00980550 0.77011549
v -0.02541548 -0.00679040 0.76836091
v -0.02068114 -0.00425570 0.77341378
v -0.02148509 -0.00103600 0.77163571
v -0.01647591 0.00170550 0.77621228
v -0.01692271 0.00543485 0.77441043
v -0.01183283 0.00808886 0.77825707
v -0.01187580 0.01255033 0.77655631
v -0.01183283 0.00808886 0.77825707
v -0.00696337 0.01314083 0.77960402
v -0.00674444 0.01692024 0.77780843
v -0.01187580 0.01255033 0.77655631
v -0.00040501 0.01520667 0.78027880
v -0.00073338 0.01858006 0.77836442
v 0.00549376 0.01413373 0.77991319
v 0.00431043 0.01803038 0.77818012
v 0.01108384 0.00942281 0.77866572
v 0.01018333 0.01488141 0.77718139
v 0.01594698 0.00308740 0.77668470
v 0.01505672 0.00864307 0.77549243
v 0.03059262 -0.01876050 0.76280397
v 0.03271639 -0.02291130 0.75818378
v 0.03372550 -0.02032880 0.75588781
v 0.03135031 -0.01568370 0.76124263
v 0.03389906 -0.02582049 0.75416332
v 0.03471428 -0.02281640 0.75240880
v 0.03474181 -0.02897760 0.74880707
v 0.03558588 -0.02594070 0.74712288
v 0.02462995 -0.00930400 0.77037650
v 0.02769023 -0.01393070 0.76707298
v 0.02791661 -0.00995240 0.76617312
v 0.02476382 -0.00516290 0.76938081
v 0.02066636 -0.00353640 0.77373648
v 0.02037698 0.00116270 0.77268350
v 0.02066636 -0.00353640 0.77373648
v 0.02037698 0.00116270 0.77268350
v 0.00561106 -0.05158210 0.70115662
v 0.00643206 -0.04970661 0.69818771
v 0.01457446 -0.04970109 0.70382643
v 0.01533865 -0.04769780 0.70099270
v 0.02276206 -0.04639080 0.70888072
v 0.02346724 -0.04414360 0.70621163
v 0.02847141 -0.04288781 0.71548009
v 0.02276206 -0.04639080 0.70888072
v 0.02346724 -0.04414360 0.70621163
v 0.02940869 -0.04004510 0.71342659
v 0.03254592 -0.03853220 0.72574902
v 0.03355485 -0.03560831 0.72388887
v 0.03441900 -0.03478600 0.73568082
v 0.03542155 -0.03179049 0.73399830
v 0.03494668 -0.03191030 0.74271601
v 0.03586131 -0.02887520 0.74106681
v -0.01307559 -0.04826841 0.73493981
v -0.01436913 -0.04868750 0.72977948
v -0.01367747 -0.04950321 0.72457743
v 0.01285672 -0.05015410 0.71972442
v 0.01259630 -0.05029660 0.72022653
v 0.00862420 -0.05138651 0.71644861
v 0.00876588 -0.05128230 0.71591812
v 0.00347817 -0.05210140 0.71427548
v 0.00359643 -0.05201210 0.71375728
v -0.00209725 -0.05216861 0.71420842
v -0.00194704 -0.05209909 0.71361768
v 0.01537638 -0.04895580 0.72489190
v 0.01492995 -0.04919030 0.72518402
v 0.01582705 -0.04810120 0.73056459
v 0.01530814 -0.04839151 0.73066998
v 0.01415818 -0.04771160 0.73611277
v 0.01365888 -0.04802120 0.73597348
v 0.01061606 -0.04769701 0.74062920
v 0.01017791 -0.04799519 0.74034482
v 0.00566757 -0.04782520 0.74354780
v 0.00530165 -0.04811831 0.74311352
v -0.00008025 -0.04787470 0.74454051
v -0.00024760 -0.04814801 0.74404049
v -0.00596172 -0.04781181 0.74327368
v -0.00573409 -0.04809169 0.74282408
v -0.01085335 -0.04769520 0.74003631
v -0.01042640 -0.04799210 0.73974419
v -0.01414752 -0.04776180 0.73527622
v -0.01363641 -0.04807191 0.73518038
v -0.01549082 -0.04821920 0.72965920
v -0.01497954 -0.04850560 0.72979051
v -0.01466405 -0.04915270 0.72398227
v -0.01423382 -0.04937769 0.72438210
v -0.01190066 -0.05034310 0.71894771
v -0.01169008 -0.05046090 0.71948481
v -0.00733638 -0.05151260 0.71563751
v -0.00730801 -0.05154520 0.71631801
v 0.02688390 -0.01770360 0.76757669
v 0.02921921 -0.02163561 0.76392680
v 0.03311187 -0.03150760 0.75013828
v 0.03330349 -0.03440121 0.74411678
v 0.03276801 -0.03721130 0.73720169
v 0.03080821 -0.04073471 0.72752148
v 0.02657938 -0.04465669 0.71758699
v 0.02657938 -0.04465669 0.71758699
v 0.02143913 -0.04768230 0.71164840
v 0.02847141 -0.04288781 0.71548009
v 0.01344943 -0.05068950 0.70679522
v 0.00466442 -0.05228271 0.70432019
v -0.00316751 -0.05237029 0.70418292
v 0.01596117 -0.00224190 0.77667552
v 0.02024799 -0.00803890 0.77404213
v 0.02395111 -0.01326300 0.77092338
v 0.02462995 -0.00930400 0.77037650
v 0.02395111 -0.01326300 0.77092338
v 0.03229910 -0.02838010 0.75546962
v 0.03101170 -0.02516460 0.75992471
v 0.01118755 0.00409150 0.77873302
v 0.00620639 0.01012788 0.78008002
v -0.00003190 0.01165417 0.78052932
v -0.00671822 0.00930653 0.77989888
v -0.01106572 0.00371750 0.77862239
v -0.01525449 -0.00191680 0.77680463
v -0.01647591 0.00170550 0.77621228
v -0.01929450 -0.00736240 0.77438807
v -0.01525449 -0.00191680 0.77680463
v -0.02308940 -0.01269310 0.77130949
v -0.02646756 -0.01771750 0.76754141
v -0.02925467 -0.02247751 0.76301932
v -0.03130275 -0.02680130 0.75775528
v -0.03253823 -0.03063300 0.75175500
v -0.03292828 -0.03383180 0.74542862
v -0.03257000 -0.03658690 0.73887348
v -0.03155565 -0.03905600 0.73223883
v -0.02836436 -0.04290970 0.72177202
v -0.02354526 -0.04635030 0.71408522
v -0.01813668 -0.04897060 0.70950288
v -0.02354526 -0.04635030 0.71408522
v -0.02572005 -0.04448630 0.71226400
v -0.01093173 -0.05121771 0.70621538
v -0.00022964 -0.04830889 0.74341011
v -0.00548816 -0.04826470 0.74224889
v -0.00999516 -0.04818150 0.73930800
v -0.01122069 -0.05055600 0.71990710
v -0.00700754 -0.05154981 0.71684802
v -0.00197947 -0.05213730 0.71481562
v 0.00333965 -0.05207971 0.71490651
v 0.00510281 -0.04826809 0.74255222
v 0.00976723 -0.04818091 0.73988253
v 0.01311588 -0.04821940 0.73570007
v 0.01470196 -0.04858090 0.73062038
v 0.01433748 -0.04934090 0.72536159
v 0.01208919 -0.05038691 0.72060740
v 0.00827032 -0.05141521 0.71698570
v -0.02337515 -0.04649611 0.71422768
v -0.02818650 -0.04309951 0.72183597
v -0.03141993 -0.03925250 0.73233408
v -0.02298027 -0.01291900 0.77140278
v -0.01918596 -0.00760540 0.77446443
v -0.01515913 -0.00220010 0.77685082
v 0.02389800 -0.01357270 0.77096629
v 0.02682065 -0.01799880 0.76761621
v 0.03067249 -0.04090710 0.72766018
v 0.02643162 -0.04479501 0.71775192
v 0.01652652 -0.07697850 0.03491652
v 0.00499034 -0.07870510 0.03801155
v 0.00145090 -0.07856031 0.03004789
v 0.01148015 -0.07760499 0.02775084
v -0.02269935 -0.07470100 0.01992893
v -0.01503980 -0.07696231 0.02614951
v -0.01992321 -0.07621020 0.03408253
v -0.03190672 -0.07168961 0.02672111
v -0.02868676 -0.07176021 0.00953448
v -0.03956449 -0.06716201 0.01776289
v -0.03023833 -0.06980830 -0.00139952
v -0.04593735 -0.06127100 0.00268590
v 0.02091944 -0.07524000 0.02148723
v 0.02722913 -0.07364491 0.03000015
v 0.02741539 -0.07238790 0.01202476
v 0.03528243 -0.06973930 0.02312552
v 0.02996075 -0.07006121 0.00031257
v 0.04251301 -0.06459290 0.01154834
v 0.04737132 -0.05876400 -0.00442636
v 0.02788585 -0.06908861 -0.01102316
v -0.02742010 -0.06901149 -0.01280891
v -0.04889231 -0.05595881 -0.01201421
v -0.00674284 -0.07859010 0.03782486
v -0.00674868 -0.07825820 0.02933526
v 0.02177262 -0.06914741 -0.02066648
v 0.03196865 -0.06354600 -0.02508604
v 0.01200801 -0.06960830 -0.02756965
v 0.01273310 -0.06546760 -0.03771615
v -0.00157380 -0.06982850 -0.03014850
v -0.00139254 -0.06566340 -0.04001230
v 0.04890400 -0.05504330 -0.01448845
v 0.03319782 -0.05860589 -0.03512108
v 0.01324629 -0.05951101 -0.04756397
v -0.00120318 -0.06006260 -0.04911065
v 0.04944950 -0.05086830 -0.02447450
v 0.04890400 -0.05504330 -0.01448845
v 0.03319782 -0.05860589 -0.03512108
v 0.03354609 -0.05211850 -0.04470717
v 0.03354609 -0.05211850 -0.04470717
v 0.01331347 -0.05179951 -0.05608296
v -0.00104910 -0.05284829 -0.05700600
v 0.04886305 -0.04600149 -0.03414595
v 0.03269112 -0.04447120 -0.05289661
v 0.01331347 -0.05179951 -0.05608296
v 0.01291674 -0.04297251 -0.06254184
v 0.01291674 -0.04297251 -0.06254184
v 0.01331347 -0.05179951 -0.05608296
v -0.00104910 -0.05284829 -0.05700600
v -0.00090765 -0.04420470 -0.06331825
v 0.04704093 -0.04027280 -0.04317498
v 0.03087395 -0.03606500 -0.05940198
v 0.01221925 -0.03347130 -0.06731677
v 0.01221925 -0.03347130 -0.06731677
v -0.00074295 -0.03460599 -0.06806445
v 0.04396170 -0.03370070 -0.05123043
v 0.02824229 -0.02722520 -0.06449377
v 0.02824229 -0.02722520 -0.06449377
v 0.03087395 -0.03606500 -0.05940198
v 0.01123327 -0.02370720 -0.07072639
v -0.00057993 -0.02442721 -0.07149755
v 0.03977060 -0.02647281 -0.05814146
v 0.02509278 -0.01830430 -0.06845879
v 0.02509278 -0.01830430 -0.06845879
v 0.01004397 -0.01386700 -0.07325792
v -0.00042229 -0.01399150 -0.07392954
v 0.03468883 -0.01886450 -0.06387662
v 0.03977060 -0.02647281 -0.05814146
v 0.02149266 -0.00933850 -0.07154035
v 0.00869232 -0.00393110 -0.07509303
v -0.00024523 -0.00338750 -0.07567846
v 0.02898764 -0.01081350 -0.06853663
v 0.01767462 -0.00029290 -0.07390570
v 0.00727242 0.00604806 -0.07642483
v -0.00004687 0.00726340 -0.07689869
v 0.02293610 -0.00262370 -0.07216668
v 0.01669389 0.00582442 -0.07490658
v 0.01022249 0.01435635 -0.07684218
v 0.00015945 0.01794693 -0.07779395
v -0.03022319 -0.01200390 -0.06792914
v -0.02383226 -0.00331860 -0.07189869
v -0.01666891 0.00627730 -0.07503879
v -0.01743108 0.00002550 -0.07415068
v -0.00925517 0.01558051 -0.07710015
v -0.00720733 0.00647042 -0.07650375
v -0.03575742 -0.01985490 -0.06321215
v -0.02126640 -0.00904330 -0.07177364
v -0.00899941 -0.00349920 -0.07514321
v -0.04014962 -0.02656120 -0.05811429
v -0.02451092 -0.01762320 -0.06896805
v -0.01049864 -0.01328980 -0.07333028
v -0.04359287 -0.03241231 -0.05263400
v -0.02719902 -0.02583081 -0.06562066
v -0.01177459 -0.02291121 -0.07097673
v -0.04624718 -0.03768571 -0.04661715
v -0.04359287 -0.03241231 -0.05263400
v -0.02719902 -0.02583081 -0.06562066
v -0.02953428 -0.03384840 -0.06139564
v -0.02953428 -0.03384840 -0.06139564
v -0.01290524 -0.03237981 -0.06771588
v -0.04819399 -0.04259400 -0.03978621
v -0.03142184 -0.04171731 -0.05595541
v -0.03142184 -0.04171731 -0.05595541
v -0.01385140 -0.04159699 -0.06325113
v -0.04941219 -0.04732931 -0.03167676
v -0.03270590 -0.04933991 -0.04877924
v -0.03270590 -0.04933991 -0.04877924
v -0.01470476 -0.05037659 -0.05704236
v -0.04969877 -0.05170870 -0.02252233
v -0.03314507 -0.05610581 -0.03982985
v -0.03314507 -0.05610581 -0.03982985
v -0.03270590 -0.04933991 -0.04877924
v -0.01470476 -0.05037659 -0.05704236
v -0.01510179 -0.05816960 -0.04884243
v -0.04889231 -0.05595881 -0.01201421
v -0.03272867 -0.06173100 -0.02924275
v -0.03272867 -0.06173100 -0.02924275
v -0.01523625 -0.06440580 -0.03884804
v -0.02125048 -0.06915919 -0.02151072
v -0.01260972 -0.06958020 -0.02743589
v 0.00395703 -0.07780470 0.04351472
v 0.01730901 -0.07580251 0.04045081
v 0.01748389 -0.07304150 0.04533803
v 0.00275892 -0.07514860 0.04831480
v 0.02972692 -0.07148960 0.03434371
v 0.03129220 -0.06802770 0.03815788
v 0.02972692 -0.07148960 0.03434371
v 0.03880643 -0.06669410 0.02611362
v 0.04088056 -0.06227280 0.02864766
v 0.03129220 -0.06802770 0.03815788
v 0.04620051 -0.06062880 0.01289284
v 0.04828912 -0.05547370 0.01406764
v 0.05018287 -0.05466071 -0.00242513
v 0.05188572 -0.04995809 -0.00044191
v 0.05160623 -0.05065840 -0.01295006
v 0.05320394 -0.04577850 -0.01130819
v 0.05206137 -0.04649010 -0.02278620
v 0.05343413 -0.04164571 -0.02086174
v 0.05147045 -0.04189999 -0.03183901
v 0.05277580 -0.03742410 -0.02910900
v 0.04917532 -0.03511250 -0.04226791
v 0.05002719 -0.02967951 -0.04076755
v 0.04611492 -0.02882729 -0.04969954
v 0.04711860 -0.02380280 -0.04746973
v 0.04196161 -0.02181400 -0.05619633
v 0.04327118 -0.01713300 -0.05358338
v 0.03695636 -0.01414700 -0.06191766
v 0.03834873 -0.00957870 -0.05924749
v 0.03123360 -0.00573820 -0.06731677
v 0.03244221 -0.00085980 -0.06496596
v 0.02491456 0.00329410 -0.07137489
v 0.02558583 0.00894461 -0.06884932
v 0.01793718 0.01296583 -0.07436072
v 0.01800233 0.01972566 -0.07184743
v 0.01793718 0.01296583 -0.07436072
v 0.01061964 0.02062038 -0.07641196
v 0.01029080 0.02634684 -0.07375264
v 0.01800233 0.01972566 -0.07184743
v 0.00076399 0.02375046 -0.07738614
v 0.00125730 0.02886174 -0.07448256
v -0.00810051 0.02212480 -0.07682645
v -0.00632214 0.02802888 -0.07418942
v -0.01650089 0.01498703 -0.07492828
v -0.01514726 0.02325765 -0.07266950
v -0.02380895 0.00538770 -0.07191383
v -0.02247172 0.01380554 -0.07009947
v -0.04581815 -0.02771540 -0.05079180
v -0.04900920 -0.03400449 -0.04376137
v -0.05052578 -0.03009160 -0.04026722
v -0.04695630 -0.02305360 -0.04841578
v -0.05078703 -0.03841241 -0.03764343
v -0.05201143 -0.03386070 -0.03497350
v -0.05205339 -0.04319580 -0.02949285
v -0.05332130 -0.03859450 -0.02693021
v -0.03685694 -0.01338720 -0.06231451
v -0.04145616 -0.02039731 -0.05728793
v -0.04179686 -0.01436960 -0.05591845
v -0.03705847 -0.00711280 -0.06079936
v -0.03090107 -0.00464840 -0.06742763
v -0.03046602 0.00247160 -0.06582534
v -0.03090107 -0.00464840 -0.06742763
v -0.03046602 0.00247160 -0.06582534
v -0.00827664 -0.07744540 0.04301548
v -0.00951034 -0.07460371 0.04753363
v -0.02174699 -0.07459541 0.03895330
v -0.02289533 -0.07156010 0.04326534
v -0.03405088 -0.06957980 0.03126204
v -0.03510963 -0.06617500 0.03532356
v -0.04263055 -0.06427211 0.02121973
v -0.03405088 -0.06957980 0.03126204
v -0.03510963 -0.06617500 0.03532356
v -0.04403853 -0.05996510 0.02434492
v -0.04875302 -0.05767280 0.00559402
v -0.05026882 -0.05324250 0.00842476
v -0.05156797 -0.05199639 -0.00951898
v -0.05307430 -0.04745801 -0.00695872
v -0.05236083 -0.04763930 -0.02022421
v -0.05373483 -0.04304090 -0.01771456
v 0.01980519 -0.07220440 -0.00905359
v 0.02174896 -0.07283950 -0.00120091
v 0.02070981 -0.07407559 0.00671464
v -0.01916486 -0.07506169 0.01409924
v -0.01877421 -0.07527781 0.01333510
v -0.01280426 -0.07692911 0.01908433
v -0.01301717 -0.07677110 0.01989156
v -0.00507128 -0.07801209 0.02239108
v -0.00524920 -0.07787681 0.02317953
v 0.00330693 -0.07811400 0.02249312
v 0.00308138 -0.07800870 0.02339208
v -0.02295202 -0.07324611 0.00623608
v -0.02228075 -0.07360131 0.00579178
v -0.02362895 -0.07195120 -0.00239587
v -0.02284896 -0.07239111 -0.00255597
v -0.02112138 -0.07136090 -0.01083827
v -0.02037048 -0.07183009 -0.01062595
v -0.01579791 -0.07133880 -0.01771092
v -0.01513952 -0.07179080 -0.01727807
v -0.00836158 -0.07153310 -0.02215206
v -0.00781173 -0.07197709 -0.02149111
v 0.00027598 -0.07160801 -0.02366220
v 0.00052748 -0.07202210 -0.02290177
v 0.00911450 -0.07151291 -0.02173495
v 0.00877237 -0.07193691 -0.02105093
v 0.01646536 -0.07133600 -0.01680845
v 0.01582366 -0.07178600 -0.01636385
v 0.02141559 -0.07143700 -0.00956547
v 0.02064776 -0.07190681 -0.00941968
v 0.02343446 -0.07212991 -0.00101805
v 0.02266556 -0.07256401 -0.00121766
v 0.02219176 -0.07354440 0.00762028
v 0.02154552 -0.07388540 0.00701207
v 0.01803880 -0.07534809 0.01528126
v 0.01772308 -0.07552651 0.01446402
v 0.01118022 -0.07712001 0.02031821
v 0.01113766 -0.07716951 0.01928305
v -0.04029268 -0.02588780 -0.05802381
v -0.04383569 -0.03189920 -0.05243241
v -0.04970037 -0.04687770 -0.03143841
v -0.04998970 -0.05126411 -0.02227139
v -0.04918462 -0.05552600 -0.01174139
v -0.04624491 -0.06087790 0.00300360
v -0.03989934 -0.06684621 0.01814091
v -0.03989934 -0.06684621 0.01814091
v -0.03214097 -0.07145920 0.02721714
v -0.04263055 -0.06427211 0.02121973
v -0.02012234 -0.07603370 0.03461456
v -0.00691044 -0.07846500 0.03839230
v 0.00487745 -0.07860661 0.03861272
v -0.02382946 -0.00236760 -0.07190036
v -0.03029716 -0.01120030 -0.06787431
v -0.03587722 -0.01914840 -0.06311416
v -0.03685694 -0.01338720 -0.06231451
v -0.03587722 -0.01914840 -0.06311416
v -0.04847723 -0.04213721 -0.03955245
v -0.04654890 -0.03728360 -0.04630517
v -0.01665019 0.00722877 -0.07502675
v -0.00912899 0.01629547 -0.07707023
v 0.00022549 0.01858089 -0.07774901
v 0.01026552 0.01504067 -0.07679152
v 0.01682966 0.00660459 -0.07484340
v 0.02315223 -0.00197720 -0.07206058
v 0.02491456 0.00329410 -0.07137489
v 0.02923280 -0.01025910 -0.06837368
v 0.02315223 -0.00197720 -0.07206058
v 0.03493642 -0.01834910 -0.06366252
v 0.04000961 -0.02596390 -0.05792891
v 0.04419696 -0.03316830 -0.05106312
v 0.04727441 -0.03970911 -0.04307574
v 0.04914796 -0.04555351 -0.03389394
v 0.04973483 -0.05039001 -0.02429008
v 0.04919922 -0.05456430 -0.01432073
v 0.04767853 -0.05831580 -0.00420773
v 0.04291588 -0.06415980 0.01169538
v 0.03566730 -0.06940649 0.02345240
v 0.02750200 -0.07340950 0.03047478
v 0.03566730 -0.06940649 0.02345240
v 0.03880643 -0.06669410 0.02611362
v 0.01661223 -0.07685010 0.03552109
v 0.00050048 -0.07226600 -0.02194201
v 0.00840282 -0.07219881 -0.02017509
v 0.01517564 -0.07207291 -0.01570034
v 0.01701730 -0.07567070 0.01382160
v 0.01068598 -0.07717641 0.01847648
v 0.00313008 -0.07806660 0.02156913
v -0.00486326 -0.07797921 0.02143085
v -0.00751293 -0.07220410 -0.02063703
v -0.01452237 -0.07207190 -0.01657462
v -0.01955449 -0.07213020 -0.01021051
v -0.02193796 -0.07267810 -0.00248075
v -0.02139079 -0.07382970 0.00552166
v -0.01801151 -0.07541449 0.01275599
v -0.01227289 -0.07697260 0.01826703
v 0.03528243 -0.06973930 0.02312552
v 0.04251301 -0.06459290 0.01154834
v 0.04737132 -0.05876400 -0.00442636
v 0.03468883 -0.01886450 -0.06387662
v 0.02898764 -0.01081350 -0.06853663
v 0.02293610 -0.00262370 -0.07216668
v -0.03575742 -0.01985490 -0.06321215
v -0.04014962 -0.02656120 -0.05811429
v -0.04593735 -0.06127100 0.00268590
v -0.03956449 -0.06716201 0.01776289
v -0.01484817 0.08920029 -0.07258224
v -0.00009633 0.08920029 -0.07411003
v -0.00009633 0.08850065 -0.07411003
v -0.01484817 0.08850065 -0.07258224
v 0.02880394 0.08920017 0.06833112
v 0.01467621 0.08920029 0.07267701
v 0.01467621 0.08850065 0.07267701
v 0.02880394 0.08850006 0.06833112
v 0.06884521 0.08919916 -0.02764785
v 0.07287675 0.08919880 -0.01392138
v 0.07287675 0.08849910 -0.01392138
v 0.06884521 0.08849916 -0.02764785
v -0.02892220 0.08920017 -0.06817615
v -0.02892220 0.08849982 -0.06817615
v 0.04170262 0.08920035 0.06133455
v 0.04170262 0.08850065 0.06133455
v 0.01468575 0.08920029 -0.07262849
v 0.01468575 0.08850065 -0.07262849
v -0.04174786 0.08920029 -0.06114614
v -0.04174786 0.08850065 -0.06114614
v 0.05288827 0.08920035 0.05203366
v 0.05288827 0.08850065 0.05203366
v -0.06851339 0.08920029 -0.02799499
v -0.06190168 0.08919916 -0.04061228
v -0.06190168 0.08849916 -0.04061228
v -0.06851339 0.08850065 -0.02799499
v -0.05285269 0.08919922 -0.05184447
v -0.05285269 0.08849922 -0.05184447
v 0.06199365 0.08920035 0.04077970
v 0.05288827 0.08920035 0.05203366
v 0.05288827 0.08850065 0.05203366
v 0.06199365 0.08850065 0.04077970
v -0.06212872 0.08920035 0.04030132
v -0.06873381 0.08919880 0.02749121
v -0.06873381 0.08849910 0.02749121
v -0.06212872 0.08850065 0.04030132
v -0.05285269 0.08919922 -0.05184447
v -0.05285269 0.08849922 -0.05184447
v 0.06866556 0.08920017 0.02810955
v 0.06866556 0.08850006 0.02810955
v -0.07259404 0.08919886 -0.01443326
v -0.07259404 0.08849910 -0.01443326
v 0.07277953 0.08920029 0.01447415
v 0.07277953 0.08850065 0.01447415
v -0.07402759 0.08920029 -0.00027251
v -0.07402759 0.08850065 -0.00027251
v 0.07421666 0.08920029 0.00025296
v 0.07421666 0.08850065 0.00025296
v -0.07271194 0.08920029 0.01382488
v -0.07271194 0.08850065 0.01382488
v 0.06220459 0.08920029 -0.04044497
v 0.06220459 0.08850065 -0.04044497
v -0.05309844 0.08920035 0.05161368
v -0.05309844 0.08850065 0.05161368
v 0.05307590 0.08920029 -0.05180752
v 0.05307590 0.08850065 -0.05180752
v -0.04193472 0.08920035 0.06104624
v -0.05309844 0.08920035 0.05161368
v -0.05309844 0.08850065 0.05161368
v -0.04193472 0.08850065 0.06104624
v 0.04183596 0.08920029 -0.06121528
v 0.05307590 0.08920029 -0.05180752
v 0.05307590 0.08850065 -0.05180752
v 0.04183596 0.08850065 -0.06121528
v -0.02902740 0.08920035 0.06816089
v -0.02902740 0.08850065 0.06816089
v 0.02886790 0.08920029 -0.06827652
v 0.02886790 0.08850065 -0.06827652
v -0.01488101 0.08920035 0.07259893
v -0.01488101 0.08850065 0.07259893
v -0.00009859 0.08920035 0.07408237
v -0.00009859 0.08850065 0.07408237
v -0.05363065 -0.05270541 0.08621895
v -0.05363065 -0.05270541 0.08528506
v -0.04237335 -0.06213880 0.08528411
v -0.04237341 -0.06213880 0.08621799
v 0.06278961 0.04122982 0.08621919
v 0.06278961 0.04122982 0.08528530
v 0.05355918 0.05264298 0.08528518
v 0.05355912 0.05264298 0.08621907
v -0.06303346 0.04074440 0.08621776
v -0.06303340 0.04074440 0.08528387
v -0.06972897 0.02775303 0.08528530
v -0.06972903 0.02775303 0.08621919
v -0.06280368 -0.04131430 0.08621895
v -0.06280368 -0.04131430 0.08528494
v 0.06955254 0.02838001 0.08621954
v 0.06955260 0.02838001 0.08528566
v 0.06278961 0.04122982 0.08528530
v 0.06278961 0.04122982 0.08621919
v -0.07364213 -0.01476460 0.08621907
v -0.07364213 -0.01476460 0.08528518
v -0.06950557 -0.02851860 0.08528375
v -0.06950557 -0.02851860 0.08621776
v 0.07372283 0.01455168 0.08621931
v 0.07372289 0.01455168 0.08528542
v -0.07509529 -0.00040360 0.08621764
v -0.07509529 -0.00040360 0.08528375
v 0.07517969 0.00012930 0.08621931
v 0.07517969 0.00012930 0.08528542
v -0.07376164 0.01389364 0.08621764
v -0.07376164 0.01389364 0.08528375
v 0.07382142 -0.01424570 0.08622086
v 0.07382142 -0.01424570 0.08528697
v 0.06300342 -0.04114451 0.08621919
v 0.06300348 -0.04114451 0.08528530
v 0.06973463 -0.02816620 0.08528649
v 0.06973463 -0.02816620 0.08622050
v -0.05387938 0.05221716 0.08621788
v -0.05387938 0.05221716 0.08528399
v 0.05374968 -0.05266771 0.08621907
v 0.05374968 -0.05266771 0.08528518
v -0.04256314 0.06178263 0.08621799
v -0.04256314 0.06178263 0.08528411
v 0.04235512 -0.06220850 0.08621895
v 0.04235512 -0.06220850 0.08528506
v -0.02947849 0.06899801 0.08621811
v -0.02947849 0.06899801 0.08528423
v -0.04256314 0.06178263 0.08528411
v -0.04256314 0.06178263 0.08621799
v 0.02920985 -0.06936970 0.08621883
v 0.02920985 -0.06936970 0.08528494
v -0.01513814 0.07349888 0.08621823
v -0.01513808 0.07349888 0.08528435
v 0.01483345 -0.07378340 0.08621871
v 0.01483345 -0.07378340 0.08528470
v 0.02920985 -0.06936970 0.08528494
v 0.02920985 -0.06936970 0.08621883
v 0.01482331 0.07357815 0.08621871
v 0.01482331 0.07357815 0.08528482
v -0.00015354 0.07500330 0.08528459
v -0.00015355 0.07500330 0.08621847
v -0.01510483 -0.07373630 0.08621835
v -0.01510483 -0.07373630 0.08528447
v -0.00015129 -0.07528570 0.08528459
v -0.00015130 -0.07528570 0.08621847
v 0.02914488 0.06917105 0.08621907
v 0.02914488 0.06917105 0.08528518
v -0.02937227 -0.06926779 0.08621859
v -0.02937227 -0.06926779 0.08528470
v 0.04222065 0.06207529 0.08621895
v 0.04222065 0.06207529 0.08528506
v -0.06950557 -0.02851860 0.08621776
v -0.06950557 -0.02851860 0.08528375
v 0.06935876 0.08665076 -0.02850306
v 0.06935870 0.06276259 -0.02840054
v 0.06259590 0.06044040 -0.04123646
v 0.06259596 0.08665076 -0.04134762
v 0.07362723 0.05692801 0.01460695
v 0.07362741 0.04364887 0.01573109
v 0.07498621 0.03546599 0.00156355
v 0.07498586 0.05151418 0.00028408
v -0.07383650 0.08665231 0.01462054
v -0.07383650 0.07056144 0.01469564
v -0.06970006 0.07304571 0.02843499
v -0.06970006 0.08665076 0.02836835
v 0.07352888 0.08665076 -0.01468122
v 0.07352888 0.06526182 -0.01458728
v -0.07528948 0.08665076 0.00026572
v -0.07528948 0.06796429 0.00035024
v 0.07498556 0.08665076 -0.00026524
v 0.07498556 0.06786791 -0.00018036
v -0.07395565 0.08665076 -0.01402509
v -0.07395565 0.06538043 -0.01393151
v 0.07362711 0.08665231 0.01410341
v 0.07362711 0.07046775 0.01417875
v -0.06992286 0.08665231 -0.02787840
v -0.06992286 0.06287721 -0.02777624
v 0.06280887 0.08665076 0.04099011
v 0.06280887 0.07532713 0.04104828
v 0.06954014 0.07298276 0.02808398
v 0.06954014 0.08665166 0.02801764
v -0.05407321 0.08665076 -0.05233108
v -0.05407321 0.05845485 -0.05221343
v -0.06322717 0.06052819 -0.04075276
v -0.06322717 0.08665076 -0.04086387
v 0.05355495 0.08665076 0.05250775
v 0.05355495 0.07740966 0.05255901
v -0.04275631 0.08665076 -0.06189239
v -0.04275631 0.05672595 -0.06176841
v -0.05407321 0.05845485 -0.05221343
v -0.05407321 0.08665076 -0.05233108
v 0.04216057 0.08665076 0.06204462
v 0.04216057 0.07913390 0.06208980
v 0.05355495 0.07740966 0.05255901
v 0.05355495 0.08665076 0.05250775
v -0.02967166 0.08665076 -0.06910455
v -0.02967166 0.05542186 -0.06897580
v 0.02901494 0.08665076 0.06920254
v 0.02901494 0.08042810 0.06924307
v -0.01533186 0.08665076 -0.07360327
v -0.01533186 0.05460832 -0.07347178
v 0.01463860 0.08665076 0.07361400
v 0.01463860 0.08122573 0.07365179
v 0.01462996 0.08665076 -0.07368206
v 0.01462996 0.05459419 -0.07355046
v -0.00034689 0.05433640 -0.07497441
v -0.00034689 0.08665076 -0.07510697
v -0.01530021 0.08665076 0.07356667
v -0.01530021 0.08121732 0.07360446
v -0.00034631 0.08149765 0.07515239
v -0.00034630 0.08665076 0.07511556
v 0.02895152 0.08665082 -0.06927657
v 0.02895146 0.05539075 -0.06914782
v -0.02956724 0.08665106 0.06910014
v -0.02956724 0.08041058 0.06914067
v 0.04202681 0.08665076 -0.06218373
v 0.04202681 0.05667320 -0.06205976
v -0.04256862 0.08665076 0.06197381
v -0.04256862 0.07912168 0.06201905
v 0.05336529 0.08665076 -0.05275559
v 0.05336529 0.05837754 -0.05263710
v -0.06299829 0.07535896 0.04121673
v -0.06299829 0.08665208 0.04115808
v -0.05382508 0.08665166 0.05254471
v -0.05382508 0.07741795 0.05259585
v 0.05336529 0.05837754 -0.05263710
v 0.05336529 0.08665076 -0.05275559
v -0.05382508 0.07741795 0.05259585
v -0.05382508 0.08665166 0.05254471
v 0.04216516 0.06404684 0.06788098
v 0.04216665 0.06311235 0.07073211
v 0.05355525 0.05382357 0.06524908
v 0.05355519 0.05511454 0.06084895
v -0.06992214 0.04111359 -0.02724272
v -0.06992137 0.01974193 -0.02566552
v -0.07395458 0.02762768 -0.01200449
v -0.07395511 0.04632977 -0.01343262
v 0.06280881 0.06705317 0.04140961
v 0.06280875 0.05895547 0.04224359
v 0.06954020 0.05157057 0.02945137
v 0.06954014 0.06216851 0.02847743
v -0.05407238 0.03190223 -0.05161809
v -0.05407166 0.00581846 -0.04977703
v -0.06322568 0.01234756 -0.03846931
v -0.06322640 0.03622142 -0.04018700
v 0.05355495 0.07139108 0.05289149
v 0.05355495 0.06551281 0.05360162
v -0.04275596 0.02830122 -0.06114912
v -0.04275500 0.00037510 -0.05920445
v -0.05407166 0.00581846 -0.04977703
v -0.05407238 0.03190223 -0.05161809
v 0.04216063 0.07498322 0.06239759
v 0.04216063 0.07094262 0.06300508
v 0.05355495 0.06551281 0.05360162
v 0.05355495 0.07139108 0.05289149
v -0.02967149 0.02558491 -0.06833887
v -0.02953428 -0.00336810 -0.06525146
v 0.02901512 0.07767889 0.06953334
v 0.02901536 0.07501796 0.07006323
v -0.01533108 0.02389047 -0.07282352
v -0.01533097 -0.00629240 -0.07075250
v 0.01463896 0.07934049 0.07393097
v 0.01463896 0.07752964 0.07441329
v 0.01463031 0.02386073 -0.07290208
v 0.01463103 -0.00633730 -0.07083022
v -0.00034623 -0.00714880 -0.07223510
v -0.00034656 0.02332393 -0.07432234
v -0.01529955 0.07932273 0.07388389
v -0.01529932 0.07750258 0.07436668
v -0.00034561 0.07838449 0.07589387
v -0.00034596 0.07990596 0.07542788
v 0.02895194 0.02552024 -0.06851041
v 0.02895236 -0.00382870 -0.06648612
v -0.02956706 0.07764122 0.06943106
v -0.02956688 0.07495985 0.06996202
v 0.04202771 0.02819148 -0.06144011
v 0.04202795 0.00020950 -0.05949229
v -0.04256862 0.07495615 0.06232750
v -0.04256862 0.07090203 0.06293535
v 0.05336624 0.03174297 -0.05204129
v 0.05336678 0.00557826 -0.05019485
v -0.06970012 0.06229804 0.02882730
v -0.06970018 0.05176589 0.02979815
v -0.06299847 0.05905054 0.04240942
v -0.06299835 0.06711665 0.04157710
v -0.05382513 0.07140568 0.05292761
v -0.05382525 0.06553349 0.05363667
v 0.06259661 0.03603998 -0.04066932
v 0.06259739 0.01207403 -0.03894639
v 0.05336678 0.00557826 -0.05019485
v 0.05336624 0.03174297 -0.05204129
v -0.05382525 0.06553349 0.05363667
v -0.05382513 0.07140568 0.05292761
v 0.06935936 0.04087833 -0.02786535
v 0.06936007 0.01938794 -0.02628087
v -0.07383632 0.05712095 0.01512241
v -0.07383620 0.04393957 0.01624107
v 0.07352936 0.04608480 -0.01408672
v 0.07352989 0.02725807 -0.01265144
v -0.07528913 0.05171297 0.00081336
v -0.07528883 0.03576485 0.00208712
v -0.01525640 0.07379982 0.07922565
v -0.01523000 0.07358614 0.08114671
v -0.00026273 0.07511482 0.08142566
v -0.00029410 0.07532272 0.07981288
v -0.02964740 -0.05895150 -0.02882742
v -0.02963984 -0.06483790 -0.00467253
v -0.04271543 -0.05781341 -0.00052619
v -0.04272556 -0.05219710 -0.02350974
v 0.02902555 0.07075260 0.07315909
v 0.02902895 0.07008663 0.07484745
v -0.01531326 -0.06316710 -0.03214502
v -0.01530790 -0.06922241 -0.00725913
v 0.01465374 0.07488868 0.07641208
v 0.01465857 0.07438937 0.07738375
v 0.01464653 -0.06323791 -0.03220283
v 0.01465135 -0.06929560 -0.00730425
v -0.00032633 -0.07069500 -0.00812364
v -0.00033120 -0.06458180 -0.03325361
v -0.01528692 0.07484159 0.07637715
v -0.01528275 0.07433954 0.07735645
v -0.00032547 0.07584456 0.07824695
v -0.00033050 0.07628909 0.07751929
v 0.02897197 -0.05910610 -0.02895474
v 0.02897888 -0.06499730 -0.00477147
v 0.06954103 0.03217349 0.04278886
v 0.06954127 0.02996365 0.05116719
v 0.07363724 0.01640228 0.04316711
v 0.07363480 0.01913497 0.03252828
v -0.02955991 0.07065037 0.07308304
v -0.02955770 0.06997875 0.07478785
v 0.04205358 -0.05244879 -0.02372455
v 0.04206216 -0.05807079 -0.00069344
v 0.02897888 -0.06499730 -0.00477147
v 0.02897197 -0.05910610 -0.02895474
v -0.04256784 0.06395856 0.06782865
v -0.04256772 0.06301633 0.07069098
v 0.05337166 -0.04339170 -0.01680827
v 0.05340623 -0.04885989 0.00472760
v -0.06970256 0.03240374 0.04304814
v -0.06970340 0.03018341 0.05136919
v -0.06300222 0.04268548 0.05872184
v -0.06300127 0.04441831 0.05247843
v -0.05382961 0.05510387 0.06087470
v -0.05383116 0.05380270 0.06526875
v -0.04256772 0.06301633 0.07069098
v -0.04256784 0.06395856 0.06782865
v 0.06262910 -0.03288750 -0.00835979
v 0.06263953 -0.03771789 0.01128625
v -0.06319272 -0.03249890 -0.00800323
v -0.06318181 -0.03732701 0.01156437
v -0.06987816 -0.02468351 0.01902890
v -0.06988888 -0.02034040 0.00157058
v 0.06938934 -0.02082980 0.00111139
v 0.06939899 -0.02517231 0.01867139
v -0.07383048 0.01950214 0.03290915
v -0.07382863 0.01676021 0.04346334
v 0.07355266 -0.00785890 0.01130414
v 0.07356017 -0.01167750 0.02661854
v -0.07527375 0.00604645 0.02232491
v -0.07526880 0.00276460 0.03521168
v 0.07500129 0.00565491 0.02193415
v 0.07500624 0.00237910 0.03490710
v -0.07393014 -0.00736130 0.01178741
v -0.07392209 -0.01118400 0.02699530
v 0.06280714 0.04432461 0.05235517
v 0.06280660 0.04260132 0.05862689
v -0.05403715 -0.04324441 -0.01645934
v -0.05402565 -0.04850321 0.00497103
v -0.06318181 -0.03732701 0.01156437
v -0.06319272 -0.03249890 -0.00800323
v 0.05355519 0.05511454 0.06084895
v 0.05355525 0.05382357 0.06524908
v -0.05384904 0.05245337 0.07736170
v -0.06301373 0.04103086 0.07531201
v 0.02902084 -0.06787010 0.02508068
v 0.02906250 -0.06923890 0.05543470
v 0.01471740 -0.07364710 0.05464160
v 0.01468437 -0.07224150 0.02341043
v 0.06954330 0.02875034 0.06196010
v 0.06954532 0.02823803 0.07294797
v 0.07366836 0.01436505 0.07044303
v 0.07365274 0.01497594 0.05668509
v -0.02954328 0.06936035 0.07753217
v -0.02952885 0.06910542 0.08034229
v 0.04211539 -0.06081671 0.02776896
v 0.04216849 -0.06211740 0.05671155
v 0.02906250 -0.06923890 0.05543470
v 0.02902084 -0.06787010 0.02508068
v 0.01471883 0.07364753 0.08115553
v 0.01468873 0.07385561 0.07924377
v -0.04256719 0.06226776 0.07483124
v -0.04256618 0.06194094 0.07905972
v 0.05346906 -0.05143410 0.03134334
v 0.05353116 -0.05264080 0.05840849
v -0.06970810 0.02881823 0.06209290
v -0.06971287 0.02815351 0.07301104
v -0.06300801 0.04156075 0.06694006
v -0.05384016 0.05287758 0.07125616
v -0.04256618 0.06194094 0.07905972
v -0.04256719 0.06226776 0.07483124
v 0.06270581 -0.04008740 0.03566730
v 0.06277209 -0.04118390 0.06046247
v -0.06311291 -0.03979421 0.03585010
v -0.06304407 -0.04099070 0.06054890
v -0.06974238 -0.02809221 0.06288492
v -0.06981027 -0.02696989 0.04077076
v 0.06946009 -0.02731091 0.04053640
v 0.06952124 -0.02828260 0.06277489
v -0.07381647 0.01515261 0.05688047
v -0.07380431 0.01435909 0.07053482
v 0.07360774 -0.01357490 0.04577589
v 0.07365530 -0.01441950 0.06526327
v -0.07523721 0.00093250 0.05144006
v -0.07520568 0.00003270 0.06795167
v 0.07503777 0.00071000 0.05123972
v 0.07506936 -0.00002490 0.06785750
v -0.07387107 -0.01326030 0.04602336
v -0.07382017 -0.01428640 0.06537997
v -0.06981027 -0.02696989 0.04077076
v -0.06974238 -0.02809221 0.06288492
v 0.06280344 0.04157994 0.06687796
v 0.06280034 0.04115299 0.07528352
v -0.05395346 -0.05114520 0.03150331
v -0.05388188 -0.05242200 0.05848467
v 0.05355560 0.05297265 0.07124376
v 0.05355662 0.05262212 0.07735669
v 0.06280034 0.04115299 0.07528352
v 0.06280344 0.04157994 0.06687796
v -0.04265350 -0.06059051 0.02787894
v -0.04259127 -0.06192429 0.05676329
v 0.04217678 0.06240067 0.07485854
v 0.04218626 0.06210998 0.07907330
v -0.02959144 -0.06771930 0.02514559
v -0.02954274 -0.06909791 0.05546540
v 0.02905011 0.06948171 0.07757174
v 0.02907121 0.06923900 0.08036172
v -0.01527070 -0.07217230 0.02344048
v -0.01523429 -0.07358231 0.05465555
v -0.00026279 -0.07510610 0.05438470
v -0.00029455 -0.07367671 0.02287060
v -0.04261869 -0.02203660 -0.05275154
v -0.04273504 -0.04061741 -0.04183959
v -0.05404824 -0.03243069 -0.03355813
v -0.05406010 -0.01544950 -0.04447209
v 0.05355501 0.06109575 0.05488920
v 0.05355513 0.05747358 0.05725336
v 0.06280773 0.04760782 0.04727613
v 0.06280821 0.05269275 0.04397279
v -0.05406010 -0.01544950 -0.04447209
v -0.05404824 -0.03243069 -0.03355813
v -0.06320363 -0.02260619 -0.02362453
v -0.06321460 -0.00708180 -0.03360366
v 0.06954079 0.03649733 0.03603899
v 0.06954050 0.04322950 0.03167748
v -0.06991052 0.00239090 -0.02129817
v -0.06989967 -0.01148730 -0.01237785
v -0.07393825 0.00037910 -0.00037742
v -0.07394635 0.01249752 -0.00816774
v 0.07362991 0.03307626 0.01848959
v 0.07363235 0.02457652 0.02398622
v 0.07499629 0.01225457 0.01154112
v 0.07499128 0.02258453 0.00487322
v -0.07527869 0.01263431 0.01200079
v -0.07528376 0.02293173 0.00537646
v 0.07354509 -0.00009980 -0.00094557
v 0.07353752 0.01206342 -0.00878942
v -0.07383239 0.02493623 0.02443397
v -0.07383430 0.03340892 0.01898002
v 0.06937962 -0.01195500 -0.01291847
v 0.06936985 0.00197060 -0.02188932
v -0.06970173 0.03672758 0.03634357
v -0.06970095 0.04344693 0.03201067
v 0.06261855 -0.02297480 -0.02404356
v 0.06260800 -0.00741040 -0.03406262
v -0.06299936 0.05279181 0.04413127
v -0.06300032 0.04770712 0.04742085
v -0.05382812 0.05747352 0.05728375
v -0.05382668 0.06110630 0.05492269
v 0.05326879 -0.03186621 -0.03370893
v 0.05337691 -0.01574190 -0.04487437
v -0.04256796 0.06556497 0.06545245
v -0.04256844 0.06799362 0.06386029
v 0.04204535 -0.04085200 -0.04209244
v 0.04152894 -0.02156740 -0.05338191
v -0.04256844 0.06799362 0.06386029
v -0.04256796 0.06556497 0.06545245
v -0.02956229 0.07168010 0.07162475
v -0.02956444 0.07319871 0.07061386
v -0.00034058 0.07758853 0.07631528
v -0.00033554 0.07683483 0.07683563
v 0.01464891 0.07555315 0.07553505
v 0.01464372 0.07649544 0.07489216
v 0.04152894 -0.02156740 -0.05338191
v 0.04204535 -0.04085200 -0.04209244
v 0.02896577 -0.04693630 -0.04823601
v 0.02895909 -0.02780780 -0.06053233
v -0.01529115 0.07551090 0.07549405
v -0.01529502 0.07645986 0.07484734
v 0.01464152 -0.05071330 -0.05205190
v 0.01463598 -0.03102399 -0.06470751
v -0.00034115 -0.03206690 -0.06605792
v -0.00033614 -0.05194020 -0.05328571
v -0.01531898 -0.05064780 -0.05198359
v -0.01532495 -0.03096750 -0.06463289
v 0.02902179 0.07177207 0.07171392
v 0.02901870 0.07327524 0.07071113
v -0.02965509 -0.04679359 -0.04808688
v -0.02966320 -0.02768481 -0.06036913
v 0.04216367 0.06564054 0.06551384
v 0.04216212 0.06805280 0.06392729
v -0.04273504 -0.04061741 -0.04183959
v -0.04261869 -0.02203660 -0.05275154
v 0.04216212 0.06805280 0.06392729
v 0.04216367 0.06564054 0.06551384
v -0.06320363 -0.02260619 -0.02362453
v -0.02955991 0.07065037 0.07308304
v -0.02956229 0.07168010 0.07162475
v -0.00033554 0.07683483 0.07683563
v 0.01464891 0.07555315 0.07553505
v 0.02896577 -0.04693630 -0.04823601
v -0.02956229 0.07168010 0.07162475
v -0.01529115 0.07551090 0.07549405
v 0.01464653 -0.06323791 -0.03220283
v 0.01464152 -0.05071330 -0.05205190
v -0.00033614 -0.05194020 -0.05328571
v -0.01531898 -0.05064780 -0.05198359
v 0.01464152 -0.05071330 -0.05205190
v 0.02902179 0.07177207 0.07171392
v -0.02965509 -0.04679359 -0.04808688
v 0.04216367 0.06564054 0.06551384
v 0.05355513 0.05747358 0.05725336
v 0.05355501 0.06109575 0.05488920
v 0.05337691 -0.01574190 -0.04487437
v -0.05382668 0.06110630 0.05492269
v -0.05406010 -0.01544950 -0.04447209
v 0.06280660 0.04260132 0.05862689
v -0.06987816 -0.02468351 0.01902890
v 0.01017725 0.04896996 0.65416032
v 0.01971966 0.04597727 0.65416038
v 0.01968812 0.04590408 0.65391213
v 0.01016116 0.04889200 0.65391183
v -0.00976753 -0.04895890 0.65416002
v -0.01933377 -0.04602420 0.65415990
v -0.01930302 -0.04595061 0.65391147
v -0.00975168 -0.04888061 0.65391159
v -0.00976097 0.04902259 0.65416002
v 0.00020557 0.04997030 0.65416032
v 0.00020547 0.04989043 0.65391183
v -0.00974512 0.04894421 0.65391159
v 0.01015514 -0.04892761 0.65416032
v 0.00020411 -0.04995790 0.65416002
v 0.00020401 -0.04987790 0.65391171
v 0.01013875 -0.04884940 0.65391183
v -0.01929098 0.04609249 0.65415978
v -0.01925987 0.04601876 0.65391141
v -0.04630088 -0.01862780 0.65415877
v -0.04902040 -0.00937200 0.65415859
v -0.04894191 -0.00935700 0.65391022
v -0.04622668 -0.01859800 0.65391040
v 0.01964879 -0.04595660 0.65416002
v 0.01961791 -0.04588300 0.65391159
v -0.02799201 0.04137436 0.65415978
v -0.02794682 0.04130820 0.65391147
v 0.02830088 -0.04121640 0.65416050
v 0.01964879 -0.04595660 0.65416002
v 0.01961791 -0.04588300 0.65391159
v 0.02825582 -0.04115041 0.65391213
v -0.03553730 0.03510246 0.65415978
v -0.02799201 0.04137436 0.65415978
v -0.02794682 0.04130820 0.65391147
v -0.03548026 0.03504637 0.65391141
v 0.04635566 -0.01886200 0.65416068
v 0.04189550 -0.02737001 0.65415978
v 0.04182893 -0.02732611 0.65391141
v 0.04628175 -0.01883190 0.65391231
v 0.03579175 -0.03494410 0.65415978
v 0.03573471 -0.03488821 0.65391141
v -0.04167968 0.02751402 0.65415978
v -0.04161280 0.02747003 0.65391141
v 0.04204875 0.02719132 0.65416068
v 0.04650408 0.01855329 0.65415972
v 0.04643017 0.01852361 0.65391117
v 0.04198139 0.02714787 0.65391231
v -0.04617995 0.01897011 0.65415961
v -0.04610604 0.01893977 0.65391111
v 0.04910796 -0.00971700 0.65415978
v 0.04902964 -0.00970150 0.65391141
v -0.04895520 0.00977556 0.65415961
v -0.04887670 0.00976000 0.65391111
v 0.05007529 -0.00016820 0.65416068
v 0.04999542 -0.00016790 0.65391231
v -0.04992461 0.00018600 0.65415961
v -0.04984456 0.00018570 0.65391111
v 0.04918766 0.00933806 0.65416068
v 0.04910928 0.00932316 0.65391231
v -0.04182159 -0.02725710 0.65415972
v -0.04630088 -0.01862780 0.65415877
v -0.04622668 -0.01859800 0.65391040
v -0.04175484 -0.02721350 0.65391117
v 0.03595703 0.03481958 0.65416050
v 0.04204875 0.02719132 0.65416068
v 0.04198139 0.02714787 0.65391231
v 0.03589975 0.03476397 0.65391219
v -0.03566408 -0.03491890 0.65415978
v -0.03560680 -0.03486320 0.65391141
v 0.02842688 0.04117975 0.65416050
v 0.02838164 0.04111389 0.65391213
v -0.02808183 -0.04126281 0.65415978
v -0.02803671 -0.04119670 0.65391141
v -0.04605114 0.05771497 0.74778372
v -0.04605108 0.04183129 0.74771518
v -0.04155081 0.04028699 0.75625902
v -0.04155087 0.05771486 0.75633287
v -0.04889160 0.03795174 0.71908891
v -0.04889172 0.02912245 0.71834058
v -0.04979556 0.02368162 0.72777069
v -0.04979532 0.03435216 0.72862238
v 0.04923743 0.05771557 0.71907991
v 0.04923743 0.04701689 0.71902990
v 0.04648464 0.04866842 0.70988482
v 0.04648464 0.05771497 0.70992911
v -0.04882586 0.05771486 0.73858351
v -0.04882586 0.04349277 0.73852092
v 0.05020415 0.05771497 0.72863460
v 0.05020415 0.04529033 0.72857833
v -0.04979521 0.05771486 0.72898787
v -0.04979521 0.04522583 0.72893143
v 0.04931688 0.05771497 0.73814678
v 0.04931688 0.04357198 0.73808438
v -0.04889148 0.05771551 0.71942401
v -0.04889148 0.04695425 0.71937400
v 0.04663330 0.05771557 0.74736762
v 0.04663330 0.04190753 0.74729961
v -0.04169255 0.05771492 0.70152801
v -0.04169255 0.05018589 0.70148897
v -0.04617184 0.04862705 0.71011817
v -0.04617184 0.05771527 0.71016258
v 0.03608620 0.05771492 0.76364392
v 0.03608620 0.03896675 0.76356530
v 0.04217731 0.04034541 0.75593722
v 0.04217731 0.05771492 0.75601089
v -0.03553456 0.05771492 0.69386148
v -0.03553456 0.05157021 0.69382739
v 0.02855563 0.05771492 0.77000791
v 0.02855563 0.03781734 0.76992512
v 0.03608620 0.03896675 0.76356530
v 0.03608620 0.05771492 0.76364392
v -0.02795225 0.05771492 0.68751383
v -0.02795219 0.05271707 0.68748379
v -0.03553456 0.05157021 0.69382739
v -0.03553456 0.05771492 0.69386148
v 0.01984852 0.05771492 0.77480823
v 0.01984852 0.03695033 0.77472258
v -0.01920413 0.05771492 0.68274951
v -0.01920413 0.05357722 0.68272251
v 0.01030588 0.05771486 0.77780271
v 0.01030588 0.03640941 0.77771503
v -0.00963783 0.05771492 0.67981321
v -0.00963783 0.05410758 0.67978799
v -0.00963229 0.05771492 0.77785522
v -0.00963229 0.03639994 0.77776742
v 0.00033422 0.03622863 0.77871531
v 0.00033421 0.05771486 0.77880353
v 0.01028484 0.05771497 0.67984462
v 0.01028484 0.05410234 0.67981952
v 0.00033382 0.05428812 0.67878908
v 0.00033382 0.05771497 0.67881370
v -0.01916193 0.05771497 0.77492273
v -0.01916193 0.03692970 0.77483702
v 0.01977849 0.05771497 0.68281770
v 0.01977849 0.05356572 0.68279058
v -0.02786344 0.05771486 0.77020192
v -0.02786344 0.03778211 0.77011919
v 0.02843052 0.05771497 0.68756080
v 0.02843052 0.05270836 0.68753082
v -0.03540819 0.05771486 0.76392621
v -0.03540813 0.03891561 0.76384741
v 0.04202502 0.05020699 0.70137721
v 0.04202497 0.05771539 0.70141590
v 0.03592091 0.05771533 0.69383711
v 0.03592091 0.05157588 0.69380307
v -0.03540813 0.03891561 0.76384741
v -0.03540819 0.05771486 0.76392621
v 0.03592091 0.05157588 0.69380307
v 0.03592091 0.05771533 0.69383711
v -0.02795547 0.04268537 0.68362898
v -0.02795648 0.04206387 0.68173152
v -0.03553462 0.03588746 0.68538088
v -0.03553462 0.03674606 0.68830973
v 0.04663246 0.02743677 0.74694461
v 0.04663223 0.01322660 0.74589467
v 0.04931581 0.01846985 0.73680180
v 0.04931616 0.03090498 0.73775232
v -0.04169213 0.04468433 0.70124871
v -0.04169213 0.03929970 0.70069343
v -0.04617184 0.03438965 0.70920801
v -0.04617184 0.04143605 0.70985651
v 0.03608566 0.02131203 0.76316929
v 0.03608489 0.00396880 0.76194358
v 0.04217666 0.00831006 0.75441700
v 0.04217714 0.02418391 0.75556040
v -0.03553456 0.04756865 0.69360632
v -0.03553456 0.04365996 0.69313359
v 0.02855521 0.01891772 0.76951307
v 0.02855437 0.00034950 0.76821882
v 0.03608489 0.00396880 0.76194358
v 0.03608566 0.02131203 0.76316929
v -0.02795231 0.04995677 0.68727863
v -0.02795237 0.04727015 0.68687451
v -0.03553456 0.04365996 0.69313359
v -0.03553456 0.04756865 0.69360632
v 0.01984781 0.01711158 0.77429843
v 0.01975709 -0.00213940 0.77224350
v -0.01920425 0.05174932 0.68252921
v -0.01920479 0.04997972 0.68217659
v 0.01030564 0.01598493 0.77728361
v 0.01030540 -0.00408380 0.77590501
v -0.00963801 0.05285439 0.67960221
v -0.00963825 0.05164990 0.67928112
v -0.00963253 0.01596520 0.77733588
v -0.00963277 -0.00411370 0.77595681
v 0.00033379 -0.00465330 0.77689201
v 0.00033400 0.01560823 0.77828121
v 0.01028466 0.05284235 0.67963350
v 0.01028442 0.05163202 0.67931223
v 0.00033337 0.05221823 0.67829561
v 0.00033359 0.05323008 0.67860579
v -0.01916259 0.01706860 0.77441281
v -0.01916283 -0.00244570 0.77306533
v 0.01977849 0.05172399 0.68259728
v 0.01977849 0.04994169 0.68224400
v -0.02786380 0.01884470 0.76970673
v -0.02786386 0.00023930 0.76841021
v 0.02843046 0.04993889 0.68732548
v 0.02843052 0.04724303 0.68692088
v -0.03540897 0.02120612 0.76345062
v -0.03540939 0.00380910 0.76222187
v 0.04648470 0.04152218 0.70962352
v 0.04648476 0.03451953 0.70897752
v 0.04202508 0.03936294 0.70058322
v 0.04202502 0.04472671 0.70113730
v 0.03592133 0.04757801 0.69358230
v 0.03592145 0.04367373 0.69310999
v -0.04155129 0.02406327 0.75588131
v -0.04155153 0.00812814 0.75473452
v -0.03540939 0.00380910 0.76222187
v -0.03540897 0.02120612 0.76345062
v 0.03592145 0.04367373 0.69310999
v 0.03592133 0.04757801 0.69358230
v -0.04605156 0.02728031 0.74735898
v -0.04605180 0.01299123 0.74630451
v 0.04923743 0.03808001 0.71874583
v 0.04923743 0.02931551 0.71800113
v -0.04882609 0.03074185 0.73818767
v -0.04882681 0.01822410 0.73723251
v 0.05020391 0.03448412 0.72827011
v 0.05020380 0.02388034 0.72742218
v 0.01025569 0.04916987 0.67607802
v 0.01023817 0.04902807 0.67479920
v 0.00027821 0.05004439 0.67461360
v 0.00029908 0.05018291 0.67568707
v 0.01983237 -0.03909720 0.74799943
v 0.01982736 -0.04301099 0.73192137
v 0.02852845 -0.03834040 0.72916162
v 0.02853477 -0.03460610 0.74445981
v -0.01921159 0.04714367 0.68011588
v -0.01921379 0.04670147 0.67899221
v -0.02795648 0.04206387 0.68173152
v -0.02795547 0.04268537 0.68362898
v 0.01029378 -0.04190010 0.75020742
v 0.01028960 -0.04592741 0.73363942
v 0.01982736 -0.04301099 0.73192137
v 0.01983237 -0.03909720 0.74799943
v -0.00964790 0.04989401 0.67795062
v -0.00965112 0.04956201 0.67730391
v -0.00964314 -0.04194731 0.75024623
v -0.00964653 -0.04597580 0.73367131
v 0.00032056 -0.04690561 0.73421860
v 0.00032380 -0.04284079 0.75094563
v 0.01027590 0.04986290 0.67797399
v 0.01027292 0.04952887 0.67732221
v 0.00031995 0.05052963 0.67672950
v 0.00032330 0.05082515 0.67721373
v -0.01917612 -0.03920001 0.74808401
v -0.01918011 -0.04311711 0.73198742
v -0.04617244 0.02149240 0.70033062
v -0.04617244 0.02002308 0.69475383
v -0.04889822 0.01100603 0.70007902
v -0.04889661 0.01282302 0.70716017
v 0.01977396 0.04707572 0.68016648
v 0.01977241 0.04662940 0.67903173
v -0.02788114 -0.03477339 0.74460268
v -0.02788645 -0.03851160 0.72927290
v 0.02843022 0.04262671 0.68366390
v 0.02843016 0.04200003 0.68175870
v -0.03541249 -0.02875140 0.73999918
v -0.03543543 -0.03238720 0.72566462
v 0.04648631 0.02164558 0.70015812
v 0.04648727 0.02016923 0.69461930
v 0.04202795 0.02848170 0.68972540
v 0.04202735 0.02963409 0.69388127
v 0.03592395 0.03673903 0.68829250
v 0.03592509 0.03587369 0.68536782
v -0.04157269 -0.02176709 0.73437572
v -0.04157984 -0.02497880 0.72129887
v 0.04215461 -0.02150860 0.73413849
v 0.04214715 -0.02471890 0.72111398
v 0.04660356 -0.01631210 0.71614552
v 0.04661065 -0.01342440 0.72776592
v 0.03592509 0.03587369 0.68536782
v 0.03592395 0.03673903 0.68829250
v -0.04607141 -0.01374980 0.72807169
v -0.04607754 -0.01663720 0.71638352
v -0.04157984 -0.02497880 0.72129887
v -0.04157269 -0.02176709 0.73437572
v 0.04923325 0.01306716 0.70690668
v 0.04923236 0.01124403 0.69988137
v -0.04884195 -0.00512540 0.72128731
v -0.04884690 -0.00766440 0.71109372
v 0.05019402 0.00412040 0.71395153
v 0.05019038 0.00193830 0.70537412
v -0.04980576 0.00386000 0.71421170
v -0.04980885 0.00168190 0.70557690
v 0.04929959 -0.00479450 0.72096562
v 0.04929459 -0.00733620 0.71084309
v -0.04169142 0.02957175 0.69396311
v -0.04169106 0.02842597 0.68978882
v 0.03606224 -0.02865340 0.73976701
v 0.03605467 -0.03214990 0.72550261
v 0.03593701 0.03497658 0.67731857
v 0.04203552 0.02738175 0.67868292
v 0.04204875 0.02719132 0.66980988
v 0.03595697 0.03481958 0.66980988
v -0.01920843 -0.04502720 0.71211737
v -0.01923632 -0.04593730 0.69191343
v -0.00969046 -0.04886830 0.69244123
v -0.00966847 -0.04793370 0.71322900
v -0.04617393 0.01921633 0.68757010
v -0.04617530 0.01887569 0.68025643
v -0.04891890 0.00965146 0.68192363
v -0.04890859 0.01005766 0.69108093
v 0.01976281 0.04621819 0.67720509
v 0.01975286 0.04604897 0.67533469
v -0.02792221 -0.04033740 0.71032792
v -0.02795737 -0.04120220 0.69106352
v -0.00969118 0.04906878 0.67479348
v -0.00967115 0.04920731 0.67606592
v 0.02842921 0.04150209 0.67900300
v 0.02842897 0.04128501 0.67618853
v -0.03547734 -0.03409880 0.70794892
v -0.03551894 -0.03490110 0.68993378
v 0.04649037 0.01926152 0.68748152
v 0.04649353 0.01881955 0.68021441
v 0.04203552 0.02738175 0.67868292
v 0.04203182 0.02773408 0.68425542
v 0.03593111 0.03525875 0.68138242
v -0.04162395 -0.02655430 0.70507061
v -0.04166769 -0.02728330 0.68856692
v 0.04210168 -0.02635939 0.70494890
v 0.04205584 -0.02715500 0.68850952
v 0.04651314 -0.01857870 0.68695450
v 0.04655838 -0.01783240 0.70167363
v 0.04203182 0.02773408 0.68425542
v -0.04611819 -0.01805920 0.70182991
v -0.04615890 -0.01870520 0.68702769
v 0.04922389 0.01017514 0.69095111
v 0.04921621 0.00964752 0.68186259
v -0.04887861 -0.00892600 0.69834232
v -0.04891026 -0.00948750 0.68537140
v -0.04615890 -0.01870520 0.68702769
v -0.04611819 -0.01805920 0.70182991
v 0.05016934 0.00072020 0.69457221
v 0.05014836 0.00012190 0.68358201
v -0.04982990 0.00057220 0.69470549
v -0.04985100 0.00008350 0.68364471
v 0.04926025 -0.00871680 0.69817752
v 0.04922676 -0.00939900 0.68529367
v -0.04168874 0.02774683 0.68429673
v -0.04168683 0.02746294 0.67870188
v 0.03600651 -0.03390670 0.70784211
v 0.03595852 -0.03475571 0.68988317
v -0.03553485 0.03532193 0.68139082
v -0.03553569 0.03508857 0.67732191
v 0.02848666 -0.04018700 0.71025473
v 0.02844560 -0.04107380 0.69102907
v -0.02796298 0.04159055 0.67898470
v -0.02796936 0.04139743 0.67617941
v 0.01979494 -0.04492690 0.71207410
v 0.01976251 -0.04584350 0.69189298
v -0.01922786 0.04629902 0.67717892
v -0.01924175 0.04613761 0.67532182
v -0.02796936 0.04139743 0.67617941
v -0.02796298 0.04159055 0.67898470
v 0.01026535 -0.04788770 0.71320921
v 0.01024097 -0.04882520 0.69243193
v 0.01976251 -0.04584350 0.69189298
v 0.01979494 -0.04492690 0.71207410
v 0.00027828 -0.04983830 0.69261217
v 0.00029941 -0.04889910 0.71356171
v -0.04630088 -0.01862780 0.66980988
v -0.04182165 -0.02725710 0.66980988
v 0.04918766 0.00933806 0.66980988
v 0.04650408 0.01855329 0.66980988
v -0.04902046 -0.00937200 0.66980988
v -0.04630088 -0.01862780 0.66980988
v 0.05007529 -0.00016820 0.66980988
v -0.04992467 0.00018600 0.66980988
v 0.04910790 -0.00971700 0.66980988
v -0.04895520 0.00977556 0.66980988
v 0.04635560 -0.01886200 0.66980988
v -0.04167968 0.02751402 0.66980988
v -0.04617995 0.01897011 0.66980988
v 0.03579169 -0.03494421 0.66980988
v 0.04189550 -0.02737001 0.66980988
v -0.03553736 0.03510246 0.66980988
v 0.02830082 -0.04121640 0.66980988
v -0.02799201 0.04137436 0.66980988
v 0.01964879 -0.04595660 0.66980988
v -0.01929098 0.04609249 0.66980988
v -0.02799201 0.04137436 0.66980988
v 0.01015508 -0.04892761 0.66980988
v 0.01964879 -0.04595660 0.66980988
v -0.00976097 0.04902259 0.66980988
v 0.00020408 -0.04995790 0.66980988
v 0.01017683 0.04896996 0.66980988
v 0.00020554 0.04997030 0.66980988
v -0.01933383 -0.04602420 0.66980988
v -0.00976753 -0.04895890 0.66980988
v 0.01971966 0.04597727 0.66980988
v -0.02808189 -0.04126270 0.66980988
v 0.02842688 0.04117975 0.66980988
v -0.03566414 -0.03491890 0.66980988
v 0.04204875 0.02719132 0.66980988
v 0.02846384 -0.01455220 0.76392341
v 0.02854150 -0.02690659 0.75666052
v 0.03606981 -0.02146330 0.75114799
v 0.03607738 -0.01017240 0.75841278
v -0.03553462 0.04072300 0.69227660
v -0.03553462 0.03831438 0.69070292
v -0.04169178 0.03175459 0.69734359
v -0.04169178 0.03513554 0.69954252
v 0.04216200 -0.01493090 0.74453640
v 0.04216933 -0.00460870 0.75117862
v -0.04617226 0.02436737 0.70482349
v -0.04617208 0.02884338 0.70772648
v 0.04662472 0.00168980 0.74298757
v 0.04661750 -0.00753790 0.73705047
v 0.04930526 0.00035220 0.72906262
v 0.04931074 0.00840977 0.73424792
v -0.04889333 0.02209268 0.71650428
v -0.04889500 0.01644114 0.71284592
v -0.04980260 0.00824819 0.72112930
v -0.04979926 0.01511667 0.72556770
v 0.05019736 0.00850073 0.72082329
v 0.05020070 0.01534752 0.72523278
v -0.04883652 0.00003370 0.72944069
v -0.04883188 0.00812105 0.73466182
v 0.04923450 0.01668034 0.71254790
v 0.04923588 0.02231387 0.71617812
v -0.04606497 -0.00784900 0.73741013
v -0.04605817 0.00141020 0.74338138
v 0.04648602 0.02452049 0.70462072
v 0.04648560 0.02898822 0.70750481
v -0.04156589 -0.01517610 0.74481541
v -0.04155886 -0.00482720 0.75148392
v 0.04202604 0.03520164 0.69943690
v 0.04202646 0.03182057 0.69724733
v 0.03592336 0.03831432 0.69068241
v 0.03592211 0.04073004 0.69225413
v -0.03534436 -0.02108800 0.75124848
v -0.03541570 -0.01036680 0.75868040
v 0.03592211 0.04073004 0.69225413
v 0.03592336 0.03831432 0.69068241
v 0.02843028 0.04369441 0.68524551
v 0.02843040 0.04530922 0.68630528
v -0.03541570 -0.01036680 0.75868040
v -0.03534436 -0.02108800 0.75124848
v -0.02787554 -0.02706280 0.75682861
v -0.02753204 -0.01424020 0.76434332
v 0.01977545 0.04776046 0.68113720
v 0.01977694 0.04877034 0.68181020
v 0.00033001 0.05168918 0.67801511
v 0.00032666 0.05118845 0.67766881
v -0.00964469 0.05033580 0.67853451
v -0.00964147 0.05096236 0.67896241
v -0.01917177 -0.03110820 0.76091790
v -0.01916730 -0.01838960 0.76910228
v 0.01027882 0.05030791 0.67856169
v 0.01028162 0.05093870 0.67899227
v -0.00963974 -0.03361960 0.76345778
v -0.00963628 -0.02052800 0.77188152
v 0.00033041 -0.02122150 0.77278030
v 0.00032708 -0.03443530 0.76427931
v 0.01029723 -0.03357610 0.76341218
v 0.01030147 -0.02049041 0.77183181
v -0.01920932 0.04782192 0.68107778
v -0.01920706 0.04882148 0.68174529
v 0.01983726 -0.03101330 0.76081848
v 0.01984262 -0.01830770 0.76899391
v -0.02795428 0.04374514 0.68520480
v -0.02795338 0.04534910 0.68626070
v 0.01984262 -0.01830770 0.76899391
v 0.01983726 -0.03101330 0.76081848
v -0.02795338 0.04534910 0.68626070
v -0.02795428 0.04374514 0.68520480
v -0.04156589 -0.01517610 0.74481541
v -0.03534436 -0.02108800 0.75124848
v 0.03592336 0.03831432 0.69068241
v 0.02843028 0.04369441 0.68524551
v -0.02787554 -0.02706280 0.75682861
v 0.01977545 0.04776046 0.68113720
v 0.00032666 0.05118845 0.67766881
v -0.00964469 0.05033580 0.67853451
v -0.01917177 -0.03110820 0.76091790
v 0.01027882 0.05030791 0.67856169
v -0.00963974 -0.03361960 0.76345778
v 0.00032708 -0.03443530 0.76427931
v 0.01029723 -0.03357610 0.76341218
v -0.01920932 0.04782192 0.68107778
v 0.01029723 -0.03357610 0.76341218
v 0.01029378 -0.04190010 0.75020742
v -0.01920932 0.04782192 0.68107778
v -0.01921159 0.04714367 0.68011588
v -0.02795237 0.04727015 0.68687451
v 0.02846384 -0.01455220 0.76392341
v 0.02855437 0.00034950 0.76821882
v -0.04607754 -0.01663720 0.71638352
v 0.04202795 0.02848170 0.68972540
v -0.06948405 -0.02794030 0.08914923
v -0.06930243 0.02842638 0.08914995
v 0.00023876 0.07490185 0.08915114
v -0.03554749 0.08040032 0.69384497
v -0.02805531 0.08040098 0.68757188
v -0.02805531 0.05771497 0.68757188
v -0.03554749 0.05771408 0.69384497
v 0.04193401 0.08040026 0.75631142
v 0.03579086 0.08040032 0.76390082
v 0.03579086 0.05771408 0.76390082
v 0.04193401 0.05771402 0.75631142
v -0.04180508 0.08040158 0.75598860
v -0.04626137 0.08040020 0.74734938
v -0.04626137 0.05771396 0.74734938
v -0.04180508 0.05771497 0.75598860
v -0.04165250 0.08040038 0.70142013
v -0.03554749 0.08040032 0.69384497
v -0.03554749 0.05771408 0.69384497
v -0.04165250 0.05771414 0.70142013
v 0.04643476 0.08040014 0.74776638
v 0.04643476 0.05771378 0.74776638
v -0.04886585 0.08040026 0.71907550
v -0.04611247 0.08040158 0.70992911
v -0.04611247 0.05771497 0.70992911
v -0.04886585 0.05771402 0.71907550
v 0.04921025 0.08040014 0.73857069
v 0.04921025 0.05771390 0.73857069
v -0.04983294 0.08040164 0.72862542
v -0.04983294 0.05771497 0.72862542
v 0.05017971 0.08040014 0.72897983
v 0.05017971 0.05771390 0.72897983
v -0.04894506 0.08040164 0.73813301
v -0.04894506 0.05771497 0.73813301
v 0.04927611 0.08039913 0.71942061
v 0.04927611 0.05771325 0.71942061
v 0.04207623 0.08040020 0.70153308
v 0.04655617 0.08039937 0.71016347
v 0.04655617 0.05771348 0.71016347
v 0.04207623 0.05771396 0.70153308
v -0.03571289 0.08040152 0.76361787
v -0.03571289 0.05771497 0.76361787
v 0.03591758 0.08040026 0.69387013
v 0.03591758 0.05771402 0.69387013
v -0.02818179 0.08040104 0.76997882
v -0.03571289 0.08040152 0.76361787
v -0.03571289 0.05771497 0.76361787
v -0.02818179 0.05771497 0.76997882
v 0.02833420 0.08040032 0.68752551
v 0.03591758 0.08040026 0.69387013
v 0.03591758 0.05771402 0.69387013
v 0.02833420 0.05771408 0.68752551
v -0.01947355 0.08040098 0.77477688
v -0.01947355 0.05771497 0.77477688
v 0.01958549 0.08040044 0.68276328
v 0.01958549 0.05771420 0.68276328
v -0.00992972 0.08040086 0.77777010
v -0.00992972 0.05771497 0.77777010
v 0.01001775 0.08040056 0.67982841
v 0.01001775 0.05771468 0.67982841
v 0.01001071 0.08040056 0.77782267
v 0.00004323 0.08040074 0.77877063
v 0.00004323 0.05771486 0.77877063
v 0.01001071 0.05771468 0.77782267
v -0.00990754 0.08040074 0.67985958
v 0.00004479 0.08040062 0.67882931
v 0.00004479 0.05771474 0.67882931
v -0.00990754 0.05771486 0.67985958
v 0.01954197 0.08040032 0.77489191
v 0.01954197 0.05771408 0.77489191
v -0.01940274 0.08040056 0.68283111
v -0.01940274 0.05771468 0.68283111
v 0.02824467 0.08040044 0.77017361
v 0.02824467 0.05771420 0.77017361
v 0.03579086 0.08040032 0.76390082
v 0.03579086 0.05771408 0.76390082
v -0.06950557 -0.02851860 0.08864581
v -0.06950557 -0.02851860 0.08621776
v -0.06280368 -0.04131430 0.08621895
v -0.06280368 -0.04131430 0.08864700
v 0.05355912 0.05264298 0.08864724
v 0.05355912 0.05264298 0.08621907
v 0.04222065 0.06207529 0.08621895
v 0.04222065 0.06207529 0.08864712
v -0.04237341 -0.06213880 0.08864617
v -0.04237341 -0.06213880 0.08621799
v -0.02937227 -0.06926779 0.08621859
v -0.02937233 -0.06926779 0.08864676
v -0.00015133 -0.07528570 0.08864665
v -0.00015130 -0.07528570 0.08621847
v 0.01483345 -0.07378340 0.08621871
v 0.01483345 -0.07378340 0.08864676
v 0.02914488 0.06917105 0.08621907
v 0.02914488 0.06917105 0.08864724
v -0.01510483 -0.07373630 0.08621835
v -0.01510488 -0.07373630 0.08864653
v 0.06973463 -0.02816620 0.08864855
v 0.06973463 -0.02816620 0.08622050
v 0.07382142 -0.01424570 0.08622086
v 0.07382136 -0.01424570 0.08864903
v 0.01482331 0.07357815 0.08621871
v 0.01482331 0.07357815 0.08864688
v -0.00015357 0.07500330 0.08864665
v -0.00015355 0.07500330 0.08621847
v -0.01513814 0.07349888 0.08621823
v -0.01513814 0.07349888 0.08864641
v 0.02920985 -0.06936970 0.08621883
v 0.02920985 -0.06936970 0.08864700
v -0.02947849 0.06899801 0.08621811
v -0.02947849 0.06899801 0.08864629
v 0.02920985 -0.06936970 0.08864700
v 0.02920985 -0.06936970 0.08621883
v 0.04235512 -0.06220850 0.08621895
v 0.04235512 -0.06220850 0.08864712
v -0.04256314 0.06178263 0.08621799
v -0.04256314 0.06178263 0.08864617
v 0.05374968 -0.05266771 0.08621907
v 0.05374962 -0.05266771 0.08864724
v -0.04256314 0.06178263 0.08864617
v -0.04256314 0.06178263 0.08621799
v -0.05387938 0.05221716 0.08621788
v -0.05387938 0.05221716 0.08864605
v 0.06300342 -0.04114451 0.08621919
v 0.06300342 -0.04114451 0.08864736
v -0.06303346 0.04074440 0.08621776
v -0.06303346 0.04074440 0.08864593
v -0.06972903 0.02775303 0.08864736
v -0.06972903 0.02775303 0.08621919
v -0.07376164 0.01389364 0.08621764
v -0.07376164 0.01389364 0.08864581
v 0.07517969 0.00012930 0.08621931
v 0.07517969 0.00012930 0.08864748
v -0.07509529 -0.00040360 0.08621764
v -0.07509535 -0.00040360 0.08864581
v 0.07372283 0.01455168 0.08621931
v 0.07372283 0.01455168 0.08864748
v -0.07364213 -0.01476460 0.08621907
v -0.07364213 -0.01476460 0.08864724
v 0.06955254 0.02838001 0.08621954
v 0.06955254 0.02838001 0.08864772
v -0.06950557 -0.02851860 0.08621776
v -0.06950557 -0.02851860 0.08864581
v 0.06278961 0.04122982 0.08621919
v 0.06278961 0.04122982 0.08864736
v -0.05363065 -0.05270541 0.08621895
v -0.05363065 -0.05270541 0.08864712
v 0.06278961 0.04122982 0.08864736
v 0.06278961 0.04122982 0.08621919
v 0.03579169 -0.03494410 0.66745961
v 0.03579169 -0.03494421 0.66980988
v 0.02830082 -0.04121640 0.66980988
v 0.02830088 -0.04121640 0.66746020
v -0.04167968 0.02751402 0.66745949
v -0.04167968 0.02751402 0.66980988
v -0.03553736 0.03510246 0.66980988
v -0.03553736 0.03510246 0.66745949
v 0.04204875 0.02719132 0.66746050
v 0.04204875 0.02719132 0.66980988
v 0.04650408 0.01855329 0.66980988
v 0.04650408 0.01855329 0.66745949
v 0.04189550 -0.02737001 0.66745961
v 0.04189550 -0.02737001 0.66980988
v -0.04617995 0.01897011 0.66745931
v -0.04617995 0.01897011 0.66980988
v 0.04910790 -0.00971700 0.66745949
v 0.04910790 -0.00971700 0.66980988
v 0.04635560 -0.01886200 0.66980988
v 0.04635560 -0.01886200 0.66746050
v -0.04895520 0.00977556 0.66745943
v -0.04895520 0.00977556 0.66980988
v 0.05007529 -0.00016820 0.66746050
v 0.05007529 -0.00016820 0.66980988
v -0.04992467 0.00018600 0.66745943
v -0.04992467 0.00018600 0.66980988
v 0.04918766 0.00933806 0.66746050
v 0.04918766 0.00933806 0.66980988
v -0.04902040 -0.00937200 0.66745830
v -0.04902046 -0.00937200 0.66980988
v -0.04182165 -0.02725710 0.66745949
v -0.04182165 -0.02725710 0.66980988
v -0.04630088 -0.01862780 0.66980988
v -0.04630088 -0.01862780 0.66745847
v 0.03595697 0.03481958 0.66746032
v 0.03595697 0.03481958 0.66980988
v 0.04204875 0.02719132 0.66980988
v 0.04204875 0.02719132 0.66746050
v -0.03566408 -0.03491890 0.66745949
v -0.03566414 -0.03491890 0.66980988
v 0.02842688 0.04117975 0.66746032
v 0.02842688 0.04117975 0.66980988
v -0.02808183 -0.04126270 0.66745961
v -0.02808189 -0.04126270 0.66980988
v 0.01971966 0.04597727 0.66746020
v 0.01971966 0.04597727 0.66980988
v -0.01933383 -0.04602420 0.66745973
v -0.01933383 -0.04602420 0.66980988
v 0.01017683 0.04896996 0.66746008
v 0.01017683 0.04896996 0.66980988
v -0.00976753 -0.04895890 0.66745973
v -0.00976753 -0.04895890 0.66980988
v -0.00976097 0.04902259 0.66745991
v -0.00976097 0.04902259 0.66980988
v 0.00020554 0.04997030 0.66980988
v 0.00020556 0.04997030 0.66746002
v 0.01015514 -0.04892761 0.66746002
v 0.01015508 -0.04892761 0.66980988
v 0.00020408 -0.04995790 0.66980988
v 0.00020410 -0.04995790 0.66745991
v -0.01929098 0.04609249 0.66745949
v -0.01929098 0.04609249 0.66980988
v -0.04630088 -0.01862780 0.66745847
v -0.04630088 -0.01862780 0.66980988
v 0.01964879 -0.04595660 0.66745973
v 0.01964879 -0.04595660 0.66980988
v -0.02799201 0.04137436 0.66745961
v -0.02799201 0.04137436 0.66980988
v 0.01964879 -0.04595660 0.66980988
v 0.01964879 -0.04595660 0.66745973
v -0.02799201 0.04137436 0.66980988
v -0.02799201 0.04137436 0.66745961
v -0.02899003 0.06908754 0.08915066
v -0.01470267 0.07348088 0.08915090
v 0.01518791 0.07340196 0.08915138
v 0.02949446 0.06891540 0.08915162
v 0.04254806 0.06172297 0.08915162
v 0.05383735 0.05218801 0.08915185
v 0.06296992 0.04075155 0.08915185
v 0.06964963 0.02780143 0.08915042
v 0.07367277 0.01398603 0.08915197
v 0.07500326 -0.00026580 0.08915197
v 0.07355356 -0.01458120 0.08915054
v 0.06942677 -0.02829140 0.08915185
v 0.06274074 -0.04104650 0.08915078
v 0.05358940 -0.05240160 0.08915066
v 0.04235911 -0.06180499 0.08915162
v 0.02938807 -0.06891151 0.08915090
v 0.01515477 -0.07336570 0.08915114
v -0.01471287 -0.07341260 0.08915078
v 0.00023657 -0.07491010 0.08915114
v -0.02905488 -0.06901300 0.08915066
v -0.04216963 -0.06187449 0.08915066
v -0.05353689 -0.05236401 0.08915054
v -0.06276881 -0.04087730 0.08915042
v -0.07356119 -0.01406400 0.08914875
v -0.07491624 0.00026540 0.08915030
v -0.07346290 0.01464198 0.08915030
v -0.06255555 0.04123536 0.08915042
v -0.05334687 0.05261198 0.08915066
v -0.04203522 0.06201473 0.08915066
v 0.07382136 -0.01424570 0.08915364
v -0.00015358 0.07500330 0.08915126
v -0.07376170 0.01389364 0.08915042
v -0.01513814 0.07349888 0.08864641
v -0.02947849 0.06899801 0.08864629
v -0.02947849 0.06899801 0.08915090
v -0.01513814 0.07349888 0.08915114
v 0.01483345 -0.07378340 0.08864676
v 0.02920985 -0.06936970 0.08864700
v 0.02920979 -0.06936970 0.08915162
v 0.01483345 -0.07378340 0.08915150
v 0.01482331 0.07357815 0.08864688
v -0.00015357 0.07500330 0.08864665
v -0.00015358 0.07500330 0.08915126
v 0.01482325 0.07357815 0.08915150
v -0.01510488 -0.07373630 0.08864653
v -0.00015133 -0.07528570 0.08864665
v -0.00015134 -0.07528570 0.08915126
v -0.01510488 -0.07373630 0.08915114
v 0.02914488 0.06917105 0.08864724
v 0.02914488 0.06917105 0.08915197
v 0.06973463 -0.02816620 0.08864855
v 0.07382136 -0.01424570 0.08864903
v 0.07382136 -0.01424570 0.08915364
v 0.06973457 -0.02816620 0.08915328
v -0.02937233 -0.06926779 0.08864676
v -0.02937233 -0.06926779 0.08915150
v 0.04222065 0.06207529 0.08864712
v 0.04222059 0.06207529 0.08915174
v -0.04237341 -0.06213880 0.08864617
v -0.04237341 -0.06213880 0.08915078
v 0.05355912 0.05264298 0.08864724
v 0.04222065 0.06207529 0.08864712
v 0.04222059 0.06207529 0.08915174
v 0.05355912 0.05264298 0.08915185
v -0.06950557 -0.02851860 0.08864581
v -0.06280368 -0.04131430 0.08864700
v -0.06280368 -0.04131430 0.08915174
v -0.06950563 -0.02851860 0.08915054
v -0.05363065 -0.05270541 0.08864712
v -0.04237341 -0.06213880 0.08864617
v -0.04237341 -0.06213880 0.08915078
v -0.05363065 -0.05270541 0.08915185
v 0.06278961 0.04122982 0.08864736
v 0.06278961 0.04122982 0.08915197
v -0.06303346 0.04074440 0.08864593
v -0.06972903 0.02775303 0.08864736
v -0.06972903 0.02775303 0.08915209
v -0.06303346 0.04074440 0.08915054
v 0.06955254 0.02838001 0.08864772
v 0.06955254 0.02838001 0.08915233
v -0.07364213 -0.01476460 0.08864724
v -0.07364219 -0.01476460 0.08915197
v 0.07372283 0.01455168 0.08864748
v 0.07372283 0.01455168 0.08915209
v -0.07509535 -0.00040360 0.08864581
v -0.07509535 -0.00040360 0.08915042
v 0.07517969 0.00012930 0.08864748
v 0.07517969 0.00012930 0.08915221
v -0.07376164 0.01389364 0.08864581
v -0.07376170 0.01389364 0.08915042
v -0.06972903 0.02775303 0.08864736
v -0.06972903 0.02775303 0.08915209
v 0.06300342 -0.04114451 0.08864736
v 0.06300342 -0.04114451 0.08915197
v -0.05387938 0.05221716 0.08864605
v -0.05387938 0.05221716 0.08915066
v 0.05374962 -0.05266771 0.08864724
v 0.05374962 -0.05266771 0.08915197
v -0.04256314 0.06178263 0.08864617
v -0.04256314 0.06178263 0.08915078
v 0.04235512 -0.06220850 0.08864712
v 0.05374962 -0.05266771 0.08864724
v 0.05374962 -0.05266771 0.08915197
v 0.04235512 -0.06220850 0.08915185
v 0.02914488 0.06917105 0.08915197
v 0.01482325 0.07357815 0.08915150
v -0.01513814 0.07349888 0.08915114
v -0.02947849 0.06899801 0.08915090
v -0.04256314 0.06178263 0.08915078
v -0.05387938 0.05221716 0.08915066
v -0.06303346 0.04074440 0.08915054
v -0.06972903 0.02775303 0.08915209
v -0.07509535 -0.00040360 0.08915042
v -0.07364219 -0.01476460 0.08915197
v -0.06950563 -0.02851860 0.08915054
v -0.06280368 -0.04131430 0.08915174
v -0.05363065 -0.05270541 0.08915185
v -0.04237341 -0.06213880 0.08915078
v -0.02937233 -0.06926779 0.08915150
v 0.01483345 -0.07378340 0.08915150
v -0.01510488 -0.07373630 0.08915114
v -0.00015134 -0.07528570 0.08915126
v 0.02920979 -0.06936970 0.08915162
v 0.04235512 -0.06220850 0.08915185
v 0.05374962 -0.05266771 0.08915197
v 0.06973457 -0.02816620 0.08915328
v 0.06300342 -0.04114451 0.08915197
v 0.07517969 0.00012930 0.08915221
v 0.07372283 0.01455168 0.08915209
v 0.06955254 0.02838001 0.08915233
v 0.06278961 0.04122982 0.08915197
v 0.05355912 0.05264298 0.08915185
v 0.04222059 0.06207529 0.08915174
v 0.06231170 0.10470028 -0.04051429
v 0.06896370 0.10469913 -0.02769505
v 0.06977409 0.10469912 -0.02802062
v 0.06304430 0.10470028 -0.04099071
v 0.02925753 0.10470028 -0.06919777
v 0.04240036 0.10470028 -0.06204128
v 0.04240036 0.08920029 -0.06204128
v 0.02925753 0.08920029 -0.06919777
v -0.05318999 0.10470031 0.05170261
v -0.06223571 0.10470031 0.04037070
v -0.06296706 0.10470031 0.04084479
v -0.05381470 0.10470031 0.05231022
v 0.05316758 0.10470028 -0.05189669
v 0.05379205 0.10470028 -0.05250620
v -0.04200690 0.10470031 0.06115090
v -0.04250091 0.10470031 0.06186980
v 0.04190760 0.10470028 -0.06132066
v 0.04240036 0.10470028 -0.06204128
v -0.02907735 0.10470031 0.06827807
v -0.02941906 0.10470031 0.06908047
v 0.02891767 0.10470028 -0.06839406
v 0.02925753 0.10470028 -0.06919777
v -0.01490664 0.10470031 0.07272386
v -0.02907735 0.10470031 0.06827807
v -0.02941906 0.10470031 0.06908047
v -0.01508182 0.10470031 0.07357847
v 0.01471132 0.10470028 -0.07275366
v 0.02891767 0.10470028 -0.06839406
v 0.02925753 0.10470028 -0.06919777
v 0.01488423 0.10470028 -0.07360851
v 0.01470112 0.10470024 0.07280206
v -0.00009876 0.10470031 0.07420992
v -0.00009992 0.10470031 0.07508206
v 0.01487416 0.10470024 0.07365763
v -0.00009876 0.10470031 0.07420992
v -0.00009992 0.10470031 0.07508206
v -0.01487374 0.10470028 -0.07270717
v -0.00009650 0.10470028 -0.07423758
v -0.00009763 0.10470028 -0.07511007
v -0.01504850 0.10470028 -0.07356154
v 0.02885347 0.10470000 0.06844878
v 0.02919220 0.10470000 0.06925320
v 0.07300215 0.10469878 -0.01394546
v 0.07386004 0.10469876 -0.01410937
v -0.02897197 0.10469981 -0.06829357
v -0.02931267 0.10469981 -0.06909608
v 0.04177469 0.10470031 0.06144011
v 0.04226565 0.10470031 0.06216228
v -0.04181993 0.10470028 -0.06125164
v -0.04231137 0.10470028 -0.06197118
v 0.05297929 0.10470031 0.05212301
v 0.04177469 0.10470031 0.06144011
v 0.04226565 0.10470031 0.06216228
v 0.05360186 0.10470031 0.05273580
v -0.06863135 0.10470030 -0.02804327
v -0.06200850 0.10469916 -0.04068243
v -0.06273728 0.10469915 -0.04116046
v -0.06943780 0.10470030 -0.02837312
v -0.05294394 0.10469921 -0.05193412
v -0.05356580 0.10469919 -0.05254399
v 0.06210047 0.10470031 0.04085028
v 0.06283050 0.10470031 0.04132997
v -0.06885212 0.10469878 0.02753818
v -0.06966125 0.10469876 0.02786219
v -0.05294394 0.10469921 -0.05193412
v -0.05356580 0.10469919 -0.05254399
v 0.06878376 0.10470000 0.02815783
v 0.06959205 0.10470000 0.02848875
v -0.07271903 0.10469884 -0.01445806
v -0.07357358 0.10469882 -0.01462805
v 0.07290482 0.10470030 0.01449877
v 0.07376152 0.10470030 0.01466912
v -0.07415503 0.10470030 -0.00027299
v -0.07502645 0.10470030 -0.00027621
v 0.07434439 0.10470030 0.00025332
v 0.07521808 0.10470030 0.00025642
v -0.07283711 0.10470030 0.01384902
v -0.07369303 0.10470030 0.01401174
v 0.04240036 0.08920029 -0.06204128
v 0.05379205 0.08920029 -0.05250620
v 0.05307590 0.08920029 -0.05180752
v 0.04183596 0.08920029 -0.06121528
v -0.01508182 0.10470031 0.07357847
v -0.02941906 0.10470031 0.06908047
v -0.02941906 0.08920035 0.06908047
v -0.01508182 0.08920035 0.07357847
v 0.01488423 0.10470028 -0.07360851
v 0.01488423 0.08920029 -0.07360851
v 0.01487416 0.10470024 0.07365763
v -0.00009992 0.10470031 0.07508206
v -0.00009992 0.08920035 0.07508206
v 0.01487416 0.08920029 0.07365763
v -0.01508182 0.10470031 0.07357847
v -0.01508182 0.08920035 0.07357847
v -0.01504850 0.10470028 -0.07356154
v -0.00009763 0.10470028 -0.07511007
v -0.00009763 0.08920029 -0.07511007
v -0.01504850 0.08920029 -0.07356154
v 0.02919220 0.10470000 0.06925320
v 0.02919220 0.08920017 0.06925320
v 0.06977409 0.10469912 -0.02802062
v 0.07386004 0.10469876 -0.01410937
v 0.07386004 0.08919880 -0.01410937
v 0.06977409 0.08919916 -0.02802062
v -0.02931267 0.10469981 -0.06909608
v -0.02931267 0.08920017 -0.06909608
v 0.04226565 0.10470031 0.06216228
v 0.04226565 0.08920035 0.06216228
v -0.00009763 0.10470028 -0.07511007
v -0.00009763 0.08920029 -0.07511007
v -0.04231137 0.10470028 -0.06197118
v -0.04231137 0.08920029 -0.06197118
v 0.05360186 0.10470031 0.05273580
v 0.05360186 0.08920035 0.05273580
v -0.06943780 0.10470030 -0.02837312
v -0.06273728 0.10469915 -0.04116046
v -0.06273728 0.08919916 -0.04116046
v -0.06943780 0.08920029 -0.02837312
v -0.05356580 0.10469919 -0.05254399
v -0.05356580 0.08919922 -0.05254399
v 0.06283050 0.10470031 0.04132997
v 0.06283050 0.08920035 0.04132997
v -0.06296706 0.10470031 0.04084479
v -0.06966125 0.10469876 0.02786219
v -0.06966125 0.08919880 0.02786219
v -0.06296706 0.08920035 0.04084479
v 0.06959205 0.10470000 0.02848875
v 0.06959205 0.08920017 0.02848875
v -0.07357358 0.10469882 -0.01462805
v -0.07357358 0.08919886 -0.01462805
v 0.07376152 0.10470030 0.01466912
v 0.07376152 0.08920029 0.01466912
v -0.07502645 0.10470030 -0.00027621
v -0.07502645 0.08920029 -0.00027621
v 0.07521808 0.10470030 0.00025642
v 0.07521808 0.08920029 0.00025642
v -0.07369303 0.10470030 0.01401174
v -0.07502645 0.10470030 -0.00027621
v -0.07502645 0.08920029 -0.00027621
v -0.07369303 0.08920029 0.01401174
v 0.07521808 0.10470030 0.00025642
v 0.07521808 0.08920029 0.00025642
v 0.06304430 0.10470028 -0.04099071
v 0.06304430 0.08920029 -0.04099071
v -0.05381470 0.10470031 0.05231022
v -0.05381470 0.08920035 0.05231022
v 0.05379205 0.10470028 -0.05250620
v 0.05379205 0.08920029 -0.05250620
v -0.04250091 0.10470031 0.06186980
v -0.04250091 0.08920035 0.06186980
v -0.02941906 0.08920035 0.06908047
v -0.04250091 0.08920035 0.06186980
v -0.04193472 0.08920035 0.06104624
v -0.02902740 0.08920035 0.06816089
v 0.02925753 0.08920029 -0.06919777
v 0.02886790 0.08920029 -0.06827652
v -0.01508182 0.08920035 0.07357847
v -0.01488101 0.08920035 0.07259893
v 0.01488423 0.08920029 -0.07360851
v 0.01468575 0.08920029 -0.07262849
v 0.01487416 0.08920029 0.07365763
v -0.00009992 0.08920035 0.07508206
v -0.00009859 0.08920035 0.07408237
v 0.01467621 0.08920029 0.07267701
v -0.01508182 0.08920035 0.07357847
v -0.01488101 0.08920035 0.07259893
v -0.01504850 0.08920029 -0.07356154
v -0.00009763 0.08920029 -0.07511007
v -0.00009633 0.08920029 -0.07411003
v -0.01484817 0.08920029 -0.07258224
v 0.02919220 0.08920017 0.06925320
v 0.01487416 0.08920029 0.07365763
v 0.01467621 0.08920029 0.07267701
v 0.02880394 0.08920017 0.06833112
v 0.06977409 0.08919916 -0.02802062
v 0.07386004 0.08919880 -0.01410937
v 0.07287675 0.08919880 -0.01392138
v 0.06884521 0.08919916 -0.02764785
v -0.02931267 0.08920017 -0.06909608
v -0.01504850 0.08920029 -0.07356154
v -0.01484817 0.08920029 -0.07258224
v -0.02892220 0.08920017 -0.06817615
v 0.04226565 0.08920035 0.06216228
v 0.04170262 0.08920035 0.06133455
v -0.04231137 0.08920029 -0.06197118
v -0.04174786 0.08920029 -0.06114614
v 0.05360186 0.08920035 0.05273580
v 0.05288827 0.08920035 0.05203366
v -0.06943780 0.08920029 -0.02837312
v -0.06273728 0.08919916 -0.04116046
v -0.06190168 0.08919916 -0.04061228
v -0.06851339 0.08920029 -0.02799499
v -0.05356580 0.08919922 -0.05254399
v -0.05285269 0.08919922 -0.05184447
v 0.06283050 0.08920035 0.04132997
v 0.06199365 0.08920035 0.04077970
v -0.06296706 0.08920035 0.04084479
v -0.06966125 0.08919880 0.02786219
v -0.06873381 0.08919880 0.02749121
v -0.06212872 0.08920035 0.04030132
v 0.06959205 0.08920017 0.02848875
v 0.06866556 0.08920017 0.02810955
v -0.07357358 0.08919886 -0.01462805
v -0.07259404 0.08919886 -0.01443326
v 0.07376152 0.08920029 0.01466912
v 0.07277953 0.08920029 0.01447415
v -0.07502645 0.08920029 -0.00027621
v -0.07402759 0.08920029 -0.00027251
v 0.07521808 0.08920029 0.00025642
v 0.07421666 0.08920029 0.00025296
v -0.07369303 0.08920029 0.01401174
v -0.07271194 0.08920029 0.01382488
v 0.06304430 0.08920029 -0.04099071
v 0.06220459 0.08920029 -0.04044497
v -0.05381470 0.08920035 0.05231022
v -0.05309844 0.08920035 0.05161368
v 0.05379205 0.08920029 -0.05250620
v 0.05307590 0.08920029 -0.05180752
v -0.05381470 0.08920035 0.05231022
v -0.05309844 0.08920035 0.05161368
v -0.05285269 0.08849922 -0.05184495
v -0.04174786 0.08850065 -0.06114625
v -0.04231137 0.08850065 -0.06197166
v -0.05356585 0.08849922 -0.05254447
v -0.07502657 0.08850065 -0.00027633
v -0.07357370 0.08849910 -0.01462817
v -0.07357370 0.08664927 -0.01462817
v -0.07502657 0.08665076 -0.00027633
v 0.06199365 0.08850065 0.04077970
v 0.05288827 0.08850065 0.05203354
v 0.05360192 0.08850065 0.05273580
v 0.06283056 0.08850065 0.04132992
v -0.06212872 0.08850065 0.04030132
v -0.06873381 0.08849910 0.02749121
v -0.06966131 0.08849910 0.02786219
v -0.06296712 0.08850065 0.04084479
v -0.06190168 0.08849916 -0.04061228
v -0.06273740 0.08849916 -0.04116058
v 0.06866556 0.08850006 0.02810943
v 0.06959217 0.08850006 0.02848875
v -0.07259404 0.08849910 -0.01443338
v -0.06851339 0.08850065 -0.02799510
v -0.06943792 0.08850065 -0.02837324
v -0.07357370 0.08849910 -0.01462817
v 0.07277953 0.08850065 0.01447403
v 0.07376164 0.08850065 0.01466912
v -0.07402759 0.08850065 -0.00027263
v -0.07502657 0.08850065 -0.00027633
v 0.07421666 0.08850065 0.00025284
v 0.07521820 0.08850065 0.00025630
v -0.07271194 0.08850065 0.01382488
v -0.07369315 0.08850065 0.01401174
v 0.07287675 0.08849910 -0.01392138
v 0.07386016 0.08849910 -0.01410949
v 0.06220459 0.08850065 -0.04044497
v 0.06884521 0.08849916 -0.02764785
v 0.06977421 0.08849916 -0.02802062
v 0.06304442 0.08850065 -0.04099071
v -0.05309844 0.08850065 0.05161356
v -0.05381476 0.08850065 0.05231022
v 0.05307590 0.08850065 -0.05180764
v 0.05379211 0.08850065 -0.05250668
v -0.04193472 0.08850065 0.06104612
v -0.04250097 0.08850065 0.06186980
v 0.04183596 0.08850065 -0.06121528
v 0.04240036 0.08850065 -0.06204140
v -0.02902740 0.08850065 0.06816077
v -0.02941906 0.08850065 0.06908047
v 0.02886790 0.08850065 -0.06827664
v 0.02925759 0.08850065 -0.06919789
v -0.01488101 0.08850065 0.07259881
v -0.02902740 0.08850065 0.06816077
v -0.02941906 0.08850065 0.06908047
v -0.01508182 0.08850065 0.07357847
v 0.01468575 0.08850065 -0.07262861
v 0.02886790 0.08850065 -0.06827664
v 0.02925759 0.08850065 -0.06919789
v 0.01488423 0.08850065 -0.07360875
v 0.01467621 0.08850065 0.07267689
v -0.00009859 0.08850065 0.07408237
v -0.00009992 0.08850065 0.07508206
v 0.01487416 0.08850065 0.07365763
v -0.00009859 0.08850065 0.07408237
v -0.00009992 0.08850065 0.07508206
v -0.01484817 0.08850065 -0.07258236
v -0.00009633 0.08850065 -0.07411003
v -0.00009763 0.08850065 -0.07511019
v -0.01504850 0.08850065 -0.07356178
v 0.02880394 0.08850006 0.06833112
v 0.02919226 0.08850006 0.06925320
v -0.02892220 0.08849982 -0.06817626
v -0.02931267 0.08849982 -0.06909620
v 0.04170262 0.08850065 0.06133455
v 0.04226577 0.08850065 0.06216228
v -0.04174786 0.08850065 -0.06114625
v -0.04231137 0.08850065 -0.06197166
v 0.04170262 0.08850065 0.06133455
v 0.04226577 0.08850065 0.06216228
v 0.01488423 0.08665076 -0.07360875
v 0.06977421 0.08664945 -0.02802062
v -0.00009992 0.08665076 0.07508206
v 0.07521820 0.08850065 0.00025630
v 0.07376164 0.08850065 0.01466912
v 0.07376164 0.08665076 0.01466912
v 0.07521820 0.08665076 0.00025630
v -0.07369315 0.08850065 0.01401174
v -0.07502657 0.08850065 -0.00027633
v -0.07502657 0.08665076 -0.00027633
v -0.07369315 0.08665076 0.01401174
v 0.07386016 0.08849910 -0.01410949
v 0.07521820 0.08850065 0.00025630
v 0.07521820 0.08665076 0.00025630
v 0.07386016 0.08664927 -0.01410949
v -0.06966131 0.08849910 0.02786219
v -0.06966131 0.08664927 0.02786219
v 0.06304442 0.08850065 -0.04099071
v 0.06977421 0.08849916 -0.02802062
v 0.06977421 0.08664945 -0.02802062
v 0.06304442 0.08665076 -0.04099071
v -0.05381476 0.08850065 0.05231022
v -0.06296712 0.08850065 0.04084479
v -0.06296712 0.08665076 0.04084479
v -0.05381476 0.08665076 0.05231022
v 0.05379211 0.08850065 -0.05250668
v 0.05379211 0.08665076 -0.05250668
v -0.04250097 0.08850065 0.06186980
v -0.04250097 0.08665076 0.06186980
v 0.04240036 0.08850065 -0.06204140
v 0.04240036 0.08665076 -0.06204140
v -0.02941906 0.08850065 0.06908047
v -0.02941906 0.08665076 0.06908047
v 0.02925759 0.08850065 -0.06919789
v 0.02925759 0.08665076 -0.06919789
v -0.01508182 0.08850065 0.07357847
v -0.01508182 0.08665076 0.07357847
v 0.01488423 0.08850065 -0.07360875
v 0.01488423 0.08665076 -0.07360875
v 0.01487416 0.08850065 0.07365763
v -0.00009992 0.08850065 0.07508206
v -0.00009992 0.08665076 0.07508206
v 0.01487416 0.08665076 0.07365763
v -0.01508182 0.08850065 0.07357847
v -0.01508182 0.08665076 0.07357847
v -0.01504850 0.08850065 -0.07356178
v -0.00009763 0.08850065 -0.07511019
v -0.00009763 0.08665076 -0.07511019
v -0.01504850 0.08665076 -0.07356178
v 0.02919226 0.08850006 0.06925320
v 0.02919226 0.08665071 0.06925320
v -0.02931267 0.08849982 -0.06909620
v -0.02931267 0.08665011 -0.06909620
v 0.04226577 0.08850065 0.06216228
v 0.04226577 0.08665076 0.06216228
v -0.00009763 0.08850065 -0.07511019
v -0.00009763 0.08665076 -0.07511019
v -0.04231137 0.08850065 -0.06197166
v -0.04231137 0.08665076 -0.06197166
v 0.05360192 0.08850065 0.05273580
v 0.05360192 0.08665076 0.05273580
v -0.06943792 0.08850065 -0.02837324
v -0.06273740 0.08849916 -0.04116058
v -0.06273740 0.08664945 -0.04116058
v -0.06943792 0.08665076 -0.02837324
v -0.05356585 0.08849922 -0.05254447
v -0.05356585 0.08664951 -0.05254447
v 0.06283056 0.08850065 0.04132992
v 0.06283056 0.08665076 0.04132992
v 0.06959217 0.08850006 0.02848875
v 0.06959217 0.08665071 0.02848875
v 0.02919226 0.08665071 0.06925320
v 0.01487416 0.08665076 0.07365763
v -0.01508182 0.08665076 0.07357847
v -0.02941906 0.08665076 0.06908047
v -0.04250097 0.08665076 0.06186980
v -0.05381476 0.08665076 0.05231022
v -0.06296712 0.08665076 0.04084479
v -0.06966131 0.08664927 0.02786219
v -0.07369315 0.08665076 0.01401174
v -0.07502657 0.08665076 -0.00027633
v -0.07357370 0.08664927 -0.01462817
v -0.06943792 0.08665076 -0.02837324
v -0.06273740 0.08664945 -0.04116058
v -0.05356585 0.08664951 -0.05254447
v -0.04231137 0.08665076 -0.06197166
v -0.02931267 0.08665011 -0.06909620
v -0.01504850 0.08665076 -0.07356178
v -0.00009763 0.08665076 -0.07511019
v 0.02925759 0.08665076 -0.06919789
v 0.04240036 0.08665076 -0.06204140
v 0.05379211 0.08665076 -0.05250668
v 0.06304442 0.08665076 -0.04099071
v 0.07386016 0.08664927 -0.01410949
v 0.07521820 0.08665076 0.00025630
v 0.07376164 0.08665076 0.01466912
v 0.06959217 0.08665071 0.02848875
v 0.06283056 0.08665076 0.04132992
v 0.05360192 0.08665076 0.05273580
v 0.04226577 0.08665076 0.06216228
v -0.07345265 0.01463995 0.10510980
v -0.06929284 0.02842239 0.10510940
v -0.06929284 0.02842239 0.10503220
v -0.07345265 0.01463995 0.10503240
v -0.06276005 -0.04087169 0.10503260
v -0.06947433 -0.02793640 0.10503130
v -0.06957620 -0.02797730 0.10485820
v -0.06285208 -0.04093140 0.10485950
v 0.07499289 -0.00026580 0.10511140
v 0.07354331 -0.01457920 0.10511000
v 0.07354331 -0.01457920 0.10503260
v 0.07499289 -0.00026580 0.10503410
v -0.07490581 0.00026530 0.10510980
v -0.07490581 0.00026530 0.10503240
v 0.07366251 0.01398412 0.10511140
v 0.07366251 0.01398412 0.10503410
v -0.07355093 -0.01406200 0.10510820
v -0.07355093 -0.01406200 0.10503080
v 0.06963998 0.02779762 0.10510990
v 0.06963998 0.02779762 0.10503260
v -0.06276005 -0.04087169 0.10510990
v -0.06947433 -0.02793640 0.10510870
v 0.05382990 0.05218062 0.10511130
v 0.06296116 0.04074589 0.10511130
v 0.06296116 0.04074589 0.10503390
v 0.05382990 0.05218062 0.10503390
v -0.05352944 -0.05235671 0.10511000
v -0.06276005 -0.04087169 0.10510990
v -0.06276005 -0.04087169 0.10503260
v -0.05352944 -0.05235671 0.10503260
v 0.04254204 0.06171468 0.10511120
v 0.04254204 0.06171468 0.10503380
v -0.04216367 -0.06186581 0.10511010
v -0.04216367 -0.06186581 0.10503280
v 0.02949035 0.06890604 0.10511110
v 0.02949035 0.06890604 0.10503360
v -0.02905106 -0.06900340 0.10511010
v -0.02905106 -0.06900340 0.10503290
v 0.01518613 0.07339177 0.10511080
v 0.01518613 0.07339177 0.10503350
v -0.01471078 -0.07340240 0.10511020
v -0.01471078 -0.07340240 0.10503290
v -0.01470077 0.07347105 0.10511040
v 0.00023874 0.07489130 0.10511060
v 0.00023874 0.07489130 0.10503330
v -0.01470077 0.07347105 0.10503300
v 0.01515305 -0.07335550 0.10511060
v 0.00023655 -0.07489981 0.10511060
v 0.00023655 -0.07489981 0.10503300
v 0.01515305 -0.07335550 0.10503330
v -0.02898633 0.06907794 0.10511010
v -0.02898633 0.06907794 0.10503260
v 0.02938437 -0.06890190 0.10511040
v 0.02938437 -0.06890190 0.10503300
v -0.04202932 0.06200609 0.10511020
v -0.04202932 0.06200609 0.10503290
v 0.04235327 -0.06179631 0.10511110
v 0.04235327 -0.06179631 0.10503370
v -0.05333942 0.05260465 0.10511010
v -0.05333942 0.05260465 0.10503260
v 0.06941711 -0.02828760 0.10511130
v 0.06273204 -0.04104090 0.10511010
v 0.06273204 -0.04104090 0.10503290
v 0.06941711 -0.02828760 0.10503390
v 0.05358195 -0.05239441 0.10511010
v 0.05358195 -0.05239441 0.10503290
v -0.06254678 0.04122964 0.10510990
v -0.05333942 0.05260465 0.10511010
v -0.05333942 0.05260465 0.10503260
v -0.06254678 0.04122964 0.10503260
v 0.06296116 0.04074589 0.10511130
v 0.06296116 0.04074589 0.10503390
v 0.05358195 -0.05239441 0.10511010
v 0.05358195 -0.05239441 0.10503290
v -0.05341768 0.05268154 0.10485950
v -0.04209101 0.06209675 0.10485980
v -0.04209101 0.06209675 0.08935976
v -0.05341768 0.05268154 0.08935952
v 0.05382990 0.05218062 0.10503390
v 0.06305307 0.04080549 0.10486090
v 0.05390882 0.05225728 0.10486090
v -0.05352944 -0.05235671 0.10503260
v -0.05360794 -0.05243330 0.10485950
v 0.05390882 0.05225728 0.10486090
v 0.04260385 0.06180499 0.10486070
v -0.05360794 -0.05243330 0.10485950
v -0.04222548 -0.06195641 0.10485970
v 0.02953296 0.06900690 0.10486050
v -0.02909374 -0.06910430 0.10485980
v 0.01520818 0.07349912 0.10486040
v -0.01473248 -0.07350971 0.10485980
v 0.00023889 0.07500080 0.10486030
v -0.01472270 0.07357815 0.10485990
v 0.00023670 -0.07500930 0.10486000
v 0.01517498 -0.07346280 0.10486030
v -0.02902895 0.06917897 0.10485950
v -0.07365870 -0.01408260 0.10485780
v 0.02942711 -0.06900270 0.10485990
v 0.04241502 -0.06188680 0.10486060
v -0.04202932 0.06200609 0.10503290
v -0.04209101 0.06209675 0.10485980
v -0.05341768 0.05268154 0.10485950
v 0.06282359 -0.04110090 0.10485980
v 0.06951844 -0.02832900 0.10486090
v 0.04235327 -0.06179631 0.10503370
v 0.04241502 -0.06188680 0.10486060
v 0.05366015 -0.05247100 0.10485980
v -0.06263852 0.04128996 0.10485950
v 0.06974160 0.02783821 0.10485950
v -0.06939435 0.02846394 0.10485910
v 0.07365071 -0.01460060 0.10485950
v -0.07356029 0.01466135 0.10485930
v 0.07510232 -0.00026610 0.10486100
v -0.07501560 0.00026570 0.10485930
v 0.07377004 0.01400456 0.10486100
v -0.07356029 0.01466135 0.08935928
v -0.06939435 0.02846394 0.08935904
v -0.06930243 0.02842638 0.08918595
v -0.07346290 0.01464198 0.08918619
v 0.06282359 -0.04110090 0.08935976
v 0.06951844 -0.02832900 0.08936095
v 0.05366015 -0.05247100 0.10485980
v 0.04241502 -0.06188680 0.08936059
v 0.05366015 -0.05247100 0.08935964
v -0.05341768 0.05268154 0.08935952
v -0.06263852 0.04128996 0.08935940
v 0.06974160 0.02783821 0.08935940
v 0.06305307 0.04080549 0.08936095
v 0.05366015 -0.05247100 0.08935964
v 0.07365071 -0.01460060 0.08935952
v 0.07510232 -0.00026610 0.08936095
v -0.07501560 0.00026570 0.08935928
v 0.07377004 0.01400456 0.08936095
v -0.07365870 -0.01408260 0.08935773
v -0.06957620 -0.02797730 0.08935821
v -0.06285208 -0.04093140 0.08935940
v 0.06305307 0.04080549 0.10486090
v 0.06305307 0.04080549 0.08936095
v 0.05390882 0.05225728 0.08936083
v -0.06285208 -0.04093140 0.10485950
v -0.06285208 -0.04093140 0.08935940
v -0.05360794 -0.05243330 0.08935952
v 0.04260385 0.06180499 0.08936071
v -0.04222548 -0.06195641 0.08935952
v 0.02953296 0.06900690 0.08936047
v -0.02909374 -0.06910430 0.08935976
v 0.01520818 0.07349912 0.08936035
v -0.01473248 -0.07350971 0.08935976
v 0.00023889 0.07500080 0.08936023
v -0.01472270 0.07357815 0.08935987
v 0.00023670 -0.07500930 0.08935999
v 0.01517498 -0.07346280 0.08936023
v -0.02902895 0.06917897 0.08935952
v 0.02942711 -0.06900270 0.08935976
v -0.06276881 -0.04087730 0.08918631
v -0.06948405 -0.02794030 0.08918511
v -0.06948405 -0.02794030 0.08914923
v -0.06276881 -0.04087730 0.08915042
v 0.07355356 -0.01458120 0.08918642
v 0.07500326 -0.00026580 0.08918786
v -0.07491624 0.00026540 0.08918619
v 0.07367277 0.01398603 0.08918786
v -0.07356119 -0.01406400 0.08918464
v 0.06964963 0.02780143 0.08918631
v -0.06957620 -0.02797730 0.08935821
v -0.06948405 -0.02794030 0.08918511
v -0.06276881 -0.04087730 0.08918631
v 0.06296992 0.04075155 0.08918786
v 0.05383735 0.05218801 0.08918774
v -0.05353689 -0.05236401 0.08918642
v 0.04254806 0.06172297 0.08918762
v -0.04216963 -0.06187449 0.08918654
v 0.02949446 0.06891540 0.08918738
v -0.02905488 -0.06901300 0.08918666
v 0.01518791 0.07340196 0.08918726
v -0.01471287 -0.07341260 0.08918666
v 0.00023876 0.07490185 0.08918714
v -0.01470267 0.07348088 0.08918678
v 0.00023657 -0.07491010 0.08918702
v 0.01515477 -0.07336570 0.08918714
v -0.02899003 0.06908754 0.08918642
v 0.02938807 -0.06891151 0.08918678
v -0.04203522 0.06201473 0.08918666
v 0.04235911 -0.06180499 0.08918750
v -0.05334687 0.05261198 0.08918642
v 0.06274074 -0.04104650 0.08918666
v 0.06942677 -0.02829140 0.08918786
v 0.05358940 -0.05240160 0.08918666
v -0.06263852 0.04128996 0.08935940
v -0.06255555 0.04123536 0.08918631
v 0.06974160 0.02783821 0.08935940
v 0.06964963 0.02780143 0.08918631
v 0.06282359 -0.04110090 0.08935976
v 0.06274074 -0.04104650 0.08918666
v -0.06255555 0.04123536 0.08918631
v 0.06296992 0.04075155 0.08915185
v 0.05383735 0.05218801 0.08915185
v -0.06276881 -0.04087730 0.08915042
v -0.05353689 -0.05236401 0.08915054
v 0.04254806 0.06172297 0.08915162
v -0.04216963 -0.06187449 0.08915066
v 0.02949446 0.06891540 0.08915162
v -0.02905488 -0.06901300 0.08915066
v 0.01518791 0.07340196 0.08915138
v -0.01471287 -0.07341260 0.08915078
v 0.00023876 0.07490185 0.08915114
v -0.01470267 0.07348088 0.08915090
v 0.00023657 -0.07491010 0.08915114
v 0.01515477 -0.07336570 0.08915114
v -0.02899003 0.06908754 0.08915066
v -0.07356119 -0.01406400 0.08914875
v 0.02938807 -0.06891151 0.08915090
v -0.04203522 0.06201473 0.08915066
v 0.04235911 -0.06180499 0.08915162
v -0.05334687 0.05261198 0.08915066
v 0.06274074 -0.04104650 0.08915078
v 0.06942677 -0.02829140 0.08915185
v 0.05358940 -0.05240160 0.08915066
v -0.05334687 0.05261198 0.08918642
v -0.05334687 0.05261198 0.08915066
v -0.06255555 0.04123536 0.08915042
v 0.06296992 0.04075155 0.08918786
v 0.06964963 0.02780143 0.08915042
v 0.06296992 0.04075155 0.08915185
v 0.05358940 -0.05240160 0.08918666
v 0.05358940 -0.05240160 0.08915066
v -0.06930243 0.02842638 0.08914995
v 0.07355356 -0.01458120 0.08915054
v -0.07346290 0.01464198 0.08915030
v 0.07500326 -0.00026580 0.08915197
v -0.07491624 0.00026540 0.08915030
v 0.07367277 0.01398603 0.08915197
v 0.04635566 -0.01886200 0.65416068
v 0.04635560 -0.01886200 0.66746050
v 0.04189550 -0.02737001 0.66745961
v 0.04189550 -0.02737001 0.65415978
v -0.03553730 0.03510246 0.65415978
v -0.03553736 0.03510246 0.66745949
v -0.02799201 0.04137436 0.66745961
v -0.02799201 0.04137436 0.65415978
v 0.02830088 -0.04121640 0.65416050
v 0.02830088 -0.04121640 0.66746020
v 0.01964879 -0.04595660 0.66745973
v 0.01964879 -0.04595660 0.65416002
v 0.00020411 -0.04995790 0.65416002
v 0.00020410 -0.04995790 0.66745991
v -0.00976753 -0.04895890 0.66745973
v -0.00976753 -0.04895890 0.65416002
v -0.02799201 0.04137436 0.65415978
v -0.02799201 0.04137436 0.66745961
v -0.01929098 0.04609249 0.66745949
v -0.01929098 0.04609249 0.65415978
v 0.01015514 -0.04892761 0.66746002
v 0.01015514 -0.04892761 0.65416032
v -0.04630088 -0.01862780 0.65415877
v -0.04630088 -0.01862780 0.66745847
v -0.04902040 -0.00937200 0.66745830
v -0.04902040 -0.00937200 0.65415859
v -0.00976097 0.04902259 0.66745991
v -0.00976097 0.04902259 0.65416002
v 0.00020557 0.04997030 0.65416032
v 0.00020556 0.04997030 0.66746002
v 0.01017683 0.04896996 0.66746008
v 0.01017725 0.04896996 0.65416032
v -0.01933383 -0.04602420 0.66745973
v -0.01933377 -0.04602420 0.65415990
v 0.01971966 0.04597727 0.66746020
v 0.01971966 0.04597727 0.65416038
v -0.02808183 -0.04126270 0.66745961
v -0.02808183 -0.04126281 0.65415978
v 0.02842688 0.04117975 0.66746032
v 0.02842688 0.04117975 0.65416050
v -0.03566408 -0.03491890 0.66745949
v -0.03566408 -0.03491890 0.65415978
v 0.03595697 0.03481958 0.66746032
v 0.03595703 0.03481958 0.65416050
v -0.03566408 -0.03491890 0.65415978
v -0.03566408 -0.03491890 0.66745949
v -0.04182165 -0.02725710 0.66745949
v -0.04182159 -0.02725710 0.65415972
v 0.03595703 0.03481958 0.65416050
v 0.03595697 0.03481958 0.66746032
v 0.04204875 0.02719132 0.66746050
v 0.04204875 0.02719132 0.65416068
v 0.04650408 0.01855329 0.65415972
v 0.04650408 0.01855329 0.66745949
v 0.04918766 0.00933806 0.66746050
v 0.04918766 0.00933806 0.65416068
v -0.04992467 0.00018600 0.66745943
v -0.04992461 0.00018600 0.65415961
v 0.05007529 -0.00016820 0.66746050
v 0.05007529 -0.00016820 0.65416068
v -0.04895520 0.00977556 0.66745943
v -0.04895520 0.00977556 0.65415961
v 0.04910790 -0.00971700 0.66745949
v 0.04910796 -0.00971700 0.65415978
v -0.04617995 0.01897011 0.66745931
v -0.04617995 0.01897011 0.65415961
v -0.04167968 0.02751402 0.66745949
v -0.04167968 0.02751402 0.65415978
v 0.03579169 -0.03494410 0.66745961
v 0.03579175 -0.03494410 0.65415978
v 0.02830088 -0.04121640 0.66746020
v 0.02830088 -0.04121640 0.65416050
vn 0.00000189 0.00000402 1.00000000
vn -0.00002908 -0.00003920 1.00000000
vn -0.00002696 -0.00003644 1.00000000
vn -0.00000139 -0.00000274 1.00000000
vn 0.83522953 -0.54790830 0.04677743
vn 0.71292854 -0.69967479 0.04677693
vn 0.71144408 -0.69821977 0.07960197
vn 0.83348228 -0.54678022 0.07961589
vn 0.00005379 0.00004978 1.00000000
vn 0.00000939 0.00000597 1.00000000
vn 0.00000691 0.00000442 1.00000000
vn 0.00005374 0.00004984 1.00000000
vn -0.00000744 -0.00001292 1.00000000
vn -0.00000211 -0.00000235 1.00000000
vn -0.00000198 -0.00000221 1.00000000
vn -0.00000802 -0.00001396 1.00000000
vn 0.00002437 -0.00004334 1.00000000
vn 0.00000147 -0.00000430 1.00000000
vn -0.00000149 0.00000475 1.00000000
vn 0.00002691 -0.00004774 1.00000000
vn 0.00000000 0.00000000 1.00000000
vn 0.00000000 0.00000000 1.00000000
vn -0.00000520 -0.00001537 1.00000000
vn -0.00000478 -0.00001417 1.00000000
vn -0.00000100 -0.00000393 1.00000000
vn 0.00000100 0.00000354 1.00000000
vn 0.00000000 0.00000000 1.00000000
vn 0.00000000 0.00000000 1.00000000
vn -0.00000330 -0.00004454 1.00000000
vn -0.00000355 -0.00004864 1.00000000
vn 0.00000289 -0.00004467 1.00000000
vn 0.00000320 -0.00004870 1.00000000
vn -0.00000744 0.00006191 1.00000000
vn -0.00000688 0.00005668 1.00000000
vn 0.00001000 -0.00003875 1.00000000
vn 0.00000888 -0.00003430 1.00000000
vn -0.00003161 0.00004307 1.00000000
vn -0.00002065 0.00004357 1.00000000
vn -0.00002171 0.00004568 1.00000000
vn -0.00003047 0.00004141 1.00000000
vn -0.00000595 0.00000685 1.00000000
vn -0.00000610 0.00000700 1.00000000
vn -0.00000922 0.00000858 1.00000000
vn -0.00000869 0.00000807 1.00000000
vn -0.00000236 0.00000177 1.00000000
vn -0.00000249 0.00000187 1.00000000
vn -0.00000249 0.00000157 1.00000000
vn -0.00000260 0.00000164 1.00000000
vn 0.00000000 0.00000000 1.00000000
vn 0.00000000 0.00000000 1.00000000
vn -0.00000561 0.00000221 1.00000000
vn -0.00000561 0.00000221 1.00000000
vn -0.00001451 0.00000317 1.00000000
vn -0.00002729 0.00001272 1.00000000
vn -0.00002730 0.00001268 1.00000000
vn -0.00001474 0.00000320 1.00000000
vn -0.00001176 0.00000223 1.00000000
vn -0.00001114 0.00000438 1.00000000
vn -0.00001114 0.00000437 1.00000000
vn -0.00001177 0.00000221 1.00000000
vn -0.00002056 -0.00000444 1.00000000
vn -0.00002396 0.00000003 1.00000000
vn -0.00002396 0.00000001 1.00000000
vn -0.00002049 -0.00000445 1.00000000
vn 0.00000000 0.00000000 1.00000000
vn 0.00000000 0.00000000 1.00000000
vn 0.00000609 0.00000120 1.00000000
vn -0.00001198 -0.00000001 1.00000000
vn -0.00001198 -0.00000002 1.00000000
vn 0.00000585 0.00000116 1.00000000
vn -0.00000568 -0.00000259 1.00000000
vn -0.00000524 -0.00000239 1.00000000
vn -0.00001493 -0.00000591 1.00000000
vn -0.00001368 -0.00000543 1.00000000
vn 0.00000488 0.00000363 1.00000000
vn 0.00000488 0.00000363 1.00000000
vn -0.00000489 -0.00000364 1.00000000
vn -0.00000488 -0.00000364 1.00000000
vn 0.97393079 0.18553361 0.13052241
vn 0.99143396 -0.00389238 0.13055094
vn 0.98398789 -0.00386367 0.17819347
vn 0.96661807 0.18414401 0.17815859
vn -0.92428372 0.37881531 0.04688895
vn -0.83409168 0.54962930 0.04689038
vn -0.83235348 0.54847136 0.07979259
vn -0.92235638 0.37801203 0.07978478
vn 0.97965551 -0.19515964 0.04677384
vn 0.92480396 -0.37755825 0.04676976
vn 0.92288143 -0.37676984 0.07958868
vn 0.97761620 -0.19476152 0.07958964
vn -0.97959350 0.19544285 0.04688998
vn -0.97754221 0.19504730 0.07979837
vn 0.99889762 -0.00390280 0.04677939
vn 0.99681830 -0.00391397 0.07961131
vn -0.99889458 0.00321382 0.04689660
vn -0.99680430 0.00323024 0.07981704
vn 0.98126381 0.18690491 0.04677480
vn 0.97921791 0.18654284 0.07958676
vn -0.98092003 -0.18867292 0.04688744
vn -0.97886621 -0.18829718 0.07978168
vn 0.92772984 0.37030891 0.04678314
vn 0.92579232 0.36955654 0.07960238
vn -0.83669136 -0.54566438 0.04688236
vn -0.92680142 -0.37261395 0.04688257
vn -0.92486067 -0.37184497 0.07977509
vn -0.83494731 -0.54451556 0.07978597
vn 0.78058632 0.62331087 0.04656774
vn 0.83826040 0.54325857 0.04679351
vn 0.83652471 0.54211095 0.07963747
vn 0.77899142 0.62200597 0.07925246
vn -0.77859802 -0.62578709 0.04664366
vn -0.77699955 -0.62447572 0.07938370
vn 0.56606136 0.82303403 0.04679229
vn 0.64453673 0.76315420 0.04656245
vn 0.64319941 0.76158811 0.07923428
vn 0.56487664 0.82132398 0.07963230
vn -0.56202806 -0.82579058 0.04684410
vn -0.64098945 -0.76613222 0.04662560
vn -0.63965268 -0.76455766 0.07934753
vn -0.56084601 -0.82407313 0.07971974
vn 0.39243666 0.91858748 0.04680286
vn 0.39163037 0.91666854 0.07965200
vn -0.38720900 -0.92080184 0.04683120
vn -0.38639643 -0.91888297 0.07969875
vn 0.20034524 0.97860603 0.04681912
vn 0.19993333 0.97656481 0.07967332
vn -0.19722840 -0.97923940 0.04680978
vn -0.19681395 -0.97719959 0.07965692
vn -0.19508766 0.97966681 0.04683737
vn 0.00258645 0.99890098 0.04679889
vn 0.00258379 0.99682005 0.07964367
vn -0.19467927 0.97762283 0.07970935
vn 0.20160822 -0.97834739 0.04680296
vn 0.00165766 -0.99890210 0.04681709
vn 0.00164901 -0.99681961 0.07967398
vn 0.20118951 -0.97630899 0.07964635
vn -0.38676085 0.92098947 0.04684477
vn -0.38596201 0.91906368 0.07971995
vn 0.39106582 -0.91917276 0.04678631
vn 0.39025390 -0.91725850 0.07961619
vn -0.47612497 0.87814102 0.04661936
vn -0.47513589 0.87632736 0.07934882
vn 0.47997830 -0.87604443 0.04655094
vn 0.47898319 -0.87424213 0.07921990
vn -0.71091409 0.70171467 0.04687944
vn -0.63855608 0.76816060 0.04664151
vn -0.63721875 0.76658368 0.07938339
vn -0.70942640 0.70024911 0.07978325
vn 0.64129381 -0.76588174 0.04655541
vn 0.63998305 -0.76429469 0.07921694
vn 0.55563626 0.80788567 0.19644106
vn 0.63278370 0.74922690 0.19556033
vn 0.64215219 0.76032936 0.09767203
vn 0.56393873 0.81996897 0.09810199
vn -0.97355528 -0.18727529 0.13083606
vn -0.99139327 0.00319166 0.13087853
vn -0.98391031 0.00316743 0.17863503
vn -0.96621006 -0.18587186 0.17857705
vn 0.92079808 0.36754275 0.13054967
vn 0.91388063 0.36479374 0.17817890
vn -0.83041938 -0.54155933 0.13083249
vn -0.91984845 -0.36981698 0.13082138
vn -0.91290923 -0.36703652 0.17855232
vn -0.82416050 -0.53746800 0.17857104
vn 0.77480390 0.61869978 0.12995962
vn 0.83200109 0.53918485 0.13059055
vn 0.82575504 0.53512473 0.17824180
vn 0.76904404 0.61408408 0.17740350
vn -0.77282403 -0.62112583 0.13017573
vn -0.76705037 -0.61649103 0.17768660
vn 0.56182614 0.81688280 0.13059049
vn 0.63978114 0.75748964 0.12995977
vn 0.63501115 0.75186271 0.17737898
vn 0.55759629 0.81075368 0.17822694
vn -0.55781548 -0.81960417 0.13073216
vn -0.63622912 -0.76044658 0.13012882
vn -0.63149041 -0.75476608 0.17761762
vn -0.55361969 -0.81343054 0.17842643
vn 0.38950167 0.91171722 0.13061452
vn 0.38657010 0.90486621 0.17827141
vn -0.38429722 -0.91391148 0.13069602
vn -0.38140901 -0.90703247 0.17837955
vn 0.19885688 0.97128025 0.13065456
vn 0.19736625 0.96397438 0.17832544
vn -0.19574678 -0.97191460 0.13063385
vn -0.19427789 -0.96460639 0.17829923
vn -0.19363268 0.97232726 0.13071372
vn 0.00256624 0.99143162 0.13060155
vn 0.00254753 0.98398107 0.17825480
vn -0.19216333 0.96500930 0.17841051
vn 0.20010805 -0.97102908 0.13061124
vn 0.00163789 -0.99142591 0.13065979
vn 0.00162944 -0.98397011 0.17832603
vn 0.19859931 -0.96373123 0.17827065
vn -0.38384641 0.91409391 0.13074498
vn -0.38095737 0.90721060 0.17843881
vn 0.38814603 -0.91230196 0.13056719
vn 0.38522991 -0.90544928 0.17821202
vn -0.47257293 0.87163001 0.13013821
vn -0.46906389 0.86512039 0.17761131
vn 0.47642181 -0.86956443 0.12992290
vn 0.47288120 -0.86309394 0.17734778
vn -0.70558808 0.69644290 0.13081569
vn -0.63379400 0.76246906 0.13017714
vn -0.62908885 0.75675762 0.17766578
vn -0.70027518 0.69118692 0.17853659
vn 0.91791032 -0.37471272 0.13050296
vn 0.82898018 -0.54382526 0.13056013
vn 0.82276657 -0.53972697 0.17818522
vn 0.91101470 -0.37191223 0.17813900
vn 0.70758961 -0.69445914 0.13055055
vn 0.63655448 -0.76020940 0.12992329
vn 0.63180803 -0.75456201 0.17735497
vn 0.70227928 -0.68924207 0.17818301
vn -0.82783997 0.54549264 0.13083868
vn -0.82159301 0.54138220 0.17857839
vn -0.91735293 0.37596177 0.13082944
vn -0.91042823 0.37313982 0.17856964
vn 0.97233578 -0.19371836 0.13052327
vn 0.96503275 -0.19227394 0.17816434
vn -0.97223650 0.19399153 0.13085670
vn -0.96489896 0.19253698 0.17860432
vn -0.19529585 0.98074438 -0.00001537
vn 0.00258877 0.99999665 -0.00000063
vn 0.00258822 0.99999665 0.00000085
vn -0.19529536 0.98074447 0.00000193
vn -0.55166422 -0.81055815 0.19662674
vn -0.62928453 -0.75213536 0.19568694
vn -0.63862758 -0.76329236 0.09767084
vn -0.55994474 -0.82269165 0.09818522
vn 0.38521202 0.90167238 0.19646529
vn 0.39096775 0.91516167 0.09809864
vn -0.38006187 -0.90382649 0.19659770
vn -0.38576624 -0.91735824 0.09817467
vn 0.19665907 0.96057273 0.19653306
vn 0.19960946 0.97494929 0.09813229
vn -0.19359941 -0.96119641 0.19652157
vn -0.19648650 -0.97558209 0.09814604
vn -0.19147767 0.96159433 0.19665361
vn 0.00253687 0.98049749 0.19651523
vn 0.00257055 0.99516586 0.09817482
vn -0.19437583 0.97600045 0.09818941
vn 0.19789681 -0.96033304 0.19646198
vn 0.00162222 -0.98049853 0.19651970
vn 0.00164840 -0.99517369 0.09811525
vn 0.20084785 -0.97469834 0.09809838
vn -0.37961821 0.90399212 0.19669331
vn -0.38531675 0.91754008 0.09824055
vn -0.90967871 -0.36573410 0.19678214
vn -0.96278737 -0.18520248 0.19682615
vn -0.97724193 -0.18797164 0.09831007
vn -0.92332738 -0.37122621 0.09827337
vn 0.38386773 -0.90226178 0.19639057
vn 0.38960313 -0.91574751 0.09806074
vn -0.46743265 0.86208523 0.19574414
vn -0.47437917 0.87487883 0.09773150
vn 0.47122606 -0.86008577 0.19544428
vn 0.47820420 -0.87281031 0.09758533
vn -0.69778998 0.68874740 0.19676422
vn -0.62687722 0.75411308 0.19580197
vn -0.63618405 0.76531807 0.09776561
vn -0.70826309 0.69907699 0.09825863
vn 0.90779623 -0.37060584 0.19636020
vn 0.81983726 -0.53783382 0.19647299
vn 0.83210120 -0.54586842 0.09815933
vn 0.92135727 -0.37613734 0.09808917
vn 0.69980906 -0.68680110 0.19639635
vn 0.62962504 -0.75191605 0.19543429
vn 0.63893298 -0.76304865 0.09757767
vn 0.71026098 -0.69706962 0.09809837
vn -0.81866889 0.53946875 0.19686219
vn -0.83096498 0.54756463 0.09833705
vn 0.82282905 0.53325166 0.19645616
vn 0.91065424 0.36350433 0.19640128
vn 0.92426235 0.36893950 0.09809564
vn 0.83513142 0.54122795 0.09812147
vn -0.90720195 0.37181685 0.19681681
vn -0.92082162 0.37739113 0.09830303
vn 0.96163380 -0.19158223 0.19635858
vn 0.97599944 -0.19444082 0.09807069
vn -0.96148287 0.19184194 0.19684348
vn -0.97591920 0.19471782 0.09831930
vn 0.98051769 -0.00385335 0.19639298
vn 0.99517002 -0.00390501 0.09808868
vn -0.98042215 0.00315877 0.19688176
vn -0.99514814 0.00321160 0.09833543
vn 0.96321175 0.18348912 0.19635395
vn 0.97760028 0.18622085 0.09807895
vn -0.82123870 -0.53557159 0.19679958
vn -0.83356719 -0.54360626 0.09827499
vn 0.76633868 0.61193994 0.19558765
vn 0.77769745 0.62099858 0.09771101
vn -0.76437000 -0.61433922 0.19576980
vn -0.77571548 -0.62347150 0.09771794
vn 0.00000718 0.00000725 -1.00000000
vn 0.00000001 0.00000001 -1.00000000
vn 0.00000003 0.00000002 -1.00000000
vn 0.00000718 0.00000726 -1.00000000
vn 0.20057964 0.97967740 0.00000000
vn 0.20057858 0.97967762 0.00000000
vn 0.20182966 -0.97942064 0.00000000
vn 0.00165953 -0.99999862 0.00000000
vn 0.00165866 -0.99999862 0.00000000
vn 0.20183009 -0.97942055 0.00000000
vn -0.38718405 0.92200245 0.00000041
vn -0.38718586 0.92200169 0.00000000
vn -0.92781530 -0.37303990 0.00000000
vn -0.98199799 -0.18889136 0.00000000
vn -0.98199755 -0.18889366 0.00000000
vn -0.92781664 -0.37303656 0.00000000
vn 0.39149586 -0.92017987 0.00000000
vn 0.39149488 -0.92018029 0.00000000
vn -0.47666276 0.87908624 0.00000000
vn -0.47666276 0.87908624 0.00000000
vn -0.19743766 -0.98031544 0.00000000
vn -0.19743869 -0.98031524 0.00000000
vn 0.48050161 -0.87699385 0.00000000
vn 0.48050161 -0.87699385 0.00000000
vn -0.71169656 0.70248701 0.00000000
vn -0.63924363 0.76900428 0.00000000
vn -0.63924363 0.76900428 0.00000000
vn -0.71169701 0.70248656 0.00000000
vn 0.92582228 -0.37795914 0.00000000
vn 0.83614231 -0.54851256 0.00000000
vn 0.83614089 -0.54851473 0.00000000
vn 0.92582236 -0.37795892 0.00000000
vn 0.71369714 -0.70045442 0.00000000
vn 0.64198732 -0.76671525 0.00000000
vn 0.64198732 -0.76671525 0.00000000
vn 0.71369862 -0.70045291 0.00000000
vn -0.83500874 0.55023668 0.00000000
vn -0.83500957 0.55023542 0.00000000
vn 0.83918104 0.54385216 0.00000000
vn 0.92874282 0.37072465 0.00000000
vn 0.92874273 0.37072488 0.00000000
vn 0.83918269 0.54384962 0.00000000
vn -0.92530172 0.37923177 0.00000000
vn -0.92530179 0.37923158 0.00000000
vn 0.98072658 -0.19538521 0.00000000
vn 0.98072654 -0.19538539 0.00000000
vn -0.98067005 0.19566875 0.00000000
vn -0.98066988 0.19566959 0.00000000
vn 0.99999232 -0.00391940 0.00000000
vn 0.99999231 -0.00392242 0.00000000
vn -0.99999478 0.00323260 0.00000000
vn -0.99999479 0.00322914 0.00000000
vn 0.98233735 0.18711848 0.00000000
vn 0.98233676 0.18712158 0.00000000
vn -0.83761080 -0.54626747 0.00000000
vn -0.83761234 -0.54626511 0.00000000
vn 0.78143757 0.62398343 0.00000000
vn 0.78143757 0.62398343 0.00000000
vn -0.77944579 -0.62646969 0.00000000
vn -0.77944579 -0.62646969 0.00000000
vn 0.56667422 0.82394194 0.00000000
vn 0.64523303 0.76398582 0.00000000
vn 0.64523303 0.76398582 0.00000000
vn 0.56667387 0.82394218 0.00000000
vn -0.56265303 -0.82669315 0.00000000
vn -0.64170006 -0.76695569 0.00000000
vn -0.64170006 -0.76695569 0.00000000
vn -0.56265322 -0.82669303 0.00000000
vn 0.39287034 0.91959388 0.00000000
vn 0.39286957 0.91959421 0.00000000
vn -0.38762683 -0.92181638 0.00000000
vn -0.38762703 -0.92181630 0.00000000
vn -0.00000143 -0.00000358 -1.00000000
vn 0.00002293 0.00003497 -1.00000000
vn 0.00002289 0.00003497 -1.00000000
vn -0.00000143 -0.00000358 -1.00000000
vn -0.00002406 -0.00002441 -1.00000000
vn -0.00000853 -0.00000581 -1.00000000
vn -0.00000870 -0.00000593 -1.00000000
vn -0.00002400 -0.00002438 -1.00000000
vn 0.00001331 0.00002024 -1.00000000
vn 0.00001329 0.00002023 -1.00000000
vn -0.00002623 0.00004056 -1.00000000
vn 0.00000146 -0.00000377 -1.00000000
vn 0.00000147 -0.00000377 -1.00000000
vn -0.00002626 0.00004054 -1.00000000
vn 0.00000126 0.00000304 -1.00000000
vn 0.00000126 0.00000306 -1.00000000
vn 0.00000057 0.00000303 -1.00000000
vn 0.00000058 0.00000307 -1.00000000
vn -0.00000274 -0.00001376 -1.00000000
vn -0.00000274 -0.00001378 -1.00000000
vn 0.00000022 0.00004890 -1.00000000
vn 0.00000018 0.00004892 -1.00000000
vn 0.00000020 0.00005585 -1.00000000
vn 0.00000017 0.00005587 -1.00000000
vn 0.00000974 -0.00005129 -1.00000000
vn 0.00000978 -0.00005132 -1.00000000
vn -0.00000722 0.00003795 -1.00000000
vn -0.00000723 0.00003786 -1.00000000
vn 0.00004490 -0.00006943 -1.00000000
vn 0.00002183 -0.00005442 -1.00000000
vn 0.00002187 -0.00005442 -1.00000000
vn 0.00004495 -0.00006940 -1.00000000
vn 0.00000000 0.00000000 -1.00000000
vn 0.00000000 0.00000000 -1.00000000
vn 0.00000479 -0.00000488 -1.00000000
vn 0.00000359 -0.00000554 -1.00000000
vn 0.00000359 -0.00000554 -1.00000000
vn 0.00000479 -0.00000487 -1.00000000
vn 0.00000560 -0.00000388 -1.00000000
vn 0.00000494 -0.00000508 -1.00000000
vn 0.00000494 -0.00000508 -1.00000000
vn 0.00000560 -0.00000387 -1.00000000
vn 0.00000292 -0.00000200 -1.00000000
vn 0.00000291 -0.00000199 -1.00000000
vn 0.00001218 -0.00000521 -1.00000000
vn 0.00001218 -0.00000520 -1.00000000
vn 0.00000298 -0.00000126 -1.00000000
vn 0.00000299 -0.00000126 -1.00000000
vn 0.00001957 -0.00000403 -1.00000000
vn 0.00001958 -0.00000401 -1.00000000
vn 0.00001638 -0.00000325 -1.00000000
vn 0.00001635 -0.00000323 -1.00000000
vn 0.00001321 0.00000270 -1.00000000
vn 0.00001345 -0.00000002 -1.00000000
vn 0.00001345 -0.00000001 -1.00000000
vn 0.00001321 0.00000271 -1.00000000
vn 0.00001317 -0.00000270 -1.00000000
vn 0.00001317 -0.00000269 -1.00000000
vn 0.00000000 0.00000000 -1.00000000
vn 0.00001346 0.00000001 -1.00000000
vn 0.00001346 0.00000002 -1.00000000
vn 0.00000000 0.00000000 -1.00000000
vn 0.00000622 0.00000260 -1.00000000
vn 0.00001960 0.00000402 -1.00000000
vn 0.00001960 0.00000403 -1.00000000
vn 0.00000622 0.00000261 -1.00000000
vn 0.00001563 0.00000664 -1.00000000
vn -0.00001327 -0.00000272 -1.00000000
vn -0.00001327 -0.00000272 -1.00000000
vn 0.00001565 0.00000666 -1.00000000
vn 0.83892038 0.54367286 0.02514778
vn 0.92844915 0.37060777 0.02514086
vn 0.92851166 0.37065142 0.02199131
vn 0.83898269 0.54371324 0.02199917
vn 0.92856032 0.37064278 0.01999165
vn 0.83901022 0.54374813 0.01999566
vn -0.83474862 0.55005431 0.02519913
vn -0.71146442 0.70227034 0.02519427
vn -0.71152697 0.70231308 0.02203891
vn -0.83480562 0.55010333 0.02204332
vn -0.71157379 0.70232575 0.02003189
vn -0.83484467 0.55012081 0.02003704
vn 0.71348320 -0.70022115 0.02514097
vn 0.64178693 -0.76647474 0.02502021
vn 0.64183654 -0.76652913 0.02188513
vn 0.71354063 -0.70026865 0.02199063
vn 0.64186041 -0.76656336 0.01989533
vn 0.71356046 -0.70030839 0.01999090
vn 0.92552262 -0.37785732 0.02513427
vn 0.83587830 -0.54833870 0.02514223
vn 0.83595188 -0.54836194 0.02199166
vn 0.92559258 -0.37788219 0.02198675
vn 0.83597844 -0.54839797 0.01999301
vn 0.92563062 -0.37789997 0.01998893
vn -0.63904267 0.76876267 0.02506844
vn -0.63909934 0.76881153 0.02192874
vn -0.63912958 0.76884072 0.01993309
vn 0.48034812 -0.87672101 0.02501921
vn 0.39137519 -0.91988761 0.02514431
vn 0.39139611 -0.91995941 0.02199482
vn 0.48037464 -0.87679030 0.02188552
vn 0.39142011 -0.91999488 0.01999289
vn 0.48040349 -0.87682196 0.01989334
vn 0.00165929 -0.99968205 0.02516036
vn -0.19737981 -0.98000425 0.02515702
vn -0.19739370 -0.98007727 0.02200596
vn 0.00165715 -0.99975640 0.02200879
vn -0.19739354 -0.98012022 0.02000367
vn 0.00165731 -0.99979846 0.02000716
vn -0.47650114 0.87881672 0.02505649
vn -0.38706706 0.92170778 0.02517653
vn -0.38708557 0.92178073 0.02202369
vn -0.47651236 0.87889448 0.02191920
vn -0.38709311 0.92182322 0.02002209
vn -0.47651933 0.87893814 0.01992661
vn 0.20177158 -0.97910959 0.02515233
vn 0.20177733 -0.97918426 0.02200210
vn 0.20178760 -0.97922508 0.02000028
vn -0.92751445 -0.37293730 0.02519342
vn -0.98168990 -0.18881200 0.02519843
vn -0.98175673 -0.18885948 0.02204113
vn -0.92759004 -0.37294899 0.02204017
vn -0.98180291 -0.18884251 0.02003859
vn -0.92762948 -0.37296397 0.02003549
vn -0.19525076 0.98043027 0.02517196
vn -0.19527020 0.98050228 0.02201875
vn -0.19526010 0.98054719 0.02001731
vn 0.00259543 0.99968029 0.02515127
vn 0.20051140 0.97936822 0.02516073
vn 0.20052318 0.97944172 0.02200837
vn 0.00258758 0.99975461 0.02200049
vn 0.20053636 0.97948196 0.02000646
vn 0.00259003 0.99979665 0.01999861
vn -0.38750258 -0.92152501 0.02516756
vn -0.38754391 -0.92158831 0.02201610
vn -0.38754964 -0.92163158 0.02001271
vn 0.39274284 0.91930426 0.02515437
vn 0.39276349 0.91937627 0.02200258
vn 0.39277719 0.91941616 0.02000023
vn -0.56247280 -0.82643241 0.02517580
vn -0.56250449 -0.82650090 0.02202201
vn -0.56253015 -0.82653438 0.02001885
vn 0.56651338 0.82366872 0.02514827
vn 0.56655341 0.82373133 0.02199811
vn 0.56656478 0.82377457 0.01999497
vn -0.64150432 -0.76671002 0.02505909
vn -0.64151537 -0.76679699 0.02191800
vn -0.64155197 -0.76682076 0.01992457
vn 0.64504213 0.76373716 0.02502393
vn 0.64509992 0.76378461 0.02188976
vn 0.64513964 0.76380556 0.01989739
vn -0.77921231 -0.62625849 0.02506937
vn -0.83733784 -0.54610486 0.02519565
vn -0.83741949 -0.54611604 0.02204226
vn -0.77928744 -0.62628276 0.02193130
vn -0.83744915 -0.54614786 0.02003592
vn -0.77930566 -0.62632685 0.01993403
vn 0.78118428 0.62379876 0.02502471
vn 0.78126066 0.62382086 0.02189305
vn 0.78127315 0.62387205 0.01989812
vn 0.98202709 0.18705838 0.02513865
vn 0.98209647 0.18709096 0.02198869
vn 0.98214055 0.18708389 0.01998869
vn -0.99967692 0.00325089 0.02520879
vn -0.99975172 0.00321454 0.02204898
vn -0.99979390 0.00323132 0.02004287
vn 0.99967619 -0.00391661 0.02514325
vn 0.99975041 -0.00392214 0.02199397
vn 0.99979253 -0.00390908 0.01999019
vn -0.98035876 0.19560534 0.02520406
vn -0.98043160 0.19562163 0.02204658
vn -0.98047565 0.19561705 0.02003655
vn 0.98042058 -0.19530407 0.02513585
vn 0.98048577 -0.19535640 0.02198947
vn 0.98052770 -0.19536096 0.01998801
vn -0.92501403 0.37909637 0.02519879
vn -0.92507642 0.37914078 0.02204266
vn -0.92511218 0.37916489 0.02003590
vn 0.92836492 0.37058845 0.02833334
vn 0.83884297 0.54363499 0.02834556
vn -0.71141949 0.70219382 0.02839276
vn -0.83467726 0.55000662 0.02840058
vn 0.64175065 -0.76639485 0.02819654
vn 0.71341516 -0.70016845 0.02833645
vn 0.83580456 -0.54829533 0.02833679
vn 0.92545510 -0.37779690 0.02832588
vn -0.63901615 0.76867452 0.02824619
vn 0.39132814 -0.91981468 0.02834144
vn 0.48029281 -0.87665475 0.02820049
vn -0.19736137 -0.97992068 0.02835404
vn 0.00166152 -0.99959644 0.02835829
vn -0.38702557 0.92163234 0.02837319
vn -0.47644684 0.87874973 0.02823683
vn 0.20175053 -0.97902658 0.02834925
vn -0.98160173 -0.18881679 0.02839493
vn -0.92744200 -0.37288751 0.02839447
vn -0.19520839 0.98035134 0.02837133
vn 0.20048674 0.97928590 0.02835834
vn 0.00260300 0.99959471 0.02834839
vn -0.38746931 -0.92144612 0.02836519
vn 0.39270544 0.91922725 0.02834964
vn -0.56241585 -0.82636761 0.02837215
vn 0.56645562 0.82360478 0.02834063
vn -0.64143331 -0.76665887 0.02823978
vn 0.64500714 0.76365589 0.02820397
vn -0.83727825 -0.54603909 0.02839794
vn -0.77914474 -0.62620699 0.02825362
vn 0.78112338 0.62373917 0.02820830
vn 0.98194075 0.18705621 0.02832559
vn -0.99959113 0.00324305 0.02840865
vn 0.99959073 -0.00393096 0.02833588
vn -0.98027134 0.19560447 0.02840752
vn 0.98033309 -0.19530574 0.02833206
vn -0.92493351 0.37906660 0.02839912
vn -0.24291410 -0.96860725 -0.05284625
vn -0.09109407 -0.99312468 -0.07352039
vn -0.02059246 -0.99923287 0.03331109
vn -0.14989181 -0.98832834 0.02719431
vn 0.29177950 -0.95447781 0.06194225
vn 0.18546970 -0.98143024 0.04894568
vn 0.28747025 -0.95406275 -0.08441046
vn 0.45608687 -0.88844794 -0.05142983
vn 0.37701873 -0.92168806 0.09136732
vn 0.51567530 -0.85660087 0.01771821
vn 0.42442760 -0.89383752 0.14462263
vn 0.50366580 -0.84795101 0.16522663
vn -0.27580588 -0.96011758 0.04588412
vn -0.38720264 -0.91982054 -0.06327954
vn -0.37296839 -0.92439037 0.07998139
vn -0.46538341 -0.88483909 -0.02186471
vn -0.42177283 -0.89686742 0.13317852
vn -0.47561598 -0.87102317 0.12291493
vn -0.50921390 -0.83982676 0.18812819
vn -0.42879302 -0.87326159 0.23141032
vn 0.40462606 -0.89237727 0.19985134
vn 0.51114366 -0.83560058 0.20125561
vn 0.09226763 -0.99214565 -0.08446119
vn 0.08243574 -0.99564881 0.04344879
vn -0.31914905 -0.90907158 0.26782971
vn -0.44504440 -0.85299240 0.27265261
vn -0.18233242 -0.93107721 0.31599070
vn -0.20685562 -0.87787813 0.43190363
vn 0.01631945 -0.94038694 0.33971470
vn 0.01713722 -0.88661891 0.46218310
vn -0.54615246 -0.80370990 0.23615226
vn -0.39837591 -0.81575732 0.41932878
vn -0.21917641 -0.78454894 0.58003850
vn 0.01207491 -0.79701067 0.60384451
vn -0.73916848 -0.61214500 0.28090647
vn -0.80882035 -0.56900459 0.14847027
vn -0.59255428 -0.69357502 0.40967440
vn -0.54173091 -0.62874180 0.55786322
vn -0.35054113 -0.75986018 0.54747915
vn -0.20413371 -0.72455196 0.65829620
vn 0.01408654 -0.73327702 0.67978407
vn -0.73655519 -0.54313100 0.40310689
vn -0.47333087 -0.54593352 0.69131359
vn -0.33744987 -0.57809591 0.74292173
vn -0.32053437 -0.48326763 0.81468406
vn -0.09192011 -0.51465446 0.85245615
vn -0.09347166 -0.58352125 0.80670069
vn 0.00052077 -0.58743486 0.80927129
vn 0.00425536 -0.51936530 0.85454173
vn -0.72149192 -0.45520835 0.52176122
vn -0.46595574 -0.41845067 0.77960521
vn -0.30432951 -0.40817390 0.86068439
vn -0.16095372 -0.36149721 0.91837556
vn 0.00282340 -0.38348277 0.92354372
vn -0.67550970 -0.35756318 0.64485287
vn -0.49077502 -0.26255678 0.83078506
vn -0.28819759 -0.35397107 0.88974526
vn -0.30586608 -0.40290818 0.86261865
vn -0.16823430 -0.27211436 0.94744445
vn 0.00231565 -0.27594811 0.96116974
vn -0.63257753 -0.25054936 0.73285107
vn -0.47786174 -0.20764533 0.85354061
vn -0.32336990 -0.22940966 0.91804309
vn -0.14474370 -0.19806430 0.96944303
vn 0.00480863 -0.19613957 0.98056420
vn -0.37698827 -0.33611139 0.86308110
vn -0.37631071 -0.38055062 0.84473160
vn -0.28664023 -0.16310570 0.94405186
vn -0.12258690 -0.14234359 0.98219690
vn 0.00401851 -0.13979967 0.99017165
vn -0.30135061 -0.27191120 0.91392128
vn -0.21920379 -0.13683655 0.96603595
vn -0.09687108 -0.10124725 0.99013382
vn -0.00271540 -0.09685512 0.99529479
vn -0.25365953 -0.18903721 0.94864207
vn -0.27665527 -0.05642137 0.95931147
vn -0.19629340 -0.00286424 0.98054102
vn -0.00708341 0.00755780 0.99994635
vn 0.25747956 -0.33220434 0.90738336
vn -0.24031530 -0.52622028 0.81568424
vn 0.27129527 -0.05486435 0.96093120
vn 0.22474761 -0.14743239 0.96319894
vn 0.21056576 0.01918679 0.97739139
vn 0.09743857 -0.10736292 0.98943364
vn 0.20722428 -0.45883559 0.86401852
vn 0.32729354 -0.13934375 0.93459203
vn 0.13914302 -0.13334556 0.98125337
vn 0.19775866 -0.58154892 0.78910859
vn 0.37155883 -0.19715051 0.90723520
vn 0.16255132 -0.18456320 0.96928504
vn 0.36473637 -0.43237468 0.82463296
vn 0.38730546 -0.26789842 0.88217057
vn 0.18537913 -0.25490524 0.94902998
vn 0.64216133 -0.47425309 0.60225645
vn 0.61144242 -0.40895808 0.67741528
vn 0.56430569 -0.30822301 0.76587053
vn 0.61195152 -0.27201991 0.74264427
vn 0.26574906 -0.45071678 0.85219236
vn 0.20851451 -0.35218200 0.91240864
vn 0.68236493 -0.54043965 0.49224291
vn 0.63973770 -0.38595850 0.66465910
vn 0.29506874 -0.56692404 0.76911090
vn 0.23061676 -0.47607699 0.84862631
vn 0.70903317 -0.59559116 0.37754885
vn 0.64961219 -0.51557942 0.55873236
vn 0.32363562 -0.58677796 0.74226115
vn 0.25558968 -0.54343293 0.79959650
vn 0.71777709 -0.64288442 0.26738676
vn 0.63313391 -0.64140530 0.43329054
vn 0.32384357 -0.79836606 0.50767802
vn 0.30803549 -0.75028279 0.58496998
vn 0.23873639 -0.70782440 0.66482295
vn 0.25329104 -0.75818376 0.60083362
vn 0.78858424 -0.59766176 0.14469043
vn 0.61828129 -0.70337713 0.35069767
vn 0.39686647 -0.85616415 0.33087756
vn 0.24497886 -0.85784552 0.45175926
vn 0.30098510 -0.91369639 0.27306935
vn 0.17771670 -0.93099094 0.31886149
vn -0.09138144 -0.93066775 -0.35426962
vn -0.33385207 -0.88701941 -0.31896608
vn -0.35190194 -0.81669526 -0.45735530
vn -0.06274825 -0.86147049 -0.50391592
vn -0.47825248 -0.83412403 -0.27479387
vn -0.48489723 -0.74467820 -0.45861646
vn -0.69264167 -0.63766754 -0.33708697
vn -0.74049434 -0.62917707 -0.23622943
vn -0.78229590 -0.55237195 -0.28792074
vn -0.69119995 -0.65352396 -0.30846243
vn -0.82508397 -0.55399511 -0.11102192
vn -0.89634049 -0.41398780 -0.15870675
vn -0.88634129 -0.46301359 -0.00418827
vn -0.93264520 -0.35879246 -0.03795905
vn -0.91316935 -0.40002505 0.07811332
vn -0.95211474 -0.30142730 0.05117716
vn -0.92590459 -0.33884234 0.16699266
vn -0.96423951 -0.23112027 0.12971344
vn -0.92310540 -0.26038953 0.28297298
vn -0.96199555 -0.14840302 0.22921845
vn -0.89787532 -0.16652378 0.40754109
vn -0.93000392 -0.05041319 0.36407585
vn -0.85004862 -0.08346145 0.52004955
vn -0.88765994 0.02030373 0.46005173
vn -0.79388299 -0.00954756 0.60799559
vn -0.83159305 0.07324740 0.55053412
vn -0.73440687 0.04587331 0.67715743
vn -0.77428111 0.12397353 0.62057984
vn -0.67202434 0.08628534 0.73548496
vn -0.72535269 0.18259577 0.66371851
vn -0.67188483 0.17263576 0.72025528
vn -0.68511223 0.24475481 0.68608769
vn -0.66571858 0.26019479 0.69936932
vn -0.66508194 0.25990209 0.70008351
vn -0.37597463 0.09795988 0.92143743
vn -0.35035790 0.26322315 0.89886757
vn -0.32613021 0.40795756 0.85276592
vn -0.46689898 0.31106650 0.82779404
vn -0.04552286 0.30456850 0.95140196
vn -0.07202682 0.48014785 0.87422548
vn 0.24846155 0.27720946 0.92812810
vn 0.20745414 0.46730333 0.85941281
vn 0.46587015 0.17191042 0.86799298
vn 0.47817958 0.34658195 0.80698528
vn 0.57050905 0.12625990 0.81152811
vn 0.64910370 0.26767897 0.71204800
vn 0.84606551 -0.06319965 0.52931934
vn 0.88761164 -0.13959611 0.43892880
vn 0.92981475 -0.04222534 0.36559752
vn 0.87993562 0.02667091 0.47434373
vn 0.91306679 -0.21653332 0.34557541
vn 0.95503758 -0.09844133 0.27966503
vn 0.92565816 -0.29016918 0.24281437
vn 0.96888730 -0.16470169 0.18474513
vn 0.76502223 0.08260084 0.63868466
vn 0.78866459 0.00577962 0.61479652
vn 0.81243827 0.09019670 0.57602831
vn 0.76072748 0.13922035 0.63396482
vn 0.74887148 0.17436834 0.63936467
vn 0.74945841 0.18837390 0.63468683
vn 0.59313067 0.04131208 0.80404560
vn 0.70413105 0.21157705 0.67781607
vn 0.16227055 -0.92422409 -0.34565605
vn 0.20540530 -0.84883359 -0.48712442
vn 0.39910762 -0.86030226 -0.31716418
vn 0.44649123 -0.77867688 -0.44080368
vn 0.54758415 -0.80044252 -0.24381011
vn 0.57901792 -0.69260893 -0.43015243
vn 0.80873356 -0.55757926 -0.18723089
vn 0.73316006 -0.60316252 -0.31411989
vn 0.74618241 -0.58153523 -0.32408114
vn 0.84108652 -0.47025165 -0.26727673
vn 0.86493778 -0.49906329 -0.05308935
vn 0.91486684 -0.38719052 -0.11446471
vn 0.90574016 -0.42127376 0.04650997
vn 0.94932552 -0.31429170 -0.00133908
vn 0.92279208 -0.35837963 0.14148786
vn 0.96692376 -0.23821344 0.09117454
vn -0.21365279 -0.96524189 0.15053432
vn -0.24158958 -0.96170223 0.12947316
vn -0.21666259 -0.96962632 0.11349947
vn 0.32181704 -0.94672745 0.01187130
vn 0.33302283 -0.94286903 0.00968416
vn 0.22782223 -0.97294732 -0.03834761
vn 0.21451416 -0.97644264 -0.02331184
vn 0.08408107 -0.99457595 -0.06122955
vn 0.08495150 -0.99562637 -0.03887628
vn -0.07701713 -0.99547567 -0.05564666
vn -0.05126952 -0.99809597 -0.03429104
vn 0.39353687 -0.91695943 0.06568203
vn 0.39433332 -0.91631363 0.06978945
vn 0.41078078 -0.90111275 0.13876224
vn 0.41088408 -0.89926381 0.14999626
vn 0.36783164 -0.90377194 0.21885192
vn 0.36626989 -0.90041967 0.23471425
vn 0.27823120 -0.91551192 0.29056036
vn 0.27078272 -0.90988259 0.31430940
vn 0.14769571 -0.92857833 0.34048241
vn 0.12847356 -0.92524338 0.35695831
vn -0.00847352 -0.92975015 0.36809355
vn -0.02417360 -0.92308188 0.38384304
vn -0.16716604 -0.92426398 0.34320784
vn -0.16227441 -0.92048842 0.35548290
vn -0.29407832 -0.91211623 0.28559049
vn -0.28693828 -0.90943752 0.30098142
vn -0.38173904 -0.89951766 0.21246947
vn -0.37662415 -0.89888953 0.22394610
vn -0.41327537 -0.90121633 0.13043232
vn -0.41294454 -0.90037041 0.13714930
vn -0.38208431 -0.92239884 0.05649752
vn -0.38359130 -0.92146778 0.06127679
vn -0.29162644 -0.95647459 0.01050626
vn -0.32557291 -0.94550254 -0.00521871
vn -0.17160716 -0.98515306 0.00494360
vn -0.17869765 -0.98386861 0.00834958
vn 0.74810894 -0.07556245 0.65925969
vn 0.79847094 -0.15468236 0.58182259
vn 0.86658398 -0.40358818 0.29351112
vn 0.86496523 -0.46585748 0.18657964
vn 0.84633586 -0.52539644 0.08760241
vn 0.78221888 -0.62300129 0.00173467
vn 0.68211077 -0.73124206 -0.00315451
vn 0.60411840 -0.78870668 -0.11394179
vn 0.51993894 -0.84252139 -0.14078777
vn 0.60987152 -0.78467250 -0.11111163
vn 0.33431548 -0.92577413 -0.17656563
vn 0.12081212 -0.97679286 -0.17686194
vn -0.08902381 -0.98014942 -0.17714928
vn 0.46400412 0.00073851 0.88583273
vn 0.58670473 0.00067431 0.80980066
vn 0.64095458 -0.00370668 0.76756986
vn 0.64079464 -0.00486383 0.76769693
vn 0.71933806 -0.03442843 0.69380649
vn 0.85414576 -0.32991877 0.40198088
vn 0.83167145 -0.24473463 0.49842508
vn 0.34410588 0.01668045 0.93878267
vn 0.19586136 0.06726463 0.97832193
vn -0.01503503 0.06641431 0.99767885
vn -0.23114549 0.05894093 0.97113219
vn -0.35764877 0.01663849 0.93370794
vn -0.41033387 0.00982687 0.91188242
vn -0.41376159 0.00934831 0.91033728
vn -0.57493563 -0.00398276 0.81818895
vn -0.49003624 -0.02200496 0.87142427
vn -0.67458524 -0.02493277 0.73777578
vn -0.75019954 -0.08385142 0.65587315
vn -0.80426471 -0.17863959 0.56678583
vn -0.85029876 -0.27274144 0.45011568
vn -0.86902464 -0.37010873 0.32835301
vn -0.87197743 -0.44324222 0.20782613
vn -0.86134812 -0.49634376 0.10826950
vn -0.82861201 -0.55942790 0.02103715
vn -0.72484443 -0.68737727 -0.04596774
vn -0.64133091 -0.76620828 -0.04024345
vn -0.45563171 -0.87293193 -0.17432611
vn -0.54760352 -0.81696623 -0.18082190
vn -0.54475687 -0.82340474 -0.15888546
vn -0.28179207 -0.94493400 -0.16641203
vn -0.00641276 -0.98048681 0.19648026
vn -0.09136494 -0.97707864 0.19227525
vn -0.16493410 -0.97060204 0.17529525
vn -0.19787640 -0.97624260 0.08829103
vn -0.11079819 -0.98888246 0.09917283
vn -0.03107788 -0.99525706 0.09218210
vn 0.05082255 -0.99502977 0.08563196
vn 0.07481837 -0.98001629 0.18431031
vn 0.15424115 -0.97203811 0.17706380
vn 0.21190918 -0.96483164 0.15554550
vn 0.24142493 -0.96136559 0.13225054
vn 0.23379273 -0.96563887 0.11350123
vn 0.19308613 -0.97607148 0.10001108
vn 0.13044688 -0.98755842 0.08781783
vn -0.62910278 -0.77588794 -0.04719735
vn -0.71734503 -0.69348440 -0.06704838
vn -0.82674986 -0.56231978 0.01676689
vn -0.67939248 -0.02604658 0.73331265
vn -0.58096937 -0.00467379 0.81391200
vn -0.48778608 -0.02189419 0.87268860
vn 0.73067390 -0.03146755 0.68200105
vn 0.76720557 -0.07979635 0.63641822
vn 0.78384398 -0.62094990 -0.00313549
vn 0.68093861 -0.73232907 -0.00409208
vn 0.24511509 -0.96806243 0.05266609
vn 0.09157571 -0.99308528 0.07345418
vn 0.02014811 -0.99877130 -0.04527630
vn 0.14686209 -0.98842371 -0.03808019
vn -0.28514136 -0.95598366 -0.06920735
vn -0.18036111 -0.98178612 -0.05971498
vn -0.29002945 -0.95333205 0.08391019
vn -0.45916754 -0.88689793 0.05076647
vn -0.37095938 -0.92388433 -0.09395154
vn -0.51839139 -0.85495074 -0.01815486
vn -0.42030930 -0.89596639 -0.14347235
vn -0.50678546 -0.84632006 -0.16404529
vn 0.27014038 -0.96130726 -0.05396789
vn 0.39025289 -0.91855660 0.06290028
vn 0.36743036 -0.92628815 -0.08357746
vn 0.46797659 -0.88348068 0.02144277
vn 0.41787768 -0.89876499 -0.13266398
vn 0.47851184 -0.86956815 -0.12197394
vn 0.51230033 -0.83822026 -0.18690954
vn 0.42706304 -0.87504880 -0.22783055
vn -0.40298071 -0.89392719 -0.19621601
vn -0.51434281 -0.83393886 -0.19999361
vn -0.09335724 -0.99211458 0.08362463
vn -0.07999918 -0.99522633 -0.05589894
vn 0.31933400 -0.91041920 -0.26298799
vn 0.44809733 -0.85178108 -0.27143650
vn 0.18343551 -0.93216869 -0.31211047
vn 0.20859525 -0.87825704 -0.43029362
vn -0.01653126 -0.94154818 -0.33647251
vn -0.01727327 -0.88739247 -0.46069105
vn 0.54942662 -0.80193256 -0.23459446
vn 0.40100038 -0.81543274 -0.41745436
vn 0.22113247 -0.78535196 -0.57820647
vn -0.01218202 -0.79822236 -0.60223970
vn 0.74137526 -0.61037439 -0.27893697
vn 0.81144574 -0.56563391 -0.14701730
vn 0.59614347 -0.69205272 -0.40703316
vn 0.54560031 -0.62793665 -0.55499177
vn 0.35350646 -0.75993482 -0.54546517
vn 0.20581434 -0.72571331 -0.65649117
vn -0.01430686 -0.73470204 -0.67823906
vn 0.73955378 -0.54125134 -0.40013396
vn 0.47709440 -0.54606589 -0.68861671
vn 0.34078458 -0.57908564 -0.74062520
vn 0.32385404 -0.48422232 -0.81280213
vn 0.09295968 -0.51617998 -0.85142042
vn 0.09448866 -0.58510462 -0.80543434
vn -0.00049028 -0.58908545 -0.80807060
vn -0.00432264 -0.52098663 -0.85355389
vn 0.72436380 -0.45445003 -0.51843250
vn 0.46993823 -0.41884126 -0.77700068
vn 0.30759372 -0.40914863 -0.85905966
vn 0.16285891 -0.36276400 -0.91753978
vn -0.00286725 -0.38488553 -0.92295986
vn 0.67933240 -0.35707707 -0.64109551
vn 0.49527599 -0.26286951 -0.82801046
vn 0.29131847 -0.35479617 -0.88839925
vn 0.30914054 -0.40390074 -0.86098567
vn 0.17020595 -0.27312865 -0.94680023
vn -0.00233811 -0.27705784 -0.96085040
vn 0.63696395 -0.25050300 -0.72905773
vn 0.48243320 -0.20787631 -0.85090872
vn 0.32684943 -0.23004640 -0.91665048
vn 0.14647721 -0.19885614 -0.96902047
vn -0.00486616 -0.19695716 -0.98040002
vn 0.38087186 -0.33671839 -0.86113724
vn 0.38012203 -0.38131894 -0.84267616
vn 0.28973802 -0.16366867 -0.94300819
vn 0.12408647 -0.14295251 -0.98192012
vn -0.00405193 -0.14039894 -0.99008672
vn 0.30450440 -0.27283406 -0.91259994
vn 0.22173803 -0.13734680 -0.96538495
vn 0.09807532 -0.10182785 -0.98995572
vn 0.00271440 -0.09728481 -0.99525288
vn 0.25646188 -0.18988531 -0.94771877
vn 0.27846823 -0.05777639 -0.95870607
vn 0.19733965 -0.00446782 -0.98032500
vn 0.00728116 0.00772228 -0.99994367
vn -0.25988643 -0.33365279 -0.90616492
vn 0.23923428 -0.52592427 -0.81619276
vn -0.27398275 -0.05512843 -0.96015327
vn -0.22733765 -0.14801744 -0.96250113
vn -0.21108171 0.01886449 -0.97728637
vn -0.09866237 -0.10782307 -0.98926231
vn -0.20871134 -0.46078898 -0.86261990
vn -0.33071708 -0.13985405 -0.93330973
vn -0.14079795 -0.13387322 -0.98094541
vn -0.19988553 -0.58293261 -0.78755022
vn -0.37522159 -0.19777163 -0.90559105
vn -0.16445512 -0.18526703 -0.96882952
vn -0.36879323 -0.43273242 -0.82263856
vn -0.39108997 -0.26858302 -0.88029074
vn -0.18748796 -0.25580750 -0.94837271
vn -0.64562584 -0.47394418 -0.59878559
vn -0.61456203 -0.40957960 -0.67420921
vn -0.56872815 -0.30846613 -0.76249389
vn -0.61651230 -0.27176821 -0.73895508
vn -0.26867811 -0.45180863 -0.85069444
vn -0.21080010 -0.35328101 -0.91145809
vn -0.68555374 -0.53939431 -0.48894770
vn -0.64402267 -0.38526526 -0.66091261
vn -0.29811871 -0.56791719 -0.76719965
vn -0.23299865 -0.47729714 -0.84728925
vn -0.71172693 -0.59409066 -0.37483472
vn -0.65357855 -0.51426760 -0.55530524
vn -0.32699199 -0.58740094 -0.74029479
vn -0.25816563 -0.54469086 -0.79791126
vn -0.72018770 -0.64098670 -0.26545382
vn -0.63680645 -0.63959942 -0.43056954
vn -0.32665311 -0.79861411 -0.50548319
vn -0.31079037 -0.75078808 -0.58286071
vn -0.24077298 -0.70892721 -0.66291069
vn -0.25551897 -0.75889241 -0.59899279
vn -0.79161253 -0.59395026 -0.14343187
vn -0.62174654 -0.70152072 -0.34828138
vn -0.39946227 -0.85549493 -0.32948189
vn -0.24701763 -0.85812413 -0.45011696
vn -0.30105985 -0.91498829 -0.26862501
vn -0.17862493 -0.93213896 -0.31497634
vn 0.09200808 -0.93109159 0.35299146
vn 0.33633353 -0.88658080 0.31757558
vn 0.35433121 -0.81666236 0.45553483
vn 0.06341090 -0.86231258 0.50239035
vn 0.48134041 -0.83285813 0.27323751
vn 0.48841672 -0.74391412 0.45611500
vn 0.69592883 -0.63543210 0.33452820
vn 0.74362532 -0.62620208 0.23429114
vn 0.78467574 -0.55003460 0.28591244
vn 0.69443700 -0.65120948 0.30607755
vn 0.82729444 -0.55093395 0.10979838
vn 0.89779829 -0.41133519 0.15735818
vn 0.88796239 -0.45989891 0.00397357
vn 0.93358972 -0.35636410 0.03761454
vn 0.91442863 -0.39729263 -0.07732302
vn 0.95283331 -0.29926540 -0.05048669
vn 0.92707380 -0.33652238 -0.16518732
vn 0.96485218 -0.22946360 -0.12808873
vn 0.92447897 -0.25872755 -0.27999767
vn 0.96279391 -0.14743729 -0.22647323
vn 0.89984149 -0.16553833 -0.40358685
vn 0.93155621 -0.05013167 -0.36012477
vn 0.85282929 -0.08303552 -0.51554564
vn 0.89000510 0.02015899 -0.45550470
vn 0.79741321 -0.00949787 -0.60335890
vn 0.83473658 0.07288453 -0.54580462
vn 0.74627098 0.03647062 -0.66464239
vn 0.79150698 0.11074293 -0.60104301
vn 0.64945210 0.05256276 -0.75858363
vn 0.70878053 0.15790232 -0.68752964
vn 0.65465060 0.15929505 -0.73895716
vn 0.66203802 0.23352739 -0.71215913
vn 0.65852440 0.25667573 -0.70743422
vn 0.65242680 0.25392049 -0.71404738
vn 0.37132545 0.09027924 -0.92410339
vn 0.34677861 0.25667215 -0.90214411
vn 0.31830053 0.40128502 -0.85886850
vn 0.46646913 0.30429975 -0.83054694
vn 0.04382688 0.30466013 -0.95145226
vn 0.06777295 0.47934422 -0.87500626
vn -0.25113962 0.27774657 -0.92724632
vn -0.21017787 0.46843047 -0.85813645
vn -0.46940945 0.17156817 -0.86615191
vn -0.48235459 0.34722625 -0.80421886
vn -0.57468850 0.12584781 -0.80863802
vn -0.65356366 0.26734516 -0.70808270
vn -0.84883844 -0.06302112 -0.52488251
vn -0.88977622 -0.13891185 -0.43474335
vn -0.93139695 -0.04200474 -0.36157340
vn -0.88242517 0.02657360 -0.46970168
vn -0.91469549 -0.21525672 -0.34204782
vn -0.95607231 -0.09767810 -0.27637787
vn -0.92690974 -0.28833375 -0.24021239
vn -0.96953985 -0.16344402 -0.18242403
vn -0.76891038 0.08233354 -0.63403314
vn -0.79211476 0.00559211 -0.61034657
vn -0.81580844 0.08980752 -0.57130657
vn -0.76464843 0.13879127 -0.62932484
vn -0.75289030 0.17383057 -0.63477486
vn -0.75345758 0.18783484 -0.63009503
vn -0.59790154 0.04128259 -0.80050577
vn -0.70843091 0.21116693 -0.67344946
vn -0.16377723 -0.92448288 0.34425053
vn -0.20684859 -0.84941345 0.48550021
vn -0.40203588 -0.85957096 0.31544399
vn -0.44933688 -0.77816306 0.43881502
vn -0.55055891 -0.79893950 0.24203422
vn -0.58269166 -0.69116229 0.42751037
vn -0.81136390 -0.55443956 0.18516317
vn -0.73629499 -0.60064970 0.31159209
vn -0.74930838 -0.57896661 0.32145702
vn -0.84310778 -0.46784845 0.26511716
vn -0.86664502 -0.49617089 0.05235327
vn -0.91607589 -0.38462235 0.11344868
vn -0.90702123 -0.41856006 -0.04604309
vn -0.95007392 -0.31202150 0.00146087
vn -0.92396365 -0.35596194 -0.13993665
vn -0.96748248 -0.23639824 -0.08996402
vn 0.21529530 -0.96500036 -0.14974056
vn 0.24349973 -0.96130067 -0.12887555
vn 0.21840004 -0.96929296 -0.11301583
vn -0.31467834 -0.94897725 -0.02048716
vn -0.33563285 -0.94194363 -0.00963272
vn -0.22971408 -0.97250326 0.03832561
vn -0.20885051 -0.97789286 0.01034484
vn -0.08483507 -0.99452188 0.06106754
vn -0.08296705 -0.99629762 0.02252844
vn 0.07755172 -0.99543975 0.05554666
vn 0.04727380 -0.99874686 0.01642867
vn -0.38616228 -0.91978066 -0.06987292
vn -0.39688434 -0.91522876 -0.06956390
vn -0.40519679 -0.90372675 -0.13817931
vn -0.41348125 -0.89821363 -0.14914936
vn -0.36452901 -0.90587970 -0.21563990
vn -0.36870173 -0.89979603 -0.23329412
vn -0.27702309 -0.91709374 -0.28670068
vn -0.27298362 -0.90975385 -0.31277448
vn -0.14722621 -0.92996377 -0.33688550
vn -0.12969126 -0.92560915 -0.35556698
vn 0.00906876 -0.93116138 -0.36449449
vn 0.02429089 -0.92353597 -0.38274177
vn 0.16635997 -0.92587241 -0.33924128
vn 0.16372063 -0.92080161 -0.35400558
vn 0.29219167 -0.91370282 -0.28243793
vn 0.28926939 -0.90918396 -0.29951251
vn 0.37832313 -0.90143524 -0.21044266
vn 0.37922533 -0.89811626 -0.22265519
vn 0.40745770 -0.90381660 -0.13074317
vn 0.41547977 -0.89931842 -0.13639257
vn 0.37408089 -0.92538781 -0.06099905
vn 0.38635944 -0.92032570 -0.06104910
vn 0.28280276 -0.95895628 -0.02062633
vn 0.32816006 -0.94460755 0.00524808
vn 0.16579113 -0.98598402 -0.01867631
vn 0.18016117 -0.98360297 -0.00819459
vn -0.75197408 -0.07494799 -0.65491815
vn -0.80175346 -0.15398212 -0.57747804
vn -0.86856798 -0.40134266 -0.29071246
vn -0.86674565 -0.46324266 -0.18481944
vn -0.84865802 -0.52178431 -0.08672193
vn -0.78488723 -0.61963441 -0.00228685
vn -0.68567755 -0.72790073 0.00261404
vn -0.60751051 -0.78624843 0.11289103
vn -0.52344373 -0.84051389 0.13979648
vn -0.61303183 -0.78232650 0.11025983
vn -0.33742727 -0.92477628 0.17587402
vn -0.12237049 -0.97674094 0.17607555
vn 0.08946301 -0.98019581 0.17667073
vn -0.46849500 0.00069513 -0.88346588
vn -0.59161595 0.00074205 -0.80621959
vn -0.64570094 -0.00373420 -0.76358127
vn -0.64562787 -0.00479932 -0.76363710
vn -0.72334959 -0.03389691 -0.68964945
vn -0.85666081 -0.32799492 -0.39818537
vn -0.83465955 -0.24337677 -0.49407609
vn -0.34766591 0.01703107 -0.93746379
vn -0.19760478 0.06799378 -0.97792085
vn 0.01521070 0.06655386 -0.99766689
vn 0.22813091 0.05373770 -0.97214636
vn 0.35676668 0.01245228 -0.93411053
vn 0.40661680 0.00524440 -0.91358376
vn 0.38378383 -0.00819575 -0.92338659
vn 0.55588654 -0.02817268 -0.83078063
vn 0.48065761 -0.03586783 -0.87617450
vn 0.68022215 -0.02965881 -0.73240575
vn 0.75421711 -0.08343780 -0.65130230
vn 0.80730736 -0.17784189 -0.56269626
vn 0.85237949 -0.27175041 -0.44676718
vn 0.87109617 -0.36786853 -0.32536779
vn 0.87351191 -0.44102164 -0.20609914
vn 0.86321000 -0.49327399 -0.10746752
vn 0.83063050 -0.55640259 -0.02165959
vn 0.72751888 -0.68467289 0.04403760
vn 0.64476600 -0.76340290 0.03863697
vn 0.45917175 -0.87143206 0.17253250
vn 0.55112947 -0.81507504 0.17863089
vn 0.54862592 -0.82103561 0.15782944
vn 0.28424072 -0.94439857 0.16528324
vn 0.00647799 -0.98063172 -0.19575360
vn 0.09217946 -0.97719499 -0.19129270
vn 0.16631478 -0.97052410 -0.17442007
vn 0.19945908 -0.97594664 -0.08800127
vn 0.11173478 -0.98881027 -0.09884123
vn 0.03139458 -0.99528952 -0.09172323
vn -0.05131564 -0.99503938 -0.08522516
vn -0.07554845 -0.98009620 -0.18358612
vn -0.15546508 -0.97201887 -0.17609633
vn -0.21352197 -0.96460726 -0.15472946
vn -0.24324918 -0.96099153 -0.13162491
vn -0.23567874 -0.96524158 -0.11297885
vn -0.19450185 -0.97581519 -0.09976846
vn -0.13159992 -0.98743644 -0.08746855
vn 0.63372030 -0.77217595 0.04629133
vn 0.72041109 -0.69044590 0.06551577
vn 0.82898499 -0.55900919 -0.01710576
vn 0.68397740 -0.02700571 -0.72900316
vn 0.57631924 -0.01573621 -0.81707313
vn 0.49240583 -0.02181545 -0.87009228
vn -0.73413447 -0.03143338 -0.67827614
vn -0.77050612 -0.07964325 -0.63243756
vn -0.78591055 -0.61833759 0.00179966
vn -0.68376505 -0.72969178 0.00390766
vn -0.20190122 0.00000000 -0.97940589
vn -0.00165328 0.00000000 -0.99999863
vn -0.00165328 0.00000000 -0.99999863
vn -0.20190323 0.00000000 -0.97940547
vn 0.38731583 0.00000000 0.92194710
vn 0.19536528 0.00000000 0.98073055
vn 0.19536695 0.00000000 0.98073022
vn 0.38731569 0.00000000 0.92194715
vn 0.92785687 0.00000000 -0.37293649
vn 0.98201203 0.00000000 -0.18881834
vn 0.98201097 0.00000000 -0.18882387
vn 0.92785930 0.00000000 -0.37293045
vn -0.39162722 0.00000000 -0.92012397
vn -0.39162720 0.00000000 -0.92012398
vn 0.56078473 0.00000000 0.82796165
vn 0.56078336 0.00000000 0.82796257
vn 0.19750917 0.00000000 -0.98030104
vn 0.19750917 0.00000000 -0.98030104
vn -0.56408944 0.00000000 -0.82571369
vn -0.56409222 0.00000000 -0.82571179
vn 0.63935304 0.00000000 0.76891332
vn 0.63935304 0.00000000 0.76891332
vn -0.92586482 0.00000000 -0.37785491
vn -0.83623287 0.00000000 -0.54837449
vn -0.83622987 0.00000000 -0.54837908
vn -0.92586512 0.00000000 -0.37785417
vn -0.64212346 0.00000000 -0.76660124
vn -0.64212346 0.00000000 -0.76660124
vn 0.83510546 0.00000000 0.55008987
vn 0.77741268 0.00000000 0.62899087
vn 0.77741268 0.00000000 0.62899087
vn 0.83510639 0.00000000 0.55008847
vn -0.83925981 0.00000000 0.54373061
vn -0.92878991 0.00000000 0.37060668
vn -0.92878992 0.00000000 0.37060663
vn -0.83926350 0.00000000 0.54372491
vn -0.77872553 0.00000000 -0.62736477
vn -0.77872553 0.00000000 -0.62736477
vn 0.92534264 0.00000000 0.37913190
vn 0.92534269 0.00000000 0.37913178
vn -0.98073957 0.00000000 -0.19531998
vn -0.98073958 0.00000000 -0.19531995
vn 0.98068359 0.00000000 0.19560085
vn 0.98068329 0.00000000 0.19560236
vn -0.99999234 0.00000000 -0.00391386
vn -0.99999232 0.00000000 -0.00392035
vn 0.99999477 0.00000000 0.00323487
vn 0.99999479 0.00000000 0.00322823
vn -0.98235080 0.00000000 0.18704789
vn -0.98234958 0.00000000 0.18705426
vn 0.83769855 0.00000000 -0.54613290
vn 0.83770169 0.00000000 -0.54612808
vn -0.78152926 0.00000000 0.62386858
vn -0.78152926 0.00000000 0.62386858
vn 0.77957358 0.00000000 -0.62631065
vn 0.77957358 0.00000000 -0.62631065
vn -0.56683395 0.00000000 0.82383207
vn -0.64539717 0.00000000 0.76384716
vn -0.64539717 0.00000000 0.76384716
vn -0.56683395 0.00000000 0.82383207
vn 0.56278949 0.00000000 -0.82660026
vn 0.64183964 0.00000000 -0.76683888
vn 0.64183964 0.00000000 -0.76683888
vn 0.56278949 0.00000000 -0.82660026
vn -0.39299374 0.00000000 0.91954114
vn -0.39299374 0.00000000 0.91954114
vn 0.38774102 0.00000000 -0.92176835
vn 0.38774102 0.00000000 -0.92176835
vn -0.20063625 0.00000000 0.97966581
vn -0.20063625 0.00000000 0.97966581
vn -0.00259189 0.00000000 0.99999664
vn -0.00259176 0.00000000 0.99999664
vn -0.71397652 -0.70016964 -0.00000083
vn -0.71379852 -0.70035088 -0.00057297
vn -0.56412100 -0.82569130 -0.00117600
vn -0.56425113 -0.82560321 -0.00003540
vn 0.77753760 0.62883645 0.00000201
vn 0.77753613 0.62883508 -0.00200242
vn 0.71209589 0.70208117 -0.00121533
vn 0.71197503 0.70220478 0.00004462
vn -0.83937502 0.54355273 -0.00005357
vn -0.83974415 0.54293874 0.00687733
vn -0.92908965 0.36981860 0.00516043
vn -0.92884438 0.37047012 -0.00005802
vn -0.83634402 -0.54820496 0.00000000
vn -0.83622225 -0.54839067 0.00015907
vn 0.92540673 0.37897545 0.00005790
vn 0.92543835 0.37888760 -0.00283623
vn 0.88527284 0.46506760 -0.00203122
vn 0.88492195 0.46573935 0.00000000
vn -0.98075664 -0.19523423 0.00000000
vn -0.98067336 -0.19564508 0.00166170
vn -0.95786262 -0.28722317 0.00143061
vn -0.95762764 -0.28800920 0.00000000
vn 0.98069959 0.19552063 0.00006259
vn 0.98068393 0.19557104 -0.00331652
vn -0.99999232 -0.00392001 0.00000000
vn -0.99998677 -0.00433781 0.00276621
vn 0.99999480 0.00322642 0.00000131
vn 0.99998874 0.00323213 -0.00347546
vn -0.98236451 0.18697587 0.00000000
vn -0.98244914 0.18648899 0.00394341
vn 0.98202590 -0.18874623 0.00000000
vn 0.98202149 -0.18873501 -0.00359072
vn 0.83781605 -0.54595263 0.00005232
vn 0.83786595 -0.54586440 -0.00356320
vn 0.92792696 -0.37274386 -0.00368287
vn 0.92791966 -0.37278022 0.00000000
vn -0.71703987 0.69703216 -0.00000101
vn -0.71750300 0.69649766 0.00896995
vn 0.71431028 -0.69982914 0.00000100
vn 0.71434815 -0.69978238 -0.00336707
vn -0.64555630 0.76371268 0.00000000
vn -0.64552461 0.76367507 0.00991834
vn 0.56295121 -0.82649013 0.00000000
vn 0.56300697 -0.82644593 -0.00320599
vn -0.39313157 0.91948223 0.00000000
vn -0.39323627 0.91935743 0.01213072
vn -0.48302093 0.87553518 0.01135439
vn -0.48288562 0.87568344 0.00000000
vn 0.47839142 -0.87814671 0.00000000
vn 0.47838913 -0.87814246 -0.00310693
vn -0.20072305 0.97964803 -0.00001243
vn -0.20059209 0.97958995 0.01289718
vn 0.19759038 -0.98028467 0.00000000
vn 0.19748208 -0.98030252 -0.00279244
vn 0.29356616 -0.95593489 -0.00271881
vn 0.29348967 -0.95596224 0.00000000
vn 0.19543521 0.98071662 0.00000003
vn 0.19631179 0.98052465 0.00575192
vn -0.00103495 0.99990226 0.01394284
vn -0.00259586 0.99999663 -0.00000014
vn -0.20198348 -0.97938893 -0.00000002
vn -0.20185013 -0.97941423 -0.00206964
vn -0.00142073 -0.99999520 -0.00275347
vn -0.00166205 -0.99999862 -0.00000003
vn 0.38744803 0.92189154 0.00000000
vn 0.38820110 0.92156887 0.00327491
vn -0.39175752 -0.92006850 0.00000000
vn -0.39163195 -0.92012053 -0.00161907
vn 0.56095477 0.82784645 0.00000000
vn 0.56138187 0.82755672 0.00052026
vn -0.88584907 -0.46397352 0.00000000
vn -0.88584905 -0.46397348 0.00026839
vn 0.92526470 -0.00162218 -0.37931860
vn 0.92539775 -0.00527534 -0.37896065
vn 0.83530246 -0.00741476 -0.54974068
vn 0.83499374 -0.00232405 -0.55025453
vn 0.98287901 0.01116355 0.18391365
vn 0.98504172 0.03051932 0.16959179
vn 0.99996002 0.00062381 -0.00892067
vn 0.99998818 0.00030680 -0.00485210
vn -0.98079942 0.00092628 0.19501700
vn -0.98103027 0.00378448 0.19381767
vn -0.92672566 0.00814546 0.37565037
vn -0.92598495 0.00187835 0.37755575
vn 0.98063473 -0.00085138 -0.19584381
vn 0.98063817 -0.00280253 -0.19580839
vn -0.99999343 0.00002029 0.00362585
vn -0.99999522 0.00020459 0.00308594
vn 0.99999390 -0.00001180 -0.00349400
vn 0.99999220 0.00009735 -0.00394775
vn -0.98229861 -0.00082748 -0.18731993
vn -0.98229821 -0.00279940 -0.18730294
vn 0.98206110 0.00087400 0.18856098
vn 0.98225213 0.00349299 0.18753279
vn -0.92869616 -0.00160239 -0.37083807
vn -0.92882771 -0.00534187 -0.37047342
vn 0.83785977 0.00277271 0.54587848
vn 0.83925127 0.01301677 0.54358796
vn 0.92860069 0.00761238 0.37100245
vn 0.92796660 0.00179359 0.37265905
vn -0.78154244 -0.00263704 -0.62384651
vn -0.78221281 -0.00895159 -0.62294701
vn -0.83946482 -0.00753194 -0.54336183
vn -0.83913854 -0.00231998 -0.54391280
vn 0.77962020 0.00336692 0.62624357
vn 0.78151403 0.01666193 0.62366513
vn -0.56669448 -0.00342139 -0.82392091
vn -0.56723260 -0.01079487 -0.82348689
vn -0.64594771 -0.00966984 -0.76332041
vn -0.64536739 -0.00318726 -0.76386568
vn 0.56301468 0.00490394 0.82643234
vn 0.56671340 0.03196587 0.82329467
vn 0.64352890 0.02443294 0.76503176
vn 0.64182760 0.00425361 0.76683716
vn -0.39289500 -0.00379758 -0.91957550
vn -0.39336963 -0.01183630 -0.91930421
vn 0.38795184 0.00593739 0.92166052
vn 0.39270683 0.04986537 0.91831083
vn -0.20058569 -0.00402689 -0.97966788
vn -0.20086242 -0.01247306 -0.97954005
vn 0.19764218 0.00677389 0.98025083
vn 0.20179922 0.07374280 0.97664685
vn 0.19532438 -0.00402505 -0.98073044
vn 0.19556859 -0.01242923 -0.98061126
vn -0.00259215 -0.01266501 -0.99991644
vn -0.00257830 -0.00410275 -0.99998826
vn -0.20201630 0.00683155 0.97935833
vn -0.20532956 0.07489921 0.97582267
vn -0.00098804 0.08816198 0.99610566
vn -0.00164448 0.00712670 0.99997325
vn 0.38723618 -0.00379324 -0.92197275
vn 0.38767058 -0.01175310 -0.92172305
vn -0.39182514 0.00602433 0.92001998
vn -0.39635490 0.05135030 0.91666021
vn 0.56067964 -0.00341929 -0.82802576
vn 0.56119783 -0.01068095 -0.82761278
vn -0.56432371 0.00501465 0.82553837
vn -0.56819176 0.03346611 0.82221539
vn 0.63937599 -0.00319209 -0.76888761
vn 0.64006172 -0.00956385 -0.76826397
vn -0.83798407 0.01382158 0.54551963
vn -0.83640702 0.00288547 0.54810123
vn -0.64223295 0.00435402 0.76649715
vn -0.64533841 0.02557121 0.76346870
vn 0.77793702 -0.00880554 -0.62828055
vn 0.77738715 -0.00263615 -0.62901690
vn -0.77994237 0.01776471 0.62559917
vn -0.77872761 0.00347458 0.62735256
vn 0.62362102 0.70360549 0.34064076
vn 0.59484955 0.78061801 0.19180598
vn 0.71976744 0.68112470 0.13417891
vn 0.69831660 0.64526153 0.30982494
vn -0.92998451 -0.01766155 -0.36717419
vn -0.93427194 -0.05475282 -0.35233234
vn -0.98333972 -0.02736513 -0.17970570
vn -0.98253225 -0.00903953 -0.18587270
vn 0.84372548 0.03930337 0.53533406
vn 0.85663128 0.09551890 0.50700986
vn 0.93765705 0.06163835 0.34205259
vn 0.93077266 0.02370723 0.36482903
vn -0.78609856 -0.03135310 -0.61730546
vn -0.80153378 -0.10332653 -0.58895435
vn -0.85115881 -0.08106396 -0.51861094
vn -0.84185177 -0.02543653 -0.53910906
vn 0.78779096 0.04960344 0.61394210
vn 0.80149539 0.11050360 0.58770238
vn -0.57111948 -0.03764344 -0.82000336
vn -0.56147271 -0.14795708 -0.81416036
vn -0.66588576 -0.10602148 -0.73848196
vn -0.64978371 -0.03264895 -0.75941765
vn 0.57622027 0.09025005 0.81229621
vn 0.59701641 0.18152024 0.78142294
vn 0.67067911 0.15818465 0.72468417
vn 0.65091142 0.07038968 0.75588333
vn -0.39264125 -0.05361273 -0.91812773
vn -0.42006082 -0.14373563 -0.89604072
vn 0.40310327 0.13616081 0.90496850
vn 0.42228681 0.24636506 0.87234059
vn -0.20899821 -0.05112972 -0.97657847
vn -0.23819488 -0.14541840 -0.96026907
vn 0.20958770 0.19592846 0.95795879
vn 0.22192012 0.33020942 0.91744929
vn 0.19745522 -0.04437325 -0.97930713
vn 0.20588961 -0.15379152 -0.96641484
vn -0.00276656 -0.15726722 -0.98755221
vn -0.00263836 -0.04520924 -0.99897406
vn -0.21171630 0.19572597 0.95753201
vn -0.22407140 0.32751831 0.91789093
vn -0.00002086 0.37993869 0.92501167
vn 0.00001699 0.23041760 0.97309184
vn 0.39098311 -0.04179647 -0.91944835
vn 0.40544434 -0.14309761 -0.90284991
vn -0.40619045 0.13598363 0.90361373
vn -0.42503371 0.24345219 0.87182416
vn 0.56504398 -0.03771586 -0.82419829
vn 0.58783506 -0.13888442 -0.79696992
vn -0.57760869 0.09061856 0.81126844
vn -0.59782304 0.17979732 0.78120454
vn 0.64405525 -0.03280239 -0.76427537
vn 0.65527142 -0.11730716 -0.74622945
vn -0.92902412 0.02424243 0.36922416
vn -0.93591681 0.06208590 0.34670603
vn -0.85527493 0.09536110 0.50932412
vn -0.84260098 0.03980642 0.53706521
vn -0.65455860 0.07078286 0.75269039
vn -0.67379658 0.15686335 0.72207483
vn 0.83774941 -0.02558622 -0.54545511
vn 0.84724929 -0.08176022 -0.52486560
vn 0.79729863 -0.10380813 -0.59459125
vn 0.78172643 -0.03139021 -0.62283099
vn -0.79842024 0.11024464 0.59192165
vn -0.78496700 0.05014341 0.61750502
vn 0.92662537 -0.01793726 -0.37555783
vn 0.93112205 -0.05569252 -0.36043039
vn -0.98172780 0.01162573 0.18993517
vn -0.98397858 0.03118062 0.17553897
vn 0.98091383 -0.00936796 -0.19421715
vn 0.98180766 -0.02826743 -0.18776226
vn -0.99999785 0.00066528 0.00196585
vn -0.99999643 0.00133644 -0.00231540
vn -0.21339694 0.95817140 0.19070742
vn -0.20474646 0.97651519 0.06705945
vn -0.00242635 0.99699191 0.07746776
vn -0.00380267 0.97527137 0.22097805
vn -0.43613842 -0.82825209 -0.35182631
vn -0.40986993 -0.89925966 -0.15277008
vn -0.58569534 -0.79916133 -0.13528539
vn -0.61450798 -0.72679861 -0.30682851
vn 0.44333226 0.79044412 0.42267553
vn 0.42013668 0.86882535 0.26196884
vn -0.22654070 -0.89582618 -0.38232808
vn -0.21083156 -0.96363216 -0.16420448
vn 0.23051555 0.82538064 0.51537304
vn 0.21863664 0.90881928 0.35531048
vn 0.17542212 -0.92493762 -0.33722021
vn 0.20553381 -0.96470624 -0.16461386
vn -0.00264680 -0.98574714 -0.16821290
vn -0.00284684 -0.91955314 -0.39295537
vn -0.23790385 0.82218680 0.51711761
vn -0.22730572 0.90536299 0.35867808
vn -0.00501031 0.90789410 0.41916965
vn -0.00377435 0.81985139 0.57256393
vn 0.31652537 -0.92165911 -0.22440181
vn 0.30861874 -0.93872226 -0.15347634
vn 0.94662000 0.29526039 0.12935180
vn 0.93657436 0.34444166 0.06471794
vn 0.98459794 0.17200242 0.03133784
vn 0.98762065 0.14358335 0.06316075
vn -0.41380695 0.81596604 0.40368704
vn -0.42623069 0.86463967 0.26594294
vn 0.61586259 -0.72440578 -0.30975722
vn 0.58153249 -0.80179641 -0.13763168
vn 0.49917549 -0.85305920 -0.15203232
vn 0.46986453 -0.78736331 -0.39910693
vn -0.51982676 0.81015870 0.27096682
vn -0.51052957 0.83155160 0.21881842
vn 0.75275844 -0.60194557 -0.26648876
vn 0.72880587 -0.67463607 -0.11708192
vn -0.94546078 0.29789040 0.13177714
vn -0.93553941 0.34654747 0.06834374
vn -0.85457348 0.50865676 0.10474956
vn -0.87331162 0.44447035 0.19943151
vn -0.76706775 0.58229193 0.26933841
vn -0.74092084 0.65552094 0.14604316
vn -0.67405129 0.71805854 0.17334013
vn -0.65261395 0.66617384 0.36098124
vn 0.86173830 -0.46785190 -0.19626943
vn 0.84707601 -0.52392946 -0.08921968
vn -0.91328422 -0.37125031 -0.16758623
vn -0.90281762 -0.41761928 -0.10254011
vn -0.94881228 -0.30904389 -0.06517009
vn -0.94138491 -0.31182654 -0.12868044
vn 0.93897938 -0.31774422 -0.13174343
vn 0.93130358 -0.35903658 -0.06137086
vn -0.98689406 0.14734206 0.06580599
vn -0.98386986 0.17548361 0.03472169
vn 0.98374357 -0.16621475 -0.06797968
vn 0.98204217 -0.18594486 -0.03190109
vn -0.99997625 -0.00689193 -0.00004756
vn -0.99999460 -0.00245172 0.00218674
vn 0.99993205 -0.01133472 -0.00272382
vn 0.99997679 -0.00676446 -0.00081914
vn -0.98489568 -0.16050931 -0.06494043
vn -0.98319814 -0.18021067 -0.02907811
vn 0.87401504 0.44399022 0.19740920
vn 0.86887468 0.48337376 0.10680174
vn -0.75773885 -0.60179835 -0.25233030
vn -0.73330653 -0.67043319 -0.11305246
vn -0.82501129 -0.55937146 -0.08037374
vn -0.81976669 -0.53250780 -0.21075581
vn 0.81952166 0.52553135 0.22847547
vn 0.80678756 0.56694700 0.16632777
vn -0.71850309 0.69476989 0.03237451
vn -0.83997813 0.54208657 0.02406020
vn 0.29801152 -0.95226641 -0.06616514
vn 0.29486594 -0.95523811 -0.02396299
vn 0.19677547 -0.98013085 -0.02495855
vn 0.19880346 -0.97756197 -0.06964034
vn 0.93036188 0.36546060 0.02941627
vn 0.92775551 0.37312617 0.00682475
vn 0.98177634 0.19003514 0.00136730
vn 0.98260033 0.18525093 0.01336768
vn -0.40738326 0.90215049 0.14199778
vn -0.39663645 0.91640938 0.05360383
vn 0.56692189 -0.82163474 -0.05929521
vn 0.56275439 -0.82632703 -0.02216144
vn 0.47920408 -0.87737629 -0.02396464
vn 0.48359745 -0.87290823 -0.06453479
vn 0.19827651 0.97844434 0.05773292
vn 0.20668006 0.96083661 0.18459787
vn -0.49245932 0.86267911 0.11518931
vn -0.48456267 0.87355212 0.04588803
vn 0.71751011 -0.69469897 -0.05072053
vn 0.71377142 -0.70010676 -0.01951631
vn -0.93021286 0.36542211 0.03421584
vn -0.92854104 0.37083255 0.01716859
vn -0.84400267 0.53374374 0.05269842
vn -0.72539615 0.68425315 0.07482007
vn -0.64730487 0.76130799 0.03750394
vn -0.65627485 0.74911355 0.09017878
vn 0.83933502 -0.54211679 -0.04032512
vn 0.83684729 -0.54719410 -0.01628571
vn -0.84153872 -0.53888082 -0.03768331
vn -0.83827759 -0.54513002 -0.01113286
vn -0.88786159 -0.46003821 -0.00816392
vn -0.89085450 -0.45328867 -0.03012712
vn 0.92778032 -0.37203717 -0.02849604
vn 0.92668104 -0.37564599 -0.01234269
vn -0.98233794 0.18626082 0.01786254
vn -0.98196796 0.18873027 0.01094587
vn 0.98142617 -0.19120815 -0.01555999
vn 0.98123175 -0.19266415 -0.00804859
vn -0.99999671 -0.00084995 0.00242201
vn -0.99998743 -0.00152476 0.00477605
vn 0.99999490 -0.00279346 -0.00154801
vn 0.99999289 -0.00129379 -0.00354072
vn -0.98210335 -0.18795837 -0.01202734
vn -0.98146738 -0.19162718 -0.00089903
vn -0.96063382 -0.27708642 -0.02014412
vn -0.95922915 -0.28260113 -0.00400527
vn 0.89010255 0.45428340 0.03666119
vn 0.88705084 0.46157654 0.00937549
vn -0.72070458 -0.69153323 -0.04864877
vn -0.71627506 -0.69764429 -0.01557167
vn 0.72370150 0.68669182 0.06863294
vn 0.71578310 0.69805412 0.01936468
vn 0.78009201 0.62545555 0.01618071
vn 0.78708090 0.61409574 0.05822440
vn -0.57135524 -0.81867046 -0.05772227
vn -0.56657991 -0.82378237 -0.01923061
vn 0.57554347 0.81205127 0.09655288
vn 0.56517755 0.82446440 0.02885815
vn -0.39725863 -0.91542630 -0.06465493
vn -0.39332671 -0.91913197 -0.02214760
vn 0.40175034 0.90560553 0.13592382
vn 0.39096967 0.91944638 0.04196505
vn -0.20368572 -0.97658811 -0.06919389
vn -0.20190869 -0.97910037 -0.02439988
vn -0.00211646 -0.99967379 -0.02545241
vn -0.00242563 -0.99747711 -0.07094745
vn -0.68950499 -0.38017861 -0.61647960
vn -0.65904332 -0.57443039 -0.48548083
vn -0.74957261 -0.48892856 -0.44619477
vn -0.67708716 -0.39821467 -0.61885220
vn 0.78839046 0.28064630 0.54742866
vn 0.80194229 0.39128008 0.45142936
vn 0.88586855 0.32855941 0.32754486
vn 0.87536564 0.19764950 0.44121386
vn -0.82492975 -0.23443823 -0.51432444
vn -0.83088423 -0.30126348 -0.46783727
vn -0.89064031 -0.28791037 -0.35194809
vn -0.86798373 -0.19410555 -0.45708563
vn 0.95257379 0.21584997 0.21450401
vn 0.94737016 0.12999301 0.29256041
vn -0.94226862 -0.13016818 -0.30852243
vn -0.94651268 -0.22936731 -0.22694578
vn -0.98615710 -0.11801809 -0.11647275
vn -0.98518200 -0.06592017 -0.15833811
vn 0.98784477 0.06381369 0.14174105
vn 0.98927879 0.10379093 0.10273713
vn 0.99991084 -0.00925745 -0.00962325
vn 0.99992668 -0.00233797 -0.01188183
vn -0.99996738 -0.00607346 -0.00532380
vn -0.99998138 -0.00070839 -0.00606053
vn 0.98502654 -0.12216750 -0.12164630
vn 0.98387163 -0.06807537 -0.16541574
vn -0.98856011 0.10656127 0.10674087
vn -0.98696802 0.06528023 0.14708035
vn 0.94415495 -0.23373367 -0.23224986
vn 0.93956487 -0.13246537 -0.31570680
vn -0.95131796 0.21794296 0.21793350
vn -0.94584116 0.13107283 0.29699227
vn 0.86669152 -0.35182214 -0.35364812
vn 0.86332228 -0.20010062 -0.46328649
vn -0.87405786 0.19760511 0.44381873
vn -0.88486849 0.32900889 0.32978918
vn -0.78378828 0.43761358 0.44064757
vn -0.78721228 0.27998400 0.54945953
vn 0.77370337 -0.44994700 -0.44601659
vn 0.77844770 -0.29546605 -0.55382216
vn -0.66866575 0.55597941 0.49373374
vn -0.70686329 0.38771466 0.59162626
vn 0.66195930 -0.57769916 -0.47757048
vn 0.65493669 -0.36864075 -0.65966804
vn -0.59735695 0.31358438 0.73812567
vn -0.54773289 0.45862851 0.69974893
vn -0.45717675 0.49211416 0.74081919
vn -0.44761527 0.40286036 0.79833834
vn -0.00088129 0.51785927 0.85546537
vn -0.00140287 0.56802906 0.82300730
vn 0.23699066 0.54851020 0.80185534
vn 0.23214445 0.48050372 0.84570984
vn 0.59714271 -0.28656207 -0.74920142
vn 0.53778376 -0.41516239 -0.73377709
vn 0.45012963 -0.47127381 -0.75847499
vn 0.45599275 -0.35859554 -0.81454273
vn -0.24114636 0.54556789 0.80262327
vn -0.23550173 0.47602937 0.84731044
vn 0.22654025 -0.52660611 -0.81936898
vn 0.22196503 -0.38832339 -0.89439167
vn -0.00296349 -0.39867710 -0.91708658
vn -0.00299434 -0.54066638 -0.84123178
vn -0.23251133 -0.52590646 -0.81814478
vn -0.22788635 -0.38780387 -0.89312707
vn 0.45340439 0.49549080 0.74088685
vn 0.44443938 0.40743513 0.79779086
vn -0.44640366 -0.48395326 -0.75267059
vn -0.45882117 -0.33611628 -0.82250166
vn 0.54483376 0.46142005 0.70017691
vn 0.59630996 0.31698188 0.73752080
vn -0.56457588 -0.43466339 -0.70165648
vn -0.58457749 -0.27062733 -0.76487254
vn 0.70696923 0.38854726 0.59095307
vn 0.70707887 0.38889063 0.59059593
vn -0.82977302 -0.47176699 -0.29818225
vn -0.54927061 0.68339779 0.48090462
vn -0.54964026 0.68199697 0.48246835
vn -0.00338719 0.78187339 0.62342805
vn 0.23544300 0.77597133 0.58517954
vn 0.43835849 -0.76002730 -0.47979196
vn -0.34968145 0.76414186 0.54204253
vn -0.24237402 0.77236263 0.58712077
vn 0.34288658 -0.79435700 -0.50142372
vn 0.34300755 -0.79436672 -0.50132557
vn -0.00296688 -0.84568271 -0.53367775
vn -0.23133088 -0.82276108 -0.51918227
vn 0.11254826 -0.84030872 -0.53029628
vn 0.45251744 0.72981972 0.51243648
vn -0.44431096 -0.75760250 -0.47814874
vn 0.63506687 0.64133048 0.43056392
vn 0.70612322 0.59204444 0.38842422
vn 0.68014073 0.20753540 0.70309149
vn 0.63205219 -0.18734707 -0.75193824
vn -0.68223334 0.20415364 0.70205339
vn -0.66115418 -0.20068573 -0.72291105
vn 0.79081462 0.60738259 0.07548930
vn -0.89340781 -0.44706456 -0.04422393
vn 0.19104909 0.93296804 -0.30507520
vn 0.37412760 0.87555361 -0.30567044
vn 0.37402138 0.87560206 -0.30566165
vn 0.19098904 0.93297895 -0.30507945
vn -0.18798393 -0.93325525 -0.30609915
vn -0.36903741 -0.87769985 -0.30570305
vn -0.36911791 -0.87766800 -0.30569731
vn -0.18794576 -0.93326036 -0.30610698
vn -0.18593686 0.93356550 -0.30640323
vn 0.00243438 0.95203072 -0.30599279
vn 0.00247851 0.95202729 -0.30600310
vn -0.18582735 0.93358637 -0.30640607
vn 0.19219720 -0.93239297 -0.30611042
vn 0.00158483 -0.95181682 -0.30666304
vn 0.00159707 -0.95181695 -0.30666260
vn 0.19207505 -0.93242031 -0.30610382
vn -0.36856010 0.87756653 -0.30666013
vn -0.36850254 0.87758941 -0.30666383
vn -0.91367395 -0.26846538 -0.30516593
vn -0.93481111 -0.17978996 -0.30627398
vn -0.93480280 -0.17983422 -0.30627336
vn -0.91367285 -0.26846516 -0.30516944
vn 0.28445362 -0.90899726 -0.30464754
vn 0.28445381 -0.90899814 -0.30464472
vn -0.45388287 0.83702192 -0.30558902
vn -0.45388231 0.83702063 -0.30559337
vn 0.53683825 -0.78612959 -0.30627596
vn 0.45769741 -0.83538650 -0.30437228
vn 0.45769617 -0.83538368 -0.30438187
vn 0.53684185 -0.78612579 -0.30627939
vn -0.67744481 0.66864154 -0.30657303
vn -0.60860552 0.73217131 -0.30581774
vn -0.60860750 0.73217416 -0.30580698
vn -0.67739731 0.66869175 -0.30656848
vn 0.88144800 -0.35982414 -0.30590196
vn 0.79610340 -0.52227553 -0.30569207
vn 0.79614814 -0.52220764 -0.30569154
vn 0.88143585 -0.35985103 -0.30590533
vn 0.67945282 -0.66681491 -0.30610740
vn 0.67943712 -0.66683310 -0.30610263
vn -0.79476632 0.52368616 -0.30675610
vn -0.79475117 0.52371160 -0.30675192
vn 0.84613517 0.43651367 -0.30579583
vn 0.88443617 0.35305935 -0.30515857
vn 0.88446020 0.35299109 -0.30516789
vn 0.84612524 0.43650961 -0.30582911
vn -0.88088042 0.36105147 -0.30609072
vn -0.88088867 0.36103291 -0.30608885
vn 0.93367732 -0.18598888 -0.30603071
vn 0.93366868 -0.18603092 -0.30603152
vn -0.93346355 0.18622552 -0.30653851
vn -0.93345327 0.18627051 -0.30654247
vn 0.95198032 -0.00372026 -0.30613660
vn 0.95198086 -0.00372925 -0.30613484
vn -0.95182566 0.00308609 -0.30662420
vn -0.95182638 0.00306209 -0.30662219
vn 0.93527065 0.17813548 -0.30583747
vn 0.93526991 0.17815426 -0.30582880
vn -0.79758012 -0.52015930 -0.30545090
vn -0.84520524 -0.43876209 -0.30514901
vn -0.84521067 -0.43876433 -0.30513077
vn -0.79759908 -0.52013146 -0.30544880
vn 0.68238306 0.66382556 -0.30608656
vn 0.74400565 0.59413503 -0.30571090
vn 0.74400982 0.59413780 -0.30569537
vn 0.68235830 0.66385425 -0.30607956
vn -0.67979062 -0.66641950 -0.30621849
vn -0.67968262 -0.66652389 -0.30623103
vn 0.53945602 0.78435400 -0.30622869
vn 0.53947323 0.78434338 -0.30622558
vn -0.53553648 -0.78685378 -0.30669497
vn -0.53549549 -0.78688305 -0.30669143
vn -0.92530163 -0.00162752 0.37922848
vn -0.92543598 -0.00528300 0.37886717
vn -0.83536037 -0.00742370 0.54965257
vn -0.83504811 -0.00232401 0.55017201
vn -0.98289119 0.01117357 -0.18384790
vn -0.98505137 0.03054272 -0.16953153
vn -0.99995992 0.00063277 0.00893116
vn -0.99998811 0.00030635 0.00486751
vn 0.98080827 0.00092674 -0.19497249
vn 0.98103906 0.00379374 -0.19377296
vn 0.92675427 0.00815590 -0.37557957
vn 0.92601460 0.00187432 -0.37748305
vn -0.98064687 -0.00085464 0.19578302
vn -0.98065003 -0.00280751 0.19574893
vn 0.99999340 0.00002037 -0.00363229
vn 0.99999520 0.00020593 -0.00309120
vn -0.99999385 -0.00001210 0.00350647
vn -0.99999216 0.00009263 0.00395849
vn 0.98231030 -0.00082943 0.18725861
vn 0.98230945 -0.00281187 0.18724380
vn -0.98207194 0.00087247 -0.18850450
vn -0.98226427 0.00349654 -0.18746912
vn 0.92872108 -0.00160472 0.37077564
vn 0.92885594 -0.00535627 0.37040242
vn -0.83792628 0.00279685 -0.54577625
vn -0.83930638 0.01300312 -0.54350319
vn -0.92863320 0.00761981 -0.37092089
vn -0.92799898 0.00180230 -0.37257837
vn 0.78164149 -0.00263570 0.62372240
vn 0.78229591 -0.00895951 0.62284255
vn 0.83952614 -0.00753836 0.54326700
vn 0.83920405 -0.00231559 0.54381174
vn -0.77969786 0.00337962 -0.62614681
vn -0.78158919 0.01665503 -0.62357112
vn 0.56678377 -0.00343658 0.82385942
vn 0.56733166 -0.01080560 0.82341850
vn 0.64604616 -0.00968028 0.76323695
vn 0.64546392 -0.00320285 0.76378405
vn -0.56309122 0.00489866 -0.82638023
vn -0.56680247 0.03203004 -0.82323085
vn -0.64360908 0.02443123 -0.76496436
vn -0.64191154 0.00425440 -0.76676690
vn 0.39297265 -0.00380416 0.91954229
vn 0.39344569 -0.01185494 0.91927142
vn -0.38802725 0.00594599 -0.92162872
vn -0.39278423 0.04994744 -0.91827327
vn 0.20062684 -0.00403488 0.97965943
vn 0.20090756 -0.01248970 0.97953058
vn -0.19769764 0.00679557 -0.98023949
vn -0.20185550 0.07382909 -0.97662870
vn -0.19538125 -0.00403480 0.98071907
vn -0.19562425 -0.01244548 0.98059995
vn 0.00259507 -0.01268006 0.99991624
vn 0.00258563 -0.00410909 0.99998821
vn 0.20207627 0.00682751 -0.97934599
vn 0.20537841 0.07498772 -0.97580559
vn 0.00098577 0.08825362 -0.99609755
vn 0.00163865 0.00716193 -0.99997301
vn -0.38730326 -0.00380019 0.92194454
vn -0.38773781 -0.01176290 0.92169465
vn 0.39189136 0.00605674 -0.91999156
vn 0.39642661 0.05142194 -0.91662519
vn -0.56077130 -0.00342796 0.82796365
vn -0.56129184 -0.01069558 0.82754883
vn 0.56441870 0.00500426 -0.82547350
vn 0.56829038 0.03349102 -0.82214622
vn -0.63949972 -0.00320062 0.76878467
vn -0.64017419 -0.00957588 0.76817010
vn 0.83805507 0.01382789 -0.54541038
vn 0.83647273 0.00287191 -0.54800102
vn 0.64234180 0.00435142 -0.76640594
vn 0.64544012 0.02561480 -0.76338125
vn -0.77800282 -0.00881088 0.62819900
vn -0.77745767 -0.00263863 0.62892973
vn 0.78002724 0.01780678 -0.62549214
vn 0.77880325 0.00347723 -0.62725864
vn -0.64931597 0.66998539 -0.35987268
vn -0.66750567 0.72516882 -0.16901584
vn -0.73987670 0.65771934 -0.14137800
vn -0.76647962 0.58400439 -0.26729733
vn 0.93001896 -0.01767498 0.36708627
vn 0.93429955 -0.05480174 0.35225149
vn 0.98334600 -0.02737062 0.17967049
vn 0.98254070 -0.00905894 0.18582707
vn -0.84377686 0.03930790 -0.53525274
vn -0.85667835 0.09560542 -0.50691401
vn -0.93767614 0.06169015 -0.34199091
vn -0.93079909 0.02372126 -0.36476068
vn 0.78617848 -0.03138016 0.61720230
vn 0.76595307 -0.12744628 0.63013755
vn 0.85120932 -0.08114116 0.51851597
vn 0.84191967 -0.02545221 0.53900228
vn -0.78787618 0.04963676 -0.61383004
vn -0.76245191 0.14415043 -0.63078344
vn 0.57119792 -0.03768916 0.81994662
vn 0.51631859 -0.13005585 0.84646358
vn 0.65383064 -0.05286377 0.75479196
vn 0.64987095 -0.03269142 0.75934117
vn -0.57630449 0.09035919 -0.81222433
vn -0.56962830 0.17023138 -0.80408014
vn -0.65638968 0.09441705 -0.74849049
vn -0.65100857 0.07044589 -0.75579443
vn 0.39271197 -0.05367025 0.91809412
vn 0.42013453 -0.14387046 0.89598452
vn -0.40316457 0.13632468 -0.90491652
vn -0.42236726 0.24668860 -0.87221020
vn 0.20906040 -0.05117795 0.97656263
vn 0.23823984 -0.14556498 0.96023571
vn -0.20962530 0.19611883 -0.95791160
vn -0.22195376 0.33052994 -0.91732573
vn -0.19750058 -0.04441793 0.97929595
vn -0.20593270 -0.15394385 0.96638140
vn 0.00276965 -0.15742415 0.98752720
vn 0.00263859 -0.04525714 0.99897189
vn 0.21176828 0.19589391 -0.95748617
vn 0.22409980 0.32780279 -0.91778244
vn 0.00002010 0.38033291 -0.92484965
vn -0.00001701 0.23061265 -0.97304563
vn -0.39106079 -0.04183929 0.91941336
vn -0.40551643 -0.14323973 0.90279500
vn 0.40626440 0.13613265 -0.90355804
vn 0.42508728 0.24363840 -0.87174603
vn -0.56514246 -0.03775760 0.82412885
vn -0.58790436 -0.13900784 0.79689729
vn 0.57769602 0.09071175 -0.81119584
vn 0.59788695 0.17996544 -0.78111691
vn -0.64415404 -0.03283689 0.76419063
vn -0.65534382 -0.11742304 0.74614764
vn 0.92904912 0.02426666 -0.36915966
vn 0.93594136 0.06216359 -0.34662582
vn 0.85533967 0.09547815 -0.50919346
vn 0.84267385 0.03984341 -0.53694812
vn 0.65464392 0.07090373 -0.75260481
vn 0.67384379 0.15697543 -0.72200642
vn -0.83781022 -0.02561534 0.54536033
vn -0.84730289 -0.08183566 0.52476731
vn -0.79738218 -0.10389561 0.59446393
vn -0.78179809 -0.03141105 0.62273998
vn 0.79851465 0.11033716 -0.59177704
vn 0.78506589 0.05024572 -0.61737097
vn -0.92666220 -0.01795787 0.37546594
vn -0.93114409 -0.05574612 0.36036518
vn 0.98173674 0.01164255 -0.18988793
vn 0.98398682 0.03119645 -0.17548992
vn -0.98092502 -0.00937007 0.19416052
vn -0.98181448 -0.02828247 0.18772434
vn 0.99999788 0.00066316 -0.00195181
vn 0.99999638 0.00134321 0.00233144
vn 0.21324920 0.95825842 -0.19043523
vn 0.20434222 0.97697748 -0.06131276
vn 0.00213346 0.99749013 -0.07077344
vn 0.00381070 0.97531930 -0.22076626
vn 0.47551174 -0.78483797 0.39738891
vn 0.50409029 -0.85037727 0.15083595
vn 0.58541098 -0.79938696 0.13518313
vn 0.61427660 -0.72707507 0.30663676
vn -0.40794558 0.82048943 -0.40047160
vn -0.41986845 0.86905490 -0.26163728
vn -0.51183407 0.83204451 -0.21384062
vn -0.52047267 0.81154009 -0.26553885
vn 0.18088155 -0.92410146 0.33662793
vn 0.21067300 -0.96369848 0.16401866
vn 0.31411341 -0.93701868 0.15273756
vn 0.32210945 -0.91986488 0.22381712
vn -0.23040720 0.82567277 -0.51495340
vn -0.21849431 0.90899145 -0.35495744
vn -0.22068456 -0.89717412 0.38259237
vn -0.20545631 -0.96474067 0.16450879
vn 0.00270918 -0.98575299 0.16817762
vn 0.00285378 -0.91969058 0.39263353
vn 0.23781086 0.82233414 -0.51692607
vn 0.22716879 0.90545616 -0.35852961
vn 0.00500354 0.90810793 -0.41870629
vn 0.00377562 0.81997439 -0.57238775
vn -0.43011778 -0.83098470 0.35279332
vn -0.40410387 -0.90174743 0.15346543
vn -0.94655623 0.29547686 -0.12932408
vn -0.93648552 0.34468655 -0.06469967
vn -0.98457718 0.17212285 -0.03132883
vn -0.98760666 0.14368340 -0.06315195
vn 0.44859557 0.78679618 -0.42392662
vn 0.42595127 0.86486139 -0.26566952
vn -0.61563750 -0.72468316 0.30955579
vn -0.58123880 -0.80202677 0.13753007
vn 0.62563776 0.70100278 -0.34230468
vn 0.59731869 0.77756529 -0.19647543
vn -0.75256121 -0.60225955 0.26633636
vn -0.72854623 -0.67492828 0.11701370
vn 0.94539856 0.29811045 -0.13172595
vn 0.93544419 0.34681404 -0.06829494
vn 0.86845648 0.48354324 -0.10940422
vn 0.87318086 0.44476431 -0.19934867
vn 0.69735391 0.64523815 -0.31203406
vn 0.72012792 0.67947753 -0.14044953
vn -0.81302244 -0.54069864 0.21596179
vn -0.82154051 -0.56416990 0.08236212
vn 0.86620467 -0.46138926 0.19185783
vn 0.85002768 -0.51948959 0.08708339
vn 0.93365862 -0.35331482 0.05873860
vn 0.94132126 -0.31203699 0.12863591
vn 0.80795802 0.56583555 -0.16442009
vn 0.82054114 0.52332930 -0.22986664
vn -0.93891002 -0.31797099 0.13169063
vn -0.94659465 -0.31519462 0.06790375
vn -0.89997888 -0.42316368 0.10474019
vn -0.91048887 -0.37673507 0.17053067
vn 0.98687320 0.14749298 -0.06578075
vn 0.98384797 0.17560746 -0.03471598
vn -0.98372285 -0.16634430 0.06796272
vn -0.98201503 -0.18609071 0.03188609
vn 0.99997608 -0.00691588 0.00002362
vn 0.99999455 -0.00246041 -0.00220291
vn -0.99993197 -0.01134819 0.00269816
vn -0.99997677 -0.00676847 0.00081011
vn 0.98487749 -0.16062911 0.06492003
vn 0.98317664 -0.18033018 0.02906407
vn -0.87388114 0.44428709 -0.19733407
vn -0.85480319 0.50907506 -0.10076750
vn 0.75753855 -0.60210835 0.25219213
vn 0.73306254 -0.67071126 0.11298547
vn 0.71827130 0.69512571 -0.02977547
vn 0.78177227 0.62300458 -0.02640848
vn 0.78100498 0.62441498 -0.01171124
vn 0.71723178 0.69672437 -0.01239826
vn -0.39195811 -0.91763883 0.06563404
vn -0.38815870 -0.92128619 0.02376089
vn -0.19662614 -0.98016795 0.02467711
vn -0.19903529 -0.97752555 0.06948919
vn -0.93026094 0.36571852 -0.02940304
vn -0.92766191 0.37334909 -0.00733778
vn -0.98175814 0.19012441 -0.00191445
vn -0.98257510 0.18538511 -0.01336165
vn 0.40712894 0.90228845 -0.14185054
vn 0.39628953 0.91682930 -0.04877136
vn -0.56662176 -0.82184496 0.05925063
vn -0.56243520 -0.82655350 0.02181669
vn -0.19858611 0.97853376 -0.05509291
vn -0.20652751 0.96090374 -0.18441908
vn 0.57852356 0.80914977 -0.10289386
vn 0.56918664 0.82132268 -0.03815274
vn -0.71723731 -0.69498279 0.05069091
vn -0.71348558 -0.70040840 0.01914171
vn 0.93011891 0.36566169 -0.03421013
vn 0.92844736 0.37111854 -0.01601646
vn 0.88853762 0.45844395 -0.01816720
vn 0.89092848 0.45226519 -0.04126300
vn 0.72511386 0.68455899 -0.07475881
vn -0.83914936 -0.54240599 0.04030006
vn -0.83664303 -0.54751865 0.01586705
vn 0.84134768 -0.53917986 0.03767181
vn 0.83806016 -0.54546304 0.01119113
vn 0.92738367 -0.37405848 0.00630786
vn 0.92928719 -0.36848882 0.02532400
vn 0.78673212 0.61396465 -0.06403114
vn -0.88857903 -0.45755578 0.03271110
vn -0.88680811 -0.46195190 0.01310759
vn 0.98231353 0.18639036 -0.01785393
vn 0.98194872 0.18887623 -0.01012298
vn -0.98139763 -0.19135486 0.01555660
vn -0.98119584 -0.19286564 0.00758710
vn -0.95880214 -0.28387864 0.01055349
vn -0.95945237 -0.28085965 0.02385372
vn 0.99999671 -0.00084759 -0.00242250
vn 0.99998979 -0.00153057 -0.00425243
vn -0.99999489 -0.00279369 0.00155219
vn -0.99999446 -0.00134588 0.00304448
vn 0.98207940 -0.18808382 0.01202195
vn 0.98144228 -0.19175396 0.00121567
vn -0.84325921 0.53541012 -0.04743323
vn -0.83823544 0.54514900 -0.01318784
vn 0.72042297 -0.69182923 0.04861126
vn 0.71596963 -0.69795845 0.01553982
vn -0.72342909 0.68698391 -0.06858172
vn -0.71553300 0.69830204 -0.01966706
vn 0.57104972 -0.81888714 0.05767219
vn 0.56625633 -0.82400718 0.01912940
vn -0.65018808 0.75509425 -0.08419106
vn -0.64237709 0.76600120 -0.02436878
vn 0.48788013 -0.87062564 0.06311873
vn 0.48297280 -0.87537579 0.02131925
vn -0.40149457 0.90572699 -0.13587031
vn -0.39089076 0.91954528 -0.04050800
vn -0.48026463 0.87652047 -0.03252301
vn -0.49198329 0.86383860 -0.10832972
vn 0.20392157 -0.97653847 0.06919981
vn 0.20178649 -0.97913341 0.02408290
vn 0.29991857 -0.95370139 0.02241690
vn 0.30327716 -0.95065608 0.06539098
vn 0.00204839 -0.99968517 0.02500725
vn 0.00242247 -0.99748733 0.07080359
vn -0.88715817 -0.46142366 0.00621225
vn -0.83769455 -0.54610215 0.00634676
vn 0.98244132 0.18646664 -0.00626527
vn 0.92905921 0.36984495 -0.00798129
vn -0.98196861 -0.18894213 0.00620718
vn -0.95942039 -0.28190135 0.00664429
vn 0.99997942 -0.00456916 -0.00450288
vn -0.99997746 0.00317802 0.00591442
vn 0.98059443 -0.19602775 -0.00277063
vn -0.98065016 0.19568927 0.00556564
vn 0.92567032 -0.37832849 -0.00141934
vn -0.83520603 0.54992796 0.00318064
vn -0.92538493 0.37900032 0.00463645
vn 0.71339581 -0.70076055 0.00103740
vn 0.83594262 -0.54881679 -0.00025891
vn -0.71192538 0.70225269 0.00184604
vn 0.56371624 -0.82596588 0.00209162
vn -0.63994037 0.76842449 0.00035242
vn 0.48079589 -0.87682913 0.00244635
vn -0.38812440 0.92159911 -0.00381202
vn -0.47667894 0.87907620 -0.00148952
vn 0.20159168 -0.97946255 0.00372808
vn 0.29866013 -0.95435366 0.00334978
vn -0.19618017 0.98054688 -0.00641462
vn 0.00121806 -0.99998697 0.00495712
vn 0.20061707 0.97956308 -0.01445595
vn 0.00058624 0.99989417 -0.01453605
vn -0.38783310 -0.92171466 0.00525119
vn -0.19724595 -0.98034104 0.00504706
vn 0.39289812 0.91946949 -0.01438447
vn -0.56273489 -0.82661747 0.00574567
vn 0.56705453 0.82356597 -0.01372055
vn -0.71409677 -0.70002127 0.00600176
vn 0.88871452 0.45838197 -0.00851264
vn 0.64749874 -0.34283225 0.68059638
vn 0.63748106 -0.53994642 0.54961420
vn 0.77079923 -0.44833318 0.45262115
vn 0.74787332 -0.26681881 0.60785954
vn -0.76846838 0.26651219 -0.58174531
vn -0.78385850 0.43905139 -0.43908965
vn -0.88581593 0.32883168 -0.32741391
vn -0.87538825 0.19783339 -0.44108658
vn 0.87695228 -0.34163738 0.33799201
vn 0.86800366 -0.19426026 0.45698205
vn -0.95254745 0.21601837 -0.21445143
vn -0.94737453 0.13009425 -0.29250127
vn 0.94227809 -0.13028413 0.30844456
vn 0.94648886 -0.22953524 0.22687532
vn 0.98614609 -0.11814355 0.11643879
vn 0.98518193 -0.06598309 0.15831237
vn -0.98784658 0.06385745 -0.14170869
vn -0.98927322 0.10386262 -0.10271833
vn -0.99991067 -0.00928034 0.00961933
vn -0.99992653 -0.00234145 0.01189351
vn 0.99996746 -0.00607883 0.00530337
vn 0.99998140 -0.00069764 0.00605986
vn -0.98501870 -0.12227518 0.12160155
vn -0.98387380 -0.06814870 0.16537262
vn 0.98855191 0.10664409 -0.10673410
vn 0.98697078 0.06530818 -0.14704937
vn -0.94412975 -0.23391396 0.23217078
vn -0.93957198 -0.13257911 0.31563790
vn 0.95129700 0.21807727 -0.21789064
vn 0.94585032 0.13117935 -0.29691606
vn -0.88274095 -0.29687133 0.36419202
vn -0.86333190 -0.20026008 0.46319967
vn 0.87408003 0.19778059 -0.44369689
vn 0.88481899 0.32924278 -0.32968855
vn 0.83413214 0.38902102 -0.39100667
vn 0.82048386 0.22714491 -0.52460596
vn -0.81886211 -0.31985101 0.47661323
vn -0.82255967 -0.24692844 0.51227135
vn 0.69994965 0.30677103 -0.64495117
vn 0.70705394 0.38590965 -0.59257781
vn 0.63694309 0.42277062 -0.64464603
vn 0.62605405 0.33297657 -0.70511200
vn -0.66243907 -0.27875947 0.69531837
vn -0.73095301 -0.39206106 0.55856587
vn -0.61353775 -0.40298217 0.67909999
vn -0.61304854 -0.30839932 0.72736604
vn 0.45712704 0.49249632 -0.74059587
vn 0.44764103 0.40314583 -0.79817977
vn 0.00087275 0.51845977 -0.85510157
vn 0.00138931 0.56869398 -0.82254801
vn -0.23691761 0.54883593 -0.80165402
vn -0.23214488 0.48086183 -0.84550615
vn -0.45014569 -0.47162614 0.75824643
vn -0.45600149 -0.35889165 0.81440741
vn 0.24109978 0.54612378 -0.80225913
vn 0.23552534 0.47650962 -0.84703388
vn -0.22655935 -0.52699782 0.81911181
vn -0.22198590 -0.38863891 0.89424944
vn 0.00296793 -0.39900176 0.91694536
vn 0.00300391 -0.54106372 0.84097623
vn 0.23252786 -0.52629802 0.81788825
vn 0.22790003 -0.38812406 0.89298449
vn -0.45336470 0.49591646 -0.74062630
vn -0.44445601 0.40787546 -0.79755656
vn 0.35028043 -0.50690801 0.78762167
vn 0.41411554 -0.30168989 0.85877327
vn -0.54480032 0.46170669 -0.70001396
vn -0.53637653 0.37239691 -0.75737755
vn 0.57289607 -0.42534501 0.70062238
vn 0.48611394 -0.67123070 0.55959144
vn -0.69869382 0.29939378 -0.64976174
vn -0.66752372 0.55896150 -0.49190866
vn -0.81411723 -0.48325685 0.32198750
vn -0.76277975 -0.53734343 0.35976256
vn 0.70587689 0.59097025 -0.39050222
vn 0.63670179 0.63874702 -0.43198736
vn -0.63357539 -0.65430323 0.41287952
vn 0.45749038 0.72586714 -0.51363358
vn 0.00339956 0.78186122 -0.62344324
vn -0.23539163 0.77634393 -0.58470581
vn -0.43815444 -0.76033670 0.47948806
vn 0.24231713 0.77260908 -0.58681993
vn -0.22530481 -0.82417880 0.51958353
vn 0.00296729 -0.84593945 0.53327070
vn 0.11844072 -0.84000639 0.52949131
vn -0.34534575 0.76736432 -0.54026689
vn 0.34878442 -0.79282411 0.49977931
vn 0.34867123 -0.79290073 0.49973674
vn -0.54405471 0.68744263 -0.48106870
vn -0.54392009 0.68639913 -0.48270817
vn -0.68443905 0.21882381 -0.69545620
vn 0.52148145 -0.19154617 0.83148491
vn 0.66837805 -0.19187370 0.71864822
vn -0.89034968 -0.45289545 0.04650971
vn 0.79044452 0.60662527 -0.08487194
vn 0.00003094 -0.00001369 -1.00000000
vn -0.00000900 0.00001936 -1.00000000
vn 0.00001332 0.00000415 -1.00000000
vn -0.64197079 0.00000000 -0.76672910
vn -0.56393935 0.00000000 -0.82581621
vn -0.56394158 0.00000000 -0.82581468
vn -0.64197079 0.00000000 -0.76672910
vn 0.83501944 0.00000000 0.55022044
vn 0.77727747 0.00000000 0.62915796
vn 0.77727747 0.00000000 0.62915796
vn 0.83502029 0.00000000 0.55021915
vn -0.83917177 0.00000000 0.54386648
vn -0.92874322 0.00000000 0.37072365
vn -0.92874312 0.00000000 0.37072392
vn -0.83917588 0.00000000 0.54386013
vn -0.83615708 0.00000000 -0.54849005
vn -0.77861320 0.00000000 -0.62750417
vn -0.77861320 0.00000000 -0.62750417
vn -0.83615325 0.00000000 -0.54849589
vn 0.92530450 0.00000000 0.37922496
vn 0.92530479 0.00000000 0.37922427
vn -0.98072388 0.00000000 -0.19539877
vn -0.92582153 0.00000000 -0.37796098
vn -0.92582183 0.00000000 -0.37796023
vn -0.98072384 0.00000000 -0.19539893
vn 0.98067092 0.00000000 0.19566439
vn 0.98067084 0.00000000 0.19566477
vn -0.99999240 0.00000000 -0.00389883
vn -0.99999237 0.00000000 -0.00390635
vn 0.99999472 0.00000000 0.00324968
vn 0.99999474 0.00000000 0.00324429
vn -0.98233702 0.00000000 0.18712022
vn -0.98233557 0.00000000 0.18712783
vn 0.98200238 0.00000000 -0.18886855
vn 0.98200166 0.00000000 -0.18887228
vn 0.83761292 0.00000000 -0.54626422
vn 0.92781155 0.00000000 -0.37304922
vn 0.92781366 0.00000000 -0.37304397
vn 0.83761546 0.00000000 -0.54626033
vn -0.78142956 0.00000000 0.62399346
vn -0.78142956 0.00000000 0.62399346
vn 0.77946321 0.00000000 -0.62644801
vn 0.77946321 0.00000000 -0.62644801
vn -0.56668860 0.00000000 0.82393205
vn -0.64526086 0.00000000 0.76396232
vn -0.64526086 0.00000000 0.76396232
vn -0.56668718 0.00000000 0.82393303
vn 0.56264915 0.00000000 -0.82669579
vn 0.64168334 0.00000000 -0.76696968
vn 0.64168334 0.00000000 -0.76696968
vn 0.56265010 0.00000000 -0.82669515
vn -0.39287364 0.00000000 0.91959247
vn -0.39287312 0.00000000 0.91959269
vn 0.38762943 0.00000000 -0.92181529
vn 0.38763191 0.00000000 -0.92181424
vn -0.20058208 0.00000000 0.97967690
vn -0.20058097 0.00000000 0.97967713
vn 0.19743469 0.00000000 -0.98031604
vn 0.19743692 0.00000000 -0.98031559
vn 0.19530168 0.00000000 0.98074321
vn -0.00258586 0.00000000 0.99999666
vn -0.00258402 0.00000000 0.99999666
vn 0.19530552 0.00000000 0.98074245
vn -0.20182792 0.00000000 -0.97942100
vn -0.00165338 0.00000000 -0.99999863
vn -0.00165221 0.00000000 -0.99999864
vn -0.20182831 0.00000000 -0.97942092
vn 0.38717027 0.00000000 0.92200823
vn 0.38717202 0.00000000 0.92200750
vn -0.39150326 0.00000000 -0.92017672
vn -0.39150223 0.00000000 -0.92017716
vn 0.56064023 0.00000000 0.82805950
vn 0.56064024 0.00000000 0.82805949
vn 0.63923975 0.00000000 0.76900750
vn 0.63923975 0.00000000 0.76900750
vn -0.88584907 -0.46397352 0.00000000
vn -0.88584907 -0.46397352 0.00000000
vn -0.83634685 -0.54820065 0.00000000
vn -0.83634388 -0.54820517 0.00000000
vn 0.71197787 0.70220190 0.00000000
vn 0.71197715 0.70220263 0.00000000
vn 0.56095476 0.82784646 0.00000000
vn 0.56095477 0.82784645 0.00000000
vn -0.56424773 -0.82560553 -0.00000063
vn -0.56424635 -0.82560648 0.00000000
vn -0.39175841 -0.92006812 -0.00000929
vn -0.39175977 -0.92006754 -0.00000984
vn -0.00166260 -0.99999862 -0.00000008
vn -0.00166227 -0.99999862 -0.00000006
vn 0.19758882 -0.98028499 0.00000006
vn 0.19759026 -0.98028470 0.00000000
vn 0.38744708 0.92189195 0.00000000
vn 0.38744802 0.92189155 0.00000000
vn -0.20198166 -0.97938930 -0.00000418
vn -0.20198461 -0.97938870 -0.00000406
vn 0.92791974 -0.37278003 0.00000125
vn 0.92791704 -0.37278676 0.00000000
vn 0.98202723 -0.18873926 0.00002286
vn 0.98202622 -0.18874454 0.00002280
vn 0.19543260 0.98071714 0.00000000
vn 0.19543512 0.98071663 0.00000004
vn -0.00259538 0.99999663 0.00000002
vn -0.00259620 0.99999663 -0.00000007
vn -0.20072122 0.97964840 -0.00000005
vn -0.20071971 0.97964871 0.00000000
vn 0.29348967 -0.95596224 0.00000000
vn 0.29348967 -0.95596224 0.00000000
vn -0.39313251 0.91948183 0.00000000
vn -0.39313157 0.91948223 0.00000000
vn 0.47839142 -0.87814671 0.00000000
vn 0.47839142 -0.87814671 0.00000000
vn 0.56295035 -0.82649072 0.00000000
vn 0.56295131 -0.82649006 0.00000082
vn -0.48288562 0.87568344 0.00000000
vn -0.48288562 0.87568344 0.00000000
vn 0.71431219 -0.69982719 0.00001672
vn 0.71431137 -0.69982803 0.00001654
vn -0.64555630 0.76371268 0.00000000
vn -0.64555630 0.76371268 0.00000000
vn -0.71703949 0.69703255 0.00000000
vn -0.71703878 0.69703327 0.00000000
vn 0.83781215 -0.54595860 0.00000100
vn 0.83781530 -0.54595377 0.00000000
vn -0.83937076 0.54355931 0.00000000
vn -0.83937384 0.54355456 0.00000000
vn -0.92884455 0.37046970 0.00000000
vn -0.92884477 0.37046916 0.00000000
vn -0.98236573 0.18696947 0.00000000
vn -0.98236447 0.18697609 -0.00000131
vn 0.99999477 0.00323322 0.00000130
vn 0.99999480 0.00322633 0.00000000
vn -0.99999235 -0.00391204 -0.00002324
vn -0.99999232 -0.00391816 -0.00002325
vn 0.98069993 0.19551892 0.00000000
vn 0.98069973 0.19551991 0.00000000
vn -0.98075638 -0.19523556 -0.00000130
vn -0.98075629 -0.19523600 0.00000000
vn 0.92540776 0.37897293 0.00000000
vn 0.92540795 0.37897247 0.00000000
vn -0.95762764 -0.28800920 0.00000000
vn -0.95762764 -0.28800920 0.00000000
vn 0.88492195 0.46573935 0.00000000
vn 0.88492195 0.46573935 0.00000000
vn -0.71397454 -0.70017166 0.00000000
vn -0.71397720 -0.70016895 0.00000000
vn 0.77753569 0.62883881 0.00000000
vn 0.77753569 0.62883881 0.00000000
vn 0.71371367 -0.70043757 -0.00002729
vn 0.71370930 -0.70044203 -0.00002898
vn 0.56393925 -0.82581628 0.00001051
vn 0.56394230 -0.82581419 0.00001339
vn -0.83501823 0.55022227 0.00000000
vn -0.83501792 0.55022276 0.00000000
vn -0.71169802 0.70248553 0.00000000
vn -0.71169829 0.70248526 0.00000000
vn 0.88874673 0.45839858 0.00000000
vn 0.88874673 0.45839858 0.00000000
vn 0.92874492 0.37071940 0.00000000
vn 0.92874490 0.37071944 0.00000000
vn 0.83614619 -0.54850665 -0.00000211
vn 0.83614806 -0.54850380 0.00000000
vn -0.92530082 0.37923395 0.00000000
vn -0.92530075 0.37923413 0.00000000
vn 0.98072615 -0.19538733 0.00000000
vn 0.98072615 -0.19538735 0.00000000
vn 0.92582302 -0.37795732 0.00000000
vn 0.92582317 -0.37795696 0.00000000
vn -0.98066839 0.19567707 0.00000000
vn -0.98066846 0.19567669 0.00000000
vn 0.99999226 -0.00393439 0.00000000
vn 0.99999227 -0.00393112 0.00000000
vn -0.99999485 0.00320939 0.00000000
vn -0.99999484 0.00321357 -0.00000206
vn 0.98233473 0.18713225 0.00000000
vn 0.98233533 0.18712910 0.00000000
vn -0.98199433 -0.18891038 -0.00002439
vn -0.98199503 -0.18890676 -0.00002447
vn -0.83762329 -0.54624831 0.00000000
vn -0.83762168 -0.54625078 -0.00000148
vn -0.88755363 -0.46070440 0.00000000
vn -0.88755363 -0.46070440 0.00000000
vn 0.71676045 0.69731949 0.00000000
vn 0.71676084 0.69731908 0.00000000
vn 0.78140980 0.62401821 0.00000000
vn 0.78140980 0.62401821 0.00000000
vn -0.71404716 -0.70009760 -0.00001662
vn -0.71404870 -0.70009603 -0.00001811
vn 0.56669015 0.82393099 0.00000000
vn 0.56669047 0.82393077 0.00000000
vn -0.56264064 -0.82670159 -0.00001427
vn -0.56264202 -0.82670065 -0.00001337
vn 0.39286387 0.91959664 0.00000000
vn 0.39286457 0.91959634 0.00000000
vn -0.38762700 -0.92181631 -0.00000090
vn -0.38762646 -0.92181654 0.00000000
vn 0.20056971 0.97967943 0.00000000
vn 0.20057027 0.97967932 0.00000004
vn -0.19745029 -0.98031290 0.00000000
vn -0.19744974 -0.98031301 -0.00000005
vn -0.19528450 0.98074664 -0.00000004
vn -0.19528279 0.98074698 0.00000000
vn 0.00259133 0.99999664 0.00000006
vn 0.00259153 0.99999664 -0.00000003
vn 0.20183666 -0.97941920 0.00000505
vn 0.20183285 -0.97941998 0.00000463
vn 0.00165829 -0.99999863 0.00000016
vn 0.00165813 -0.99999863 0.00000006
vn -0.38718947 0.92200017 0.00000000
vn -0.38718860 0.92200054 0.00000000
vn -0.95944184 -0.28190665 -0.00000393
vn -0.95944157 -0.28190757 0.00000000
vn 0.29866206 -0.95435893 0.00000114
vn 0.29866180 -0.95435901 0.00000000
vn -0.47667947 0.87907718 0.00000000
vn -0.47667947 0.87907718 0.00000000
vn 0.48048223 -0.87700446 0.00000181
vn 0.48048185 -0.87700467 0.00000000
vn -0.63922805 0.76901723 0.00000000
vn -0.63922805 0.76901723 0.00000000
vn 0.00002542 -0.00004576 -1.00000000
vn 0.00001563 0.00000344 -1.00000000
vn 0.00001634 -0.00000102 -1.00000000
vn 0.00002599 0.00004610 -1.00000000
vn 0.00000756 -0.00001247 -1.00000000
vn 0.00005925 0.00008896 -0.99999999
vn 0.00039068 0.00031198 -0.99999988
vn -0.00006925 -0.00009623 -0.99999999
vn -0.00001148 -0.00002453 -1.00000000
vn 0.00051344 0.00004793 -0.99999987
vn -0.00045798 0.00005199 -0.99999989
vn -0.00004120 0.00001852 -1.00000000
vn -0.00026129 0.00022108 -0.99999994
vn -0.00028151 0.00023436 -0.99999993
vn 0.00001418 0.00002229 -1.00000000
vn 0.00002335 -0.00000021 -1.00000000
vn 0.00001212 -0.00009312 -1.00000000
vn 0.00000486 -0.00000417 -1.00000000
vn 0.00001216 -0.00011744 -0.99999999
vn 0.00001905 0.00003499 -1.00000000
vn 0.00001211 -0.00000768 -1.00000000
vn -0.00008297 -0.00010786 -0.99999999
vn -0.00028728 -0.00024126 -0.99999993
vn 0.00012139 0.00001515 -0.99999999
vn -0.00055276 0.00005588 -0.99999985
vn -0.00027551 0.00005493 -0.99999996
vn -0.00005549 0.00006587 -1.00000000
vn -0.00005392 0.00006484 -1.00000000
vn 0.00000377 0.00001476 -1.00000000
vn 0.00000709 0.00000316 1.00000000
vn -0.00001327 0.00000824 1.00000000
vn 0.00000789 -0.00002481 1.00000000
vn -0.20072123 0.97964840 0.00000000
vn -0.39313251 0.91948183 0.00000000
vn -0.39313134 0.91948233 0.00000000
vn -0.20071969 0.97964871 -0.00000002
vn 0.19758938 -0.98028488 0.00000037
vn 0.38790163 -0.92170078 0.00004521
vn 0.38789021 -0.92170559 0.00004544
vn 0.19759085 -0.98028458 0.00000001
vn 0.19544018 0.98071562 0.00002334
vn -0.00259587 0.99999663 -0.00000002
vn -0.00259610 0.99999663 0.00000006
vn 0.19542800 0.98071805 0.00002306
vn -0.20198286 -0.97938906 -0.00000002
vn -0.00166202 -0.99999862 -0.00000004
vn -0.00166253 -0.99999862 -0.00000001
vn -0.20198360 -0.97938890 0.00000000
vn 0.38744656 0.92189217 0.00000038
vn 0.38744749 0.92189177 0.00000061
vn 0.92791805 -0.37278422 0.00010832
vn 0.98202679 -0.18874160 0.00000000
vn 0.98202592 -0.18874611 0.00000126
vn 0.92791867 -0.37278270 0.00010842
vn -0.39175974 -0.92006756 0.00000000
vn -0.39175832 -0.92006816 0.00000000
vn 0.47696284 0.87892346 0.00005512
vn 0.47696288 0.87892344 0.00005634
vn -0.48080014 -0.87683021 0.00000000
vn -0.48080014 -0.87683021 0.00000000
vn 0.71197627 0.70220353 0.00000083
vn 0.63952734 0.76876835 0.00007554
vn 0.63952729 0.76876839 0.00007389
vn 0.71197695 0.70220283 0.00000000
vn -0.92592600 -0.37770496 -0.00010818
vn -0.83634699 -0.54820044 0.00000000
vn -0.83634386 -0.54820520 -0.00000117
vn -0.92592840 -0.37769906 -0.00010934
vn -0.71397474 -0.70017146 0.00000000
vn -0.64228580 -0.76646524 0.00000000
vn -0.64228580 -0.76646524 0.00000000
vn -0.71397740 -0.70016875 0.00000000
vn 0.83521899 0.54991749 0.00000000
vn 0.83522012 0.54991576 0.00000000
vn -0.83937076 0.54355931 0.00000000
vn -0.88888971 0.45812124 0.00000000
vn -0.88888971 0.45812124 0.00000000
vn -0.83937398 0.54355434 0.00000000
vn 0.92540776 0.37897293 0.00000000
vn 0.92540795 0.37897247 0.00000000
vn -0.98075601 -0.19523740 -0.00011582
vn -0.98075652 -0.19523482 -0.00011451
vn 0.98069994 0.19551889 0.00000000
vn 0.98069978 0.19551965 0.00000000
vn -0.99999235 -0.00391186 -0.00000131
vn -0.99999232 -0.00391825 -0.00000132
vn 0.99999477 0.00323300 0.00000000
vn 0.99999480 0.00322633 0.00000000
vn -0.98236546 0.18697083 -0.00011472
vn -0.98236469 0.18697485 -0.00011477
vn -0.96017955 0.27938366 -0.00000252
vn -0.96017953 0.27938374 0.00000000
vn 0.83781317 -0.54595704 0.00000116
vn 0.83781629 -0.54595226 0.00000000
vn -0.71703951 0.69703253 0.00000000
vn -0.71703879 0.69703326 0.00000000
vn 0.77970435 -0.62614784 0.00000000
vn 0.77970435 -0.62614784 0.00000000
vn -0.56699219 0.82372317 0.00000000
vn -0.56699134 0.82372375 0.00000000
vn 0.56295142 -0.82648998 0.00000000
vn 0.64198469 -0.76671745 0.00000000
vn 0.64198469 -0.76671745 0.00000000
vn 0.56295244 -0.82648929 0.00000061
vn -0.00004700 -0.00011475 0.99999999
vn -0.00000837 0.00007930 1.00000000
vn -0.00000461 -0.00003829 1.00000000
vn -0.00001408 0.00000797 1.00000000
vn -0.00001211 0.00000221 1.00000000
vn -0.00005953 0.00009045 0.99999999
vn -0.00045902 0.00035586 0.99999983
vn 0.00007487 -0.00010407 0.99999999
vn -0.00055491 0.00005176 0.99999984
vn 0.00049737 0.00005615 0.99999987
vn 0.00003880 0.00001801 1.00000000
vn 0.00029815 0.00024991 0.99999992
vn 0.00031228 0.00025918 0.99999992
vn 0.00001079 0.00002675 1.00000000
vn 0.00001101 0.00010774 0.99999999
vn -0.00001392 -0.00001793 1.00000000
vn -0.00001238 -0.00011832 0.99999999
vn -0.00001225 -0.00003650 1.00000000
vn 0.00000369 -0.00003902 1.00000000
vn 0.00001190 -0.00005139 1.00000000
vn 0.00008506 -0.00010901 0.99999999
vn -0.00000494 -0.00002962 1.00000000
vn 0.00035525 -0.00028529 0.99999990
vn 0.00046673 0.00005541 0.99999989
vn 0.00024585 0.00005466 0.99999997
vn 0.00002168 0.00003169 1.00000000
vn 0.00006156 0.00006023 1.00000000
vn 0.00001593 0.00003016 1.00000000
vn -0.00000916 0.00000321 1.00000000
vn 0.00002180 1.00000000 0.00003346
vn 0.00003525 1.00000000 0.00004220
vn 0.00003530 1.00000000 0.00004218
vn 0.00002180 1.00000000 0.00003353
vn 0.38774672 0.00000000 -0.92176596
vn 0.56279806 0.00000000 -0.82659443
vn 0.56279806 0.00000000 -0.82659443
vn 0.38774672 0.00000000 -0.92176596
vn 0.00000000 1.00000000 0.00000000
vn -0.00002895 1.00000000 -0.00004477
vn -0.00002899 1.00000000 -0.00004472
vn 0.00000000 1.00000000 0.00000000
vn 0.00000000 1.00000000 0.00000000
vn 0.00000000 1.00000000 0.00000000
vn 0.00000000 1.00000000 0.00000000
vn 0.00000000 1.00000000 0.00000000
vn 0.00000000 1.00000000 0.00000000
vn 0.00000000 1.00000000 0.00000000
vn 0.00000000 1.00000000 0.00000000
vn 0.00000000 1.00000000 0.00000000
vn 0.00000000 1.00000000 0.00000000
vn 0.00000000 1.00000000 0.00000000
vn 0.00000000 1.00000000 0.00000000
vn 0.00000000 1.00000000 0.00000000
vn 0.00000000 1.00000000 0.00000000
vn 0.00000000 1.00000000 0.00000000
vn 0.00000000 1.00000000 0.00000000
vn 0.00000000 1.00000000 0.00000000
vn 0.00000000 1.00000000 0.00000000
vn 0.00000000 1.00000000 0.00000000
vn 0.00001036 1.00000000 -0.00000208
vn 0.00000503 1.00000000 0.00000001
vn 0.00000503 1.00000000 -0.00000003
vn 0.00001036 1.00000000 -0.00000216
vn 0.00000000 1.00000000 0.00000000
vn 0.00000000 1.00000000 0.00000000
vn -0.00001591 1.00000000 0.00000325
vn 0.00000000 1.00000000 0.00000000
vn 0.00000000 1.00000000 0.00000000
vn -0.00001583 1.00000000 0.00000337
vn -0.00000246 1.00000000 0.00000110
vn -0.00000245 1.00000000 0.00000112
vn 0.00000915 1.00000000 -0.00004334
vn 0.00000916 1.00000000 -0.00004346
vn 0.00000028 1.00000000 -0.00000024
vn 0.00000021 1.00000000 -0.00000023
vn -0.00001757 1.00000000 0.00001176
vn -0.00001749 1.00000000 0.00001189
vn -0.00001727 1.00000000 0.00001193
vn -0.00001736 1.00000000 0.00001179
vn 0.00000000 1.00000000 0.00000000
vn 0.00000000 1.00000000 0.00000000
vn 0.00000000 1.00000000 0.00000000
vn 0.00000000 1.00000000 0.00000000
vn -0.00000451 1.00000000 0.00001094
vn 0.00000672 1.00000000 -0.00004144
vn 0.00000676 1.00000000 -0.00004141
vn -0.00000439 1.00000000 0.00001088
vn -0.00006310 1.00000000 0.00004005
vn -0.00006317 1.00000000 0.00003998
vn 0.00000601 1.00000000 -0.00000915
vn 0.00000594 1.00000000 -0.00000920
vn -0.00001589 1.00000000 0.00000648
vn -0.00001595 1.00000000 0.00000635
vn -0.00001556 1.00000000 -0.00000856
vn -0.00001554 1.00000000 -0.00000855
vn 0.00000020 1.00000000 -0.00000029
vn 0.00000021 1.00000000 -0.00000029
vn -0.00001686 1.00000000 -0.00000316
vn -0.00001686 1.00000000 -0.00000318
vn -0.00000209 1.00000000 0.00001016
vn -0.00000202 1.00000000 0.00001017
vn 0.00000024 1.00000000 -0.00005138
vn 0.00000019 1.00000000 -0.00005137
vn 0.00000019 1.00000000 -0.00005355
vn 0.00000012 1.00000000 -0.00005352
vn 0.00001000 1.00000000 0.00005261
vn 0.00001007 1.00000000 0.00005257
vn 0.00000000 -1.00000000 0.00000000
vn 0.00000000 -1.00000000 0.00000000
vn 0.00000000 -1.00000000 0.00000000
vn 0.00000000 -1.00000000 0.00000000
vn -0.29934247 0.00000000 0.95414574
vn -0.39299141 0.00000000 0.91954214
vn -0.39299141 0.00000000 0.91954214
vn -0.29934247 0.00000000 0.95414574
vn 0.19751260 0.00000000 -0.98030035
vn 0.19751260 0.00000000 -0.98030035
vn 0.19536900 0.00000000 0.98072981
vn -0.00259249 0.00000000 0.99999664
vn -0.00259221 0.00000000 0.99999664
vn 0.19537005 0.00000000 0.98072960
vn -0.09985907 0.00000000 0.99500159
vn -0.09985907 0.00000000 0.99500159
vn -0.20189967 0.00000000 -0.97940621
vn -0.10302337 0.00000000 -0.99467894
vn -0.10302337 0.00000000 -0.99467894
vn -0.20190092 0.00000000 -0.97940595
vn 0.38730366 0.00000000 0.92195221
vn 0.38730339 0.00000000 0.92195232
vn 0.92786183 0.00000000 -0.37292415
vn 0.98201093 0.00000000 -0.18882410
vn 0.98201000 0.00000000 -0.18882890
vn 0.92786420 0.00000000 -0.37291825
vn -0.39162394 0.00000000 -0.92012536
vn -0.39162393 0.00000000 -0.92012537
vn 0.56078240 0.00000000 0.82796323
vn 0.56078153 0.00000000 0.82796381
vn 0.09972558 0.00000000 -0.99501498
vn 0.09972558 0.00000000 -0.99501498
vn -0.56409568 0.00000000 -0.82570943
vn -0.56409844 0.00000000 -0.82570755
vn 0.71182937 0.00000000 0.70235244
vn 0.71182937 0.00000000 0.70235244
vn -0.92586866 0.00000000 -0.37784549
vn -0.83622969 0.00000000 -0.54837934
vn -0.83622711 0.00000000 -0.54838328
vn -0.92586918 0.00000000 -0.37784424
vn -0.71381914 0.00000000 -0.70033009
vn -0.71382250 0.00000000 -0.70032666
vn 0.83510710 0.00000000 0.55008739
vn 0.83510768 0.00000000 0.55008650
vn -0.83925878 0.00000000 0.54373219
vn -0.92878747 0.00000000 0.37061279
vn -0.92878749 0.00000000 0.37061272
vn -0.83926242 0.00000000 0.54372657
vn 0.92534881 0.00000000 0.37911685
vn 0.92534887 0.00000000 0.37911671
vn -0.98073995 0.00000000 -0.19531807
vn -0.98073996 0.00000000 -0.19531804
vn 0.98068369 0.00000000 0.19560035
vn 0.98068352 0.00000000 0.19560122
vn -0.99491506 0.00000000 -0.10071759
vn -0.99491506 0.00000000 -0.10071759
vn 0.99493215 0.00000000 0.10054861
vn 0.99493215 0.00000000 0.10054861
vn -0.98235055 0.00000000 0.18704919
vn -0.99567346 0.00000000 0.09292124
vn -0.99567346 0.00000000 0.09292124
vn -0.98234936 0.00000000 0.18705545
vn 0.99556149 0.00000000 -0.09411331
vn 0.99556149 0.00000000 -0.09411331
vn 0.83769839 0.00000000 -0.54613315
vn 0.83770110 0.00000000 -0.54612899
vn -0.71689386 0.00000000 0.69718233
vn -0.71689386 0.00000000 0.69718233
vn 0.71416420 0.00000000 -0.69997821
vn 0.71416420 0.00000000 -0.69997821
vn -0.56683421 0.00000000 0.82383188
vn -0.56683421 0.00000000 0.82383188
vn 0.00000000 -1.00000000 0.00000000
vn 0.00000000 -1.00000000 0.00000000
vn 0.00000000 -1.00000000 0.00000000
vn 0.00000000 -1.00000000 0.00000000
vn 0.00000000 -1.00000000 0.00000000
vn 0.00000000 -1.00000000 0.00000000
vn 0.00000000 -1.00000000 0.00000000
vn 0.00000000 -1.00000000 0.00000000
vn 0.00000000 -1.00000000 0.00000000
vn 0.00000000 -1.00000000 0.00000000
vn -0.00000402 -1.00000000 0.00000077
vn -0.00000202 -1.00000000 -0.00000000
vn -0.00000202 -1.00000000 0.00000001
vn -0.00000402 -1.00000000 0.00000081
vn 0.00000000 -1.00000000 0.00000000
vn 0.00000000 -1.00000000 0.00000000
vn 0.00000000 -1.00000000 0.00000000
vn 0.00000000 -1.00000000 0.00000000
vn 0.00000000 -1.00000000 0.00000000
vn 0.00000000 -1.00000000 0.00000000
vn 0.00000186 -1.00000000 -0.00000082
vn -0.00000790 -1.00000000 0.00000159
vn -0.00000789 -1.00000000 0.00000166
vn 0.00000184 -1.00000000 -0.00000083
vn -0.00001906 -1.00000000 -0.00004780
vn 0.00000706 -1.00000000 0.00003942
vn 0.00000742 -1.00000000 0.00003935
vn -0.00001947 -1.00000000 -0.00004767
vn 0.00000003 -1.00000000 0.00000003
vn 0.00000792 -1.00000000 -0.00000162
vn 0.00000790 -1.00000000 -0.00000168
vn 0.00000003 -1.00000000 0.00000002
vn 0.00000513 -1.00000000 -0.00000342
vn 0.00000512 -1.00000000 -0.00000348
vn 0.00002681 -1.00000000 -0.00001836
vn 0.00002666 -1.00000000 -0.00001857
vn 0.00000000 -1.00000000 0.00000000
vn 0.00000000 -1.00000000 0.00000000
vn 0.00000354 -1.00000000 -0.00000958
vn -0.00002041 -1.00000000 0.00003114
vn -0.00002016 -1.00000000 0.00003131
vn 0.00000350 -1.00000000 -0.00000962
vn 0.00002762 -1.00000000 -0.00002769
vn 0.00002741 -1.00000000 -0.00002797
vn -0.00000344 -1.00000000 0.00000523
vn -0.00000339 -1.00000000 0.00000525
vn 0.00002895 -1.00000000 0.00004555
vn 0.00000075 -1.00000000 0.00000063
vn 0.00000064 -1.00000000 0.00000046
vn 0.00002941 -1.00000000 0.00004537
vn -0.00000086 -1.00000000 0.00000196
vn -0.00000085 -1.00000000 0.00000199
vn 0.00000060 -1.00000000 -0.00000073
vn 0.00000058 -1.00000000 -0.00000086
vn 0.00000086 -1.00000000 -0.00000414
vn 0.00000083 -1.00000000 -0.00000416
vn -0.00000063 -1.00000000 0.00005037
vn -0.00000019 -1.00000000 0.00005046
vn -0.00000018 -1.00000000 0.00005187
vn 0.00000024 -1.00000000 0.00005188
vn -0.00000971 -1.00000000 -0.00005097
vn -0.00001012 -1.00000000 -0.00005088
vn -0.00002115 -1.00000000 -0.00003318
vn -0.00002143 -1.00000000 -0.00003298
vn 0.00000000 -1.00000000 0.00000000
vn 0.00000000 -1.00000000 0.00000000
vn 0.00000000 -1.00000000 0.00000000
vn 0.00000000 -1.00000000 0.00000000
vn 0.00000000 -1.00000000 0.00000000
vn 0.00000000 -1.00000000 0.00000000
vn -0.00003601 1.00000000 0.00003615
vn -0.00008195 1.00000000 0.00005595
vn -0.00008134 1.00000000 0.00005660
vn -0.00003572 1.00000000 0.00003644
vn -0.99491506 0.00000000 -0.10071758
vn -0.98073995 0.00000000 -0.19531808
vn -0.98073996 0.00000000 -0.19531804
vn -0.99491506 0.00000000 -0.10071758
vn 0.00001137 1.00000000 -0.00001730
vn 0.00000000 1.00000000 0.00000000
vn 0.00000000 1.00000000 0.00000000
vn 0.00001122 1.00000000 -0.00001739
vn -0.00002863 1.00000000 -0.00004496
vn -0.00000040 1.00000000 0.00000016
vn -0.00000045 1.00000000 0.00000016
vn -0.00002899 1.00000000 -0.00004473
vn 0.00002770 1.00000000 -0.00004225
vn 0.00002727 1.00000000 -0.00004241
vn 0.00000001 1.00000000 0.00000042
vn 0.00000003 1.00000000 0.00000041
vn -0.00000034 1.00000000 -0.00000052
vn -0.00000082 1.00000000 0.00000311
vn -0.00000068 1.00000000 0.00000295
vn -0.00000040 1.00000000 -0.00000049
vn -0.00000417 1.00000000 0.00002013
vn -0.00000400 1.00000000 0.00002014
vn 0.00000063 1.00000000 -0.00005396
vn 0.00000020 1.00000000 -0.00005396
vn 0.00000019 1.00000000 -0.00005469
vn -0.00000030 1.00000000 -0.00005460
vn 0.00001023 1.00000000 0.00005372
vn 0.00001069 1.00000000 0.00005355
vn -0.00000930 1.00000000 -0.00005096
vn -0.00000973 1.00000000 -0.00005097
vn 0.00002754 1.00000000 0.00004314
vn 0.00002010 1.00000000 0.00005013
vn 0.00002050 1.00000000 0.00004984
vn 0.00002794 1.00000000 0.00004300
vn 0.00000000 1.00000000 0.00000000
vn 0.00000000 1.00000000 0.00000000
vn 0.00000000 1.00000000 0.00000000
vn 0.00000000 1.00000000 0.00000000
vn 0.00000000 1.00000000 0.00000000
vn 0.00000000 1.00000000 0.00000000
vn 0.00000000 1.00000000 0.00000000
vn 0.00000000 1.00000000 0.00000000
vn 0.00000000 1.00000000 0.00000000
vn 0.00000000 1.00000000 0.00000000
vn 0.00000000 1.00000000 0.00000000
vn 0.00000000 1.00000000 0.00000000
vn 0.00000000 1.00000000 0.00000000
vn 0.00000000 1.00000000 0.00000000
vn 0.00000000 1.00000000 0.00000000
vn 0.00000000 1.00000000 0.00000000
vn 0.00000000 1.00000000 0.00000000
vn 0.00000000 1.00000000 0.00000000
vn 0.00000000 1.00000000 0.00000000
vn 0.00000000 1.00000000 0.00000000
vn 0.00001965 1.00000000 -0.00000397
vn 0.00000000 1.00000000 0.00000000
vn 0.00000000 1.00000000 0.00000000
vn 0.00001964 1.00000000 -0.00000415
vn 0.00000000 1.00000000 0.00000000
vn 0.00000000 1.00000000 0.00000000
vn -0.00002770 1.00000000 0.00000567
vn 0.00000000 1.00000000 0.00000000
vn 0.00000000 1.00000000 0.00000000
vn -0.00002755 1.00000000 0.00000589
vn -0.00000030 1.00000000 0.00000030
vn -0.00000030 1.00000000 0.00000032
vn 0.00000052 1.00000000 -0.00000046
vn 0.00000040 1.00000000 -0.00000044
vn -0.00003316 1.00000000 0.00002217
vn -0.00003299 1.00000000 0.00002245
vn 0.00004665 1.00000000 -0.00003130
vn 0.00004640 1.00000000 -0.00003168
vn 0.00000000 1.00000000 0.00000000
vn 0.00000000 1.00000000 0.00000000
vn -0.00000388 -1.00000000 -0.00000667
vn -0.00000339 -1.00000000 -0.00002036
vn -0.00000083 -1.00000000 0.00000416
vn 0.99493223 0.00000000 0.10054779
vn 0.98068389 0.00000000 0.19559933
vn 0.98068363 0.00000000 0.19560067
vn 0.99493223 0.00000000 0.10054779
vn -0.98235025 0.00000000 0.18705073
vn -0.99567353 0.00000000 0.09292048
vn -0.99567353 0.00000000 0.09292048
vn -0.98234906 0.00000000 0.18705702
vn 0.98201083 0.00000000 -0.18882459
vn 0.99556149 0.00000000 -0.09411330
vn 0.99556149 0.00000000 -0.09411330
vn 0.98200971 0.00000000 -0.18883042
vn -0.92878674 0.00000000 0.37061461
vn -0.92878671 0.00000000 0.37061468
vn 0.83770276 0.00000000 -0.54612644
vn 0.92786137 0.00000000 -0.37292529
vn 0.92786377 0.00000000 -0.37291934
vn 0.83770607 0.00000000 -0.54612136
vn -0.71689386 0.00000000 0.69718233
vn -0.83925878 0.00000000 0.54373219
vn -0.83926235 0.00000000 0.54372668
vn -0.71689386 0.00000000 0.69718233
vn 0.71416282 0.00000000 -0.69997962
vn 0.71416282 0.00000000 -0.69997962
vn -0.56683342 0.00000000 0.82383243
vn -0.56683342 0.00000000 0.82383243
vn 0.56279019 0.00000000 -0.82659979
vn 0.56279019 0.00000000 -0.82659979
vn -0.39299052 0.00000000 0.91954252
vn -0.39299052 0.00000000 0.91954252
vn 0.38775054 0.00000000 -0.92176435
vn 0.38775054 0.00000000 -0.92176435
vn -0.29934247 0.00000000 0.95414574
vn -0.29934247 0.00000000 0.95414574
vn 0.19751165 0.00000000 -0.98030054
vn 0.19751165 0.00000000 -0.98030054
vn 0.19536784 0.00000000 0.98073004
vn -0.00259234 0.00000000 0.99999664
vn -0.00259234 0.00000000 0.99999664
vn 0.19536920 0.00000000 0.98072977
vn -0.09985907 0.00000000 0.99500159
vn -0.09985907 0.00000000 0.99500159
vn -0.20189879 0.00000000 -0.97940639
vn -0.10301553 0.00000000 -0.99467975
vn -0.10301553 0.00000000 -0.99467975
vn -0.20190189 0.00000000 -0.97940575
vn 0.38730210 0.00000000 0.92195286
vn 0.38730209 0.00000000 0.92195287
vn -0.39161762 0.00000000 -0.92012806
vn -0.39161759 0.00000000 -0.92012807
vn 0.56078316 0.00000000 0.82796271
vn 0.56078204 0.00000000 0.82796347
vn 0.09971774 0.00000000 -0.99501576
vn 0.09971774 0.00000000 -0.99501576
vn -0.56408599 0.00000000 -0.82571605
vn -0.56408813 0.00000000 -0.82571459
vn 0.71183101 0.00000000 0.70235078
vn 0.71183101 0.00000000 0.70235078
vn -0.92586887 0.00000000 -0.37784498
vn -0.83623330 0.00000000 -0.54837384
vn -0.83623012 0.00000000 -0.54837869
vn -0.92586908 0.00000000 -0.37784448
vn -0.71382197 0.00000000 -0.70032720
vn -0.71382614 0.00000000 -0.70032296
vn 0.83510591 0.00000000 0.55008919
vn 0.83510667 0.00000000 0.55008804
vn 0.92534784 0.00000000 0.37911922
vn 0.92534783 0.00000000 0.37911923
vn -0.00000472 -1.00000000 -0.00001507
vn 0.00000157 -1.00000000 0.00001653
vn 0.00000000 -1.00000000 0.00000000
vn 0.00000000 -1.00000000 0.00000000
vn 0.00000000 -1.00000000 0.00000000
vn -0.00004439 -1.00000000 0.00008351
vn -0.00040611 -0.99999986 0.00032418
vn 0.00007936 -0.99999999 -0.00009561
vn 0.00002371 -1.00000000 -0.00002519
vn -0.00053366 -0.99999986 0.00004980
vn 0.00050549 -0.99999987 0.00005414
vn 0.00005937 -1.00000000 0.00002284
vn 0.00038215 -0.99999988 0.00030265
vn 0.00034435 -0.99999990 0.00027782
vn 0.00002564 -1.00000000 0.00003308
vn 0.00002749 -0.99999999 0.00012515
vn -0.00000022 -0.99999999 -0.00014125
vn 0.00000000 -1.00000000 0.00000000
vn 0.00000000 -1.00000000 0.00000000
vn 0.00002856 -1.00000000 -0.00006016
vn 0.00010723 -0.99999999 -0.00012346
vn 0.00035478 -0.99999990 -0.00028505
vn 0.00000895 -1.00000000 0.00000692
vn 0.00053032 -0.99999986 0.00005359
vn 0.00019715 -0.99999998 0.00005245
vn 0.00003078 -1.00000000 0.00003186
vn 0.00001386 -1.00000000 0.00001121
vn 0.00000415 -1.00000000 0.00000481
vn 0.00000044 -1.00000000 0.00000092
vn -0.98067058 0.19566607 0.00000000
vn -0.92530132 0.37923274 0.00000000
vn -0.88738899 0.36369733 0.28331085
vn -0.94044752 0.18765532 0.28345007
vn -0.79471404 -0.47828913 0.37372329
vn -0.88974742 -0.35772061 0.28352336
vn -0.89222447 -0.35870470 0.27434727
vn -0.79824062 -0.47860579 0.36571629
vn 0.99999233 -0.00391680 0.00000000
vn 0.98072647 -0.19538575 0.00000000
vn 0.94064348 -0.18740200 0.28296701
vn 0.95915668 -0.00379180 0.28284994
vn -0.99999477 0.00323531 0.00000000
vn -0.95894060 0.00307652 0.28359030
vn 0.98233784 0.18711593 0.00000000
vn 0.94223570 0.17950157 0.28279157
vn -0.98199853 -0.18888854 0.00000000
vn -0.94169807 -0.18116772 0.28351897
vn 0.92874253 0.37072539 0.00000000
vn 0.89082316 0.35558849 0.28282666
vn -0.88755554 -0.46070074 0.00000000
vn -0.92781450 -0.37304190 0.00000000
vn 0.71676552 0.69731427 0.00000000
vn 0.78141924 0.62400639 0.00000000
vn 0.78141924 0.62400639 0.00000000
vn 0.68303010 0.70532295 0.18970876
vn -0.71403369 -0.70011134 0.00000000
vn -0.77945657 -0.62645627 0.00000000
vn -0.77945657 -0.62645627 0.00000000
vn -0.68014046 -0.70823982 0.18922294
vn 0.56669265 0.82392927 0.00000000
vn 0.54355168 0.79024483 0.28295702
vn -0.56264703 -0.82669723 0.00000000
vn -0.53955901 -0.79279908 0.28345315
vn 0.39286369 0.91959671 0.00000000
vn 0.37684575 0.88194977 0.28311109
vn -0.38763322 -0.92181369 0.00000000
vn -0.37172434 -0.88407082 0.28326631
vn 0.20056549 0.97968030 0.00000000
vn 0.19232771 0.93951167 0.28342173
vn -0.19743868 -0.98031524 0.00000000
vn -0.18935457 -0.94023167 0.28303578
vn -0.19529779 0.98074399 0.00000000
vn 0.00260291 0.99999661 0.00000000
vn 0.00251029 0.95907715 0.28313373
vn -0.18724861 0.94070538 0.28286278
vn 0.20182946 -0.97942068 0.00000000
vn 0.00165959 -0.99999862 0.00000000
vn 0.00159072 -0.95902182 0.28332776
vn 0.19358535 -0.93928771 0.28330780
vn -0.38719423 0.92199817 0.00000000
vn -0.37129177 0.88420497 0.28341489
vn 0.39149726 -0.92017927 0.00000000
vn 0.37549823 -0.88253491 0.28307810
vn -0.56064733 0.82805469 0.00000000
vn -0.52587152 0.82925891 0.18917931
vn 0.56394298 -0.82581373 0.00000000
vn 0.52931000 -0.82712279 0.18894128
vn -0.63923518 0.76901131 0.00000000
vn -0.63923518 0.76901131 0.00000000
vn 0.92582275 -0.37795799 0.00000000
vn 0.83614850 -0.54850313 0.00000000
vn 0.80196517 -0.52610139 0.28296502
vn 0.88799443 -0.36250870 0.28293698
vn 0.64198269 -0.76671913 0.00000000
vn 0.64198269 -0.76671913 0.00000000
vn -0.83501289 0.55023038 0.00000000
vn -0.77727775 0.62915761 0.00000000
vn -0.68306644 0.62749383 0.37372680
vn -0.80071630 0.52764382 0.28362899
vn 0.88873702 0.45841739 0.00000000
vn 0.79614678 0.47610796 0.37345886
vn 0.77861283 -0.62750463 0.00000000
vn 0.68490782 -0.62589181 0.37304251
vn -0.63923497 0.76901148 0.00000000
vn -0.52790725 0.82987923 0.18059457
vn -0.54237752 0.80102502 -0.25334866
vn -0.64500897 0.68522851 -0.33826812
vn 0.66027967 0.52723331 0.53484184
vn 0.79960207 0.47649748 0.36549513
vn 0.66027242 0.52722721 0.53485680
vn -0.65929426 -0.52987853 0.53344149
vn -0.65929382 -0.52987816 0.53344240
vn 0.68511216 0.70553101 0.18123830
vn 0.54502310 0.79252182 0.27360371
vn -0.68227146 -0.70844228 0.18059678
vn -0.54112043 -0.79503676 0.27405334
vn 0.37781156 0.88451524 0.27366259
vn -0.37285022 -0.88658858 0.27375795
vn 0.19290924 0.94225214 0.27376438
vn -0.18991253 -0.94288545 0.27367912
vn 0.00247527 0.96175225 0.27390963
vn -0.18795261 0.94340047 0.27325698
vn 0.00158557 -0.96180934 0.27371568
vn 0.19409064 -0.94198868 0.27383599
vn -0.37239074 0.88670737 0.27399850
vn -0.94430560 -0.18163414 0.27440112
vn 0.37652609 -0.88505066 0.27370320
vn 0.53127681 -0.82771660 0.18063825
vn -0.54072255 0.65048195 0.53337824
vn -0.54072249 0.65048189 0.53337838
vn -0.68643365 0.62851528 0.36575592
vn 0.80421528 -0.52756284 0.27370648
vn 0.89040300 -0.36350117 0.27395144
vn 0.54324228 -0.64874797 0.53292954
vn 0.54324353 -0.64874938 0.53292655
vn 0.68820163 -0.62693072 0.36515255
vn -0.80298659 0.52910394 0.27433839
vn 0.89328189 0.35657606 0.27368043
vn -0.88983785 0.36468700 0.27421158
vn 0.94322884 -0.18791624 0.27387377
vn -0.94305143 0.18815528 0.27432024
vn 0.96180925 -0.00376473 0.27369470
vn -0.96162647 0.00309922 0.27434454
vn 0.94479420 0.17997594 0.27381121
vn -0.94860197 0.18926139 -0.25364234
vn -0.89504085 0.36681497 -0.25367037
vn -0.89310488 0.36605376 -0.26147337
vn -0.94654931 0.18886776 -0.26148302
vn 0.83974628 -0.51660526 -0.16716814
vn 0.89563676 -0.36566111 -0.25323260
vn 0.64198783 -0.76671483 0.00000000
vn 0.54557463 -0.79891262 -0.25315401
vn 0.64718041 -0.68328159 -0.33805886
vn -0.77727544 0.62916047 0.00000000
vn -0.83863200 0.51830821 -0.16749023
vn 0.92578276 0.33910554 -0.16713381
vn 0.88873969 0.45841222 0.00000000
vn 0.77861332 -0.62750402 0.00000000
vn 0.94876798 -0.18902254 -0.25319914
vn 0.96742428 -0.00376596 -0.25313252
vn -0.96727668 0.00313639 -0.25370452
vn 0.95035267 0.18101307 -0.25310881
vn -0.94989639 -0.18268526 -0.25361967
vn -0.92487488 -0.34139679 -0.16749532
vn -0.88755347 -0.46070471 0.00000000
vn 0.78144045 0.62397982 0.00000000
vn 0.77038499 0.54070024 -0.33786123
vn 0.69325893 0.67442298 -0.25405844
vn -0.77945786 -0.62645467 0.00000000
vn -0.76863388 -0.54287203 -0.33836654
vn -0.69074723 -0.67722660 -0.25344112
vn 0.54813787 0.79709494 -0.25334666
vn -0.54429710 -0.79972265 -0.25334631
vn 0.37997202 0.88959764 -0.25345078
vn -0.37503651 -0.89172488 -0.25332659
vn 0.19407407 0.94771140 -0.25333448
vn -0.19101756 -0.94840134 -0.25307546
vn 0.00249742 0.96749109 -0.25289275
vn -0.18900692 0.94870337 -0.25345277
vn 0.00160469 -0.96736642 -0.25337646
vn 0.19527091 -0.94748800 -0.25325040
vn -0.37458084 0.89181929 -0.25366819
vn 0.37873776 -0.89011584 -0.25347879
vn -0.88755352 -0.46070463 0.00000000
vn -0.92415019 -0.33983324 -0.17452735
vn -0.92781655 -0.37303680 0.00000000
vn -0.88755352 -0.46070463 0.00000000
vn 0.94675053 -0.18861012 -0.26093994
vn 0.96532523 -0.00378267 -0.26102278
vn -0.96515115 0.00313547 -0.26167428
vn 0.94833260 0.18062608 -0.26084384
vn -0.94785368 -0.18233273 -0.26139658
vn 0.92505796 0.33753432 -0.17417908
vn -0.77074984 -0.40012077 -0.49583066
vn -0.77074978 -0.40012074 -0.49583078
vn -0.76731914 -0.54035582 -0.34530699
vn 0.76910973 0.53814646 -0.34477328
vn 0.69169000 0.67297138 -0.26205815
vn -0.68916854 -0.67578318 -0.26146475
vn 0.54705042 0.79524366 -0.26138735
vn -0.54306824 -0.79796108 -0.26140964
vn 0.37926540 0.88754321 -0.26158137
vn -0.37407712 -0.88976644 -0.26149949
vn 0.19352915 0.94556596 -0.26163233
vn -0.19058150 -0.94631069 -0.26110298
vn 0.00252681 0.96539263 -0.26078859
vn -0.18839293 0.94657117 -0.26174629
vn 0.00161197 -0.96516300 -0.26164438
vn 0.19477669 -0.94537568 -0.26139408
vn -0.37361444 0.88988569 -0.26175505
vn 0.37783875 -0.88816813 -0.26152486
vn -0.54112955 0.79929611 -0.26135137
vn 0.54436826 -0.79716811 -0.26112487
vn -0.64420211 0.68255079 -0.34514934
vn 0.83935356 -0.51487642 -0.17432118
vn 0.89374144 -0.36484064 -0.26099339
vn 0.64642489 -0.68058733 -0.34487062
vn -0.67497891 0.54635918 -0.49587813
vn -0.67497828 0.54635865 -0.49587957
vn 0.77222129 0.39837115 -0.49494919
vn 0.77222080 0.39837091 -0.49495016
vn 0.67647380 -0.54518608 -0.49513164
vn 0.67647459 -0.54518675 -0.49512982
vn -0.83823839 0.51659117 -0.17461376
vn 0.78142173 0.62400326 0.00000000
vn 0.71676082 0.69731910 0.00000000
vn -0.77945824 -0.62645419 0.00000000
vn -0.71403785 -0.70010710 0.00000000
vn 0.56668579 0.82393399 0.00000000
vn -0.56264425 -0.82669913 0.00000000
vn 0.39286583 0.91959580 0.00000000
vn -0.38762863 -0.92181563 0.00000000
vn 0.20057237 0.97967889 0.00000000
vn -0.19743928 -0.98031512 0.00000000
vn 0.00258937 0.99999665 0.00000000
vn -0.19530721 0.98074211 0.00000000
vn 0.00165859 -0.99999862 0.00000000
vn 0.20182681 -0.97942123 0.00000000
vn -0.38717930 0.92200444 0.00000000
vn -0.98199794 -0.18889164 0.00000000
vn 0.39148782 -0.92018329 0.00000000
vn -0.56064212 0.82805822 0.00000000
vn 0.56394092 -0.82581514 0.00000000
vn -0.63923596 0.76901066 0.00000000
vn 0.83614600 -0.54850694 0.00000000
vn 0.92582223 -0.37795925 0.00000000
vn 0.64198841 -0.76671434 0.00000000
vn -0.77727709 0.62915843 0.00000000
vn -0.77727709 0.62915843 0.00000000
vn -0.83501580 0.55022597 0.00000000
vn 0.88873877 0.45841400 0.00000000
vn 0.92874235 0.37072583 0.00000000
vn 0.88873877 0.45841400 0.00000000
vn 0.77861394 -0.62750325 0.00000000
vn 0.77861394 -0.62750325 0.00000000
vn -0.92530166 0.37923189 0.00000000
vn 0.98072659 -0.19538515 0.00000000
vn -0.98066992 0.19566936 0.00000000
vn 0.99999231 -0.00392231 0.00000000
vn -0.99999479 0.00322885 0.00000000
vn 0.98233672 0.18712180 0.00000000
vn 0.92582244 -0.37795874 0.00000295
vn 0.92582283 -0.37795778 0.00000415
vn 0.83614721 -0.54850509 0.00000120
vn 0.83614390 -0.54851014 0.00000105
vn -0.71169703 0.70248654 -0.00000233
vn -0.71169722 0.70248635 -0.00000214
vn -0.63922925 0.76901623 -0.00000171
vn -0.63923103 0.76901475 0.00000000
vn 0.48048185 -0.87700467 0.00000000
vn 0.48048185 -0.87700467 0.00000000
vn 0.39148845 -0.92018302 0.00000000
vn 0.39148738 -0.92018348 0.00000000
vn 0.00165797 -0.99999863 0.00000004
vn 0.00165967 -0.99999862 -0.00000003
vn -0.19744915 -0.98031313 -0.00000003
vn -0.19745053 -0.98031285 -0.00000039
vn -0.47667947 0.87907718 0.00000000
vn -0.47667947 0.87907718 0.00000000
vn -0.38718772 0.92200090 0.00000000
vn -0.38718929 0.92200024 0.00000000
vn 0.20183376 -0.97941979 0.00000000
vn 0.20183438 -0.97941967 0.00000003
vn -0.92781608 -0.37303796 0.00000000
vn -0.92781394 -0.37304330 -0.00000120
vn -0.98199501 -0.18890684 0.00000000
vn -0.98199431 -0.18891049 -0.00000143
vn -0.19528101 0.98074733 0.00000000
vn -0.19528440 0.98074666 -0.00000003
vn 0.00258981 0.99999665 0.00000090
vn 0.00259229 0.99999664 0.00000003
vn 0.20056807 0.97967977 0.00000543
vn 0.20057371 0.97967862 0.00000353
vn -0.38762799 -0.92181589 -0.00000135
vn -0.38762576 -0.92181683 0.00000094
vn 0.39286764 0.91959503 0.00000280
vn 0.39286982 0.91959410 0.00000000
vn -0.56263866 -0.82670293 0.00000380
vn -0.56263818 -0.82670326 0.00000469
vn 0.56669078 0.82393056 0.00000000
vn 0.56668920 0.82393164 0.00000086
vn -0.64169329 -0.76696136 0.00000357
vn -0.64169697 -0.76695828 0.00000000
vn 0.64526382 0.76395982 0.00000117
vn 0.64526205 0.76396131 0.00000289
vn -0.77947282 -0.62643604 -0.00000208
vn -0.77947106 -0.62643823 0.00000000
vn -0.83762030 -0.54625291 -0.00000271
vn -0.83762361 -0.54624783 -0.00000256
vn 0.78141158 0.62401598 0.00000141
vn 0.78140980 0.62401821 0.00000350
vn 0.83917315 0.54386435 0.00000105
vn 0.83917677 0.54385876 0.00000000
vn 0.92874490 0.37071944 0.00000000
vn 0.92874493 0.37071936 0.00000000
vn 0.98233593 0.18712595 0.00000000
vn 0.98233476 0.18713207 0.00000000
vn -0.99999482 0.00321804 -0.00000333
vn -0.99999484 0.00321110 -0.00000333
vn 0.99999229 -0.00392785 0.00000000
vn 0.99999227 -0.00393214 0.00000135
vn -0.98066879 0.19567504 -0.00000143
vn -0.98066910 0.19567349 0.00000000
vn 0.98072638 -0.19538621 0.00000305
vn 0.98072677 -0.19538425 0.00000440
vn -0.92530068 0.37923430 0.00000000
vn -0.92530096 0.37923360 0.00000000
vn -0.83501760 0.55022324 0.00000000
vn -0.83501745 0.55022346 -0.00000104
vn 0.71371376 -0.70043748 0.00000215
vn 0.71371715 -0.70043403 0.00000234
vn 0.64199103 -0.76671215 0.00000172
vn 0.64198924 -0.76671365 0.00000000
vt 0.20598820 0.97122931
vt 0.19861870 0.97419697
vt 0.19858120 0.97413403
vt 0.20596340 0.97116113
vt 0.54775530 0.31354290
vt 0.55515039 0.31317389
vt 0.55618101 0.34156969
vt 0.54851723 0.34195209
vt 0.13513000 0.95137262
vt 0.12935010 0.95701921
vt 0.12929121 0.95697331
vt 0.13508110 0.95131701
vt 0.07393139 0.98195148
vt 0.08068305 0.97752333
vt 0.08072268 0.97757792
vt 0.07395929 0.98201358
vt 0.24353079 0.97857553
vt 0.23679020 0.97419578
vt 0.23681810 0.97413272
vt 0.24357019 0.97851992
vt 0.19188181 0.97859502
vt 0.19183290 0.97853941
vt 0.06652891 0.98494959
vt 0.06654423 0.98501700
vt 0.21374109 0.96971911
vt 0.21372950 0.96964848
vt 0.05873346 0.98647422
vt 0.05873543 0.98654407
vt 0.22167870 0.96971172
vt 0.22168081 0.96964097
vt 0.05076164 0.98648018
vt 0.05075031 0.98655027
vt 0.22942840 0.97122681
vt 0.22944359 0.97115862
vt 0.04297113 0.98494750
vt 0.04294610 0.98501480
vt 0.02884703 0.97754711
vt 0.03557842 0.98194540
vt 0.03554093 0.98200762
vt 0.02879828 0.97760171
vt 0.24930550 0.98421788
vt 0.24935471 0.98417211
vt 0.02305072 0.97184712
vt 0.02299129 0.97189200
vt 0.25391760 0.99093997
vt 0.25397471 0.99090552
vt 0.01845616 0.96508372
vt 0.01838940 0.96511710
vt 0.25714681 0.99850130
vt 0.25720939 0.99847960
vt 0.01526004 0.95749199
vt 0.01518768 0.95751238
vt 0.32102340 0.97017151
vt 0.31934851 0.96207160
vt 0.31941101 0.96205002
vt 0.32108891 0.97016382
vt 0.11983590 0.98770732
vt 0.12146120 0.99582207
vt 0.12138880 0.99584252
vt 0.11976080 0.98771381
vt 0.35836941 0.97360051
vt 0.35997209 0.96547699
vt 0.36003760 0.96548343
vt 0.35843211 0.97362089
vt 0.32102340 0.97845989
vt 0.32108891 0.97846627
vt 0.12150630 0.97131521
vt 0.11983710 0.97941887
vt 0.11976200 0.97941130
vt 0.12143410 0.97129363
vt 0.35517129 0.98120087
vt 0.35522851 0.98123431
vt 0.12473490 0.96374750
vt 0.12466830 0.96371323
vt 0.35057041 0.98797190
vt 0.35061991 0.98801678
vt 0.08646720 0.97183192
vt 0.08651667 0.97187692
vt 0.51305431 0.35658661
vt 0.52214342 0.35672241
vt 0.52192098 0.37116870
vt 0.51239800 0.37102640
vt 0.44987151 0.31379980
vt 0.45799670 0.31354710
vt 0.45876241 0.34195629
vt 0.45034179 0.34221819
vt 0.53115499 0.31391880
vt 0.53966558 0.31379119
vt 0.54013342 0.34220949
vt 0.53131342 0.34234169
vt 0.44131461 0.31392810
vt 0.44147369 0.34235111
vt 0.52244139 0.31391850
vt 0.52228302 0.34234139
vt 0.43256390 0.31392869
vt 0.43240499 0.34235191
vt 0.51393420 0.31379151
vt 0.51346648 0.34220970
vt 0.42401111 0.31380090
vt 0.42354131 0.34221941
vt 0.50585258 0.31354329
vt 0.50509107 0.34195250
vt 0.40850481 0.31317750
vt 0.41589549 0.31354821
vt 0.41513059 0.34195751
vt 0.40747121 0.34157339
vt 0.49211371 0.31270161
vt 0.49845299 0.31317499
vt 0.49742249 0.34157079
vt 0.49085271 0.34108019
vt 0.40213990 0.31269801
vt 0.40087500 0.34107640
vt 0.63136947 0.31315121
vt 0.63876319 0.31276429
vt 0.63982111 0.34115821
vt 0.63215858 0.34155920
vt 0.70710111 0.31314990
vt 0.71451497 0.31276190
vt 0.71557832 0.34115571
vt 0.70789492 0.34155789
vt 0.62305897 0.31342140
vt 0.62354600 0.34183919
vt 0.69877458 0.31342039
vt 0.69926572 0.34183809
vt 0.61416221 0.31356069
vt 0.61432570 0.34198341
vt 0.68987042 0.31355861
vt 0.69003773 0.34198141
vt 0.59615117 0.31342199
vt 0.60506350 0.31355879
vt 0.60489643 0.34198150
vt 0.59566009 0.34183970
vt 0.67187208 0.31342050
vt 0.68077183 0.31355989
vt 0.68060851 0.34198269
vt 0.67138523 0.34183830
vt 0.58781791 0.31315100
vt 0.58702391 0.34155881
vt 0.66355771 0.31315011
vt 0.66276848 0.34155801
vt 0.58039969 0.31276169
vt 0.57933611 0.34115550
vt 0.65616119 0.31276220
vt 0.65510309 0.34115601
vt 0.46540731 0.31317440
vt 0.47175509 0.31269529
vt 0.47302091 0.34107351
vt 0.46644229 0.34156999
vt 0.56149501 0.31269959
vt 0.56275642 0.34107810
vt 0.63692361 0.40156189
vt 0.64620900 0.40107599
vt 0.64638901 0.40248880
vt 0.63705790 0.40297699
vt 0.42312711 0.35659659
vt 0.43226489 0.35673320
vt 0.43204200 0.37118039
vt 0.42246780 0.37103719
vt 0.50441992 0.35632139
vt 0.50335127 0.37074861
vt 0.40656021 0.35593060
vt 0.41445631 0.35632661
vt 0.41338301 0.37075430
vt 0.40510979 0.37033930
vt 0.48974121 0.35542229
vt 0.49651411 0.35592800
vt 0.49506810 0.37033629
vt 0.48797181 0.36980650
vt 0.39975980 0.35541829
vt 0.39798489 0.36980259
vt 0.63285440 0.35592720
vt 0.64075381 0.35551381
vt 0.64223838 0.36991990
vt 0.63396168 0.37035301
vt 0.70859462 0.35592580
vt 0.71651572 0.35551119
vt 0.71800768 0.36991730
vt 0.70970851 0.37035170
vt 0.62397528 0.35621580
vt 0.62465888 0.37065551
vt 0.69969863 0.35621479
vt 0.70038772 0.37065449
vt 0.61447001 0.35636461
vt 0.61469972 0.37081140
vt 0.69018531 0.35636249
vt 0.69042021 0.37080920
vt 0.59522712 0.35621640
vt 0.60474902 0.35636249
vt 0.60451460 0.37080920
vt 0.59453797 0.37065610
vt 0.67095590 0.35621491
vt 0.68046439 0.35636380
vt 0.68023521 0.37081060
vt 0.67027271 0.37065470
vt 0.58632380 0.35592690
vt 0.58520973 0.37035280
vt 0.66207278 0.35592601
vt 0.66096538 0.37035191
vt 0.57839829 0.35551101
vt 0.57690573 0.36991701
vt 0.65417027 0.35551161
vt 0.65268558 0.36991760
vt 0.46735471 0.35592720
vt 0.47413680 0.35541540
vt 0.47591311 0.36979949
vt 0.46880710 0.37033579
vt 0.54054570 0.35658631
vt 0.54918867 0.35632101
vt 0.55025780 0.37074819
vt 0.54120213 0.37102619
vt 0.55708969 0.35592681
vt 0.56386822 0.35541999
vt 0.56563812 0.36980420
vt 0.55853587 0.37033519
vt 0.45943731 0.35632539
vt 0.46051180 0.37075311
vt 0.45075640 0.35659540
vt 0.45141631 0.37103590
vt 0.53145289 0.35672259
vt 0.53167522 0.37116900
vt 0.44161409 0.35673249
vt 0.44183749 0.37117961
vt 0.59261131 0.40463370
vt 0.60385901 0.40480629
vt 0.60385901 0.42100129
vt 0.59261131 0.42082870
vt 0.71268761 0.40156060
vt 0.72199827 0.40107319
vt 0.72217941 0.40248591
vt 0.71282268 0.40297571
vt 0.62648690 0.40190130
vt 0.62656981 0.40331811
vt 0.70223081 0.40190029
vt 0.70231438 0.40331709
vt 0.61531389 0.40207610
vt 0.61534172 0.40349379
vt 0.69104832 0.40207389
vt 0.69107687 0.40349150
vt 0.59269482 0.40190199
vt 0.60388732 0.40207380
vt 0.60385901 0.40349141
vt 0.59261131 0.40331870
vt 0.66844523 0.40190050
vt 0.67962199 0.40207541
vt 0.67959422 0.40349311
vt 0.66836238 0.40331730
vt 0.58222938 0.40156159
vt 0.58209431 0.40297660
vt 0.41051239 0.40196791
vt 0.42070451 0.40228531
vt 0.42062449 0.40370220
vt 0.41038221 0.40338331
vt 0.65800351 0.40156090
vt 0.65786922 0.40297601
vt 0.57291329 0.40107280
vt 0.57273233 0.40248549
vt 0.64871460 0.40107360
vt 0.64853448 0.40248629
vt 0.47269180 0.40149841
vt 0.48066381 0.40089670
vt 0.48087919 0.40230680
vt 0.47286791 0.40291139
vt 0.54295760 0.40227219
vt 0.55311698 0.40196031
vt 0.55324668 0.40337560
vt 0.54303718 0.40368900
vt 0.56240422 0.40149689
vt 0.57037210 0.40090120
vt 0.57058680 0.40231130
vt 0.56257951 0.40290999
vt 0.46338540 0.40196651
vt 0.46351561 0.40338179
vt 0.49120060 0.40149829
vt 0.50049353 0.40196091
vt 0.50036401 0.40337610
vt 0.49102530 0.40291131
vt 0.45318130 0.40228391
vt 0.45326129 0.40370080
vt 0.53226948 0.40243250
vt 0.53229642 0.40384999
vt 0.44243500 0.40244499
vt 0.44246209 0.40386271
vt 0.52132660 0.40243220
vt 0.52129960 0.40384969
vt 0.43144551 0.40244591
vt 0.43141839 0.40386361
vt 0.51064283 0.40227261
vt 0.51056308 0.40368930
vt 0.40123081 0.40150240
vt 0.40105489 0.40291539
vt 0.48323941 0.40090379
vt 0.48302481 0.40231380
vt 0.39323741 0.40090019
vt 0.39302221 0.40231031
vt 0.24423400 0.97747302
vt 0.25021279 0.98335600
vt 0.25017729 0.98338580
vt 0.24420489 0.97750920
vt 0.61534172 0.40480870
vt 0.61534172 0.42100370
vt 0.66836238 0.40463230
vt 0.67959422 0.40480790
vt 0.67959422 0.42100301
vt 0.66836238 0.42082721
vt 0.58209431 0.40429160
vt 0.58209431 0.42048660
vt 0.41038221 0.40469819
vt 0.42062449 0.40501711
vt 0.42062449 0.42121220
vt 0.41038221 0.42089331
vt 0.65786922 0.40429091
vt 0.65786922 0.42048591
vt 0.57273233 0.40380040
vt 0.57273233 0.41999540
vt 0.69107687 0.40480649
vt 0.69107687 0.42100149
vt 0.64853448 0.40380129
vt 0.64853448 0.41999629
vt 0.47286791 0.40422639
vt 0.48087919 0.40362170
vt 0.48087919 0.41981679
vt 0.47286791 0.42042151
vt 0.54303718 0.40500399
vt 0.55324668 0.40469059
vt 0.55324668 0.42088589
vt 0.54303718 0.42119950
vt 0.56257951 0.40422490
vt 0.57058680 0.40362620
vt 0.57058680 0.41982159
vt 0.56257951 0.42042029
vt 0.46351561 0.40469679
vt 0.46351561 0.42089200
vt 0.49102530 0.40422630
vt 0.50036401 0.40469110
vt 0.50036401 0.42088649
vt 0.49102530 0.42042169
vt 0.45326129 0.40501571
vt 0.45326129 0.42121091
vt 0.53229642 0.40516499
vt 0.53229642 0.42136040
vt 0.44246209 0.40517771
vt 0.44246209 0.42137280
vt 0.52129960 0.40516469
vt 0.52129960 0.42136011
vt 0.43141839 0.40517861
vt 0.43141839 0.42137361
vt 0.51056308 0.40500429
vt 0.51056308 0.42119971
vt 0.40105489 0.40423039
vt 0.40105489 0.42042539
vt 0.48302481 0.40362880
vt 0.48302481 0.41982421
vt 0.39302221 0.40362519
vt 0.39302221 0.41982031
vt 0.63705790 0.40429199
vt 0.64638901 0.40380371
vt 0.64638901 0.41999871
vt 0.63705790 0.42048690
vt 0.71282268 0.40429059
vt 0.72217941 0.40380090
vt 0.72217941 0.41999590
vt 0.71282268 0.42048559
vt 0.62656981 0.40463299
vt 0.62656981 0.42082801
vt 0.70231438 0.40463200
vt 0.70231438 0.42082700
vt 0.04236519 0.98618633
vt 0.03474754 0.98311877
vt 0.03476876 0.98307782
vt 0.04237800 0.98614198
vt 0.02778393 0.97857261
vt 0.02180922 0.97273600
vt 0.02184468 0.97270620
vt 0.02781260 0.97853661
vt 0.23725490 0.97289562
vt 0.23723340 0.97293681
vt 0.08117216 0.97859287
vt 0.07420462 0.98312002
vt 0.07418322 0.98307902
vt 0.08114326 0.97855687
vt 0.22960310 0.96979672
vt 0.22958989 0.96984100
vt 0.05037885 0.98774761
vt 0.05038326 0.98770142
vt 0.22154520 0.96822071
vt 0.22154070 0.96826673
vt 0.05858421 0.98775518
vt 0.05857986 0.98770922
vt 0.21330521 0.96821427
vt 0.21330971 0.96826041
vt 0.06659489 0.98618901
vt 0.06658166 0.98614472
vt 0.20525210 0.96979880
vt 0.20526519 0.96984321
vt 0.19065259 0.97744852
vt 0.19761071 0.97290188
vt 0.19763230 0.97294313
vt 0.19068161 0.97748458
vt 0.08714127 0.97276032
vt 0.08710592 0.97273058
vt 0.12790880 0.95611799
vt 0.13390081 0.95022613
vt 0.13392989 0.95026219
vt 0.12794431 0.95614779
vt 0.35601211 0.98195201
vt 0.35124460 0.98890030
vt 0.35120919 0.98887062
vt 0.35597160 0.98192978
vt 0.12315960 0.96310902
vt 0.12320020 0.96313119
vt 0.35935000 0.97413611
vt 0.35930589 0.97412229
vt 0.11985580 0.97095650
vt 0.11990010 0.97096997
vt 0.36108139 0.96576351
vt 0.36103529 0.96575880
vt 0.11817590 0.97934449
vt 0.11822190 0.97934908
vt 0.32047611 0.96178180
vt 0.32213271 0.97017878
vt 0.32208660 0.97018337
vt 0.32043180 0.96179551
vt 0.32213271 0.97874641
vt 0.32208660 0.97874171
vt 0.11990250 0.99628872
vt 0.11817710 0.98791188
vt 0.11822310 0.98790729
vt 0.11994670 0.99627501
vt 0.25496849 0.99035490
vt 0.25827441 0.99821138
vt 0.25823021 0.99822509
vt 0.25492790 0.99037713
vt 0.01703888 0.96578097
vt 0.01370126 0.95795858
vt 0.01374524 0.95794493
vt 0.01707935 0.96575880
vt 0.50295699 0.00147259
vt 0.50918090 0.00178242
vt 0.50786191 0.11516600
vt 0.50117201 0.11483290
vt 0.50687289 0.22850110
vt 0.49983361 0.22815061
vt 0.45465019 0.00178933
vt 0.46088320 0.00147581
vt 0.46267620 0.11483470
vt 0.45597661 0.11517180
vt 0.46402040 0.22815099
vt 0.45697090 0.22850560
vt 0.55064547 0.00147170
vt 0.55598211 0.00107282
vt 0.55816698 0.11440310
vt 0.55243093 0.11483200
vt 0.55980510 0.22769840
vt 0.55376953 0.22814970
vt 0.53762120 0.00199091
vt 0.54442543 0.00178212
vt 0.54574519 0.11516560
vt 0.53843153 0.11539010
vt 0.54673457 0.22850069
vt 0.53903890 0.22873691
vt 0.46622249 0.00107282
vt 0.46841520 0.11440160
vt 0.47005919 0.22769520
vt 0.66078568 0.00107306
vt 0.66700703 0.00139934
vt 0.66563988 0.11477910
vt 0.65895289 0.11442840
vt 0.66461498 0.22811070
vt 0.65757871 0.22774170
vt 0.68148601 0.00174397
vt 0.68913871 0.00174296
vt 0.68942863 0.11514840
vt 0.68120289 0.11514940
vt 0.68964601 0.22849940
vt 0.68099070 0.22850050
vt 0.58504921 0.00107282
vt 0.59128863 0.00140023
vt 0.58991307 0.11477990
vt 0.58320642 0.11442800
vt 0.58888179 0.22811151
vt 0.58182502 0.22774130
vt 0.67400032 0.00162685
vt 0.67315692 0.11502360
vt 0.67252451 0.22836800
vt 0.41923860 0.00179028
vt 0.42606470 0.00200272
vt 0.42525080 0.11540120
vt 0.41791359 0.11517280
vt 0.42464060 0.22874710
vt 0.41692030 0.22850659
vt 0.59829777 0.00162804
vt 0.59744698 0.11502490
vt 0.59680921 0.22836940
vt 0.60579401 0.00174308
vt 0.61344689 0.00174475
vt 0.61373031 0.11515030
vt 0.60550451 0.11514860
vt 0.61394280 0.22850130
vt 0.60528737 0.22849950
vt 0.69662821 0.00162667
vt 0.69747889 0.11502340
vt 0.69811672 0.22836781
vt 0.62093002 0.00162762
vt 0.62177372 0.11502440
vt 0.62240642 0.22836880
vt 0.70363158 0.00139922
vt 0.70500672 0.11477890
vt 0.70603758 0.22811060
vt 0.62791997 0.00140041
vt 0.62928712 0.11478020
vt 0.63031220 0.22811180
vt 0.70986748 0.00107282
vt 0.71170938 0.11442810
vt 0.71309042 0.22774130
vt 0.63413882 0.00107491
vt 0.63597149 0.11443040
vt 0.63734561 0.22774380
vt 0.40766880 0.00107521
vt 0.41302231 0.00147849
vt 0.41123191 0.11483770
vt 0.40547749 0.11440420
vt 0.40988961 0.22815400
vt 0.40383470 0.22769789
vt 0.49762499 0.00107443
vt 0.49544069 0.11440500
vt 0.49380299 0.22770020
vt 0.51597828 0.00199121
vt 0.51516819 0.11539030
vt 0.51456082 0.22873710
vt 0.43325850 0.00211036
vt 0.43298319 0.11551690
vt 0.43277681 0.22886869
vt 0.52313387 0.00209808
vt 0.52285939 0.11550520
vt 0.52265370 0.22885790
vt 0.44061869 0.00210977
vt 0.44089451 0.11551620
vt 0.44110131 0.22886799
vt 0.53046292 0.00209838
vt 0.53073722 0.11550530
vt 0.53094292 0.22885820
vt 0.44781601 0.00200176
vt 0.44863069 0.11540020
vt 0.44924149 0.22874589
vt 0.50631863 0.28517741
vt 0.49908361 0.28481719
vt 0.46477380 0.28481689
vt 0.45752820 0.28518140
vt 0.56072313 0.28435251
vt 0.55451971 0.28481629
vt 0.54728907 0.28517711
vt 0.53937942 0.28541979
vt 0.47098050 0.28434849
vt 0.66404063 0.28478530
vt 0.65680867 0.28440601
vt 0.68976778 0.28518480
vt 0.68087178 0.28518590
vt 0.58830392 0.28478611
vt 0.58105069 0.28440559
vt 0.67217010 0.28504971
vt 0.42429870 0.28542951
vt 0.41636351 0.28518239
vt 0.59645170 0.28505111
vt 0.61406201 0.28518680
vt 0.60516578 0.28518489
vt 0.69847411 0.28504959
vt 0.62276089 0.28505060
vt 0.70661539 0.28478521
vt 0.63088650 0.28478640
vt 0.71386439 0.28440571
vt 0.63811570 0.28440809
vt 0.40913731 0.28482011
vt 0.40291399 0.28435120
vt 0.49288529 0.28435451
vt 0.51422042 0.28542000
vt 0.43266121 0.28555459
vt 0.52253830 0.28554431
vt 0.44121709 0.28555390
vt 0.53105807 0.28554451
vt 0.44958371 0.28542840
vt 0.91612232 0.56025881
vt 0.91091639 0.56341141
vt 0.90812927 0.56006253
vt 0.91271788 0.55754358
vt 0.89488578 0.55823272
vt 0.89950621 0.56032652
vt 0.89814413 0.56473941
vt 0.89121008 0.56254601
vt 0.89052051 0.55387181
vt 0.88618338 0.55900133
vt 0.88827688 0.54871440
vt 0.88095027 0.55226243
vt 0.91646582 0.55311590
vt 0.92064607 0.55624491
vt 0.91833901 0.54751933
vt 0.92360222 0.55161428
vt 0.91799170 0.54141158
vt 0.92550892 0.54476130
vt 0.92565948 0.53607720
vt 0.91545928 0.53619403
vt 0.88813502 0.54281080
vt 0.87745291 0.54527849
vt 0.90514278 0.56490129
vt 0.90401572 0.56082028
vt 0.91119391 0.53239882
vt 0.91548812 0.52854961
vt 0.90551013 0.53043699
vt 0.90444022 0.52521282
vt 0.89852232 0.53105021
vt 0.89722288 0.52603370
vt 0.92500502 0.53081048
vt 0.91466361 0.52326101
vt 0.90326858 0.52004689
vt 0.89599890 0.52129352
vt 0.27670470 0.93292153
vt 0.27759790 0.93801498
vt 0.26764110 0.92982203
vt 0.26768789 0.92414302
vt 0.91343462 0.51820958
vt 0.90201741 0.51546919
vt 0.89488292 0.51703417
vt 0.27592099 0.92763382
vt 0.26828739 0.91853368
vt 0.26066610 0.91790050
vt 0.26225701 0.91262829
vt 0.91695219 0.39850321
vt 0.91935301 0.40166411
vt 0.91447788 0.40694019
vt 0.91232193 0.40366471
vt 0.27537480 0.92221600
vt 0.26941240 0.91325063
vt 0.26447821 0.90776658
vt 0.91404629 0.39518890
vt 0.90969992 0.40002099
vt 0.27514049 0.91679901
vt 0.27089959 0.90830451
vt 0.91762799 0.38739869
vt 0.92099941 0.38980711
vt 0.91080791 0.39187241
vt 0.90675223 0.39615840
vt 0.27522120 0.91152000
vt 0.27260259 0.90372062
vt 0.91392350 0.38513410
vt 0.90737981 0.38859460
vt 0.90361601 0.39219981
vt 0.91719300 0.38207471
vt 0.92099941 0.38318819
vt 0.90994781 0.38300431
vt 0.90378898 0.38533521
vt 0.90036178 0.38817039
vt 0.91290188 0.38100451
vt 0.90579188 0.38091761
vt 0.90010750 0.38208210
vt 0.89704633 0.38411531
vt 0.90833068 0.37999949
vt 0.90351331 0.37896091
vt 0.89850098 0.37796780
vt 0.89368987 0.38004479
vt 0.89132172 0.40157431
vt 0.89122599 0.39615521
vt 0.89103132 0.39013121
vt 0.89272082 0.39273071
vt 0.89091587 0.38412991
vt 0.89461792 0.38684541
vt 0.89138317 0.40638840
vt 0.89405102 0.39742729
vt 0.89710468 0.39118680
vt 0.89145082 0.41038501
vt 0.89539480 0.40173939
vt 0.89959478 0.39536071
vt 0.89154881 0.41373810
vt 0.89676642 0.40572211
vt 0.90205640 0.39939481
vt 0.95606321 0.39538750
vt 0.95613599 0.39945140
vt 0.95214152 0.40727851
vt 0.95050442 0.40322351
vt 0.89811671 0.40951210
vt 0.90442932 0.40332040
vt 0.95617479 0.39110699
vt 0.94911718 0.39871541
vt 0.89946008 0.41309220
vt 0.90666509 0.40708721
vt 0.95650101 0.38636369
vt 0.94810802 0.39356819
vt 0.90076882 0.41637209
vt 0.90861320 0.41065571
vt 0.95701468 0.38131249
vt 0.94767290 0.38794211
vt 0.88149762 0.52981663
vt 0.88039148 0.52504092
vt 0.88813877 0.51870841
vt 0.88918811 0.52318311
vt 0.95766580 0.37576741
vt 0.94788831 0.38197261
vt 0.88321543 0.53519052
vt 0.89057022 0.52838552
vt 0.89001131 0.53781182
vt 0.89347011 0.53382772
vt 0.91111797 0.56613439
vt 0.91721141 0.56273401
vt 0.91788501 0.56488162
vt 0.91110963 0.56843263
vt 0.92239797 0.55785578
vt 0.92359638 0.55925679
vt 0.28005019 0.96023983
vt 0.28161630 0.95637423
vt 0.28438020 0.95614982
vt 0.28267691 0.96076232
vt 0.28202021 0.95004642
vt 0.28471321 0.94907200
vt 0.28113660 0.94264448
vt 0.28378740 0.94208819
vt 0.28022021 0.93747443
vt 0.28282800 0.93672240
vt 0.27934459 0.93243247
vt 0.28196561 0.93178052
vt 0.27861539 0.92746872
vt 0.28129169 0.92723542
vt 0.27800959 0.92114079
vt 0.28063610 0.92009652
vt 0.27783230 0.91605502
vt 0.28052431 0.91543180
vt 0.27794701 0.91100550
vt 0.28067151 0.91066360
vt 0.27833429 0.90597558
vt 0.28104800 0.90569800
vt 0.27903640 0.90092129
vt 0.28183889 0.90054452
vt 0.28004849 0.89591253
vt 0.28304210 0.89526170
vt 0.28146440 0.89108747
vt 0.28471321 0.88997817
vt 0.90155667 0.37586251
vt 0.89653248 0.37548560
vt 0.89424402 0.37344790
vt 0.89908761 0.37330389
vt 0.89195758 0.37766469
vt 0.89015782 0.37557760
vt 0.88915682 0.38128561
vt 0.88759899 0.37846521
vt 0.88820940 0.38681141
vt 0.88575220 0.38324970
vt 0.88836437 0.39288610
vt 0.88589787 0.38927540
vt 0.95888221 0.39989081
vt 0.95876658 0.39510390
vt 0.96144593 0.39466041
vt 0.96150923 0.40013480
vt 0.95886922 0.39126599
vt 0.96154112 0.39135340
vt 0.95919663 0.38649049
vt 0.96187180 0.38663501
vt 0.95984763 0.40897110
vt 0.95927668 0.40477711
vt 0.96202952 0.40584621
vt 0.96270168 0.41005170
vt 0.96078461 0.41372341
vt 0.96385401 0.41502199
vt 0.88859361 0.39904860
vt 0.88624293 0.39623111
vt 0.90505302 0.56752682
vt 0.90498608 0.56968272
vt 0.89786053 0.56722111
vt 0.89780420 0.56925458
vt 0.89071548 0.56488192
vt 0.89066219 0.56676018
vt 0.96093851 0.35976851
vt 0.95940810 0.35440081
vt 0.96192533 0.35359561
vt 0.96366131 0.35959160
vt 0.96112943 0.36791840
vt 0.96385401 0.36789489
vt 0.96037543 0.37571540
vt 0.96307629 0.37583539
vt 0.95971650 0.38137299
vt 0.96240067 0.38153541
vt 0.91191810 0.53875780
vt 0.91391969 0.54230100
vt 0.91448092 0.54631579
vt 0.89594650 0.55531138
vt 0.89604157 0.55490559
vt 0.89975822 0.55695921
vt 0.89975721 0.55736542
vt 0.90400451 0.55756742
vt 0.90401870 0.55796123
vt 0.90812361 0.55648983
vt 0.90812957 0.55694491
vt 0.89301652 0.55193818
vt 0.89329398 0.55165648
vt 0.89151871 0.54780829
vt 0.89188892 0.54765350
vt 0.89162058 0.54338270
vt 0.89202613 0.54341221
vt 0.89332050 0.53936511
vt 0.89370918 0.53951192
vt 0.89638042 0.53624147
vt 0.89674598 0.53651202
vt 0.90041298 0.53435379
vt 0.90064508 0.53471059
vt 0.90499431 0.53407723
vt 0.90492570 0.53447819
vt 0.90924090 0.53543520
vt 0.90899462 0.53576332
vt 0.91262341 0.53824627
vt 0.91227633 0.53844959
vt 0.91475463 0.54211652
vt 0.91436082 0.54215181
vt 0.91531527 0.54651648
vt 0.91492569 0.54633337
vt 0.91432989 0.55086571
vt 0.91407090 0.55052727
vt 0.91167212 0.55431998
vt 0.91151559 0.55383211
vt 0.95660228 0.40357110
vt 0.95633519 0.39948320
vt 0.95669651 0.38637289
vt 0.95721072 0.38131690
vt 0.95786238 0.37576371
vt 0.95863020 0.36822429
vt 0.95852619 0.36047640
vt 0.88610321 0.55913848
vt 0.89117420 0.56271547
vt 0.88507819 0.56089300
vt 0.89812362 0.56491941
vt 0.90513641 0.56509179
vt 0.91093099 0.56360883
vt 0.89101851 0.39591810
vt 0.89112371 0.40139100
vt 0.89119220 0.40623960
vt 0.88875151 0.40433800
vt 0.95708841 0.40770850
vt 0.95637017 0.39111871
vt 0.95625931 0.39536691
vt 0.89082652 0.38989040
vt 0.89078838 0.38392359
vt 0.89356428 0.37987220
vt 0.89835823 0.37778780
vt 0.90337127 0.37873620
vt 0.90823507 0.37978980
vt 0.90701210 0.37710881
vt 0.27643469 0.90163821
vt 0.27735281 0.89711851
vt 0.27576771 0.90645868
vt 0.27541891 0.91148281
vt 0.27533579 0.91674513
vt 0.27556601 0.92213798
vt 0.27611649 0.92762190
vt 0.27689630 0.93288612
vt 0.27778810 0.93797582
vt 0.27867141 0.94289070
vt 0.27959359 0.95041531
vt 0.27914900 0.95590442
vt 0.92077333 0.55636168
vt 0.92375141 0.55166978
vt 0.92565948 0.55238050
vt 0.91620117 0.56043828
vt 0.90076357 0.53518963
vt 0.90486580 0.53496438
vt 0.90877080 0.53618717
vt 0.91364342 0.55032378
vt 0.91118813 0.55350679
vt 0.90791410 0.55606759
vt 0.90397912 0.55707657
vt 0.89700991 0.53689551
vt 0.89411032 0.53978348
vt 0.89248681 0.54352021
vt 0.89235091 0.54758441
vt 0.89369887 0.55142081
vt 0.89634150 0.55453312
vt 0.89991170 0.55649787
vt 0.27895591 0.95586771
vt 0.27940381 0.95044422
vt 0.27847850 0.94290978
vt 0.27556691 0.90649652
vt 0.27623120 0.90169430
vt 0.27714190 0.89721280
vt 0.95687252 0.40760970
vt 0.95639312 0.40347669
vt 0.95843482 0.36824819
vt 0.95833749 0.36053190
vt 0.88700891 0.64675349
vt 0.87917900 0.65149611
vt 0.87498671 0.64637637
vt 0.88188893 0.64259303
vt 0.85506761 0.64346701
vt 0.86201513 0.64668828
vt 0.85996860 0.65339178
vt 0.84953892 0.64999002
vt 0.84850210 0.63679588
vt 0.84197819 0.64455199
vt 0.84512782 0.62893462
vt 0.83410698 0.63425601
vt 0.88752502 0.63589573
vt 0.89381272 0.64069420
vt 0.89034313 0.62740707
vt 0.89825863 0.63368231
vt 0.88982081 0.61811829
vt 0.90112621 0.62328160
vt 0.90135258 0.61008018
vt 0.88601220 0.61016202
vt 0.84491467 0.61995840
vt 0.82884657 0.62360442
vt 0.87049520 0.65370578
vt 0.86879551 0.64747387
vt 0.87959701 0.60435158
vt 0.88605541 0.59854043
vt 0.87104827 0.60131472
vt 0.86943913 0.59336197
vt 0.86053842 0.60218000
vt 0.85858393 0.59454072
vt 0.90036792 0.60206687
vt 0.88481492 0.59049141
vt 0.86767662 0.58549631
vt 0.85674262 0.58732182
vt 0.90996653 0.32872981
vt 0.91133201 0.33647981
vt 0.89627182 0.32402211
vt 0.89633328 0.31538919
vt 0.88296598 0.58279932
vt 0.86579400 0.57852358
vt 0.85506338 0.58083433
vt 0.90877169 0.32068971
vt 0.89723969 0.30687061
vt 0.88575220 0.30593371
vt 0.88816208 0.29793230
vt 0.94052380 0.91367757
vt 0.94412589 0.91849637
vt 0.93677521 0.92639369
vt 0.93354172 0.92140549
vt 0.90794301 0.31245831
vt 0.89894831 0.29885530
vt 0.89153087 0.29056039
vt 0.93615592 0.90862447
vt 0.92960203 0.91585881
vt 0.90759307 0.30423540
vt 0.90121120 0.29135761
vt 0.94155288 0.89691859
vt 0.94662207 0.90061140
vt 0.93128318 0.90356612
vt 0.92516822 0.90998018
vt 0.90772671 0.29622850
vt 0.90380442 0.28441420
vt 0.93597847 0.89344102
vt 0.92612231 0.89856601
vt 0.92044729 0.90395641
vt 0.94089812 0.88887691
vt 0.94662207 0.89062202
vt 0.92999262 0.89016533
vt 0.92071432 0.89359331
vt 0.91554707 0.89782572
vt 0.93444037 0.88719290
vt 0.92373347 0.88695377
vt 0.91516829 0.88862938
vt 0.91055298 0.89165658
vt 0.92755753 0.88560581
vt 0.92030120 0.88396710
vt 0.91274941 0.88239592
vt 0.90549642 0.88546431
vt 0.90189052 0.91795647
vt 0.90175879 0.90976560
vt 0.90147603 0.90066159
vt 0.90402001 0.90461069
vt 0.90131021 0.89159572
vt 0.90688920 0.89574629
vt 0.90196902 0.92523563
vt 0.90601742 0.91172409
vt 0.91063321 0.90233672
vt 0.90205622 0.93128151
vt 0.90803432 0.91825831
vt 0.91438109 0.90867561
vt 0.90218860 0.93635702
vt 0.91009218 0.92429680
vt 0.91808498 0.91480380
vt 0.91935980 0.75812078
vt 0.91947609 0.76429141
vt 0.91348732 0.77616858
vt 0.91099572 0.77001798
vt 0.91211581 0.93004590
vt 0.92165267 0.92076957
vt 0.91952842 0.75161892
vt 0.90888780 0.76317668
vt 0.91412580 0.93548107
vt 0.92501068 0.92649621
vt 0.92002881 0.74441040
vt 0.90735960 0.75536060
vt 0.91607928 0.94046652
vt 0.92793071 0.93192369
vt 0.92082071 0.73673081
vt 0.90671039 0.74681222
vt 0.83493078 0.60013819
vt 0.83326668 0.59286612
vt 0.84491962 0.58331412
vt 0.84649831 0.59012830
vt 0.92182940 0.72829771
vt 0.90705562 0.73773688
vt 0.83751488 0.60832518
vt 0.84857768 0.59805161
vt 0.84773707 0.61237711
vt 0.85293943 0.60635388
vt 0.87948191 0.65563762
vt 0.88864672 0.65052640
vt 0.88965923 0.65379721
vt 0.87946892 0.65913057
vt 0.89644742 0.64315951
vt 0.89824933 0.64529997
vt 0.91517133 0.37035280
vt 0.91750377 0.36445200
vt 0.92169100 0.36412099
vt 0.91915351 0.37115839
vt 0.91807562 0.35480741
vt 0.92215401 0.35333610
vt 0.91670620 0.34353510
vt 0.92072290 0.34270051
vt 0.91530120 0.33566511
vt 0.91925257 0.33453301
vt 0.91396272 0.32799399
vt 0.91793531 0.32701489
vt 0.91285110 0.32044649
vt 0.91690868 0.32010460
vt 0.91193259 0.31083319
vt 0.91591543 0.30926031
vt 0.91166961 0.30311391
vt 0.91575199 0.30218080
vt 0.91185510 0.29545611
vt 0.91598570 0.29494941
vt 0.91245818 0.28783309
vt 0.91657221 0.28742391
vt 0.91339248 0.27995539
vt 0.91750193 0.27918860
vt 0.91502923 0.27249119
vt 0.91948527 0.27139270
vt 0.91725248 0.26526809
vt 0.92215401 0.26355970
vt 0.91735929 0.87926447
vt 0.90978980 0.87862343
vt 0.90634441 0.87552267
vt 0.91364288 0.87537479
vt 0.90288490 0.88184887
vt 0.90016621 0.87868053
vt 0.89865828 0.88727868
vt 0.89630419 0.88300598
vt 0.89722228 0.89561218
vt 0.89351350 0.89020729
vt 0.89744568 0.90479171
vt 0.89372391 0.89931178
vt 0.92363441 0.76495183
vt 0.92345142 0.75768387
vt 0.92751431 0.75700092
vt 0.92761832 0.76531333
vt 0.92360628 0.75185400
vt 0.92765838 0.75197738
vt 0.92410821 0.74459660
vt 0.92816502 0.74480700
vt 0.92513287 0.77872831
vt 0.92424798 0.77236682
vt 0.92842603 0.77398002
vt 0.92946541 0.78035831
vt 0.92658091 0.78593349
vt 0.93124419 0.78789228
vt 0.89777702 0.91410798
vt 0.89423001 0.90982658
vt 0.87035972 0.65769577
vt 0.87025863 0.66097212
vt 0.85954148 0.65716147
vt 0.85945642 0.66025180
vt 0.84879470 0.65353572
vt 0.84871399 0.65638971
vt 0.92688203 0.70394999
vt 0.92462331 0.69577831
vt 0.92844379 0.69454539
vt 0.93101132 0.70367199
vt 0.92711347 0.71635097
vt 0.93124419 0.71630621
vt 0.92593032 0.72821242
vt 0.93002480 0.72838581
vt 0.92490977 0.73681659
vt 0.92897952 0.73705441
vt 0.88054812 0.61352152
vt 0.88355821 0.61892748
vt 0.88440251 0.62503618
vt 0.85652542 0.63853347
vt 0.85666841 0.63791752
vt 0.86225837 0.64107561
vt 0.86225700 0.64169288
vt 0.86864519 0.64204121
vt 0.86866653 0.64263988
vt 0.87484062 0.64044261
vt 0.87484950 0.64113450
vt 0.85211831 0.63337702
vt 0.85253578 0.63295150
vt 0.84986567 0.62708420
vt 0.85042262 0.62685239
vt 0.85001922 0.62035722
vt 0.85062909 0.62040633
vt 0.85257608 0.61426598
vt 0.85316092 0.61449319
vt 0.85717863 0.60954708
vt 0.85772860 0.60996193
vt 0.86324400 0.60671598
vt 0.86359322 0.60726070
vt 0.87013441 0.60633969
vt 0.87003142 0.60694861
vt 0.87652153 0.60844469
vt 0.87615108 0.60894120
vt 0.88160872 0.61275083
vt 0.88108671 0.61305642
vt 0.88481420 0.61865491
vt 0.88422167 0.61870480
vt 0.88565719 0.62534940
vt 0.88507128 0.62506741
vt 0.88417512 0.63195181
vt 0.88378561 0.63143522
vt 0.88017762 0.63717788
vt 0.87994242 0.63643479
vt 0.92035520 0.77061540
vt 0.91993040 0.76436353
vt 0.92047453 0.74443072
vt 0.92126727 0.73674017
vt 0.92227739 0.72828841
vt 0.92348081 0.71680290
vt 0.92337668 0.70498782
vt 0.84179652 0.64486492
vt 0.84945762 0.65037727
vt 0.84031552 0.64741659
vt 0.85992187 0.65380371
vt 0.87048042 0.65414172
vt 0.87921208 0.65194857
vt 0.90128762 0.90922213
vt 0.90144122 0.91753608
vt 0.90153539 0.92489380
vt 0.89799970 0.92210692
vt 0.92111522 0.77689511
vt 0.91997391 0.75164449
vt 0.91980672 0.75807321
vt 0.90101123 0.90011013
vt 0.90102041 0.89112413
vt 0.90521097 0.88506937
vt 0.91242552 0.88198382
vt 0.91997927 0.88345343
vt 0.92734021 0.88512743
vt 0.92559612 0.88122660
vt 0.90975291 0.28120810
vt 0.91117817 0.27434680
vt 0.90872490 0.28852990
vt 0.90817767 0.29614410
vt 0.90803838 0.30411291
vt 0.90837878 0.31228080
vt 0.90921742 0.32066321
vt 0.91040301 0.32864940
vt 0.91176558 0.33639079
vt 0.91312248 0.34388849
vt 0.91455191 0.35534331
vt 0.91391891 0.36376259
vt 0.89410061 0.64096361
vt 0.89859658 0.63381159
vt 0.90135258 0.63486600
vt 0.88718778 0.64716560
vt 0.86377132 0.60799032
vt 0.86994112 0.60768729
vt 0.87581438 0.60958368
vt 0.88314271 0.63112152
vt 0.87944973 0.63593709
vt 0.87452543 0.63979870
vt 0.86860698 0.64129490
vt 0.85812533 0.61054742
vt 0.85376412 0.61490989
vt 0.85132211 0.62057471
vt 0.85111761 0.62675190
vt 0.85314488 0.63259733
vt 0.85711938 0.63735431
vt 0.86248928 0.64037591
vt 0.91347933 0.36367810
vt 0.91411978 0.35540900
vt 0.91268301 0.34393179
vt 0.90826702 0.28861541
vt 0.90929341 0.28134230
vt 0.91069722 0.27456149
vt 0.92062253 0.77667028
vt 0.91987771 0.77040070
vt 0.92303538 0.71685833
vt 0.92294681 0.70511508
vt 0.99472278 0.31522009
vt 0.99469483 0.30395320
vt 0.99522918 0.30395320
vt 0.99525708 0.31522009
vt 0.99451309 0.50237560
vt 0.99459398 0.51315278
vt 0.99405980 0.51315302
vt 0.99397868 0.50237560
vt 0.99250960 0.63936692
vt 0.99236423 0.62888688
vt 0.99289823 0.62888688
vt 0.99304348 0.63936692
vt 0.99480408 0.32597610
vt 0.99533838 0.32597610
vt 0.99438387 0.49254259
vt 0.99384958 0.49254259
vt 0.99472201 0.29266930
vt 0.99525642 0.29266930
vt 0.99493277 0.33578441
vt 0.99546713 0.33578441
vt 0.99421233 0.48402321
vt 0.99367791 0.48402330
vt 0.71533680 0.93554372
vt 0.71544558 0.92590868
vt 0.71597999 0.92590868
vt 0.71587121 0.93554372
vt 0.99510437 0.34428379
vt 0.99563873 0.34428370
vt 0.99275011 0.58711791
vt 0.99307621 0.57852381
vt 0.99361008 0.57852358
vt 0.99328399 0.58711791
vt 0.71544492 0.98769033
vt 0.71533698 0.97791028
vt 0.71587127 0.97791028
vt 0.71597922 0.98769033
vt 0.71559370 0.91733050
vt 0.71612811 0.91733038
vt 0.99251169 0.59679341
vt 0.99304563 0.59679341
vt 0.71527159 0.94589972
vt 0.71580589 0.94589972
vt 0.99236482 0.60720539
vt 0.99289870 0.60720539
vt 0.71524757 0.95671242
vt 0.71578193 0.95671242
vt 0.99231410 0.61806422
vt 0.99284798 0.61806422
vt 0.71526992 0.96747643
vt 0.71580422 0.96747643
vt 0.99274790 0.64913708
vt 0.99328172 0.64913708
vt 0.71559370 0.99632651
vt 0.71612811 0.99632633
vt 0.99307621 0.65781152
vt 0.99361008 0.65781152
vt 0.99438471 0.55640471
vt 0.99421233 0.56494999
vt 0.99367791 0.56494999
vt 0.99385041 0.55640471
vt 0.99493158 0.27196401
vt 0.99510437 0.26340210
vt 0.99563873 0.26340199
vt 0.99546587 0.27196401
vt 0.99451441 0.54653293
vt 0.99398011 0.54653293
vt 0.99480188 0.28185019
vt 0.99533629 0.28185019
vt 0.99459481 0.53572142
vt 0.99406052 0.53572142
vt 0.99462098 0.52443099
vt 0.99408668 0.52443099
vt 0.41387671 0.86609358
vt 0.41388419 0.86538082
vt 0.42492121 0.86554313
vt 0.42491370 0.86625600
vt 0.96174222 0.50491542
vt 0.96102929 0.50492430
vt 0.96107662 0.49723470
vt 0.96178943 0.49722579
vt 0.76011741 0.36932179
vt 0.76011682 0.36860871
vt 0.77076161 0.36862901
vt 0.77076221 0.36934200
vt 0.40347800 0.86588752
vt 0.40348551 0.86517471
vt 0.83081847 0.04499650
vt 0.83010542 0.04499906
vt 0.83005852 0.03677797
vt 0.83077163 0.03677546
vt 0.80326152 0.36929351
vt 0.80326092 0.36858040
vt 0.81307220 0.36853030
vt 0.81307280 0.36924341
vt 0.83086377 0.05443340
vt 0.83015072 0.05443555
vt 0.79264468 0.36932591
vt 0.79264408 0.36861280
vt 0.83090681 0.06482404
vt 0.83019382 0.06482619
vt 0.78171402 0.36934200
vt 0.78171343 0.36862901
vt 0.83094662 0.07571351
vt 0.83023351 0.07571572
vt 0.83100468 0.09766006
vt 0.83029181 0.09766221
vt 0.83026630 0.08678662
vt 0.83097929 0.08678448
vt 0.75029600 0.36928499
vt 0.75029540 0.36857191
vt 0.83102310 0.10793790
vt 0.83031011 0.10794010
vt 0.74162871 0.36923170
vt 0.74162823 0.36851871
vt 0.83103251 0.11715560
vt 0.83031952 0.11715790
vt 0.96112251 0.43306130
vt 0.96040958 0.43307009
vt 0.96018070 0.42352811
vt 0.96089351 0.42351910
vt 0.83103251 0.12494560
vt 0.83031952 0.12494770
vt 0.96133029 0.44371679
vt 0.96061748 0.44372559
vt 0.46723861 0.86636877
vt 0.46724609 0.86565608
vt 0.47509879 0.86553949
vt 0.47509119 0.86625242
vt 0.96164668 0.46652159
vt 0.96093380 0.46653050
vt 0.96079421 0.45504591
vt 0.96150708 0.45503700
vt 0.44738171 0.86642921
vt 0.44738919 0.86571628
vt 0.45788601 0.86571628
vt 0.45787850 0.86642921
vt 0.96174181 0.47768000
vt 0.96102887 0.47768891
vt 0.43623289 0.86637050
vt 0.43624040 0.86565763
vt 0.96178943 0.48804629
vt 0.96107662 0.48805520
vt 0.39418420 0.86564761
vt 0.39419180 0.86493480
vt 0.74305773 0.00220638
vt 0.74320370 0.01987421
vt 0.73339909 0.02290493
vt 0.73324031 0.00351965
vt 0.77606481 0.02327853
vt 0.77696067 0.03309679
vt 0.76616848 0.03892493
vt 0.76514608 0.02705866
vt 0.72693372 0.31480080
vt 0.73904079 0.31483069
vt 0.73664302 0.32529971
vt 0.72640622 0.32527220
vt 0.75361788 0.00138307
vt 0.75375021 0.01720207
vt 0.72711450 0.30384961
vt 0.74117440 0.30388221
vt 0.76462740 0.00107282
vt 0.76474530 0.01496440
vt 0.72693211 0.29293001
vt 0.74293619 0.29296520
vt 0.77559632 0.00129545
vt 0.77569968 0.01326555
vt 0.72639841 0.28232789
vt 0.74428701 0.28236529
vt 0.79610890 0.00328505
vt 0.79618561 0.01165992
vt 0.78630382 0.01214724
vt 0.78621417 0.00203812
vt 0.72432500 0.26355970
vt 0.74554032 0.26360160
vt 0.74517667 0.27241179
vt 0.72552150 0.27237189
vt 0.80488920 0.00501311
vt 0.80495453 0.01184779
vt 0.55072230 0.86486870
vt 0.55072188 0.84204102
vt 0.55937350 0.84364581
vt 0.55937392 0.86515468
vt 0.96768349 0.79801291
vt 0.96194500 0.79802448
vt 0.96080309 0.79020518
vt 0.96785802 0.79019058
vt 0.54072332 0.86465329
vt 0.54072291 0.84083092
vt 0.96755260 0.80736899
vt 0.96280211 0.80737829
vt 0.52976882 0.86451942
vt 0.52976841 0.84007633
vt 0.96747178 0.81789547
vt 0.96333033 0.81790340
vt 0.50689107 0.86451900
vt 0.50689071 0.84006512
vt 0.51832491 0.83982491
vt 0.51832533 0.86447519
vt 0.96747267 0.84061313
vt 0.96332461 0.84062099
vt 0.96351010 0.82914197
vt 0.96744442 0.82913458
vt 0.49596131 0.86465222
vt 0.49596080 0.84080601
vt 0.96755481 0.85182202
vt 0.96279019 0.85183132
vt 0.48598540 0.86486560
vt 0.48598489 0.84199750
vt 0.96768469 0.86229998
vt 0.96193659 0.86231160
vt 0.47733870 0.86514908
vt 0.47733831 0.84358138
vt 0.73403978 0.33502141
vt 0.72554290 0.33499619
vt 0.96785802 0.87165302
vt 0.96080840 0.87166762
vt 0.72468603 0.02620816
vt 0.72451568 0.00529742
vt 0.73130637 0.34365660
vt 0.72435850 0.34363341
vt 0.94781512 0.48806441
vt 0.94997972 0.48809269
vt 0.94579637 0.49735391
vt 0.94245392 0.49732080
vt 0.76066262 0.28273541
vt 0.77674383 0.28390309
vt 0.77134311 0.29437190
vt 0.75727051 0.29331350
vt 0.79648471 0.01777875
vt 0.79714459 0.02376604
vt 0.78740841 0.02798110
vt 0.78663462 0.02014487
vt 0.76551902 0.26401049
vt 0.78514582 0.26537201
vt 0.78142959 0.27407330
vt 0.76346552 0.27280250
vt 0.80522501 0.01629841
vt 0.80578393 0.02064394
vt 0.55072141 0.82037282
vt 0.55072260 0.79912472
vt 0.55937392 0.80355978
vt 0.55937290 0.82340533
vt 0.95877081 0.79800647
vt 0.95567542 0.79796243
vt 0.95170277 0.79013991
vt 0.95620298 0.79018903
vt 0.54072249 0.81808567
vt 0.54062092 0.79608828
vt 0.96069813 0.80735892
vt 0.95865709 0.80731851
vt 0.52976799 0.81665927
vt 0.52976948 0.79369318
vt 0.96188611 0.81788301
vt 0.96049488 0.81784493
vt 0.50689048 0.81663620
vt 0.50689203 0.79365861
vt 0.51832622 0.79299629
vt 0.51832467 0.81618309
vt 0.96187341 0.84060061
vt 0.96047521 0.84056258
vt 0.96112019 0.82908398
vt 0.96229041 0.82912117
vt 0.49596050 0.81803513
vt 0.49596190 0.79570371
vt 0.96067101 0.85181189
vt 0.95861483 0.85177159
vt 0.48598459 0.82028598
vt 0.48598579 0.79899520
vt 0.95875162 0.86229360
vt 0.95564550 0.86224961
vt 0.47733781 0.82327831
vt 0.47733891 0.80337101
vt 0.74473000 0.32558110
vt 0.75265491 0.32630420
vt 0.74631149 0.33590430
vt 0.74024171 0.33528250
vt 0.95621312 0.87165147
vt 0.95171791 0.87160248
vt 0.73390132 0.04095000
vt 0.73528463 0.05867087
vt 0.72669989 0.06525295
vt 0.72521633 0.04590559
vt 0.74024892 0.34443131
vt 0.73583031 0.34389970
vt 0.74367422 0.03605860
vt 0.74494457 0.05194932
vt 0.74915391 0.31513360
vt 0.75907260 0.31596509
vt 0.75418657 0.03138428
vt 0.75533563 0.04530531
vt 0.75340271 0.30420801
vt 0.76540279 0.30515331
vt 0.95599502 0.44367599
vt 0.95745897 0.44369021
vt 0.95784873 0.45499301
vt 0.95661980 0.45497251
vt 0.43306130 0.77835357
vt 0.43510491 0.79690731
vt 0.42374289 0.79996032
vt 0.42179090 0.78230631
vt 0.95179099 0.47762170
vt 0.95307142 0.47764680
vt 0.44418529 0.77587527
vt 0.44628581 0.79499012
vt 0.95417541 0.46640971
vt 0.95491087 0.46643311
vt 0.46406591 0.77577078
vt 0.46616679 0.79489541
vt 0.45677879 0.79432851
vt 0.45465890 0.77502608
vt 0.95383328 0.44361940
vt 0.95457458 0.44364241
vt 0.95543069 0.45493329
vt 0.95488077 0.45491049
vt 0.47196579 0.77813929
vt 0.47401029 0.79671443
vt 0.79764670 0.04229575
vt 0.80405033 0.04391032
vt 0.79798633 0.05318242
vt 0.78985542 0.05118680
vt 0.95111561 0.43302849
vt 0.95240861 0.43305299
vt 0.74705797 0.11025380
vt 0.76465923 0.11435590
vt 0.76154488 0.12196990
vt 0.74306327 0.11767110
vt 0.94688308 0.42356411
vt 0.94905633 0.42359161
vt 0.75233072 0.10139190
vt 0.76878971 0.10537880
vt 0.76723200 0.33638781
vt 0.76890802 0.34273759
vt 0.75863558 0.34833130
vt 0.75732762 0.34356710
vt 0.74810147 0.34993961
vt 0.74908358 0.35329241
vt 0.74069130 0.35737860
vt 0.73998052 0.35519481
vt 0.75876588 0.09184718
vt 0.77378041 0.09537136
vt 0.81518781 0.29725790
vt 0.81883150 0.31218979
vt 0.81019300 0.31795210
vt 0.80691552 0.30462989
vt 0.76597381 0.08162456
vt 0.77939391 0.08479309
vt 0.77746922 0.32864979
vt 0.77953881 0.33670381
vt 0.77372611 0.07121741
vt 0.78543031 0.07400423
vt 0.78777432 0.32055470
vt 0.79025108 0.33038810
vt 0.78180653 0.06092262
vt 0.79172122 0.06331402
vt 0.79768127 0.31247771
vt 0.80056608 0.32408261
vt 0.80490661 0.03456336
vt 0.80969977 0.03582280
vt 0.41084331 0.78753418
vt 0.41267321 0.80399573
vt 0.40231451 0.80882651
vt 0.40063331 0.79379541
vt 0.81134689 0.02831763
vt 0.81471032 0.02926266
vt 0.75010878 0.36252341
vt 0.75989240 0.36099541
vt 0.47488800 0.81955689
vt 0.47519130 0.84275281
vt 0.46736369 0.84226388
vt 0.46705940 0.81839812
vt 0.81229442 0.04478186
vt 0.82068563 0.04513454
vt 0.81881851 0.05461895
vt 0.80831218 0.05420219
vt 0.95449579 0.43307361
vt 0.95663798 0.43307269
vt 0.78639948 0.11630970
vt 0.80850178 0.11719320
vt 0.80752701 0.12494930
vt 0.78434652 0.12401650
vt 0.95778137 0.46648601
vt 0.95632440 0.46646929
vt 0.95220733 0.42359641
vt 0.95543110 0.42357579
vt 0.78911930 0.10720810
vt 0.80978853 0.10802500
vt 0.76994270 0.35092300
vt 0.77045041 0.35925791
vt 0.75948763 0.35460410
vt 0.74978453 0.35786241
vt 0.74150550 0.36376649
vt 0.74125731 0.36053851
vt 0.79240310 0.09705388
vt 0.81133813 0.09779387
vt 0.40310091 0.82741231
vt 0.40340200 0.84628791
vt 0.39405289 0.84783000
vt 0.39375970 0.83092880
vt 0.79609489 0.08631169
vt 0.81307769 0.08696633
vt 0.78075528 0.34694490
vt 0.78135937 0.35736880
vt 0.80006307 0.07535338
vt 0.81494480 0.07592308
vt 0.79163581 0.34277570
vt 0.79231918 0.35538080
vt 0.80419677 0.06450384
vt 0.81688708 0.06500226
vt 0.80213380 0.33860740
vt 0.80291158 0.35338420
vt 0.81191832 0.33454850
vt 0.81276798 0.35143039
vt 0.81600273 0.03655982
vt 0.82242191 0.03685641
vt 0.41350991 0.82429981
vt 0.41382530 0.84491920
vt 0.95036191 0.49734661
vt 0.95502388 0.49730951
vt 0.95339328 0.50503218
vt 0.94698232 0.50508982
vt 0.42460939 0.82169658
vt 0.42492461 0.84376973
vt 0.95312101 0.48810220
vt 0.95633471 0.48808640
vt 0.43599060 0.81972402
vt 0.43630230 0.84289390
vt 0.95514357 0.47767210
vt 0.95727062 0.47767571
vt 0.44718251 0.81848091
vt 0.44749111 0.84233481
vt 0.45799211 0.84212762
vt 0.45768201 0.81804490
vt 0.41065809 0.75939047
vt 0.41753989 0.76808637
vt 0.40687191 0.77426952
vt 0.40051180 0.76560342
vt 0.80677950 0.02390784
vt 0.80859488 0.02658188
vt 0.80101919 0.03214699
vt 0.79848242 0.02839410
vt 0.80115002 0.26938570
vt 0.81393242 0.27768990
vt 0.80773592 0.28534740
vt 0.79605019 0.27775469
vt 0.79248071 0.03911370
vt 0.78913152 0.03414481
vt 0.78980041 0.28720790
vt 0.80024689 0.29399469
vt 0.79185063 0.30320281
vt 0.78272861 0.29727560
vt 0.77909708 0.04090940
vt 0.78331780 0.04718250
vt 0.77385259 0.05606693
vt 0.76873201 0.04844307
vt 0.78281158 0.31268331
vt 0.77506012 0.30764279
vt 0.76435101 0.06550908
vt 0.75832742 0.05653280
vt 0.77337551 0.32218811
vt 0.76699722 0.31803849
vt 0.75523633 0.07509559
vt 0.74834710 0.06481915
vt 0.76397431 0.33127609
vt 0.75891572 0.32797921
vt 0.74676228 0.08455455
vt 0.73906869 0.07306861
vt 0.75102162 0.33720851
vt 0.75484997 0.33971161
vt 0.74631631 0.34720209
vt 0.74358100 0.34540561
vt 0.73939347 0.09292697
vt 0.73082280 0.08100706
vt 0.73877060 0.35338330
vt 0.73694217 0.35217169
vt 0.73300058 0.10172150
vt 0.72432500 0.08758294
vt 0.95340848 0.86217582
vt 0.95152563 0.86204338
vt 0.95608062 0.85163152
vt 0.95725852 0.85171717
vt 0.96050513 0.82904547
vt 0.95992029 0.82899833
vt 0.95896578 0.81774491
vt 0.95969683 0.81780207
vt 0.48637339 0.78256363
vt 0.48599169 0.76818889
vt 0.49597150 0.76336169
vt 0.49596301 0.77758718
vt 0.95893401 0.84046310
vt 0.95967042 0.84052002
vt 0.50690442 0.76036459
vt 0.50689417 0.77500731
vt 0.51832879 0.77417010
vt 0.51833898 0.75939047
vt 0.52978098 0.76041460
vt 0.52977151 0.77505058
vt 0.95614922 0.80717772
vt 0.95731533 0.80726361
vt 0.54073179 0.76347119
vt 0.54072422 0.77768213
vt 0.95158237 0.79775470
vt 0.95345289 0.79788768
vt 0.55072618 0.76836991
vt 0.55062503 0.78221899
vt 0.81364340 0.02090233
vt 0.81486148 0.02268218
vt 0.39699960 0.78167617
vt 0.73325920 0.35913780
vt 0.73248380 0.35802621
vt 0.95436579 0.45488161
vt 0.95351422 0.46637559
vt 0.72830677 0.10871690
vt 0.95001543 0.43298081
vt 0.95316762 0.44358581
vt 0.74057281 0.12345200
vt 0.72538197 0.11423640
vt 0.45002210 0.75948608
vt 0.43959281 0.76048547
vt 0.45947179 0.76037312
vt 0.95070070 0.47757360
vt 0.42859989 0.76341331
vt 0.94602817 0.48799321
vt 0.93973893 0.49721801
vt 0.94830757 0.79003799
vt 0.47733679 0.78726423
vt 0.94831502 0.87150192
vt 0.55937058 0.78749222
vt 0.94069648 0.50511128
vt 0.39302209 0.81428808
vt 0.92416477 0.96813911
vt 0.92417890 0.96070051
vt 0.92436957 0.96071970
vt 0.92435563 0.96814632
vt 0.92157131 0.97832751
vt 0.92155391 0.97087491
vt 0.92174512 0.97086817
vt 0.92176253 0.97830868
vt 0.92421770 0.98332202
vt 0.92417842 0.97578877
vt 0.92436910 0.97578400
vt 0.92440832 0.98330498
vt 0.92171162 0.99151683
vt 0.92162448 0.98531377
vt 0.92181540 0.98528397
vt 0.92190242 0.99147701
vt 0.92428231 0.99040788
vt 0.92447281 0.99037957
vt 0.97849071 0.12442920
vt 0.97845697 0.11781820
vt 0.97864711 0.11779650
vt 0.97868079 0.12439690
vt 0.92182851 0.99668038
vt 0.92201930 0.99663240
vt 0.92436779 0.99675918
vt 0.92455822 0.99672067
vt 0.14240840 0.89198458
vt 0.14242379 0.88683760
vt 0.14261350 0.88688612
vt 0.14259820 0.89202482
vt 0.97845608 0.08260339
vt 0.97849083 0.07690417
vt 0.97868079 0.07694792
vt 0.97864628 0.08263802
vt 0.14238501 0.91194272
vt 0.14238940 0.90480423
vt 0.14257930 0.90482378
vt 0.14257491 0.91195089
vt 0.14239740 0.89804453
vt 0.14258720 0.89807492
vt 0.97843271 0.08911103
vt 0.97862267 0.08913516
vt 0.14242379 0.94518751
vt 0.14240959 0.93964380
vt 0.14259949 0.93960780
vt 0.14261350 0.94514263
vt 0.97842097 0.09612429
vt 0.97861117 0.09613728
vt 0.14238590 0.91922861
vt 0.14257580 0.91922522
vt 0.97842097 0.10340280
vt 0.97861117 0.10340410
vt 0.14238919 0.92647451
vt 0.14257909 0.92645949
vt 0.97843301 0.11074390
vt 0.97862297 0.11073360
vt 0.14239740 0.93333721
vt 0.14258710 0.93331122
vt 0.92171347 0.94885403
vt 0.92182863 0.94261211
vt 0.92201930 0.94265062
vt 0.92190439 0.94888258
vt 0.92428321 0.94769168
vt 0.92436779 0.94261217
vt 0.92455822 0.94266021
vt 0.92447370 0.94773161
vt 0.92162722 0.95584130
vt 0.92181808 0.95585853
vt 0.92421907 0.95379353
vt 0.92440981 0.95382380
vt 0.92157310 0.96327209
vt 0.92176431 0.96327752
vt 0.88998932 0.88763368
vt 0.87803841 0.88770682
vt 0.87745899 0.88121343
vt 0.89057171 0.88113421
vt 0.87475699 0.90955091
vt 0.86811382 0.91013402
vt 0.86390042 0.90293539
vt 0.87192899 0.90227097
vt 0.86804211 0.70625663
vt 0.86781049 0.71416640
vt 0.86084092 0.71329111
vt 0.86103833 0.70660323
vt 0.88963091 0.89464092
vt 0.87893021 0.89470750
vt 0.87534177 0.70625770
vt 0.87507433 0.71544331
vt 0.88950711 0.90196121
vt 0.88011050 0.90202069
vt 0.88259637 0.70660877
vt 0.88229322 0.71706462
vt 0.88962752 0.90926921
vt 0.88153058 0.90932161
vt 0.88961619 0.70729399
vt 0.88927847 0.71898103
vt 0.89056617 0.92297810
vt 0.88490123 0.92301768
vt 0.88314438 0.91640317
vt 0.88998282 0.91635740
vt 0.90196729 0.70960683
vt 0.90156841 0.72346741
vt 0.89581281 0.72114670
vt 0.89618301 0.70830548
vt 0.89136779 0.92887008
vt 0.88674480 0.92890412
vt 0.93795562 0.19756401
vt 0.93807042 0.18237780
vt 0.94322658 0.18342690
vt 0.94311857 0.19773580
vt 0.81741160 0.92404163
vt 0.81359750 0.92404139
vt 0.81291300 0.91824472
vt 0.81760192 0.91824490
vt 0.93176490 0.19740970
vt 0.93188483 0.18156169
vt 0.81726873 0.93072641
vt 0.81411129 0.93072617
vt 0.92478442 0.19727990
vt 0.92490751 0.18101920
vt 0.81718069 0.93803418
vt 0.81442791 0.93803412
vt 0.90966338 0.19711670
vt 0.90978640 0.18084870
vt 0.91743022 0.18078260
vt 0.91730613 0.19718140
vt 0.81718171 0.95324612
vt 0.81442457 0.95324600
vt 0.81453568 0.94564909
vt 0.81715077 0.94564921
vt 0.90218037 0.19709019
vt 0.90230042 0.18122630
vt 0.81727111 0.96049178
vt 0.81410438 0.96049172
vt 0.89517170 0.19710121
vt 0.89528662 0.18188810
vt 0.81741309 0.96709251
vt 0.81359261 0.96709228
vt 0.88890558 0.19714870
vt 0.88901412 0.18280070
vt 0.85434413 0.71283549
vt 0.85450941 0.70728427
vt 0.81760192 0.97280490
vt 0.81291640 0.97280473
vt 0.87722331 0.87545967
vt 0.89136779 0.87537491
vt 0.84854537 0.71283478
vt 0.84868240 0.70829582
vt 0.88104618 0.93674958
vt 0.88057917 0.93819928
vt 0.87494671 0.93537378
vt 0.87559211 0.93313640
vt 0.88874602 0.72967398
vt 0.88768780 0.74016082
vt 0.88086033 0.73560041
vt 0.88181072 0.72642422
vt 0.88076180 0.92320842
vt 0.87671071 0.92363942
vt 0.87243241 0.91711688
vt 0.87773412 0.91661251
vt 0.90094697 0.73651367
vt 0.89969778 0.74931371
vt 0.89407331 0.74480450
vt 0.89523292 0.73308933
vt 0.88373393 0.92907822
vt 0.88079309 0.92944419
vt 0.93815023 0.16795871
vt 0.93815178 0.15380780
vt 0.94330019 0.15674070
vt 0.94330019 0.16995759
vt 0.81148553 0.92404151
vt 0.80942369 0.92404181
vt 0.80685699 0.91824520
vt 0.80985308 0.91824472
vt 0.93196940 0.16642600
vt 0.93184078 0.15176649
vt 0.81271082 0.93072617
vt 0.81135023 0.93072641
vt 0.92499512 0.16543651
vt 0.92499882 0.15014181
vt 0.81346601 0.93803412
vt 0.81253773 0.93803418
vt 0.90987420 0.16525820
vt 0.90987802 0.14995579
vt 0.91752279 0.14960890
vt 0.91751891 0.16505051
vt 0.81345803 0.95324600
vt 0.81252491 0.95324618
vt 0.81294167 0.94564921
vt 0.81372303 0.94564909
vt 0.90238518 0.16607361
vt 0.90238822 0.15120161
vt 0.81269372 0.96049172
vt 0.81132299 0.96049201
vt 0.89536679 0.16744010
vt 0.89536852 0.15326101
vt 0.81147343 0.96709228
vt 0.80940437 0.96709281
vt 0.88908792 0.16928980
vt 0.88908798 0.15603180
vt 0.86051232 0.71856987
vt 0.85989261 0.72373521
vt 0.85354221 0.72083801
vt 0.85406190 0.71688300
vt 0.80985981 0.97280478
vt 0.80686688 0.97280520
vt 0.86525202 0.88152307
vt 0.85326231 0.88241971
vt 0.85080868 0.87674677
vt 0.86389840 0.87578583
vt 0.84787363 0.71866411
vt 0.84830469 0.71578628
vt 0.86708999 0.88799781
vt 0.85633868 0.88882172
vt 0.86743212 0.72076857
vt 0.86670542 0.72723472
vt 0.86933619 0.89497852
vt 0.85991782 0.89572418
vt 0.87464368 0.72342718
vt 0.87380481 0.73125130
vt 0.64435852 0.93883842
vt 0.64533663 0.93884140
vt 0.64549160 0.94648302
vt 0.64467031 0.94647688
vt 0.88816392 0.78396922
vt 0.87582070 0.78655511
vt 0.87385851 0.78139931
vt 0.88560319 0.77893102
vt 0.64138168 0.96116263
vt 0.64224541 0.96113682
vt 0.64023912 0.96752888
vt 0.63878220 0.96756732
vt 0.66538328 0.84686208
vt 0.66407287 0.85946989
vt 0.65888572 0.86100209
vt 0.66015828 0.84876740
vt 0.64297259 0.95403701
vt 0.64347082 0.95401919
vt 0.67856997 0.84642643
vt 0.67725921 0.85903943
vt 0.67029732 0.85881591
vt 0.67162007 0.84608728
vt 0.64290178 0.93886632
vt 0.64340383 0.93884802
vt 0.64386982 0.94648290
vt 0.64349622 0.94649822
vt 0.68595541 0.84790820
vt 0.68468118 0.86015707
vt 0.86273032 0.92391181
vt 0.86162603 0.92817181
vt 0.85448623 0.92410082
vt 0.85585183 0.91869181
vt 0.64123940 0.93147731
vt 0.64211172 0.93145072
vt 0.69344699 0.85042912
vt 0.69223171 0.86209440
vt 0.63860512 0.92463487
vt 0.64006788 0.92459548
vt 0.70078200 0.85384512
vt 0.69960397 0.86475140
vt 0.85292810 0.73308432
vt 0.84867370 0.73406941
vt 0.84505773 0.72867441
vt 0.84825063 0.72790229
vt 0.63512927 0.91859603
vt 0.63737351 0.91854018
vt 0.70758712 0.85807639
vt 0.70654303 0.86802697
vt 0.87805539 0.76646662
vt 0.86805582 0.76859123
vt 0.86444598 0.76143521
vt 0.87336820 0.75952202
vt 0.84182298 0.72428191
vt 0.84407097 0.72369850
vt 0.83622020 0.90277791
vt 0.83404952 0.91170567
vt 0.82835633 0.90799183
vt 0.83077067 0.89800310
vt 0.85794318 0.73903620
vt 0.85254782 0.74024940
vt 0.84235102 0.90792930
vt 0.84044218 0.91571569
vt 0.86316538 0.74560469
vt 0.85657883 0.74705392
vt 0.84898812 0.91331393
vt 0.84735090 0.91990960
vt 0.86835188 0.75250071
vt 0.86057937 0.75418651
vt 0.86939287 0.92879111
vt 0.86853182 0.93197972
vt 0.88218057 0.77301252
vt 0.87122929 0.77532512
vt 0.64353043 0.91846591
vt 0.64257312 0.91338497
vt 0.64934957 0.91334921
vt 0.64926481 0.91842878
vt 0.68423378 0.87530398
vt 0.68417048 0.89071500
vt 0.67672819 0.89047933
vt 0.67679721 0.87462300
vt 0.86102051 0.93365782
vt 0.86076581 0.93924242
vt 0.85346848 0.93796438
vt 0.85377342 0.93097222
vt 0.64351147 0.93143111
vt 0.64494181 0.93142551
vt 0.69180918 0.87653601
vt 0.69175577 0.89123023
vt 0.64539403 0.95401692
vt 0.64442068 0.95401180
vt 0.64217830 0.92456251
vt 0.64432991 0.92454571
vt 0.69921279 0.87825572
vt 0.69917089 0.89199692
vt 0.84320891 0.73460281
vt 0.83765399 0.73478931
vt 0.83660901 0.72927397
vt 0.84086877 0.72912133
vt 0.64042431 0.91849351
vt 0.70618588 0.88039732
vt 0.70615357 0.89298558
vt 0.85568702 0.76950222
vt 0.84312391 0.76978320
vt 0.84212267 0.76256722
vt 0.85337180 0.76228970
vt 0.63831431 0.91341758
vt 0.71243030 0.88285792
vt 0.71240520 0.89414841
vt 0.84571183 0.74086958
vt 0.83876503 0.74108660
vt 0.83949190 0.92545301
vt 0.83906817 0.93535721
vt 0.83248973 0.93412173
vt 0.83297759 0.92281932
vt 0.84831148 0.74775100
vt 0.83991158 0.74798608
vt 0.84651572 0.92821151
vt 0.84614801 0.93665719
vt 0.85088652 0.75497007
vt 0.84103978 0.75523341
vt 0.86802232 0.93617392
vt 0.86781043 0.94044602
vt 0.85771692 0.77629358
vt 0.84399331 0.77658522
vt 0.87452209 0.93842101
vt 0.87434751 0.94152802
vt 0.85939300 0.78240901
vt 0.84470189 0.78270310
vt 0.88022292 0.94029713
vt 0.88007742 0.94243920
vt 0.86063617 0.78759640
vt 0.84521520 0.78789240
vt 0.64363521 0.96112120
vt 0.64505500 0.96111941
vt 0.64448661 0.96749097
vt 0.64234233 0.96750182
vt 0.66361171 0.87504399
vt 0.66354311 0.89089233
vt 0.65837562 0.89152509
vt 0.65843880 0.87613171
vt 0.66975492 0.89054281
vt 0.66982400 0.87456268
vt 0.71275318 0.90728730
vt 0.70651042 0.90729851
vt 0.82955933 0.74108911
vt 0.82970750 0.73478413
vt 0.83914453 0.94723791
vt 0.83253348 0.94726688
vt 0.82939363 0.74794978
vt 0.84621871 0.94721961
vt 0.82921427 0.75519341
vt 0.85355997 0.94721317
vt 0.82902998 0.76247698
vt 0.86785179 0.94723523
vt 0.86083859 0.94721830
vt 0.82866663 0.77637053
vt 0.82884550 0.76961303
vt 0.87435931 0.94726360
vt 0.82850158 0.78242803
vt 0.88005853 0.94730240
vt 0.82835633 0.78757298
vt 0.64926368 0.96114492
vt 0.64934957 0.96749628
vt 0.66385633 0.90815538
vt 0.65869600 0.90837598
vt 0.64919943 0.95405900
vt 0.67005628 0.90794331
vt 0.64914662 0.93887621
vt 0.64916009 0.94652599
vt 0.68449068 0.90758222
vt 0.67704022 0.90774959
vt 0.64916062 0.93143761
vt 0.69209242 0.90744817
vt 0.64920080 0.92453051
vt 0.69952291 0.90735281
vt 0.82983291 0.72924173
vt 0.90082192 0.76449090
vt 0.89505517 0.77347118
vt 0.89099783 0.76791352
vt 0.89674711 0.75970322
vt 0.87858349 0.93010241
vt 0.87677163 0.93130708
vt 0.87103450 0.92620701
vt 0.87357777 0.92452359
vt 0.88611108 0.76180160
vt 0.89136791 0.75429571
vt 0.86489248 0.92047781
vt 0.86825961 0.91825533
vt 0.88526022 0.74863660
vt 0.88056159 0.75534672
vt 0.87462550 0.74884993
vt 0.87872922 0.74299067
vt 0.86282468 0.91154528
vt 0.85857308 0.91434592
vt 0.85228872 0.90802652
vt 0.85745609 0.90462857
vt 0.86848992 0.74249738
vt 0.87197948 0.73751903
vt 0.84623152 0.90169722
vt 0.85231602 0.89770019
vt 0.86231440 0.73647279
vt 0.86518723 0.73237687
vt 0.84065872 0.89564008
vt 0.84762490 0.89106882
vt 0.85638630 0.73104447
vt 0.85866863 0.72779667
vt 0.83572841 0.89002371
vt 0.84351450 0.88491857
vt 0.85259187 0.72389269
vt 0.85085940 0.72635049
vt 0.84592390 0.72257978
vt 0.84716702 0.72082400
vt 0.83208680 0.88515842
vt 0.84014261 0.87946951
vt 0.80459529 0.97280681
vt 0.80270511 0.97280931
vt 0.80664682 0.96709430
vt 0.80791062 0.96709329
vt 0.88886392 0.14527270
vt 0.88834178 0.13721880
vt 0.89452660 0.13262220
vt 0.89535791 0.14228199
vt 0.80962592 0.96049082
vt 0.81041658 0.96049130
vt 0.81252968 0.94564700
vt 0.81213701 0.94564480
vt 0.81151259 0.93803012
vt 0.81200349 0.93803221
vt 0.90150750 0.12953410
vt 0.90214008 0.13910010
vt 0.81149191 0.95324272
vt 0.81198639 0.95324433
vt 0.90897352 0.12765069
vt 0.90962368 0.13749731
vt 0.91726649 0.13703360
vt 0.91661048 0.12709489
vt 0.92409420 0.12784711
vt 0.92474443 0.13768920
vt 0.80967063 0.93072408
vt 0.81045330 0.93072498
vt 0.93109161 0.12992591
vt 0.93172389 0.13948220
vt 0.80668402 0.92404193
vt 0.80793941 0.92404163
vt 0.90456468 0.76899928
vt 0.89809489 0.77823752
vt 0.88305020 0.93473691
vt 0.88184351 0.93554521
vt 0.70994842 0.85016978
vt 0.70349932 0.84533179
vt 0.63328391 0.91869199
vt 0.63738352 0.92469943
vt 0.69621122 0.84116948
vt 0.64048922 0.93151742
vt 0.64314401 0.94651753
vt 0.64252102 0.95406121
vt 0.68885702 0.83818817
vt 0.64244711 0.93889087
vt 0.68155700 0.83642042
vt 0.67463511 0.83598870
vt 0.66836870 0.83686119
vt 0.64063841 0.96120173
vt 0.89996272 0.78199071
vt 0.88973278 0.78789240
vt 0.88604778 0.93874532
vt 0.88553780 0.93948072
vt 0.88449579 0.93426561
vt 0.93780297 0.14250711
vt 0.90437049 0.75353801
vt 0.71275318 0.87176430
vt 0.63412839 0.91347301
vt 0.81247127 0.57605290
vt 0.81204343 0.57609451
vt 0.81163728 0.57560158
vt 0.08474838 0.70938450
vt 0.08456063 0.71511197
vt 0.06725203 0.71511078
vt 0.06743973 0.70938319
vt 0.19308960 0.89905077
vt 0.19425230 0.89326853
vt 0.21103130 0.89324862
vt 0.20986870 0.89903110
vt 0.71195972 0.91630828
vt 0.71137738 0.92287618
vt 0.69430792 0.92289412
vt 0.69489008 0.91632611
vt 0.71196252 0.95797342
vt 0.71275318 0.96379590
vt 0.69568372 0.96381372
vt 0.69489300 0.95799130
vt 0.19223911 0.90556622
vt 0.20901820 0.90554631
vt 0.71103078 0.94444758
vt 0.71138632 0.95144832
vt 0.69431680 0.95146632
vt 0.69396120 0.94446552
vt 0.19171570 0.91258192
vt 0.20849480 0.91256201
vt 0.71090871 0.93714982
vt 0.69383907 0.93716770
vt 0.19153510 0.91990298
vt 0.20831420 0.91988307
vt 0.71102691 0.92989618
vt 0.69395733 0.92991412
vt 0.19171050 0.92720371
vt 0.20848970 0.92718393
vt 0.19308139 0.94087631
vt 0.19222941 0.93427747
vt 0.20900850 0.93425763
vt 0.20986059 0.94085652
vt 0.71275318 0.91052163
vt 0.69568372 0.91053951
vt 0.19425230 0.94673979
vt 0.21103130 0.94671988
vt 0.61704069 0.96135890
vt 0.61715651 0.96762121
vt 0.59983933 0.96766609
vt 0.59972358 0.96140391
vt 0.08455824 0.75816858
vt 0.08474838 0.76395160
vt 0.06743967 0.76395041
vt 0.06724953 0.75816733
vt 0.61695361 0.95433861
vt 0.59963661 0.95438361
vt 0.08441555 0.75149387
vt 0.06710696 0.75149268
vt 0.61689973 0.94684011
vt 0.59958261 0.94688511
vt 0.08432769 0.74419171
vt 0.06701904 0.74419051
vt 0.61690003 0.93170708
vt 0.61688209 0.93918771
vt 0.59956491 0.93923271
vt 0.59958303 0.93175220
vt 0.08432906 0.72897768
vt 0.08429795 0.73657793
vt 0.06698930 0.73657668
vt 0.06702035 0.72897649
vt 0.61695421 0.92472881
vt 0.59963721 0.92477381
vt 0.08441811 0.72172427
vt 0.06710940 0.72172302
vt 0.61704117 0.91853333
vt 0.59972417 0.91857833
vt 0.61715651 0.91334921
vt 0.59983939 0.91339409
vt 0.38902301 0.85690701
vt 0.39087650 0.85691267
vt 0.39070621 0.86620802
vt 0.38885260 0.86620229
vt 0.14505149 0.89453018
vt 0.14690520 0.89452630
vt 0.14680950 0.90370542
vt 0.14495580 0.90370911
vt 0.38864431 0.88764018
vt 0.39049780 0.88764572
vt 0.39046791 0.89896548
vt 0.38861439 0.89895988
vt 0.38871750 0.92060542
vt 0.39057100 0.92061108
vt 0.39070120 0.92997032
vt 0.38884771 0.92996472
vt 0.14674900 0.91407162
vt 0.14489530 0.91407531
vt 0.39049250 0.91011441
vt 0.38863900 0.91010880
vt 0.08283460 0.80425870
vt 0.08468860 0.80425853
vt 0.08468866 0.81532949
vt 0.08283466 0.81532967
vt 0.14672780 0.92523021
vt 0.14487401 0.92523408
vt 0.14489400 0.93671948
vt 0.14674769 0.93671572
vt 0.14680640 0.94803733
vt 0.14495270 0.94804108
vt 0.39087650 0.93782192
vt 0.38902301 0.93781620
vt 0.14690320 0.95869428
vt 0.14504930 0.95869821
vt 0.08289438 0.76609761
vt 0.08474838 0.76609731
vt 0.08472532 0.77388722
vt 0.08287137 0.77388740
vt 0.14703260 0.96823817
vt 0.14517890 0.96824211
vt 0.08470749 0.78310478
vt 0.08285349 0.78310508
vt 0.98836631 0.00107461
vt 0.99022031 0.00107276
vt 0.99016827 0.00974011
vt 0.98831427 0.00974190
vt 0.08469545 0.79338282
vt 0.08284139 0.79338300
vt 0.99013311 0.01956135
vt 0.98827910 0.01956301
vt 0.98826069 0.03020811
vt 0.99011463 0.03020620
vt 0.99011642 0.04115808
vt 0.98826247 0.04115957
vt 0.08469611 0.82621902
vt 0.08284217 0.82621932
vt 0.99013442 0.05208843
vt 0.98828048 0.05209064
vt 0.08470839 0.83660972
vt 0.08285444 0.83661002
vt 0.99016851 0.06270563
vt 0.98831463 0.06270748
vt 0.08472579 0.84604633
vt 0.08287179 0.84604663
vt 0.99022031 0.07251685
vt 0.98836631 0.07251876
vt 0.08474838 0.85426748
vt 0.08289438 0.85426772
vt 0.39057770 0.87660778
vt 0.38872421 0.87660217
vt 0.14517890 0.88684148
vt 0.14703260 0.88683760
vt 0.99667919 0.19378009
vt 0.99488461 0.19378030
vt 0.99489617 0.18772040
vt 0.99669027 0.18772019
vt 0.94320780 0.38551080
vt 0.94141310 0.38551259
vt 0.94143671 0.37900501
vt 0.94323123 0.37900311
vt 0.99670571 0.24092311
vt 0.99491179 0.24092340
vt 0.99489683 0.23537961
vt 0.99669152 0.23537929
vt 0.99667132 0.20053980
vt 0.99487680 0.20054001
vt 0.94319612 0.39252400
vt 0.94140130 0.39252579
vt 0.99666780 0.21496420
vt 0.99487311 0.21496440
vt 0.99487293 0.20767841
vt 0.99666691 0.20767830
vt 0.94319600 0.39980260
vt 0.94140142 0.39980441
vt 0.99667108 0.22221009
vt 0.99487722 0.22221030
vt 0.94320798 0.40714389
vt 0.94141328 0.40714571
vt 0.99667931 0.22907279
vt 0.99488521 0.22907290
vt 0.94323212 0.41421801
vt 0.94143659 0.41421989
vt 0.35400581 0.59816247
vt 0.35221171 0.59815693
vt 0.35232601 0.59191501
vt 0.35412091 0.59192061
vt 0.98591793 0.36903790
vt 0.98412412 0.36904189
vt 0.98420888 0.36396229
vt 0.98600262 0.36395830
vt 0.35391951 0.60514963
vt 0.35212529 0.60514420
vt 0.98585391 0.37513980
vt 0.98406011 0.37514371
vt 0.35386530 0.61258042
vt 0.35207129 0.61257499
vt 0.98581362 0.38204679
vt 0.98401982 0.38205060
vt 0.35384631 0.62018341
vt 0.35205221 0.62017781
vt 0.98579967 0.38948530
vt 0.98400557 0.38948920
vt 0.35386369 0.62763572
vt 0.35206980 0.62763029
vt 0.98585242 0.40466830
vt 0.98405832 0.40467221
vt 0.98401910 0.39713901
vt 0.98581320 0.39713511
vt 0.35400391 0.64082509
vt 0.35221010 0.64081973
vt 0.35212290 0.63461667
vt 0.35391679 0.63462222
vt 0.98591691 0.41175410
vt 0.98412257 0.41175801
vt 0.94326591 0.42082891
vt 0.94147062 0.42083079
vt 0.35412091 0.64598882
vt 0.35232699 0.64598328
vt 0.98600262 0.41810539
vt 0.98420829 0.41810930
vt 0.99491119 0.18257339
vt 0.99670571 0.18257309
vt 0.94147128 0.37330571
vt 0.94326591 0.37330389
vt 0.81170380 0.57581931
vt 0.81165957 0.57571411
vt 0.81163728 0.57548702
vt 0.81166041 0.57537490
vt 0.81170499 0.57527012
vt 0.81176877 0.57517707
vt 0.81184858 0.57509899
vt 0.81194192 0.57503837
vt 0.81204373 0.57499731
vt 0.81215078 0.57497633
vt 0.81226063 0.57497633
vt 0.81236792 0.57499731
vt 0.81246978 0.57503831
vt 0.81256300 0.57509911
vt 0.81264287 0.57517731
vt 0.81270683 0.57527041
vt 0.81275147 0.57537508
vt 0.81277472 0.57560199
vt 0.81277472 0.57548732
vt 0.81275231 0.57571429
vt 0.81270802 0.57581937
vt 0.81264460 0.57591301
vt 0.81256449 0.57599199
vt 0.81236911 0.57609439
vt 0.81226140 0.57611561
vt 0.81215107 0.57611561
vt 0.81194091 0.57605302
vt 0.81184763 0.57599169
vt 0.81176740 0.57591301
vt 0.79429609 0.41815031
vt 0.79503077 0.41864371
vt 0.79462308 0.41924980
vt 0.35200879 0.53209502
vt 0.35200870 0.52061892
vt 0.35239401 0.52061892
vt 0.35239419 0.53209502
vt 0.99817008 0.30600330
vt 0.99817008 0.31725720
vt 0.99778467 0.31725720
vt 0.99778467 0.30600330
vt 0.35200909 0.55394852
vt 0.35200891 0.54335821
vt 0.35239431 0.54335821
vt 0.35239449 0.55394852
vt 0.99817008 0.28325671
vt 0.99817008 0.29450420
vt 0.99778467 0.29450420
vt 0.99778467 0.28325671
vt 0.35200939 0.56338108
vt 0.35239470 0.56338108
vt 0.99676669 0.89513493
vt 0.99676639 0.90600753
vt 0.99638098 0.90600753
vt 0.99638140 0.89513493
vt 0.99816978 0.27274910
vt 0.99778438 0.27274910
vt 0.35200921 0.57129377
vt 0.35239461 0.57129377
vt 0.99817008 0.26340210
vt 0.99778491 0.26340210
vt 0.99676758 0.95542377
vt 0.99676752 0.96179157
vt 0.99638218 0.96179157
vt 0.99638218 0.95542377
vt 0.99892712 0.61834592
vt 0.99892622 0.62932682
vt 0.99854088 0.62932682
vt 0.99854177 0.61834592
vt 0.99892622 0.64003092
vt 0.99892712 0.64995480
vt 0.99854177 0.64995480
vt 0.99854088 0.64003092
vt 0.99676758 0.94740129
vt 0.99638218 0.94740129
vt 0.35200819 0.48972839
vt 0.35200939 0.48188901
vt 0.35239470 0.48188901
vt 0.35239360 0.48972839
vt 0.99676740 0.93811142
vt 0.99638200 0.93811142
vt 0.99892598 0.60743082
vt 0.99854058 0.60743082
vt 0.99676758 0.92789388
vt 0.99638218 0.92789388
vt 0.99892712 0.59686351
vt 0.99854177 0.59686351
vt 0.99676758 0.91703248
vt 0.99638218 0.91703248
vt 0.99892712 0.58714831
vt 0.99854177 0.58714831
vt 0.99892598 0.57852352
vt 0.99854058 0.57852352
vt 0.99676758 0.88479108
vt 0.99638218 0.88479108
vt 0.35200849 0.49901319
vt 0.35239381 0.49901319
vt 0.99676758 0.87537479
vt 0.99638230 0.87537479
vt 0.35200849 0.50943953
vt 0.35239390 0.50943953
vt 0.99817008 0.32778129
vt 0.99817008 0.33715239
vt 0.99778491 0.33715239
vt 0.99778479 0.32778129
vt 0.79496408 0.41842571
vt 0.79500848 0.41853109
vt 0.79503089 0.41875881
vt 0.79500782 0.41887119
vt 0.79496300 0.41897610
vt 0.79489899 0.41906941
vt 0.79481888 0.41914770
vt 0.79472530 0.41920859
vt 0.79451549 0.41927090
vt 0.79440540 0.41927090
vt 0.79429758 0.41925010
vt 0.79419518 0.41920900
vt 0.79410172 0.41914800
vt 0.79402143 0.41906980
vt 0.79395717 0.41897649
vt 0.79388911 0.41864410
vt 0.79391241 0.41887149
vt 0.79388911 0.41875911
vt 0.79391152 0.41853151
vt 0.79395580 0.41842619
vt 0.79401958 0.41833231
vt 0.79419351 0.41819200
vt 0.79410011 0.41825309
vt 0.79440433 0.41812891
vt 0.79451501 0.41812891
vt 0.79462320 0.41815001
vt 0.79472601 0.41819161
vt 0.79481977 0.41825289
vt 0.79490012 0.41833180
vt 0.02607744 0.98119807
vt 0.03359514 0.98610878
vt 0.03334337 0.98658991
vt 0.02573770 0.98162138
vt 0.98183972 0.80760419
vt 0.98183972 0.81815177
vt 0.97000468 0.81815177
vt 0.97000468 0.80760419
vt 0.25324950 0.98102373
vt 0.24680080 0.97472429
vt 0.24713971 0.97430128
vt 0.25366431 0.98067480
vt 0.01960438 0.97483450
vt 0.01918822 0.97518313
vt 0.25840020 0.98852807
vt 0.25887540 0.98826742
vt 0.01447319 0.96728390
vt 0.01399677 0.96754390
vt 0.26200631 0.99696940
vt 0.26252380 0.99680781
vt 0.01090425 0.95880878
vt 0.01038599 0.95896900
vt 0.32607839 0.96958220
vt 0.32420790 0.96053982
vt 0.32472551 0.96037823
vt 0.32661799 0.96952683
vt 0.11529040 0.98807973
vt 0.11710540 0.99713892
vt 0.11658720 0.99729908
vt 0.11475090 0.98813361
vt 0.36323729 0.97492027
vt 0.36502710 0.96585202
vt 0.36556670 0.96590543
vt 0.36375579 0.97508037
vt 0.32607839 0.97883493
vt 0.32661799 0.97888827
vt 0.11715600 0.96978062
vt 0.11529180 0.97882700
vt 0.11475210 0.97877228
vt 0.11663830 0.96961939
vt 0.35966551 0.98340487
vt 0.36014220 0.98366451
vt 0.04185009 0.98946071
vt 0.04169571 0.98998129
vt 0.12076160 0.96133292
vt 0.12028640 0.96107262
vt 0.35452780 0.99096310
vt 0.35494390 0.99131161
vt 0.12591560 0.95382208
vt 0.12550069 0.95347351
vt 0.08396512 0.98117602
vt 0.09042447 0.97482312
vt 0.09084063 0.97517169
vt 0.08430540 0.98159921
vt 0.20487539 0.96652031
vt 0.19664539 0.96983248
vt 0.19639491 0.96935201
vt 0.20472160 0.96600091
vt 0.13237020 0.94751918
vt 0.13203131 0.94709641
vt 0.07642519 0.98611891
vt 0.07667666 0.98660022
vt 0.23927340 0.96983451
vt 0.23952380 0.96935397
vt 0.18912220 0.97474158
vt 0.18878309 0.97431880
vt 0.06815832 0.98946518
vt 0.06831282 0.98998570
vt 0.21353330 0.96483493
vt 0.21348131 0.96429580
vt 0.05945283 0.99116647
vt 0.05950468 0.99170709
vt 0.22239780 0.96482730
vt 0.22244979 0.96428800
vt 0.05055058 0.99117261
vt 0.05049854 0.99171329
vt 0.23105220 0.96651942
vt 0.23120590 0.96600002
vt 0.11863510 0.96005690
vt 0.12400840 0.95214951
vt 0.12450210 0.95256323
vt 0.11920020 0.96036530
vt 0.61930209 0.98597580
vt 0.61930209 0.97646117
vt 0.63113707 0.97646117
vt 0.63113707 0.98597580
vt 0.98183972 0.79810131
vt 0.97000468 0.79810131
vt 0.29869410 0.96123242
vt 0.29869410 0.97072232
vt 0.28685901 0.97072232
vt 0.28685901 0.96123242
vt 0.29869410 0.97878820
vt 0.28685901 0.97878820
vt 0.97009528 0.88488972
vt 0.97009528 0.87537479
vt 0.98193032 0.87537479
vt 0.98193032 0.88488972
vt 0.29869401 0.95067382
vt 0.28685889 0.95067382
vt 0.98183882 0.85149282
vt 0.98183852 0.86172497
vt 0.97000349 0.86172497
vt 0.97000390 0.85149282
vt 0.97009581 0.89543152
vt 0.98193061 0.89543152
vt 0.29869410 0.93953592
vt 0.28685901 0.93953592
vt 0.98183972 0.79003799
vt 0.97000468 0.79003799
vt 0.97009528 0.90653479
vt 0.98193032 0.90653479
vt 0.29869410 0.92827851
vt 0.28685901 0.92827863
vt 0.97009528 0.93888152
vt 0.97009617 0.92869282
vt 0.98193121 0.92869282
vt 0.98193032 0.93888152
vt 0.97009611 0.91774452
vt 0.98193109 0.91774452
vt 0.29869410 0.91729361
vt 0.28685901 0.91729361
vt 0.61930197 0.94363052
vt 0.61930323 0.93269438
vt 0.63113821 0.93269438
vt 0.63113707 0.94363052
vt 0.29869401 0.90705693
vt 0.28685889 0.90705693
vt 0.97009641 0.94803733
vt 0.98193151 0.94803733
vt 0.29869410 0.89786571
vt 0.28685901 0.89786571
vt 0.97009528 0.95591903
vt 0.98193032 0.95591903
vt 0.29869410 0.88997817
vt 0.28685901 0.88997829
vt 0.61930209 0.92250961
vt 0.61930197 0.91334921
vt 0.63113707 0.91334921
vt 0.63113707 0.92250961
vt 0.98183972 0.87092203
vt 0.97000468 0.87092203
vt 0.98183972 0.84055549
vt 0.97000468 0.84055549
vt 0.61930209 0.95483178
vt 0.63113707 0.95483178
vt 0.98183972 0.82927638
vt 0.97000468 0.82927638
vt 0.61930209 0.96592611
vt 0.63113707 0.96592611
vt 0.36511499 0.97542930
vt 0.36133859 0.98426950
vt 0.36077479 0.98395997
vt 0.36450100 0.97523749
vt 0.11489730 0.96893281
vt 0.11551200 0.96912301
vt 0.36707401 0.96595961
vt 0.36643380 0.96589392
vt 0.11299650 0.97842002
vt 0.11363670 0.97848392
vt 0.32625079 0.95975530
vt 0.32812521 0.96925229
vt 0.32748491 0.96931559
vt 0.32563561 0.95994502
vt 0.32812521 0.97894251
vt 0.32748511 0.97887683
vt 0.11495020 0.99758410
vt 0.11299770 0.98811013
vt 0.11363810 0.98804492
vt 0.11556440 0.99739289
vt 0.26030880 0.98729932
vt 0.26404920 0.99618483
vt 0.26343399 0.99637461
vt 0.25974321 0.98760742
vt 0.19541229 0.96756470
vt 0.20405780 0.96405423
vt 0.20424131 0.96467191
vt 0.19571100 0.96813548
vt 0.01252508 0.96810102
vt 0.00874907 0.95925403
vt 0.00936323 0.95906281
vt 0.01308912 0.96779197
vt 0.25492799 0.97938383
vt 0.25443429 0.97979730
vt 0.01792258 0.97596681
vt 0.01841467 0.97555298
vt 0.24816340 0.97273058
vt 0.24775960 0.97323263
vt 0.04118025 0.99117768
vt 0.03256130 0.98770881
vt 0.03285855 0.98713893
vt 0.04136276 0.99056143
vt 0.02468240 0.98256779
vt 0.02508461 0.98206598
vt 0.24026670 0.96755409
vt 0.23996820 0.96812510
vt 0.08508759 0.98258591
vt 0.07720428 0.98770678
vt 0.07690715 0.98713672
vt 0.08468544 0.98208398
vt 0.23160940 0.96404970
vt 0.23142610 0.96466732
vt 0.05024749 0.99294257
vt 0.05030936 0.99230289
vt 0.22249231 0.96226788
vt 0.22243039 0.96290922
vt 0.05953091 0.99295062
vt 0.05946916 0.99231100
vt 0.21316960 0.96226138
vt 0.21323170 0.96290290
vt 0.06859439 0.99117851
vt 0.06841188 0.99056232
vt 0.18753961 0.97270739
vt 0.18794310 0.97320992
vt 0.09184116 0.97598863
vt 0.09134906 0.97557467
vt 0.18076020 0.97937191
vt 0.18125390 0.97978562
vt 0.35594451 0.99212861
vt 0.35545239 0.99171472
vt 0.18559870 0.96935052
vt 0.17822219 0.97655362
vt 0.17767809 0.97609591
vt 0.18515410 0.96879548
vt 0.98963219 0.76320148
vt 0.98963350 0.75531971
vt 0.99104571 0.75531971
vt 0.99104470 0.76320148
vt 0.08007842 0.99171340
vt 0.08869522 0.98606479
vt 0.08914178 0.98662013
vt 0.08040863 0.99234498
vt 0.25151429 0.96933073
vt 0.24291180 0.96374261
vt 0.24324040 0.96311212
vt 0.25195900 0.96877551
vt 0.19419651 0.96374041
vt 0.19386770 0.96310991
vt 0.07063132 0.99553758
vt 0.07083398 0.99622071
vt 0.21349610 0.95802921
vt 0.20360149 0.95995510
vt 0.20339970 0.95927352
vt 0.21342769 0.95732152
vt 0.06068211 0.99748200
vt 0.06075102 0.99819118
vt 0.22362641 0.95802033
vt 0.22369470 0.95731270
vt 0.05050927 0.99748892
vt 0.05044049 0.99819839
vt 0.23351660 0.95995402
vt 0.23371831 0.95927238
vt 0.04056638 0.99553251
vt 0.04036349 0.99621558
vt 0.02254146 0.98609000
vt 0.03113228 0.99170202
vt 0.03080195 0.99233329
vt 0.02209538 0.98664558
vt 0.25888371 0.97652960
vt 0.25942799 0.97607172
vt 0.01514357 0.97881758
vt 0.01459759 0.97927511
vt 0.26477021 0.98510581
vt 0.26539361 0.98476350
vt 0.00928015 0.97018892
vt 0.00865501 0.97052991
vt 0.26889101 0.99475241
vt 0.26957020 0.99454027
vt 0.00520098 0.96050328
vt 0.00452101 0.96071380
vt 0.33323029 0.96865642
vt 0.33109260 0.95832282
vt 0.33177191 0.95811081
vt 0.33393830 0.96858388
vt 0.10932830 0.98848069
vt 0.11140220 0.99883342
vt 0.11072220 0.99904382
vt 0.10862010 0.98855138
vt 0.37013349 0.97661090
vt 0.37217900 0.96624762
vt 0.37288699 0.96631771
vt 0.37081400 0.97682083
vt 0.33323029 0.97923052
vt 0.33393830 0.97930062
vt 0.11146010 0.96756840
vt 0.10932970 0.97790682
vt 0.10862150 0.97783482
vt 0.11078070 0.96735692
vt 0.36605170 0.98630702
vt 0.36667719 0.98664790
vt 0.11558060 0.95791447
vt 0.11495670 0.95757270
vt 0.36018029 0.99494451
vt 0.36072639 0.99540192
vt 0.12147050 0.94933122
vt 0.12092630 0.94887352
vt 0.09607702 0.97880459
vt 0.09662312 0.97926199
vt 0.80160481 0.41875610
vt 0.80130041 0.41920790
vt 0.80046368 0.41875571
vt 0.30253139 0.88997817
vt 0.30253139 0.89786571
vt 0.30111909 0.89786571
vt 0.30111909 0.88997817
vt 0.99319142 0.69181782
vt 0.99319142 0.68265730
vt 0.99460369 0.68265730
vt 0.99460369 0.69181782
vt 0.99016732 0.65021062
vt 0.99016851 0.65940762
vt 0.98875618 0.65940762
vt 0.98875493 0.65021062
vt 0.99319261 0.70200282
vt 0.99460489 0.70200282
vt 0.99016851 0.62904119
vt 0.99016762 0.63997841
vt 0.98875523 0.63997841
vt 0.98875612 0.62904119
vt 0.99319142 0.72414011
vt 0.99319142 0.71293873
vt 0.99460369 0.71293873
vt 0.99460369 0.72414011
vt 0.99016851 0.61776203
vt 0.98875618 0.61776203
vt 0.99319142 0.73523432
vt 0.99460369 0.73523432
vt 0.99016851 0.60663742
vt 0.98875618 0.60663742
vt 0.99319142 0.74576938
vt 0.99460369 0.74576938
vt 0.99016851 0.59608978
vt 0.98875618 0.59608978
vt 0.99319142 0.75528401
vt 0.99460369 0.75528401
vt 0.99016851 0.58658677
vt 0.98875618 0.58658677
vt 0.30253139 0.96123242
vt 0.30253139 0.97072238
vt 0.30111909 0.97072238
vt 0.30111900 0.96123242
vt 0.30253139 0.97878832
vt 0.30111909 0.97878832
vt 0.98963219 0.69217211
vt 0.98963219 0.68265730
vt 0.99104470 0.68265730
vt 0.99104470 0.69217211
vt 0.30253121 0.95067388
vt 0.30111891 0.95067388
vt 0.98963261 0.70271391
vt 0.99104488 0.70271391
vt 0.30253139 0.93953592
vt 0.30111909 0.93953592
vt 0.99016851 0.57852358
vt 0.98875618 0.57852358
vt 0.98963219 0.71381730
vt 0.99104470 0.71381730
vt 0.30253139 0.92827863
vt 0.30111909 0.92827863
vt 0.98963219 0.74616402
vt 0.98963308 0.73597533
vt 0.99104542 0.73597533
vt 0.99104452 0.74616402
vt 0.98963302 0.72502708
vt 0.99104542 0.72502708
vt 0.30253139 0.91729361
vt 0.30111909 0.91729361
vt 0.30253130 0.90705693
vt 0.30111891 0.90705693
vt 0.80053031 0.41897380
vt 0.80048603 0.41886830
vt 0.80046368 0.41864070
vt 0.80048692 0.41852829
vt 0.80053180 0.41842350
vt 0.80059570 0.41833019
vt 0.80067581 0.41825199
vt 0.80076939 0.41819119
vt 0.80087161 0.41815001
vt 0.80097902 0.41812900
vt 0.80108923 0.41812909
vt 0.80119681 0.41815001
vt 0.80129898 0.41819111
vt 0.80139250 0.41825211
vt 0.80147272 0.41833040
vt 0.80153680 0.41842380
vt 0.80158162 0.41852871
vt 0.80160481 0.41864109
vt 0.80158228 0.41886860
vt 0.80153787 0.41897389
vt 0.80147421 0.41906780
vt 0.80139369 0.41914681
vt 0.80119771 0.41924950
vt 0.80108970 0.41927090
vt 0.80097902 0.41927081
vt 0.80087078 0.41924971
vt 0.80076808 0.41920811
vt 0.80067438 0.41914669
vt 0.80059421 0.41906759
vt 0.95883203 0.31299940
vt 0.95968068 0.32378811
vt 0.95962662 0.32378811
vt 0.95877802 0.31299940
vt 0.96375853 0.27164370
vt 0.96130490 0.28095761
vt 0.96115392 0.28091881
vt 0.96361119 0.27159131
vt 0.95992923 0.91366160
vt 0.95993060 0.92464662
vt 0.95987660 0.92464662
vt 0.95987499 0.91366160
vt 0.95882970 0.30196771
vt 0.95877558 0.30196771
vt 0.96077353 0.90293789
vt 0.96071941 0.90293789
vt 0.95968407 0.29118660
vt 0.95963007 0.29118669
vt 0.96242547 0.89275187
vt 0.96237141 0.89275187
vt 0.96381259 0.27164370
vt 0.96135902 0.28095761
vt 0.95954561 0.59251398
vt 0.95997161 0.58468342
vt 0.96003050 0.58468342
vt 0.95960450 0.59251398
vt 0.96463323 0.43753549
vt 0.96506190 0.42966309
vt 0.96512091 0.42966309
vt 0.96469218 0.43753549
vt 0.95920563 0.60183418
vt 0.95926458 0.60183418
vt 0.96429318 0.44688290
vt 0.96435219 0.44688290
vt 0.95896792 0.61231053
vt 0.95902687 0.61231053
vt 0.96405661 0.45738041
vt 0.96411550 0.45738041
vt 0.95884508 0.62352622
vt 0.95890421 0.62352622
vt 0.96393579 0.46860600
vt 0.96399480 0.46860600
vt 0.95896542 0.64623243
vt 0.95884597 0.63499659
vt 0.95890510 0.63499659
vt 0.95902443 0.64623243
vt 0.96405780 0.49129561
vt 0.96393502 0.48007619
vt 0.96399403 0.48007619
vt 0.96411669 0.49129561
vt 0.95920259 0.65673840
vt 0.95926148 0.65673840
vt 0.96429592 0.50177681
vt 0.96435487 0.50177681
vt 0.95954287 0.66609102
vt 0.95960188 0.66609102
vt 0.96463579 0.51110047
vt 0.96469468 0.51110047
vt 0.95997077 0.67394501
vt 0.96002990 0.67394501
vt 0.96077001 0.93537682
vt 0.96241850 0.94557732
vt 0.96236438 0.94557732
vt 0.96071601 0.93537682
vt 0.96506298 0.51893032
vt 0.96512210 0.51893032
vt 0.96135128 0.33403340
vt 0.96381891 0.34337899
vt 0.96376491 0.34337899
vt 0.96129721 0.33403340
vt 0.96486402 0.88342661
vt 0.96480978 0.88342661
vt 0.96486342 0.95490319
vt 0.96480930 0.95490319
vt 0.96015900 0.67401040
vt 0.95973051 0.66614503
vt 0.97154868 0.66614592
vt 0.97197711 0.67401141
vt 0.96794963 0.87543881
vt 0.96466261 0.88337421
vt 0.96780688 0.87537479
vt 0.96693671 0.26362389
vt 0.96679407 0.26355961
vt 0.95973301 0.59246039
vt 0.95939273 0.60179430
vt 0.96482080 0.43748170
vt 0.96448040 0.44684261
vt 0.95915473 0.61228591
vt 0.96424317 0.45735541
vt 0.95903170 0.62351787
vt 0.96412230 0.46859750
vt 0.95903260 0.63500512
vt 0.95915222 0.64625728
vt 0.96412158 0.48008451
vt 0.96424443 0.49132031
vt 0.95938963 0.65677869
vt 0.95947683 0.29116270
vt 0.96448302 0.50181681
vt 0.96482342 0.51115429
vt 0.96693671 0.35138580
vt 0.96679407 0.35145000
vt 0.96361762 0.34343141
vt 0.96221352 0.94561601
vt 0.96056271 0.93540049
vt 0.96794963 0.96290582
vt 0.96780688 0.96296978
vt 0.96466208 0.95495552
vt 0.96114641 0.33407241
vt 0.96222049 0.89271319
vt 0.95947331 0.32381180
vt 0.95972210 0.92465460
vt 0.95862341 0.31300741
vt 0.95972061 0.91365361
vt 0.95862103 0.30195960
vt 0.96056622 0.90291423
vt 0.94779092 0.31300771
vt 0.94864082 0.32381210
vt 0.94854921 0.32379061
vt 0.94770038 0.31300041
vt 0.95137662 0.94561648
vt 0.94972581 0.93540102
vt 0.96525133 0.51899552
vt 0.97664160 0.51115370
vt 0.97706950 0.51899481
vt 0.95278507 0.34343171
vt 0.95031381 0.33407250
vt 0.95138347 0.89271379
vt 0.95382559 0.88337481
vt 0.95382512 0.95495611
vt 0.94888520 0.92465508
vt 0.94888359 0.91365409
vt 0.94778860 0.30195990
vt 0.94972920 0.90291470
vt 0.94864428 0.29116300
vt 0.95032161 0.28091899
vt 0.95277882 0.27159151
vt 0.96015972 0.58461827
vt 0.97197777 0.58461922
vt 0.97155118 0.59246141
vt 0.96525002 0.42959750
vt 0.97706831 0.42959690
vt 0.97663891 0.43748111
vt 0.97121078 0.60179520
vt 0.97629839 0.44684201
vt 0.97097278 0.61228681
vt 0.97606140 0.45735490
vt 0.97084987 0.62351882
vt 0.97594053 0.46859691
vt 0.97085083 0.63500601
vt 0.97097027 0.64625818
vt 0.97593981 0.48008400
vt 0.97606272 0.49131969
vt 0.97120780 0.65677971
vt 0.97630107 0.50181627
vt 0.95268160 0.27163890
vt 0.95022768 0.28095421
vt 0.95020252 0.28095421
vt 0.95265651 0.27163890
vt 0.94879442 0.92464793
vt 0.94879282 0.91366142
vt 0.94769812 0.30196720
vt 0.94963729 0.90293628
vt 0.94855261 0.29118460
vt 0.95128947 0.89274871
vt 0.97756737 0.42351910
vt 0.97770131 0.42358640
vt 0.97720277 0.42965621
vt 0.97211230 0.58467817
vt 0.97168630 0.59250993
vt 0.97677392 0.43752971
vt 0.97134632 0.60183138
vt 0.97643387 0.44687831
vt 0.97110862 0.61230922
vt 0.97619718 0.45737731
vt 0.97098589 0.62352639
vt 0.97607642 0.46860459
vt 0.97098678 0.63499832
vt 0.97110617 0.64623570
vt 0.97607583 0.48007631
vt 0.97619838 0.49129730
vt 0.97134340 0.65674323
vt 0.97643661 0.50177997
vt 0.97168380 0.66609710
vt 0.97677648 0.51110512
vt 0.97211170 0.67395222
vt 0.95128250 0.94558161
vt 0.94963390 0.93537962
vt 0.97720391 0.51893592
vt 0.97247708 0.68012267
vt 0.97261101 0.68005538
vt 0.97247708 0.57852358
vt 0.97261101 0.57859057
vt 0.97756737 0.52510822
vt 0.97770131 0.52504122
vt 0.95021993 0.33403739
vt 0.97213972 0.58467817
vt 0.97171372 0.59250993
vt 0.97723007 0.42965621
vt 0.97680128 0.43752971
vt 0.97137368 0.60183138
vt 0.97646141 0.44687831
vt 0.97113609 0.61230922
vt 0.97622460 0.45737731
vt 0.97101331 0.62352639
vt 0.97610390 0.46860459
vt 0.97101420 0.63499832
vt 0.97113347 0.64623570
vt 0.97610313 0.48007631
vt 0.97622567 0.49129730
vt 0.97137070 0.65674323
vt 0.94852751 0.29118460
vt 0.97646409 0.50177997
vt 0.97171110 0.66609710
vt 0.97680408 0.51110512
vt 0.97213900 0.67395222
vt 0.95125753 0.94558161
vt 0.94960892 0.93537962
vt 0.97723132 0.51893592
vt 0.95268798 0.34338421
vt 0.95266289 0.34338421
vt 0.95019478 0.33403739
vt 0.95372838 0.88342208
vt 0.95126432 0.89274871
vt 0.95370328 0.88342220
vt 0.95372778 0.95490891
vt 0.95370263 0.95490891
vt 0.94852412 0.32379061
vt 0.94876927 0.92464793
vt 0.94767523 0.31300041
vt 0.94876772 0.91366142
vt 0.94767290 0.30196720
vt 0.94961220 0.90293628
vt 0.98398608 0.83002990
vt 0.99414122 0.83002990
vt 0.99414051 0.83683348
vt 0.98398548 0.83683348
vt 0.77355760 0.97561359
vt 0.78371263 0.97561359
vt 0.78371263 0.98095238
vt 0.77355760 0.98095232
vt 0.95649058 0.21125630
vt 0.96664560 0.21125621
vt 0.96664530 0.21747680
vt 0.95649028 0.21747690
vt 0.95649052 0.23195420
vt 0.96664548 0.23195420
vt 0.96664548 0.23960620
vt 0.95649052 0.23960631
vt 0.80867642 0.37148759
vt 0.81883150 0.37148771
vt 0.81883138 0.37772650
vt 0.80867642 0.37772641
vt 0.96664548 0.22446939
vt 0.95649052 0.22446950
vt 0.77355701 0.93397349
vt 0.78371203 0.93397349
vt 0.78371167 0.94079888
vt 0.77355671 0.94079888
vt 0.81883150 0.38473490
vt 0.80867642 0.38473481
vt 0.80867648 0.39223021
vt 0.81883150 0.39223030
vt 0.81883150 0.39988241
vt 0.80867648 0.39988229
vt 0.96664560 0.24709480
vt 0.95649058 0.24709490
vt 0.81883150 0.40736470
vt 0.80867642 0.40736461
vt 0.96664548 0.25409749
vt 0.95649040 0.25409770
vt 0.81883150 0.41435400
vt 0.80867642 0.41435391
vt 0.96664548 0.26033279
vt 0.95649052 0.26033279
vt 0.81883150 0.42057210
vt 0.80867642 0.42057201
vt 0.77355760 0.92240489
vt 0.78371263 0.92240489
vt 0.78371263 0.92775792
vt 0.77355760 0.92775792
vt 0.98398608 0.79003787
vt 0.99414110 0.79003787
vt 0.99414122 0.79536951
vt 0.98398608 0.79536951
vt 0.98398542 0.80159259
vt 0.99414051 0.80159259
vt 0.99414122 0.80838931
vt 0.98398608 0.80838931
vt 0.78371251 0.94799203
vt 0.77355748 0.94799191
vt 0.99414122 0.81554401
vt 0.98398608 0.81554401
vt 0.78371251 0.95535141
vt 0.77355748 0.95535141
vt 0.99414051 0.82287240
vt 0.98398542 0.82287240
vt 0.78371239 0.96254790
vt 0.77355742 0.96254790
vt 0.78371263 0.96938127
vt 0.77355760 0.96938127
vt 0.99414051 0.84305280
vt 0.98398542 0.84305280
vt 0.99414098 0.84838867
vt 0.98398602 0.84838867
f 1/1/1 2/2/2 3/3/3
f 1/1/1 3/3/3 4/4/4
f 5/5/5 6/6/6 7/7/7
f 5/5/5 7/7/7 8/8/8
f 9/9/9 10/10/10 11/11/11
f 9/9/9 11/11/11 12/12/12
f 13/13/13 14/14/14 15/15/15
f 13/13/13 15/15/15 16/16/16
f 17/17/17 18/18/18 19/19/19
f 17/17/17 19/19/19 20/20/20
f 2/2/2 21/21/21 22/22/22
f 2/2/2 22/22/22 3/3/3
f 23/23/23 13/13/13 16/16/16
f 23/23/23 16/16/16 24/24/24
f 25/25/25 1/1/1 4/4/4
f 25/25/25 4/4/4 26/26/26
f 27/27/27 23/23/23 24/24/24
f 27/27/27 24/24/24 28/28/28
f 29/29/29 25/25/25 26/26/26
f 29/29/29 26/26/26 30/30/30
f 31/31/31 27/27/27 28/28/28
f 31/31/31 28/28/28 32/32/32
f 33/33/33 29/29/29 30/30/30
f 33/33/33 30/30/30 34/34/34
f 35/35/35 31/31/31 32/32/32
f 35/35/35 32/32/32 36/36/36
f 18/18/18 33/33/33 34/34/34
f 18/18/18 34/34/34 19/19/19
f 37/37/37 38/38/38 39/39/39
f 37/37/37 39/39/39 40/40/40
f 41/41/41 17/17/17 20/20/20
f 41/41/41 20/20/20 42/42/42
f 43/43/43 37/37/37 40/40/40
f 43/43/43 40/40/40 44/44/44
f 45/45/45 41/41/41 42/42/42
f 45/45/45 42/42/42 46/46/46
f 47/47/47 43/43/43 44/44/44
f 47/47/47 44/44/44 48/48/48
f 49/49/49 45/45/45 46/46/46
f 49/49/49 46/46/46 50/50/50
f 51/51/51 47/47/47 48/48/48
f 51/51/51 48/48/48 52/52/52
f 53/53/53 54/54/54 55/55/55
f 53/53/53 55/55/55 56/56/56
f 57/57/57 58/58/58 59/59/59
f 57/57/57 59/59/59 60/60/60
f 61/61/61 62/62/62 63/63/63
f 61/61/61 63/63/63 64/64/64
f 65/65/65 53/53/53 56/56/56
f 65/65/65 56/56/56 66/66/66
f 67/67/67 68/68/68 69/69/69
f 67/67/67 69/69/69 70/70/70
f 71/71/71 61/61/61 64/64/64
f 71/71/71 64/64/64 72/72/72
f 38/38/38 35/35/35 36/36/36
f 38/38/38 36/36/36 39/39/39
f 73/73/73 67/67/67 70/70/70
f 73/73/73 70/70/70 74/74/74
f 75/75/75 71/71/71 72/72/72
f 75/75/75 72/72/72 76/76/76
f 68/68/68 57/57/57 60/60/60
f 68/68/68 60/60/60 69/69/69
f 10/10/10 73/73/73 74/74/74
f 10/10/10 74/74/74 11/11/11
f 14/14/14 77/77/77 78/78/78
f 14/14/14 78/78/78 15/15/15
f 79/79/79 80/80/80 81/81/81
f 79/79/79 81/81/81 82/82/82
f 83/83/83 84/84/84 85/85/85
f 83/83/83 85/85/85 86/86/86
f 87/87/87 88/88/88 89/89/89
f 87/87/87 89/89/89 90/90/90
f 91/91/91 83/83/83 86/86/86
f 91/91/91 86/86/86 92/92/92
f 93/93/93 87/87/87 90/90/90
f 93/93/93 90/90/90 94/94/94
f 95/95/95 91/91/91 92/92/92
f 95/95/95 92/92/92 96/96/96
f 97/97/97 93/93/93 94/94/94
f 97/97/97 94/94/94 98/98/98
f 99/99/99 95/95/95 96/96/96
f 99/99/99 96/96/96 100/100/100
f 101/101/101 97/97/97 98/98/98
f 101/101/101 98/98/98 102/102/102
f 103/103/103 104/104/104 105/105/105
f 103/103/103 105/105/105 106/106/106
f 107/107/107 108/108/108 109/109/109
f 107/107/107 109/109/109 110/110/110
f 111/111/111 103/103/103 106/106/106
f 111/111/111 106/106/106 112/112/112
f 113/113/113 114/114/114 115/115/115
f 113/113/113 115/115/115 116/116/116
f 117/117/117 118/118/118 119/119/119
f 117/117/117 119/119/119 120/120/120
f 121/121/121 113/113/113 116/116/116
f 121/121/121 116/116/116 122/122/122
f 123/123/123 117/117/117 120/120/120
f 123/123/123 120/120/120 124/124/124
f 125/125/125 121/121/121 122/122/122
f 125/125/125 122/122/122 126/126/126
f 127/127/127 123/123/123 124/124/124
f 127/127/127 124/124/124 128/128/128
f 129/129/129 130/130/130 131/131/131
f 129/129/129 131/131/131 132/132/132
f 130/130/130 125/125/125 126/126/126
f 130/130/130 126/126/126 131/131/131
f 133/133/133 134/134/134 135/135/135
f 133/133/133 135/135/135 136/136/136
f 137/137/137 129/129/129 132/132/132
f 137/137/137 132/132/132 138/138/138
f 104/104/104 99/99/99 100/100/100
f 104/104/104 100/100/100 105/105/105
f 139/139/139 133/133/133 136/136/136
f 139/139/139 136/136/136 140/140/140
f 141/141/141 137/137/137 138/138/138
f 141/141/141 138/138/138 142/142/142
f 134/134/134 127/127/127 128/128/128
f 134/134/134 128/128/128 135/135/135
f 143/143/143 139/139/139 140/140/140
f 143/143/143 140/140/140 144/144/144
f 145/145/145 146/146/146 147/147/147
f 145/145/145 147/147/147 148/148/148
f 88/88/88 5/5/5 8/8/8
f 88/88/88 8/8/8 89/89/89
f 6/6/6 149/149/149 150/150/150
f 6/6/6 150/150/150 7/7/7
f 84/84/84 145/145/145 148/148/148
f 84/84/84 148/148/148 85/85/85
f 108/108/108 101/101/101 102/102/102
f 108/108/108 102/102/102 109/109/109
f 151/151/151 152/152/152 153/153/153
f 151/151/151 153/153/153 154/154/154
f 155/155/155 156/156/156 157/157/157
f 155/155/155 157/157/157 158/158/158
f 159/159/159 79/79/79 82/82/82
f 159/159/159 82/82/82 160/160/160
f 161/161/161 162/162/162 163/163/163
f 161/161/161 163/163/163 164/164/164
f 165/165/165 166/166/166 167/167/167
f 165/165/165 167/167/167 168/168/168
f 169/169/169 161/161/161 164/164/164
f 169/169/169 164/164/164 170/170/170
f 171/171/171 172/172/172 173/173/173
f 171/171/171 173/173/173 174/174/174
f 175/175/175 176/176/176 177/177/177
f 175/175/175 177/177/177 178/178/178
f 179/179/179 171/171/171 174/174/174
f 179/179/179 174/174/174 180/180/180
f 181/181/181 175/175/175 178/178/178
f 181/181/181 178/178/178 182/182/182
f 183/183/183 179/179/179 180/180/180
f 183/183/183 180/180/180 184/184/184
f 185/185/185 181/181/181 182/182/182
f 185/185/185 182/182/182 186/186/186
f 187/187/187 188/188/188 189/189/189
f 187/187/187 189/189/189 190/190/190
f 188/188/188 183/183/183 184/184/184
f 188/188/188 184/184/184 189/189/189
f 191/191/191 192/192/192 193/193/193
f 191/191/191 193/193/193 194/194/194
f 195/195/195 187/187/187 190/190/190
f 195/195/195 190/190/190 196/196/196
f 162/162/162 155/155/155 158/158/158
f 162/162/162 158/158/158 163/163/163
f 197/197/197 191/191/191 194/194/194
f 197/197/197 194/194/194 198/198/198
f 199/199/199 195/195/195 196/196/196
f 199/199/199 196/196/196 200/200/200
f 192/192/192 185/185/185 186/186/186
f 192/192/192 186/186/186 193/193/193
f 201/201/201 197/197/197 198/198/198
f 201/201/201 198/198/198 202/202/202
f 203/203/203 204/204/204 205/205/205
f 203/203/203 205/205/205 206/206/206
f 207/207/207 208/208/208 209/209/209
f 207/207/207 209/209/209 210/210/210
f 211/211/211 212/212/212 213/213/213
f 211/211/211 213/213/213 214/214/214
f 215/215/215 203/203/203 206/206/206
f 215/215/215 206/206/206 216/216/216
f 166/166/166 159/159/159 160/160/160
f 166/166/166 160/160/160 167/167/167
f 208/208/208 211/211/211 214/214/214
f 208/208/208 214/214/214 209/209/209
f 217/217/217 215/215/215 216/216/216
f 217/217/217 216/216/216 218/218/218
f 219/219/219 207/207/207 210/210/210
f 219/219/219 210/210/210 220/220/220
f 221/221/221 217/217/217 218/218/218
f 221/221/221 218/218/218 222/222/222
f 80/80/80 219/219/219 220/220/220
f 80/80/80 220/220/220 81/81/81
f 156/156/156 221/221/221 222/222/222
f 156/156/156 222/222/222 157/157/157
f 223/223/223 224/224/224 225/225/225
f 223/223/223 225/225/225 226/226/226
f 227/227/227 228/228/228 229/229/229
f 227/227/227 229/229/229 230/230/230
f 231/231/231 151/151/151 154/154/154
f 231/231/231 154/154/154 232/232/232
f 233/233/233 227/227/227 230/230/230
f 233/233/233 230/230/230 234/234/234
f 235/235/235 231/231/231 232/232/232
f 235/235/235 232/232/232 236/236/236
f 237/237/237 233/233/233 234/234/234
f 237/237/237 234/234/234 238/238/238
f 239/239/239 240/240/240 241/241/241
f 239/239/239 241/241/241 242/242/242
f 240/240/240 235/235/235 236/236/236
f 240/240/240 236/236/236 241/241/241
f 243/243/243 244/244/244 245/245/245
f 243/243/243 245/245/245 246/246/246
f 247/247/247 239/239/239 242/242/242
f 247/247/247 242/242/242 248/248/248
f 249/249/249 250/250/250 251/251/251
f 249/249/249 251/251/251 252/252/252
f 253/253/253 243/243/243 246/246/246
f 253/253/253 246/246/246 254/254/254
f 255/255/255 247/247/247 248/248/248
f 255/255/255 248/248/248 256/256/256
f 244/244/244 237/237/237 238/238/238
f 244/244/244 238/238/238 245/245/245
f 257/257/257 253/253/253 254/254/254
f 257/257/257 254/254/254 258/258/258
f 259/259/259 260/260/260 261/261/261
f 259/259/259 261/261/261 262/262/262
f 263/263/263 264/264/264 265/265/265
f 263/263/263 265/265/265 266/266/266
f 267/267/267 268/268/268 269/269/269
f 267/267/267 269/269/269 270/270/270
f 271/271/271 259/259/259 262/262/262
f 271/271/271 262/262/262 272/272/272
f 273/273/273 274/274/274 275/275/275
f 273/273/273 275/275/275 276/276/276
f 264/264/264 267/267/267 270/270/270
f 264/264/264 270/270/270 265/265/265
f 277/277/277 271/271/271 272/272/272
f 277/277/277 272/272/272 278/278/278
f 279/279/279 263/263/263 266/266/266
f 279/279/279 266/266/266 280/280/280
f 281/281/281 277/277/277 278/278/278
f 281/281/281 278/278/278 282/282/282
f 283/283/283 279/279/279 280/280/280
f 283/283/283 280/280/280 284/284/284
f 285/285/285 281/281/281 282/282/282
f 285/285/285 282/282/282 286/286/286
f 287/287/287 283/283/283 284/284/284
f 287/287/287 284/284/284 288/288/288
f 250/250/250 285/285/285 286/286/286
f 250/250/250 286/286/286 251/251/251
f 274/274/274 287/287/287 288/288/288
f 274/274/274 288/288/288 275/275/275
f 289/289/289 249/249/249 252/252/252
f 289/289/289 252/252/252 290/290/290
f 291/291/291 273/273/273 276/276/276
f 291/291/291 276/276/276 292/292/292
f 293/293/293 289/289/289 290/290/290
f 293/293/293 290/290/290 294/294/294
f 295/295/295 296/296/296 297/297/297
f 295/295/295 297/297/297 298/298/298
f 224/224/224 299/299/299 300/300/300
f 224/224/224 300/300/300 225/225/225
f 301/301/301 302/302/302 303/303/303
f 301/301/301 303/303/303 304/304/304
f 305/305/305 223/223/223 226/226/226
f 305/305/305 226/226/226 306/306/306
f 307/307/307 308/308/308 309/309/309
f 307/307/307 309/309/309 310/310/310
f 311/311/311 301/301/301 304/304/304
f 311/311/311 304/304/304 312/312/312
f 313/313/313 305/305/305 306/306/306
f 313/313/313 306/306/306 314/314/314
f 302/302/302 315/315/315 316/316/316
f 302/302/302 316/316/316 303/303/303
f 317/317/317 311/311/311 312/312/312
f 317/317/317 312/312/312 318/318/318
f 319/319/319 320/320/320 321/321/321
f 319/319/319 321/321/321 322/322/322
f 323/323/323 324/324/324 325/325/325
f 323/323/323 325/325/325 326/326/326
f 327/327/327 328/328/328 329/329/329
f 327/327/327 329/329/329 330/330/330
f 331/331/331 319/319/319 322/322/322
f 331/331/331 322/322/322 332/332/332
f 333/333/333 334/334/334 335/335/335
f 333/333/333 335/335/335 336/336/336
f 324/324/324 327/327/327 330/330/330
f 324/324/324 330/330/330 325/325/325
f 337/337/337 331/331/331 332/332/332
f 337/337/337 332/332/332 338/338/338
f 339/339/339 323/323/323 326/326/326
f 339/339/339 326/326/326 340/340/340
f 341/341/341 337/337/337 338/338/338
f 341/341/341 338/338/338 342/342/342
f 343/343/343 339/339/339 340/340/340
f 343/343/343 340/340/340 344/344/344
f 345/345/345 341/341/341 342/342/342
f 345/345/345 342/342/342 346/346/346
f 347/347/347 343/343/343 344/344/344
f 347/347/347 344/344/344 348/348/348
f 308/308/308 345/345/345 346/346/346
f 308/308/308 346/346/346 309/309/309
f 334/334/334 347/347/347 348/348/348
f 334/334/334 348/348/348 335/335/335
f 349/349/349 307/307/307 310/310/310
f 349/349/349 310/310/310 350/350/350
f 351/351/351 333/333/333 336/336/336
f 351/351/351 336/336/336 352/352/352
f 353/353/353 349/349/349 350/350/350
f 353/353/353 350/350/350 354/354/354
f 355/355/355 356/356/356 357/357/357
f 355/355/355 357/357/357 358/358/358
f 359/359/359 360/360/360 361/361/361
f 359/359/359 361/361/361 362/362/362
f 363/363/363 355/355/355 358/358/358
f 363/363/363 358/358/358 364/364/364
f 365/365/365 359/359/359 362/362/362
f 365/365/365 362/362/362 366/366/366
f 299/299/299 363/363/363 364/364/364
f 299/299/299 364/364/364 300/300/300
f 315/315/315 365/365/365 366/366/366
f 315/315/315 366/366/366 316/316/316
f 367/367/367 368/368/368 369/369/369
f 367/367/367 369/369/369 370/370/370
f 371/371/371 372/372/372 373/373/373
f 371/371/371 373/373/373 374/374/374
f 375/375/375 295/295/295 298/298/298
f 375/375/375 298/298/298 376/376/376
f 377/377/377 378/378/378 379/379/379
f 377/377/377 379/379/379 380/380/380
f 368/368/368 371/371/371 374/374/374
f 368/368/368 374/374/374 369/369/369
f 381/381/381 375/375/375 376/376/376
f 381/381/381 376/376/376 382/382/382
f 383/383/383 367/367/367 370/370/370
f 383/383/383 370/370/370 384/384/384
f 385/385/385 381/381/381 382/382/382
f 385/385/385 382/382/382 386/386/386
f 387/387/387 383/383/383 384/384/384
f 387/387/387 384/384/384 388/388/388
f 389/389/389 385/385/385 386/386/386
f 389/389/389 386/386/386 390/390/390
f 391/391/391 387/387/387 388/388/388
f 391/391/391 388/388/388 392/392/392
f 393/393/393 389/389/389 390/390/390
f 393/393/393 390/390/390 394/394/394
f 378/378/378 391/391/391 392/392/392
f 378/378/378 392/392/392 379/379/379
f 395/395/395 396/396/396 397/397/397
f 395/395/395 397/397/397 398/398/398
f 399/399/399 377/377/377 380/380/380
f 399/399/399 380/380/380 400/400/400
f 401/401/401 402/402/402 403/403/403
f 401/401/401 403/403/403 404/404/404
f 405/405/405 406/406/406 407/407/407
f 405/405/405 407/407/407 408/408/408
f 409/409/409 401/401/401 404/404/404
f 409/409/409 404/404/404 410/410/410
f 411/411/411 405/405/405 408/408/408
f 411/411/411 408/408/408 412/412/412
f 413/413/413 409/409/409 410/410/410
f 413/413/413 410/410/410 414/414/414
f 415/415/415 411/411/411 412/412/412
f 415/415/415 412/412/412 416/416/416
f 417/417/417 413/413/413 414/414/414
f 417/417/417 414/414/414 418/418/418
f 419/419/419 420/420/420 421/421/421
f 419/419/419 421/421/421 422/422/422
f 420/420/420 423/423/423 424/424/424
f 420/420/420 424/424/424 421/421/421
f 425/425/425 426/426/426 427/427/427
f 425/425/425 427/427/427 428/428/428
f 429/429/429 430/430/430 431/431/431
f 429/429/429 431/431/431 432/432/432
f 396/396/396 393/393/393 394/394/394
f 396/396/396 394/394/394 397/397/397
f 433/433/433 434/434/434 435/435/435
f 433/433/433 435/435/435 436/436/436
f 296/296/296 429/429/429 432/432/432
f 296/296/296 432/432/432 297/297/297
f 426/426/426 417/417/417 418/418/418
f 426/426/426 418/418/418 427/427/427
f 372/372/372 433/433/433 436/436/436
f 372/372/372 436/436/436 373/373/373
f 437/437/437 438/438/438 439/439/439
f 437/437/437 439/439/439 440/440/440
f 440/440/440 439/439/439 441/441/441
f 440/440/440 441/441/441 442/442/442
f 443/443/443 444/444/444 445/445/445
f 443/443/443 445/445/445 446/446/446
f 446/446/446 445/445/445 447/447/447
f 446/446/446 447/447/447 448/448/448
f 449/449/449 450/450/450 451/451/451
f 449/449/449 451/451/451 452/452/452
f 452/452/452 451/451/451 453/453/453
f 452/452/452 453/453/453 454/454/454
f 455/455/455 456/456/456 457/457/457
f 455/455/455 457/457/457 458/458/458
f 458/458/458 457/457/457 459/459/459
f 458/458/458 459/459/459 460/460/460
f 444/444/444 461/461/461 462/462/462
f 444/444/444 462/462/462 445/445/445
f 445/445/445 462/462/462 463/463/463
f 445/445/445 463/463/463 447/447/447
f 464/464/464 465/465/465 466/466/466
f 464/464/464 466/466/466 467/467/467
f 467/467/467 466/466/466 468/468/468
f 467/467/467 468/468/468 469/469/469
f 470/470/470 471/471/471 472/472/472
f 470/470/470 472/472/472 473/473/473
f 473/473/473 472/472/472 474/474/474
f 473/473/473 474/474/474 475/475/475
f 476/476/476 477/477/477 478/478/478
f 476/476/476 478/478/478 479/479/479
f 479/479/479 478/478/478 480/480/480
f 479/479/479 480/480/480 481/481/481
f 465/465/465 482/482/482 483/483/483
f 465/465/465 483/483/483 466/466/466
f 466/466/466 483/483/483 484/484/484
f 466/466/466 484/484/484 468/468/468
f 485/485/485 486/486/486 487/487/487
f 485/485/485 487/487/487 488/488/488
f 488/488/488 487/487/487 489/489/489
f 488/488/488 489/489/489 490/490/490
f 477/477/477 491/491/491 492/492/492
f 477/477/477 492/492/492 478/478/478
f 478/478/478 492/492/492 493/493/493
f 478/478/478 493/493/493 480/480/480
f 482/482/482 470/470/470 473/473/473
f 482/482/482 473/473/473 483/483/483
f 483/483/483 473/473/473 475/475/475
f 483/483/483 475/475/475 484/484/484
f 494/494/494 495/495/495 496/496/496
f 494/494/494 496/496/496 497/497/497
f 497/497/497 496/496/496 498/498/498
f 497/497/497 498/498/498 499/499/499
f 491/491/491 494/494/494 497/497/497
f 491/491/491 497/497/497 492/492/492
f 492/492/492 497/497/497 499/499/499
f 492/492/492 499/499/499 493/493/493
f 471/471/471 500/500/500 501/501/501
f 471/471/471 501/501/501 472/472/472
f 472/472/472 501/501/501 502/502/502
f 472/472/472 502/502/502 474/474/474
f 495/495/495 503/503/503 504/504/504
f 495/495/495 504/504/504 496/496/496
f 496/496/496 504/504/504 505/505/505
f 496/496/496 505/505/505 498/498/498
f 500/500/500 506/506/506 507/507/507
f 500/500/500 507/507/507 501/501/501
f 501/501/501 507/507/507 508/508/508
f 501/501/501 508/508/508 502/502/502
f 503/503/503 509/509/509 510/510/510
f 503/503/503 510/510/510 504/504/504
f 504/504/504 510/510/510 511/511/511
f 504/504/504 511/511/511 505/505/505
f 506/506/506 512/512/512 513/513/513
f 506/506/506 513/513/513 507/507/507
f 507/507/507 513/513/513 514/514/514
f 507/507/507 514/514/514 508/508/508
f 509/509/509 515/515/515 516/516/516
f 509/509/509 516/516/516 510/510/510
f 510/510/510 516/516/516 517/517/517
f 510/510/510 517/517/517 511/511/511
f 518/518/518 519/519/519 520/520/520
f 518/518/518 520/520/520 521/521/521
f 521/521/521 520/520/520 522/522/522
f 521/521/521 522/522/522 523/523/523
f 524/524/524 437/437/437 440/440/440
f 524/524/524 440/440/440 525/525/525
f 525/525/525 440/440/440 442/442/442
f 525/525/525 442/442/442 526/526/526
f 519/519/519 485/485/485 488/488/488
f 519/519/519 488/488/488 520/520/520
f 520/520/520 488/488/488 490/490/490
f 520/520/520 490/490/490 522/522/522
f 438/438/438 527/527/527 528/528/528
f 438/438/438 528/528/528 439/439/439
f 439/439/439 528/528/528 529/529/529
f 439/439/439 529/529/529 441/441/441
f 486/486/486 530/530/530 531/531/531
f 486/486/486 531/531/531 487/487/487
f 487/487/487 531/531/531 532/532/532
f 487/487/487 532/532/532 489/489/489
f 527/527/527 533/533/533 534/534/534
f 527/527/527 534/534/534 528/528/528
f 528/528/528 534/534/534 535/535/535
f 528/528/528 535/535/535 529/529/529
f 530/530/530 536/536/536 537/537/537
f 530/530/530 537/537/537 531/531/531
f 531/531/531 537/537/537 538/538/538
f 531/531/531 538/538/538 532/532/532
f 533/533/533 539/539/539 540/540/540
f 533/533/533 540/540/540 534/534/534
f 534/534/534 540/540/540 541/541/541
f 534/534/534 541/541/541 535/535/535
f 536/536/536 542/542/542 543/543/543
f 536/536/536 543/543/543 537/537/537
f 537/537/537 543/543/543 544/544/544
f 537/537/537 544/544/544 538/538/538
f 539/539/539 455/455/455 458/458/458
f 539/539/539 458/458/458 540/540/540
f 540/540/540 458/458/458 460/460/460
f 540/540/540 460/460/460 541/541/541
f 542/542/542 443/443/443 446/446/446
f 542/542/542 446/446/446 543/543/543
f 543/543/543 446/446/446 448/448/448
f 543/543/543 448/448/448 544/544/544
f 456/456/456 449/449/449 452/452/452
f 456/456/456 452/452/452 457/457/457
f 457/457/457 452/452/452 454/454/454
f 457/457/457 454/454/454 459/459/459
f 442/442/442 441/441/441 545/545/545
f 442/442/442 545/545/545 546/546/546
f 448/448/448 447/447/447 547/547/547
f 448/448/448 547/547/547 548/548/548
f 454/454/454 453/453/453 549/549/549
f 454/454/454 549/549/549 550/550/550
f 460/460/460 459/459/459 551/551/551
f 460/460/460 551/551/551 552/552/552
f 447/447/447 463/463/463 553/553/553
f 447/447/447 553/553/553 547/547/547
f 469/469/469 468/468/468 554/554/554
f 469/469/469 554/554/554 555/555/555
f 475/475/475 474/474/474 556/556/556
f 475/475/475 556/556/556 557/557/557
f 481/481/481 480/480/480 558/558/558
f 481/481/481 558/558/558 559/559/559
f 468/468/468 484/484/484 560/560/560
f 468/468/468 560/560/560 554/554/554
f 490/490/490 489/489/489 561/561/561
f 490/490/490 561/561/561 562/562/562
f 480/480/480 493/493/493 563/563/563
f 480/480/480 563/563/563 558/558/558
f 484/484/484 475/475/475 557/557/557
f 484/484/484 557/557/557 560/560/560
f 499/499/499 498/498/498 564/564/564
f 499/499/499 564/564/564 565/565/565
f 493/493/493 499/499/499 565/565/565
f 493/493/493 565/565/565 563/563/563
f 474/474/474 502/502/502 566/566/566
f 474/474/474 566/566/566 556/556/556
f 498/498/498 505/505/505 567/567/567
f 498/498/498 567/567/567 564/564/564
f 502/502/502 508/508/508 568/568/568
f 502/502/502 568/568/568 566/566/566
f 505/505/505 511/511/511 569/569/569
f 505/505/505 569/569/569 567/567/567
f 508/508/508 514/514/514 570/570/570
f 508/508/508 570/570/570 568/568/568
f 511/511/511 517/517/517 571/571/571
f 511/511/511 571/571/571 569/569/569
f 523/523/523 522/522/522 572/572/572
f 523/523/523 572/572/572 573/573/573
f 526/526/526 442/442/442 546/546/546
f 526/526/526 546/546/546 574/574/574
f 522/522/522 490/490/490 562/562/562
f 522/522/522 562/562/562 572/572/572
f 441/441/441 529/529/529 575/575/575
f 441/441/441 575/575/575 545/545/545
f 489/489/489 532/532/532 576/576/576
f 489/489/489 576/576/576 561/561/561
f 529/529/529 535/535/535 577/577/577
f 529/529/529 577/577/577 575/575/575
f 532/532/532 538/538/538 578/578/578
f 532/532/532 578/578/578 576/576/576
f 535/535/535 541/541/541 579/579/579
f 535/535/535 579/579/579 577/577/577
f 538/538/538 544/544/544 580/580/580
f 538/538/538 580/580/580 578/578/578
f 541/541/541 460/460/460 552/552/552
f 541/541/541 552/552/552 579/579/579
f 544/544/544 448/448/448 548/548/548
f 544/544/544 548/548/548 580/580/580
f 459/459/459 454/454/454 550/550/550
f 459/459/459 550/550/550 551/551/551
f 546/546/546 545/545/545 101/101/101
f 546/546/546 101/101/101 108/108/108
f 548/548/548 547/547/547 145/145/145
f 548/548/548 145/145/145 84/84/84
f 550/550/550 549/549/549 149/149/149
f 550/550/550 149/149/149 6/6/6
f 552/552/552 551/551/551 5/5/5
f 552/552/552 5/5/5 88/88/88
f 547/547/547 553/553/553 146/146/146
f 547/547/547 146/146/146 145/145/145
f 555/555/555 554/554/554 139/139/139
f 555/555/555 139/139/139 143/143/143
f 557/557/557 556/556/556 127/127/127
f 557/557/557 127/127/127 134/134/134
f 559/559/559 558/558/558 137/137/137
f 559/559/559 137/137/137 141/141/141
f 554/554/554 560/560/560 133/133/133
f 554/554/554 133/133/133 139/139/139
f 562/562/562 561/561/561 99/99/99
f 562/562/562 99/99/99 104/104/104
f 558/558/558 563/563/563 129/129/129
f 558/558/558 129/129/129 137/137/137
f 560/560/560 557/557/557 134/134/134
f 560/560/560 134/134/134 133/133/133
f 565/565/565 564/564/564 125/125/125
f 565/565/565 125/125/125 130/130/130
f 563/563/563 565/565/565 130/130/130
f 563/563/563 130/130/130 129/129/129
f 556/556/556 566/566/566 123/123/123
f 556/556/556 123/123/123 127/127/127
f 564/564/564 567/567/567 121/121/121
f 564/564/564 121/121/121 125/125/125
f 566/566/566 568/568/568 117/117/117
f 566/566/566 117/117/117 123/123/123
f 567/567/567 569/569/569 113/113/113
f 567/567/567 113/113/113 121/121/121
f 568/568/568 570/570/570 118/118/118
f 568/568/568 118/118/118 117/117/117
f 569/569/569 571/571/571 114/114/114
f 569/569/569 114/114/114 113/113/113
f 573/573/573 572/572/572 103/103/103
f 573/573/573 103/103/103 111/111/111
f 574/574/574 546/546/546 108/108/108
f 574/574/574 108/108/108 107/107/107
f 572/572/572 562/562/562 104/104/104
f 572/572/572 104/104/104 103/103/103
f 545/545/545 575/575/575 97/97/97
f 545/545/545 97/97/97 101/101/101
f 561/561/561 576/576/576 95/95/95
f 561/561/561 95/95/95 99/99/99
f 575/575/575 577/577/577 93/93/93
f 575/575/575 93/93/93 97/97/97
f 576/576/576 578/578/578 91/91/91
f 576/576/576 91/91/91 95/95/95
f 577/577/577 579/579/579 87/87/87
f 577/577/577 87/87/87 93/93/93
f 578/578/578 580/580/580 83/83/83
f 578/578/578 83/83/83 91/91/91
f 579/579/579 552/552/552 88/88/88
f 579/579/579 88/88/88 87/87/87
f 580/580/580 548/548/548 84/84/84
f 580/580/580 84/84/84 83/83/83
f 551/551/551 550/550/550 6/6/6
f 551/551/551 6/6/6 5/5/5
f 96/96/96 92/92/92 221/221/221
f 96/96/96 221/221/221 156/156/156
f 94/94/94 90/90/90 219/219/219
f 94/94/94 219/219/219 80/80/80
f 92/92/92 86/86/86 217/217/217
f 92/92/92 217/217/217 221/221/221
f 90/90/90 89/89/89 207/207/207
f 90/90/90 207/207/207 219/219/219
f 86/86/86 85/85/85 215/215/215
f 86/86/86 215/215/215 217/217/217
f 8/8/8 7/7/7 211/211/211
f 8/8/8 211/211/211 208/208/208
f 109/109/109 102/102/102 159/159/159
f 109/109/109 159/159/159 166/166/166
f 85/85/85 148/148/148 203/203/203
f 85/85/85 203/203/203 215/215/215
f 7/7/7 150/150/150 212/212/212
f 7/7/7 212/212/212 211/211/211
f 89/89/89 8/8/8 208/208/208
f 89/89/89 208/208/208 207/207/207
f 148/148/148 147/147/147 204/204/204
f 148/148/148 204/204/204 203/203/203
f 144/144/144 140/140/140 197/197/197
f 144/144/144 197/197/197 201/201/201
f 135/135/135 128/128/128 185/185/185
f 135/135/135 185/185/185 192/192/192
f 142/142/142 138/138/138 195/195/195
f 142/142/142 195/195/195 199/199/199
f 140/140/140 136/136/136 191/191/191
f 140/140/140 191/191/191 197/197/197
f 105/105/105 100/100/100 155/155/155
f 105/105/105 155/155/155 162/162/162
f 138/138/138 132/132/132 187/187/187
f 138/138/138 187/187/187 195/195/195
f 136/136/136 135/135/135 192/192/192
f 136/136/136 192/192/192 191/191/191
f 131/131/131 126/126/126 183/183/183
f 131/131/131 183/183/183 188/188/188
f 132/132/132 131/131/131 188/188/188
f 132/132/132 188/188/188 187/187/187
f 128/128/128 124/124/124 181/181/181
f 128/128/128 181/181/181 185/185/185
f 126/126/126 122/122/122 179/179/179
f 126/126/126 179/179/179 183/183/183
f 124/124/124 120/120/120 175/175/175
f 124/124/124 175/175/175 181/181/181
f 122/122/122 116/116/116 171/171/171
f 122/122/122 171/171/171 179/179/179
f 120/120/120 119/119/119 176/176/176
f 120/120/120 176/176/176 175/175/175
f 116/116/116 115/115/115 172/172/172
f 116/116/116 172/172/172 171/171/171
f 112/112/112 106/106/106 161/161/161
f 112/112/112 161/161/161 169/169/169
f 110/110/110 109/109/109 166/166/166
f 110/110/110 166/166/166 165/165/165
f 106/106/106 105/105/105 162/162/162
f 106/106/106 162/162/162 161/161/161
f 102/102/102 98/98/98 79/79/79
f 102/102/102 79/79/79 159/159/159
f 100/100/100 96/96/96 156/156/156
f 100/100/100 156/156/156 155/155/155
f 98/98/98 94/94/94 80/80/80
f 98/98/98 80/80/80 79/79/79
f 170/170/170 164/164/164 289/289/289
f 170/170/170 289/289/289 293/293/293
f 168/168/168 167/167/167 273/273/273
f 168/168/168 273/273/273 291/291/291
f 164/164/164 163/163/163 249/249/249
f 164/164/164 249/249/249 289/289/289
f 160/160/160 82/82/82 287/287/287
f 160/160/160 287/287/287 274/274/274
f 158/158/158 157/157/157 285/285/285
f 158/158/158 285/285/285 250/250/250
f 82/82/82 81/81/81 283/283/283
f 82/82/82 283/283/283 287/287/287
f 157/157/157 222/222/222 281/281/281
f 157/157/157 281/281/281 285/285/285
f 81/81/81 220/220/220 279/279/279
f 81/81/81 279/279/279 283/283/283
f 222/222/222 218/218/218 277/277/277
f 222/222/222 277/277/277 281/281/281
f 220/220/220 210/210/210 263/263/263
f 220/220/220 263/263/263 279/279/279
f 218/218/218 216/216/216 271/271/271
f 218/218/218 271/271/271 277/277/277
f 209/209/209 214/214/214 267/267/267
f 209/209/209 267/267/267 264/264/264
f 167/167/167 160/160/160 274/274/274
f 167/167/167 274/274/274 273/273/273
f 216/216/216 206/206/206 259/259/259
f 216/216/216 259/259/259 271/271/271
f 214/214/214 213/213/213 268/268/268
f 214/214/214 268/268/268 267/267/267
f 210/210/210 209/209/209 264/264/264
f 210/210/210 264/264/264 263/263/263
f 206/206/206 205/205/205 260/260/260
f 206/206/206 260/260/260 259/259/259
f 202/202/202 198/198/198 253/253/253
f 202/202/202 253/253/253 257/257/257
f 193/193/193 186/186/186 237/237/237
f 193/193/193 237/237/237 244/244/244
f 200/200/200 196/196/196 247/247/247
f 200/200/200 247/247/247 255/255/255
f 198/198/198 194/194/194 243/243/243
f 198/198/198 243/243/243 253/253/253
f 163/163/163 158/158/158 250/250/250
f 163/163/163 250/250/250 249/249/249
f 196/196/196 190/190/190 239/239/239
f 196/196/196 239/239/239 247/247/247
f 194/194/194 193/193/193 244/244/244
f 194/194/194 244/244/244 243/243/243
f 189/189/189 184/184/184 235/235/235
f 189/189/189 235/235/235 240/240/240
f 190/190/190 189/189/189 240/240/240
f 190/190/190 240/240/240 239/239/239
f 186/186/186 182/182/182 233/233/233
f 186/186/186 233/233/233 237/237/237
f 184/184/184 180/180/180 231/231/231
f 184/184/184 231/231/231 235/235/235
f 182/182/182 178/178/178 227/227/227
f 182/182/182 227/227/227 233/233/233
f 180/180/180 174/174/174 151/151/151
f 180/180/180 151/151/151 231/231/231
f 178/178/178 177/177/177 228/228/228
f 178/178/178 228/228/228 227/227/227
f 174/174/174 173/173/173 152/152/152
f 174/174/174 152/152/152 151/151/151
f 238/238/238 234/234/234 365/365/365
f 238/238/238 365/365/365 315/315/315
f 236/236/236 232/232/232 363/363/363
f 236/236/236 363/363/363 299/299/299
f 234/234/234 230/230/230 359/359/359
f 234/234/234 359/359/359 365/365/365
f 232/232/232 154/154/154 355/355/355
f 232/232/232 355/355/355 363/363/363
f 230/230/230 229/229/229 360/360/360
f 230/230/230 360/360/360 359/359/359
f 154/154/154 153/153/153 356/356/356
f 154/154/154 356/356/356 355/355/355
f 294/294/294 290/290/290 349/349/349
f 294/294/294 349/349/349 353/353/353
f 292/292/292 276/276/276 333/333/333
f 292/292/292 333/333/333 351/351/351
f 290/290/290 252/252/252 307/307/307
f 290/290/290 307/307/307 349/349/349
f 275/275/275 288/288/288 347/347/347
f 275/275/275 347/347/347 334/334/334
f 251/251/251 286/286/286 345/345/345
f 251/251/251 345/345/345 308/308/308
f 288/288/288 284/284/284 343/343/343
f 288/288/288 343/343/343 347/347/347
f 286/286/286 282/282/282 341/341/341
f 286/286/286 341/341/341 345/345/345
f 284/284/284 280/280/280 339/339/339
f 284/284/284 339/339/339 343/343/343
f 282/282/282 278/278/278 337/337/337
f 282/282/282 337/337/337 341/341/341
f 280/280/280 266/266/266 323/323/323
f 280/280/280 323/323/323 339/339/339
f 278/278/278 272/272/272 331/331/331
f 278/278/278 331/331/331 337/337/337
f 265/265/265 270/270/270 327/327/327
f 265/265/265 327/327/327 324/324/324
f 276/276/276 275/275/275 334/334/334
f 276/276/276 334/334/334 333/333/333
f 272/272/272 262/262/262 319/319/319
f 272/272/272 319/319/319 331/331/331
f 270/270/270 269/269/269 328/328/328
f 270/270/270 328/328/328 327/327/327
f 266/266/266 265/265/265 324/324/324
f 266/266/266 324/324/324 323/323/323
f 262/262/262 261/261/261 320/320/320
f 262/262/262 320/320/320 319/319/319
f 258/258/258 254/254/254 311/311/311
f 258/258/258 311/311/311 317/317/317
f 245/245/245 238/238/238 315/315/315
f 245/245/245 315/315/315 302/302/302
f 256/256/256 248/248/248 305/305/305
f 256/256/256 305/305/305 313/313/313
f 254/254/254 246/246/246 301/301/301
f 254/254/254 301/301/301 311/311/311
f 252/252/252 251/251/251 308/308/308
f 252/252/252 308/308/308 307/307/307
f 248/248/248 242/242/242 223/223/223
f 248/248/248 223/223/223 305/305/305
f 246/246/246 245/245/245 302/302/302
f 246/246/246 302/302/302 301/301/301
f 241/241/241 236/236/236 299/299/299
f 241/241/241 299/299/299 224/224/224
f 242/242/242 241/241/241 224/224/224
f 242/242/242 224/224/224 223/223/223
f 581/581/581 582/582/582 583/583/583
f 581/581/581 583/583/583 584/584/584
f 585/585/585 586/586/586 587/587/587
f 585/585/585 587/587/587 588/588/588
f 589/589/589 585/585/585 588/588/588
f 589/589/589 588/588/588 590/590/590
f 591/591/591 589/589/589 590/590/590
f 591/591/591 590/590/590 592/592/592
f 584/584/584 593/593/593 594/594/594
f 584/584/584 594/594/594 581/581/581
f 593/593/593 595/595/595 596/596/596
f 593/593/593 596/596/596 594/594/594
f 595/595/595 597/597/597 598/598/598
f 595/595/595 598/598/598 596/596/596
f 599/599/599 598/598/598 597/597/597
f 599/599/599 597/597/597 600/600/600
f 601/601/601 591/591/591 592/592/592
f 601/601/601 592/592/592 602/602/602
f 603/603/603 587/587/587 586/586/586
f 603/603/603 586/586/586 604/604/604
f 604/604/604 583/583/583 582/582/582
f 604/604/604 582/582/582 603/603/603
f 599/599/599 600/600/600 605/605/605
f 599/599/599 605/605/605 606/606/606
f 606/606/606 605/605/605 607/607/607
f 606/606/606 607/607/607 608/608/608
f 608/608/608 607/607/607 609/609/609
f 608/608/608 609/609/609 610/610/610
f 611/611/611 599/599/599 606/606/606
f 611/611/611 606/606/606 612/612/612
f 612/612/612 606/606/606 608/608/608
f 612/612/612 608/608/608 613/613/613
f 613/613/613 608/608/608 610/610/610
f 613/613/613 610/610/610 614/614/614
f 615/615/615 616/616/616 617/617/617
f 615/615/615 617/617/617 618/618/618
f 619/619/619 612/612/612 613/613/613
f 619/619/619 613/613/613 620/620/620
f 620/620/620 613/613/613 614/614/614
f 620/620/620 614/614/614 621/621/621
f 622/622/622 615/615/615 618/618/618
f 622/622/622 618/618/618 623/623/623
f 623/623/623 618/618/618 624/624/624
f 623/623/623 624/624/624 625/625/625
f 626/626/626 627/627/627 628/628/628
f 626/626/626 628/628/628 629/629/629
f 630/630/630 622/622/622 623/623/623
f 630/630/630 623/623/623 631/631/631
f 631/631/631 623/623/623 625/625/625
f 631/631/631 625/625/625 632/632/632
f 633/633/633 626/626/626 629/629/629
f 633/633/633 629/629/629 634/634/634
f 635/635/635 630/630/630 631/631/631
f 635/635/635 631/631/631 636/636/636
f 637/637/637 638/638/638 633/633/633
f 637/637/637 633/633/633 639/639/639
f 639/639/639 633/633/633 634/634/634
f 639/639/639 634/634/634 640/640/640
f 641/641/641 635/635/635 636/636/636
f 641/641/641 636/636/636 642/642/642
f 643/643/643 637/637/637 639/639/639
f 643/643/643 639/639/639 644/644/644
f 644/644/644 639/639/639 640/640/640
f 644/644/644 640/640/640 645/645/645
f 646/646/646 647/647/647 643/643/643
f 646/646/646 643/643/643 648/648/648
f 648/648/648 643/643/643 644/644/644
f 648/648/648 644/644/644 649/649/649
f 649/649/649 644/644/644 645/645/645
f 649/649/649 645/645/645 650/650/650
f 651/651/651 646/646/646 648/648/648
f 651/651/651 648/648/648 652/652/652
f 652/652/652 648/648/648 649/649/649
f 652/652/652 649/649/649 653/653/653
f 653/653/653 649/649/649 650/650/650
f 653/653/653 650/650/650 654/654/654
f 655/655/655 651/651/651 652/652/652
f 655/655/655 652/652/652 656/656/656
f 656/656/656 652/652/652 653/653/653
f 656/656/656 653/653/653 657/657/657
f 657/657/657 653/653/653 654/654/654
f 657/657/657 654/654/654 658/658/658
f 659/659/659 660/660/660 661/661/661
f 659/659/659 661/661/661 662/662/662
f 662/662/662 661/661/661 663/663/663
f 662/662/662 663/663/663 664/664/664
f 664/664/664 663/663/663 658/658/658
f 664/664/664 658/658/658 654/654/654
f 665/665/665 659/659/659 662/662/662
f 665/665/665 662/662/662 666/666/666
f 666/666/666 662/662/662 664/664/664
f 666/666/666 664/664/664 667/667/667
f 667/667/667 664/664/664 654/654/654
f 667/667/667 654/654/654 650/650/650
f 668/668/668 665/665/665 666/666/666
f 668/668/668 666/666/666 669/669/669
f 669/669/669 666/666/666 667/667/667
f 669/669/669 667/667/667 670/670/670
f 670/670/670 667/667/667 650/650/650
f 670/670/670 650/650/650 645/645/645
f 671/671/671 668/668/668 669/669/669
f 671/671/671 669/669/669 672/672/672
f 672/672/672 669/669/669 670/670/670
f 672/672/672 670/670/670 673/673/673
f 673/673/673 670/670/670 645/645/645
f 673/673/673 645/645/645 640/640/640
f 674/674/674 675/675/675 676/676/676
f 674/674/674 676/676/676 677/677/677
f 678/678/678 672/672/672 673/673/673
f 678/678/678 673/673/673 679/679/679
f 679/679/679 673/673/673 640/640/640
f 679/679/679 640/640/640 634/634/634
f 680/680/680 674/674/674 677/677/677
f 680/680/680 677/677/677 681/681/681
f 682/682/682 678/678/678 679/679/679
f 682/682/682 679/679/679 683/683/683
f 683/683/683 679/679/679 634/634/634
f 683/683/683 634/634/634 629/629/629
f 684/684/684 680/680/680 681/681/681
f 684/684/684 681/681/681 685/685/685
f 686/686/686 682/682/682 683/683/683
f 686/686/686 683/683/683 687/687/687
f 687/687/687 683/683/683 629/629/629
f 687/687/687 629/629/629 628/628/628
f 688/688/688 684/684/684 685/685/685
f 688/688/688 685/685/685 689/689/689
f 690/690/690 691/691/691 692/692/692
f 690/690/690 692/692/692 693/693/693
f 693/693/693 692/692/692 621/621/621
f 693/693/693 621/621/621 614/614/614
f 694/694/694 688/688/688 689/689/689
f 694/694/694 689/689/689 695/695/695
f 696/696/696 690/690/690 693/693/693
f 696/696/696 693/693/693 697/697/697
f 697/697/697 693/693/693 614/614/614
f 697/697/697 614/614/614 610/610/610
f 601/601/601 602/602/602 696/696/696
f 601/601/601 696/696/696 698/698/698
f 698/698/698 696/696/696 697/697/697
f 698/698/698 697/697/697 699/699/699
f 699/699/699 697/697/697 610/610/610
f 699/699/699 610/610/610 609/609/609
f 700/700/700 701/701/701 702/702/702
f 700/700/700 702/702/702 703/703/703
f 701/701/701 704/704/704 705/705/705
f 701/701/701 705/705/705 702/702/702
f 706/706/706 707/707/707 708/708/708
f 706/706/706 708/708/708 709/709/709
f 707/707/707 710/710/710 711/711/711
f 707/707/707 711/711/711 708/708/708
f 710/710/710 712/712/712 713/713/713
f 710/710/710 713/713/713 711/711/711
f 712/712/712 714/714/714 715/715/715
f 712/712/712 715/715/715 713/713/713
f 714/714/714 716/716/716 717/717/717
f 714/714/714 717/717/717 715/715/715
f 716/716/716 718/718/718 719/719/719
f 716/716/716 719/719/719 717/717/717
f 718/718/718 720/720/720 721/721/721
f 718/718/718 721/721/721 719/719/719
f 720/720/720 722/722/722 723/723/723
f 720/720/720 723/723/723 721/721/721
f 722/722/722 724/724/724 725/725/725
f 722/722/722 725/725/725 723/723/723
f 724/724/724 726/726/726 727/727/727
f 724/724/724 727/727/727 725/725/725
f 726/726/726 728/728/728 729/729/729
f 726/726/726 729/729/729 727/727/727
f 728/728/728 730/730/730 731/731/731
f 728/728/728 731/731/731 729/729/729
f 730/730/730 732/732/732 733/733/733
f 730/730/730 733/733/733 731/731/731
f 734/734/734 735/735/735 736/736/736
f 734/734/734 736/736/736 737/737/737
f 735/735/735 738/738/738 739/739/739
f 735/735/735 739/739/739 736/736/736
f 738/738/738 740/740/740 741/741/741
f 738/738/738 741/741/741 739/739/739
f 740/740/740 742/742/742 743/743/743
f 740/740/740 743/743/743 741/741/741
f 742/742/742 744/744/744 745/745/745
f 742/742/742 745/745/745 743/743/743
f 746/746/746 747/747/747 748/748/748
f 746/746/746 748/748/748 749/749/749
f 747/747/747 750/750/750 751/751/751
f 747/747/747 751/751/751 748/748/748
f 750/750/750 752/752/752 753/753/753
f 750/750/750 753/753/753 751/751/751
f 754/754/754 755/755/755 756/756/756
f 754/754/754 756/756/756 757/757/757
f 758/758/758 754/754/754 757/757/757
f 758/758/758 757/757/757 759/759/759
f 744/744/744 760/760/760 761/761/761
f 744/744/744 761/761/761 745/745/745
f 762/762/762 700/700/700 703/703/703
f 762/762/762 703/703/703 763/763/763
f 764/764/764 762/762/762 763/763/763
f 764/764/764 763/763/763 765/765/765
f 766/766/766 764/764/764 765/765/765
f 766/766/766 765/765/765 767/767/767
f 768/768/768 769/769/769 770/770/770
f 768/768/768 770/770/770 771/771/771
f 772/772/772 768/768/768 771/771/771
f 772/772/772 771/771/771 773/773/773
f 774/774/774 772/772/772 773/773/773
f 774/774/774 773/773/773 775/775/775
f 776/776/776 774/774/774 775/775/775
f 776/776/776 775/775/775 777/777/777
f 752/752/752 776/776/776 777/777/777
f 752/752/752 777/777/777 753/753/753
f 755/755/755 746/746/746 749/749/749
f 755/755/755 749/749/749 756/756/756
f 778/778/778 779/779/779 780/780/780
f 781/781/781 782/782/782 783/783/783
f 781/781/781 783/783/783 784/784/784
f 784/784/784 783/783/783 785/785/785
f 784/784/784 785/785/785 786/786/786
f 786/786/786 785/785/785 787/787/787
f 786/786/786 787/787/787 788/788/788
f 789/789/789 790/790/790 782/782/782
f 789/789/789 782/782/782 781/781/781
f 791/791/791 792/792/792 790/790/790
f 791/791/791 790/790/790 789/789/789
f 793/793/793 794/794/794 792/792/792
f 793/793/793 792/792/792 791/791/791
f 795/795/795 796/796/796 794/794/794
f 795/795/795 794/794/794 793/793/793
f 797/797/797 798/798/798 796/796/796
f 797/797/797 796/796/796 795/795/795
f 799/799/799 800/800/800 798/798/798
f 799/799/799 798/798/798 797/797/797
f 801/801/801 802/802/802 800/800/800
f 801/801/801 800/800/800 799/799/799
f 803/803/803 804/804/804 802/802/802
f 803/803/803 802/802/802 801/801/801
f 805/805/805 806/806/806 804/804/804
f 805/805/805 804/804/804 803/803/803
f 807/807/807 808/808/808 806/806/806
f 807/807/807 806/806/806 805/805/805
f 809/809/809 810/810/810 808/808/808
f 809/809/809 808/808/808 807/807/807
f 811/811/811 812/812/812 810/810/810
f 811/811/811 810/810/810 809/809/809
f 813/813/813 814/814/814 812/812/812
f 813/813/813 812/812/812 811/811/811
f 788/788/788 787/787/787 814/814/814
f 788/788/788 814/814/814 813/813/813
f 815/815/815 816/816/816 746/746/746
f 815/815/815 746/746/746 755/755/755
f 817/817/817 818/818/818 776/776/776
f 817/817/817 776/776/776 752/752/752
f 818/818/818 819/819/819 774/774/774
f 818/818/818 774/774/774 776/776/776
f 819/819/819 820/820/820 772/772/772
f 819/819/819 772/772/772 774/774/774
f 820/820/820 821/821/821 768/768/768
f 820/820/820 768/768/768 772/772/772
f 822/822/822 823/823/823 766/766/766
f 822/822/822 766/766/766 824/824/824
f 823/823/823 825/825/825 764/764/764
f 823/823/823 764/764/764 766/766/766
f 825/825/825 826/826/826 762/762/762
f 825/825/825 762/762/762 764/764/764
f 826/826/826 827/827/827 700/700/700
f 826/826/826 700/700/700 762/762/762
f 828/828/828 829/829/829 760/760/760
f 828/828/828 760/760/760 744/744/744
f 829/829/829 830/830/830 831/831/831
f 829/829/829 831/831/831 760/760/760
f 832/832/832 815/815/815 755/755/755
f 832/832/832 755/755/755 754/754/754
f 833/833/833 817/817/817 752/752/752
f 833/833/833 752/752/752 750/750/750
f 834/834/834 833/833/833 750/750/750
f 834/834/834 750/750/750 747/747/747
f 816/816/816 834/834/834 747/747/747
f 816/816/816 747/747/747 746/746/746
f 835/835/835 828/828/828 744/744/744
f 835/835/835 744/744/744 742/742/742
f 836/836/836 835/835/835 742/742/742
f 836/836/836 742/742/742 740/740/740
f 837/837/837 836/836/836 740/740/740
f 837/837/837 740/740/740 738/738/738
f 838/838/838 837/837/837 738/738/738
f 838/838/838 738/738/738 735/735/735
f 839/839/839 838/838/838 735/735/735
f 839/839/839 735/735/735 734/734/734
f 840/840/840 839/839/839 734/734/734
f 840/840/840 734/734/734 841/841/841
f 842/842/842 843/843/843 730/730/730
f 842/842/842 730/730/730 728/728/728
f 844/844/844 842/842/842 728/728/728
f 844/844/844 728/728/728 726/726/726
f 845/845/845 844/844/844 726/726/726
f 845/845/845 726/726/726 724/724/724
f 846/846/846 845/845/845 724/724/724
f 846/846/846 724/724/724 722/722/722
f 847/847/847 846/846/846 722/722/722
f 847/847/847 722/722/722 720/720/720
f 848/848/848 847/847/847 720/720/720
f 848/848/848 720/720/720 718/718/718
f 849/849/849 848/848/848 718/718/718
f 849/849/849 718/718/718 716/716/716
f 850/850/850 849/849/849 716/716/716
f 850/850/850 716/716/716 714/714/714
f 851/851/851 850/850/850 714/714/714
f 851/851/851 714/714/714 712/712/712
f 852/852/852 851/851/851 712/712/712
f 852/852/852 712/712/712 710/710/710
f 853/853/853 852/852/852 710/710/710
f 853/853/853 710/710/710 707/707/707
f 854/854/854 855/855/855 856/856/856
f 854/854/854 856/856/856 704/704/704
f 857/857/857 854/854/854 704/704/704
f 857/857/857 704/704/704 701/701/701
f 827/827/827 857/857/857 701/701/701
f 827/827/827 701/701/701 700/700/700
f 583/583/583 788/788/788 813/813/813
f 583/583/583 813/813/813 584/584/584
f 584/584/584 813/813/813 811/811/811
f 584/584/584 811/811/811 593/593/593
f 593/593/593 811/811/811 809/809/809
f 593/593/593 809/809/809 595/595/595
f 595/595/595 809/809/809 807/807/807
f 595/595/595 807/807/807 597/597/597
f 597/597/597 807/807/807 805/805/805
f 597/597/597 805/805/805 600/600/600
f 600/600/600 805/805/805 803/803/803
f 600/600/600 803/803/803 605/605/605
f 605/605/605 803/803/803 801/801/801
f 605/605/605 801/801/801 607/607/607
f 607/607/607 801/801/801 799/799/799
f 607/607/607 799/799/799 609/609/609
f 609/609/609 799/799/799 797/797/797
f 609/609/609 797/797/797 699/699/699
f 699/699/699 797/797/797 795/795/795
f 699/699/699 795/795/795 698/698/698
f 698/698/698 795/795/795 793/793/793
f 698/698/698 793/793/793 601/601/601
f 601/601/601 793/793/793 791/791/791
f 601/601/601 791/791/791 591/591/591
f 591/591/591 791/791/791 789/789/789
f 591/591/591 789/789/789 589/589/589
f 589/589/589 789/789/789 781/781/781
f 589/589/589 781/781/781 585/585/585
f 604/604/604 786/786/786 788/788/788
f 604/604/604 788/788/788 583/583/583
f 586/586/586 784/784/784 786/786/786
f 586/586/586 786/786/786 604/604/604
f 585/585/585 781/781/781 784/784/784
f 585/585/585 784/784/784 586/586/586
f 858/858/858 800/800/800 802/802/802
f 858/858/858 802/802/802 859/859/859
f 859/859/859 802/802/802 804/804/804
f 859/859/859 804/804/804 860/860/860
f 860/860/860 804/804/804 806/806/806
f 860/860/860 806/806/806 778/778/778
f 778/778/778 806/806/806 808/808/808
f 778/778/778 808/808/808 779/779/779
f 779/779/779 808/808/808 810/810/810
f 779/779/779 810/810/810 780/780/780
f 780/780/780 810/810/810 812/812/812
f 780/780/780 812/812/812 861/861/861
f 862/862/862 814/814/814 787/787/787
f 862/862/862 787/787/787 863/863/863
f 863/863/863 787/787/787 785/785/785
f 863/863/863 785/785/785 864/864/864
f 865/865/865 798/798/798 800/800/800
f 865/865/865 800/800/800 858/858/858
f 866/866/866 796/796/796 798/798/798
f 866/866/866 798/798/798 865/865/865
f 867/867/867 794/794/794 796/796/796
f 867/867/867 796/796/796 866/866/866
f 868/868/868 792/792/792 794/794/794
f 868/868/868 794/794/794 867/867/867
f 869/869/869 790/790/790 792/792/792
f 869/869/869 792/792/792 868/868/868
f 870/870/870 782/782/782 790/790/790
f 870/870/870 790/790/790 869/869/869
f 864/864/864 785/785/785 783/783/783
f 864/864/864 783/783/783 871/871/871
f 871/871/871 783/783/783 782/782/782
f 871/871/871 782/782/782 870/870/870
f 861/861/861 812/812/812 814/814/814
f 861/861/861 814/814/814 862/862/862
f 582/582/582 581/581/581 857/857/857
f 582/582/582 857/857/857 827/827/827
f 581/581/581 594/594/594 854/854/854
f 581/581/581 854/854/854 857/857/857
f 594/594/594 596/596/596 855/855/855
f 594/594/594 855/855/855 854/854/854
f 872/872/872 873/873/873 852/852/852
f 872/872/872 852/852/852 853/853/853
f 873/873/873 874/874/874 851/851/851
f 873/873/873 851/851/851 852/852/852
f 874/874/874 616/616/616 850/850/850
f 874/874/874 850/850/850 851/851/851
f 616/616/616 615/615/615 849/849/849
f 616/616/616 849/849/849 850/850/850
f 615/615/615 622/622/622 848/848/848
f 615/615/615 848/848/848 849/849/849
f 622/622/622 630/630/630 847/847/847
f 622/622/622 847/847/847 848/848/848
f 630/630/630 635/635/635 846/846/846
f 630/630/630 846/846/846 847/847/847
f 635/635/635 641/641/641 845/845/845
f 635/635/635 845/845/845 846/846/846
f 641/641/641 875/875/875 844/844/844
f 641/641/641 844/844/844 845/845/845
f 875/875/875 876/876/876 842/842/842
f 875/875/875 842/842/842 844/844/844
f 876/876/876 877/877/877 843/843/843
f 876/876/876 843/843/843 842/842/842
f 655/655/655 656/656/656 839/839/839
f 655/655/655 839/839/839 840/840/840
f 656/656/656 657/657/657 838/838/838
f 656/656/656 838/838/838 839/839/839
f 657/657/657 658/658/658 837/837/837
f 657/657/657 837/837/837 838/838/838
f 658/658/658 663/663/663 836/836/836
f 658/658/658 836/836/836 837/837/837
f 663/663/663 661/661/661 835/835/835
f 663/663/663 835/835/835 836/836/836
f 661/661/661 660/660/660 828/828/828
f 661/661/661 828/828/828 835/835/835
f 675/675/675 674/674/674 834/834/834
f 675/675/675 834/834/834 816/816/816
f 674/674/674 680/680/680 833/833/833
f 674/674/674 833/833/833 834/834/834
f 680/680/680 684/684/684 817/817/817
f 680/680/680 817/817/817 833/833/833
f 878/878/878 879/879/879 815/815/815
f 878/878/878 815/815/815 832/832/832
f 659/659/659 665/665/665 830/830/830
f 659/659/659 830/830/830 829/829/829
f 660/660/660 659/659/659 829/829/829
f 660/660/660 829/829/829 828/828/828
f 603/603/603 582/582/582 827/827/827
f 603/603/603 827/827/827 826/826/826
f 587/587/587 603/603/603 826/826/826
f 587/587/587 826/826/826 825/825/825
f 588/588/588 587/587/587 825/825/825
f 588/588/588 825/825/825 823/823/823
f 590/590/590 588/588/588 823/823/823
f 590/590/590 823/823/823 822/822/822
f 880/880/880 881/881/881 821/821/821
f 880/880/880 821/821/821 820/820/820
f 694/694/694 880/880/880 820/820/820
f 694/694/694 820/820/820 819/819/819
f 688/688/688 694/694/694 819/819/819
f 688/688/688 819/819/819 818/818/818
f 684/684/684 688/688/688 818/818/818
f 684/684/684 818/818/818 817/817/817
f 879/879/879 675/675/675 816/816/816
f 879/879/879 816/816/816 815/815/815
f 865/865/865 858/858/858 863/863/863
f 865/865/865 863/863/863 864/864/864
f 866/866/866 865/865/865 864/864/864
f 866/866/866 864/864/864 871/871/871
f 867/867/867 866/866/866 871/871/871
f 867/867/867 871/871/871 870/870/870
f 868/868/868 867/867/867 870/870/870
f 868/868/868 870/870/870 869/869/869
f 858/858/858 859/859/859 862/862/862
f 858/858/858 862/862/862 863/863/863
f 859/859/859 860/860/860 861/861/861
f 859/859/859 861/861/861 862/862/862
f 860/860/860 778/778/778 780/780/780
f 860/860/860 780/780/780 861/861/861
f 882/882/882 883/883/883 884/884/884
f 882/882/882 884/884/884 885/885/885
f 886/886/886 887/887/887 888/888/888
f 886/886/886 888/888/888 889/889/889
f 890/890/890 886/886/886 889/889/889
f 890/890/890 889/889/889 891/891/891
f 892/892/892 890/890/890 891/891/891
f 892/892/892 891/891/891 893/893/893
f 885/885/885 894/894/894 895/895/895
f 885/885/885 895/895/895 882/882/882
f 894/894/894 896/896/896 897/897/897
f 894/894/894 897/897/897 895/895/895
f 896/896/896 898/898/898 899/899/899
f 896/896/896 899/899/899 897/897/897
f 900/900/900 899/899/899 898/898/898
f 900/900/900 898/898/898 901/901/901
f 902/902/902 892/892/892 893/893/893
f 902/902/902 893/893/893 903/903/903
f 904/904/904 888/888/888 887/887/887
f 904/904/904 887/887/887 905/905/905
f 905/905/905 884/884/884 883/883/883
f 905/905/905 883/883/883 904/904/904
f 900/900/900 901/901/901 906/906/906
f 900/900/900 906/906/906 907/907/907
f 907/907/907 906/906/906 908/908/908
f 907/907/907 908/908/908 909/909/909
f 909/909/909 908/908/908 910/910/910
f 909/909/909 910/910/910 911/911/911
f 912/912/912 900/900/900 907/907/907
f 912/912/912 907/907/907 913/913/913
f 913/913/913 907/907/907 909/909/909
f 913/913/913 909/909/909 914/914/914
f 914/914/914 909/909/909 911/911/911
f 914/914/914 911/911/911 915/915/915
f 916/916/916 917/917/917 918/918/918
f 916/916/916 918/918/918 919/919/919
f 920/920/920 913/913/913 914/914/914
f 920/920/920 914/914/914 921/921/921
f 921/921/921 914/914/914 915/915/915
f 921/921/921 915/915/915 922/922/922
f 923/923/923 916/916/916 919/919/919
f 923/923/923 919/919/919 924/924/924
f 924/924/924 919/919/919 925/925/925
f 924/924/924 925/925/925 926/926/926
f 927/927/927 928/928/928 929/929/929
f 927/927/927 929/929/929 930/930/930
f 931/931/931 923/923/923 924/924/924
f 931/931/931 924/924/924 932/932/932
f 932/932/932 924/924/924 926/926/926
f 932/932/932 926/926/926 933/933/933
f 934/934/934 927/927/927 930/930/930
f 934/934/934 930/930/930 935/935/935
f 936/936/936 931/931/931 932/932/932
f 936/936/936 932/932/932 937/937/937
f 938/938/938 939/939/939 934/934/934
f 938/938/938 934/934/934 940/940/940
f 940/940/940 934/934/934 935/935/935
f 940/940/940 935/935/935 941/941/941
f 942/942/942 936/936/936 937/937/937
f 942/942/942 937/937/937 943/943/943
f 944/944/944 938/938/938 940/940/940
f 944/944/944 940/940/940 945/945/945
f 945/945/945 940/940/940 941/941/941
f 945/945/945 941/941/941 946/946/946
f 947/947/947 948/948/948 944/944/944
f 947/947/947 944/944/944 949/949/949
f 949/949/949 944/944/944 945/945/945
f 949/949/949 945/945/945 950/950/950
f 950/950/950 945/945/945 946/946/946
f 950/950/950 946/946/946 951/951/951
f 952/952/952 947/947/947 949/949/949
f 952/952/952 949/949/949 953/953/953
f 953/953/953 949/949/949 950/950/950
f 953/953/953 950/950/950 954/954/954
f 954/954/954 950/950/950 951/951/951
f 954/954/954 951/951/951 955/955/955
f 956/956/956 952/952/952 953/953/953
f 956/956/956 953/953/953 957/957/957
f 957/957/957 953/953/953 954/954/954
f 957/957/957 954/954/954 958/958/958
f 958/958/958 954/954/954 955/955/955
f 958/958/958 955/955/955 959/959/959
f 960/960/960 961/961/961 962/962/962
f 960/960/960 962/962/962 963/963/963
f 963/963/963 962/962/962 964/964/964
f 963/963/963 964/964/964 965/965/965
f 965/965/965 964/964/964 959/959/959
f 965/965/965 959/959/959 955/955/955
f 966/966/966 960/960/960 963/963/963
f 966/966/966 963/963/963 967/967/967
f 967/967/967 963/963/963 965/965/965
f 967/967/967 965/965/965 968/968/968
f 968/968/968 965/965/965 955/955/955
f 968/968/968 955/955/955 951/951/951
f 969/969/969 966/966/966 967/967/967
f 969/969/969 967/967/967 970/970/970
f 970/970/970 967/967/967 968/968/968
f 970/970/970 968/968/968 971/971/971
f 971/971/971 968/968/968 951/951/951
f 971/971/971 951/951/951 946/946/946
f 972/972/972 969/969/969 970/970/970
f 972/972/972 970/970/970 973/973/973
f 973/973/973 970/970/970 971/971/971
f 973/973/973 971/971/971 974/974/974
f 974/974/974 971/971/971 946/946/946
f 974/974/974 946/946/946 941/941/941
f 975/975/975 976/976/976 977/977/977
f 975/975/975 977/977/977 978/978/978
f 979/979/979 973/973/973 974/974/974
f 979/979/979 974/974/974 980/980/980
f 980/980/980 974/974/974 941/941/941
f 980/980/980 941/941/941 935/935/935
f 981/981/981 975/975/975 978/978/978
f 981/981/981 978/978/978 982/982/982
f 983/983/983 979/979/979 980/980/980
f 983/983/983 980/980/980 984/984/984
f 984/984/984 980/980/980 935/935/935
f 984/984/984 935/935/935 930/930/930
f 985/985/985 981/981/981 982/982/982
f 985/985/985 982/982/982 986/986/986
f 987/987/987 983/983/983 984/984/984
f 987/987/987 984/984/984 988/988/988
f 988/988/988 984/984/984 930/930/930
f 988/988/988 930/930/930 929/929/929
f 989/989/989 985/985/985 986/986/986
f 989/989/989 986/986/986 990/990/990
f 991/991/991 992/992/992 993/993/993
f 991/991/991 993/993/993 994/994/994
f 994/994/994 993/993/993 922/922/922
f 994/994/994 922/922/922 915/915/915
f 995/995/995 989/989/989 990/990/990
f 995/995/995 990/990/990 996/996/996
f 997/997/997 991/991/991 994/994/994
f 997/997/997 994/994/994 998/998/998
f 998/998/998 994/994/994 915/915/915
f 998/998/998 915/915/915 911/911/911
f 902/902/902 903/903/903 997/997/997
f 902/902/902 997/997/997 999/999/999
f 999/999/999 997/997/997 998/998/998
f 999/999/999 998/998/998 1000/1000/1000
f 1000/1000/1000 998/998/998 911/911/911
f 1000/1000/1000 911/911/911 910/910/910
f 1001/1001/1001 1002/1002/1002 1003/1003/1003
f 1001/1001/1001 1003/1003/1003 1004/1004/1004
f 1002/1002/1002 1005/1005/1005 1006/1006/1006
f 1002/1002/1002 1006/1006/1006 1003/1003/1003
f 1007/1007/1007 1008/1008/1008 1009/1009/1009
f 1007/1007/1007 1009/1009/1009 1010/1010/1010
f 1008/1008/1008 1011/1011/1011 1012/1012/1012
f 1008/1008/1008 1012/1012/1012 1009/1009/1009
f 1011/1011/1011 1013/1013/1013 1014/1014/1014
f 1011/1011/1011 1014/1014/1014 1012/1012/1012
f 1013/1013/1013 1015/1015/1015 1016/1016/1016
f 1013/1013/1013 1016/1016/1016 1014/1014/1014
f 1015/1015/1015 1017/1017/1017 1018/1018/1018
f 1015/1015/1015 1018/1018/1018 1016/1016/1016
f 1017/1017/1017 1019/1019/1019 1020/1020/1020
f 1017/1017/1017 1020/1020/1020 1018/1018/1018
f 1019/1019/1019 1021/1021/1021 1022/1022/1022
f 1019/1019/1019 1022/1022/1022 1020/1020/1020
f 1021/1021/1021 1023/1023/1023 1024/1024/1024
f 1021/1021/1021 1024/1024/1024 1022/1022/1022
f 1023/1023/1023 1025/1025/1025 1026/1026/1026
f 1023/1023/1023 1026/1026/1026 1024/1024/1024
f 1025/1025/1025 1027/1027/1027 1028/1028/1028
f 1025/1025/1025 1028/1028/1028 1026/1026/1026
f 1027/1027/1027 1029/1029/1029 1030/1030/1030
f 1027/1027/1027 1030/1030/1030 1028/1028/1028
f 1029/1029/1029 1031/1031/1031 1032/1032/1032
f 1029/1029/1029 1032/1032/1032 1030/1030/1030
f 1031/1031/1031 1033/1033/1033 1034/1034/1034
f 1031/1031/1031 1034/1034/1034 1032/1032/1032
f 1035/1035/1035 1036/1036/1036 1037/1037/1037
f 1035/1035/1035 1037/1037/1037 1038/1038/1038
f 1036/1036/1036 1039/1039/1039 1040/1040/1040
f 1036/1036/1036 1040/1040/1040 1037/1037/1037
f 1039/1039/1039 1041/1041/1041 1042/1042/1042
f 1039/1039/1039 1042/1042/1042 1040/1040/1040
f 1041/1041/1041 1043/1043/1043 1044/1044/1044
f 1041/1041/1041 1044/1044/1044 1042/1042/1042
f 1043/1043/1043 1045/1045/1045 1046/1046/1046
f 1043/1043/1043 1046/1046/1046 1044/1044/1044
f 1047/1047/1047 1048/1048/1048 1049/1049/1049
f 1047/1047/1047 1049/1049/1049 1050/1050/1050
f 1048/1048/1048 1051/1051/1051 1052/1052/1052
f 1048/1048/1048 1052/1052/1052 1049/1049/1049
f 1051/1051/1051 1053/1053/1053 1054/1054/1054
f 1051/1051/1051 1054/1054/1054 1052/1052/1052
f 1055/1055/1055 1056/1056/1056 1057/1057/1057
f 1055/1055/1055 1057/1057/1057 1058/1058/1058
f 1059/1059/1059 1055/1055/1055 1058/1058/1058
f 1059/1059/1059 1058/1058/1058 1060/1060/1060
f 1045/1045/1045 1061/1061/1061 1062/1062/1062
f 1045/1045/1045 1062/1062/1062 1046/1046/1046
f 1063/1063/1063 1001/1001/1001 1004/1004/1004
f 1063/1063/1063 1004/1004/1004 1064/1064/1064
f 1065/1065/1065 1063/1063/1063 1064/1064/1064
f 1065/1065/1065 1064/1064/1064 1066/1066/1066
f 1067/1067/1067 1065/1065/1065 1066/1066/1066
f 1067/1067/1067 1066/1066/1066 1068/1068/1068
f 1069/1069/1069 1070/1070/1070 1071/1071/1071
f 1069/1069/1069 1071/1071/1071 1072/1072/1072
f 1073/1073/1073 1069/1069/1069 1072/1072/1072
f 1073/1073/1073 1072/1072/1072 1074/1074/1074
f 1075/1075/1075 1073/1073/1073 1074/1074/1074
f 1075/1075/1075 1074/1074/1074 1076/1076/1076
f 1077/1077/1077 1075/1075/1075 1076/1076/1076
f 1077/1077/1077 1076/1076/1076 1078/1078/1078
f 1053/1053/1053 1077/1077/1077 1078/1078/1078
f 1053/1053/1053 1078/1078/1078 1054/1054/1054
f 1056/1056/1056 1047/1047/1047 1050/1050/1050
f 1056/1056/1056 1050/1050/1050 1057/1057/1057
f 1079/1079/1079 1080/1080/1080 1081/1081/1081
f 1082/1082/1082 1083/1083/1083 1084/1084/1084
f 1082/1082/1082 1084/1084/1084 1085/1085/1085
f 1085/1085/1085 1084/1084/1084 1086/1086/1086
f 1085/1085/1085 1086/1086/1086 1087/1087/1087
f 1087/1087/1087 1086/1086/1086 1088/1088/1088
f 1087/1087/1087 1088/1088/1088 1089/1089/1089
f 1090/1090/1090 1091/1091/1091 1083/1083/1083
f 1090/1090/1090 1083/1083/1083 1082/1082/1082
f 1092/1092/1092 1093/1093/1093 1091/1091/1091
f 1092/1092/1092 1091/1091/1091 1090/1090/1090
f 1094/1094/1094 1095/1095/1095 1093/1093/1093
f 1094/1094/1094 1093/1093/1093 1092/1092/1092
f 1096/1096/1096 1097/1097/1097 1095/1095/1095
f 1096/1096/1096 1095/1095/1095 1094/1094/1094
f 1098/1098/1098 1099/1099/1099 1097/1097/1097
f 1098/1098/1098 1097/1097/1097 1096/1096/1096
f 1100/1100/1100 1101/1101/1101 1099/1099/1099
f 1100/1100/1100 1099/1099/1099 1098/1098/1098
f 1102/1102/1102 1103/1103/1103 1101/1101/1101
f 1102/1102/1102 1101/1101/1101 1100/1100/1100
f 1104/1104/1104 1105/1105/1105 1103/1103/1103
f 1104/1104/1104 1103/1103/1103 1102/1102/1102
f 1106/1106/1106 1107/1107/1107 1105/1105/1105
f 1106/1106/1106 1105/1105/1105 1104/1104/1104
f 1108/1108/1108 1109/1109/1109 1107/1107/1107
f 1108/1108/1108 1107/1107/1107 1106/1106/1106
f 1110/1110/1110 1111/1111/1111 1109/1109/1109
f 1110/1110/1110 1109/1109/1109 1108/1108/1108
f 1112/1112/1112 1113/1113/1113 1111/1111/1111
f 1112/1112/1112 1111/1111/1111 1110/1110/1110
f 1114/1114/1114 1115/1115/1115 1113/1113/1113
f 1114/1114/1114 1113/1113/1113 1112/1112/1112
f 1089/1089/1089 1088/1088/1088 1115/1115/1115
f 1089/1089/1089 1115/1115/1115 1114/1114/1114
f 1116/1116/1116 1117/1117/1117 1047/1047/1047
f 1116/1116/1116 1047/1047/1047 1056/1056/1056
f 1118/1118/1118 1119/1119/1119 1077/1077/1077
f 1118/1118/1118 1077/1077/1077 1053/1053/1053
f 1119/1119/1119 1120/1120/1120 1075/1075/1075
f 1119/1119/1119 1075/1075/1075 1077/1077/1077
f 1120/1120/1120 1121/1121/1121 1073/1073/1073
f 1120/1120/1120 1073/1073/1073 1075/1075/1075
f 1121/1121/1121 1122/1122/1122 1069/1069/1069
f 1121/1121/1121 1069/1069/1069 1073/1073/1073
f 1123/1123/1123 1124/1124/1124 1067/1067/1067
f 1123/1123/1123 1067/1067/1067 1125/1125/1125
f 1124/1124/1124 1126/1126/1126 1065/1065/1065
f 1124/1124/1124 1065/1065/1065 1067/1067/1067
f 1126/1126/1126 1127/1127/1127 1063/1063/1063
f 1126/1126/1126 1063/1063/1063 1065/1065/1065
f 1127/1127/1127 1128/1128/1128 1001/1001/1001
f 1127/1127/1127 1001/1001/1001 1063/1063/1063
f 1129/1129/1129 1130/1130/1130 1061/1061/1061
f 1129/1129/1129 1061/1061/1061 1045/1045/1045
f 1130/1130/1130 1131/1131/1131 1132/1132/1132
f 1130/1130/1130 1132/1132/1132 1061/1061/1061
f 1133/1133/1133 1116/1116/1116 1056/1056/1056
f 1133/1133/1133 1056/1056/1056 1055/1055/1055
f 1134/1134/1134 1118/1118/1118 1053/1053/1053
f 1134/1134/1134 1053/1053/1053 1051/1051/1051
f 1135/1135/1135 1134/1134/1134 1051/1051/1051
f 1135/1135/1135 1051/1051/1051 1048/1048/1048
f 1117/1117/1117 1135/1135/1135 1048/1048/1048
f 1117/1117/1117 1048/1048/1048 1047/1047/1047
f 1136/1136/1136 1129/1129/1129 1045/1045/1045
f 1136/1136/1136 1045/1045/1045 1043/1043/1043
f 1137/1137/1137 1136/1136/1136 1043/1043/1043
f 1137/1137/1137 1043/1043/1043 1041/1041/1041
f 1138/1138/1138 1137/1137/1137 1041/1041/1041
f 1138/1138/1138 1041/1041/1041 1039/1039/1039
f 1139/1139/1139 1138/1138/1138 1039/1039/1039
f 1139/1139/1139 1039/1039/1039 1036/1036/1036
f 1140/1140/1140 1139/1139/1139 1036/1036/1036
f 1140/1140/1140 1036/1036/1036 1035/1035/1035
f 1141/1141/1141 1140/1140/1140 1035/1035/1035
f 1141/1141/1141 1035/1035/1035 1142/1142/1142
f 1143/1143/1143 1144/1144/1144 1031/1031/1031
f 1143/1143/1143 1031/1031/1031 1029/1029/1029
f 1145/1145/1145 1143/1143/1143 1029/1029/1029
f 1145/1145/1145 1029/1029/1029 1027/1027/1027
f 1146/1146/1146 1145/1145/1145 1027/1027/1027
f 1146/1146/1146 1027/1027/1027 1025/1025/1025
f 1147/1147/1147 1146/1146/1146 1025/1025/1025
f 1147/1147/1147 1025/1025/1025 1023/1023/1023
f 1148/1148/1148 1147/1147/1147 1023/1023/1023
f 1148/1148/1148 1023/1023/1023 1021/1021/1021
f 1149/1149/1149 1148/1148/1148 1021/1021/1021
f 1149/1149/1149 1021/1021/1021 1019/1019/1019
f 1150/1150/1150 1149/1149/1149 1019/1019/1019
f 1150/1150/1150 1019/1019/1019 1017/1017/1017
f 1151/1151/1151 1150/1150/1150 1017/1017/1017
f 1151/1151/1151 1017/1017/1017 1015/1015/1015
f 1152/1152/1152 1151/1151/1151 1015/1015/1015
f 1152/1152/1152 1015/1015/1015 1013/1013/1013
f 1153/1153/1153 1152/1152/1152 1013/1013/1013
f 1153/1153/1153 1013/1013/1013 1011/1011/1011
f 1154/1154/1154 1153/1153/1153 1011/1011/1011
f 1154/1154/1154 1011/1011/1011 1008/1008/1008
f 1155/1155/1155 1156/1156/1156 1157/1157/1157
f 1155/1155/1155 1157/1157/1157 1005/1005/1005
f 1158/1158/1158 1155/1155/1155 1005/1005/1005
f 1158/1158/1158 1005/1005/1005 1002/1002/1002
f 1128/1128/1128 1158/1158/1158 1002/1002/1002
f 1128/1128/1128 1002/1002/1002 1001/1001/1001
f 884/884/884 1089/1089/1089 1114/1114/1114
f 884/884/884 1114/1114/1114 885/885/885
f 885/885/885 1114/1114/1114 1112/1112/1112
f 885/885/885 1112/1112/1112 894/894/894
f 894/894/894 1112/1112/1112 1110/1110/1110
f 894/894/894 1110/1110/1110 896/896/896
f 896/896/896 1110/1110/1110 1108/1108/1108
f 896/896/896 1108/1108/1108 898/898/898
f 898/898/898 1108/1108/1108 1106/1106/1106
f 898/898/898 1106/1106/1106 901/901/901
f 901/901/901 1106/1106/1106 1104/1104/1104
f 901/901/901 1104/1104/1104 906/906/906
f 906/906/906 1104/1104/1104 1102/1102/1102
f 906/906/906 1102/1102/1102 908/908/908
f 908/908/908 1102/1102/1102 1100/1100/1100
f 908/908/908 1100/1100/1100 910/910/910
f 910/910/910 1100/1100/1100 1098/1098/1098
f 910/910/910 1098/1098/1098 1000/1000/1000
f 1000/1000/1000 1098/1098/1098 1096/1096/1096
f 1000/1000/1000 1096/1096/1096 999/999/999
f 999/999/999 1096/1096/1096 1094/1094/1094
f 999/999/999 1094/1094/1094 902/902/902
f 902/902/902 1094/1094/1094 1092/1092/1092
f 902/902/902 1092/1092/1092 892/892/892
f 892/892/892 1092/1092/1092 1090/1090/1090
f 892/892/892 1090/1090/1090 890/890/890
f 890/890/890 1090/1090/1090 1082/1082/1082
f 890/890/890 1082/1082/1082 886/886/886
f 905/905/905 1087/1087/1087 1089/1089/1089
f 905/905/905 1089/1089/1089 884/884/884
f 887/887/887 1085/1085/1085 1087/1087/1087
f 887/887/887 1087/1087/1087 905/905/905
f 886/886/886 1082/1082/1082 1085/1085/1085
f 886/886/886 1085/1085/1085 887/887/887
f 1159/1159/1159 1101/1101/1101 1103/1103/1103
f 1159/1159/1159 1103/1103/1103 1160/1160/1160
f 1160/1160/1160 1103/1103/1103 1105/1105/1105
f 1160/1160/1160 1105/1105/1105 1161/1161/1161
f 1161/1161/1161 1105/1105/1105 1107/1107/1107
f 1161/1161/1161 1107/1107/1107 1079/1079/1079
f 1079/1079/1079 1107/1107/1107 1109/1109/1109
f 1079/1079/1079 1109/1109/1109 1080/1080/1080
f 1080/1080/1080 1109/1109/1109 1111/1111/1111
f 1080/1080/1080 1111/1111/1111 1081/1081/1081
f 1081/1081/1081 1111/1111/1111 1113/1113/1113
f 1081/1081/1081 1113/1113/1113 1162/1162/1162
f 1163/1163/1163 1115/1115/1115 1088/1088/1088
f 1163/1163/1163 1088/1088/1088 1164/1164/1164
f 1164/1164/1164 1088/1088/1088 1086/1086/1086
f 1164/1164/1164 1086/1086/1086 1165/1165/1165
f 1166/1166/1166 1099/1099/1099 1101/1101/1101
f 1166/1166/1166 1101/1101/1101 1159/1159/1159
f 1167/1167/1167 1097/1097/1097 1099/1099/1099
f 1167/1167/1167 1099/1099/1099 1166/1166/1166
f 1168/1168/1168 1095/1095/1095 1097/1097/1097
f 1168/1168/1168 1097/1097/1097 1167/1167/1167
f 1169/1169/1169 1093/1093/1093 1095/1095/1095
f 1169/1169/1169 1095/1095/1095 1168/1168/1168
f 1170/1170/1170 1091/1091/1091 1093/1093/1093
f 1170/1170/1170 1093/1093/1093 1169/1169/1169
f 1171/1171/1171 1083/1083/1083 1091/1091/1091
f 1171/1171/1171 1091/1091/1091 1170/1170/1170
f 1165/1165/1165 1086/1086/1086 1084/1084/1084
f 1165/1165/1165 1084/1084/1084 1172/1172/1172
f 1172/1172/1172 1084/1084/1084 1083/1083/1083
f 1172/1172/1172 1083/1083/1083 1171/1171/1171
f 1162/1162/1162 1113/1113/1113 1115/1115/1115
f 1162/1162/1162 1115/1115/1115 1163/1163/1163
f 883/883/883 882/882/882 1158/1158/1158
f 883/883/883 1158/1158/1158 1128/1128/1128
f 882/882/882 895/895/895 1155/1155/1155
f 882/882/882 1155/1155/1155 1158/1158/1158
f 895/895/895 897/897/897 1156/1156/1156
f 895/895/895 1156/1156/1156 1155/1155/1155
f 1173/1173/1173 1174/1174/1174 1153/1153/1153
f 1173/1173/1173 1153/1153/1153 1154/1154/1154
f 1174/1174/1174 1175/1175/1175 1152/1152/1152
f 1174/1174/1174 1152/1152/1152 1153/1153/1153
f 1175/1175/1175 917/917/917 1151/1151/1151
f 1175/1175/1175 1151/1151/1151 1152/1152/1152
f 917/917/917 916/916/916 1150/1150/1150
f 917/917/917 1150/1150/1150 1151/1151/1151
f 916/916/916 923/923/923 1149/1149/1149
f 916/916/916 1149/1149/1149 1150/1150/1150
f 923/923/923 931/931/931 1148/1148/1148
f 923/923/923 1148/1148/1148 1149/1149/1149
f 931/931/931 936/936/936 1147/1147/1147
f 931/931/931 1147/1147/1147 1148/1148/1148
f 936/936/936 942/942/942 1146/1146/1146
f 936/936/936 1146/1146/1146 1147/1147/1147
f 942/942/942 1176/1176/1176 1145/1145/1145
f 942/942/942 1145/1145/1145 1146/1146/1146
f 1176/1176/1176 1177/1177/1177 1143/1143/1143
f 1176/1176/1176 1143/1143/1143 1145/1145/1145
f 1177/1177/1177 1178/1178/1178 1144/1144/1144
f 1177/1177/1177 1144/1144/1144 1143/1143/1143
f 956/956/956 957/957/957 1140/1140/1140
f 956/956/956 1140/1140/1140 1141/1141/1141
f 957/957/957 958/958/958 1139/1139/1139
f 957/957/957 1139/1139/1139 1140/1140/1140
f 958/958/958 959/959/959 1138/1138/1138
f 958/958/958 1138/1138/1138 1139/1139/1139
f 959/959/959 964/964/964 1137/1137/1137
f 959/959/959 1137/1137/1137 1138/1138/1138
f 964/964/964 962/962/962 1136/1136/1136
f 964/964/964 1136/1136/1136 1137/1137/1137
f 962/962/962 961/961/961 1129/1129/1129
f 962/962/962 1129/1129/1129 1136/1136/1136
f 976/976/976 975/975/975 1135/1135/1135
f 976/976/976 1135/1135/1135 1117/1117/1117
f 975/975/975 981/981/981 1134/1134/1134
f 975/975/975 1134/1134/1134 1135/1135/1135
f 981/981/981 985/985/985 1118/1118/1118
f 981/981/981 1118/1118/1118 1134/1134/1134
f 1179/1179/1179 1180/1180/1180 1116/1116/1116
f 1179/1179/1179 1116/1116/1116 1133/1133/1133
f 960/960/960 966/966/966 1131/1131/1131
f 960/960/960 1131/1131/1131 1130/1130/1130
f 961/961/961 960/960/960 1130/1130/1130
f 961/961/961 1130/1130/1130 1129/1129/1129
f 904/904/904 883/883/883 1128/1128/1128
f 904/904/904 1128/1128/1128 1127/1127/1127
f 888/888/888 904/904/904 1127/1127/1127
f 888/888/888 1127/1127/1127 1126/1126/1126
f 889/889/889 888/888/888 1126/1126/1126
f 889/889/889 1126/1126/1126 1124/1124/1124
f 891/891/891 889/889/889 1124/1124/1124
f 891/891/891 1124/1124/1124 1123/1123/1123
f 1181/1181/1181 1182/1182/1182 1122/1122/1122
f 1181/1181/1181 1122/1122/1122 1121/1121/1121
f 995/995/995 1181/1181/1181 1121/1121/1121
f 995/995/995 1121/1121/1121 1120/1120/1120
f 989/989/989 995/995/995 1120/1120/1120
f 989/989/989 1120/1120/1120 1119/1119/1119
f 985/985/985 989/989/989 1119/1119/1119
f 985/985/985 1119/1119/1119 1118/1118/1118
f 1180/1180/1180 976/976/976 1117/1117/1117
f 1180/1180/1180 1117/1117/1117 1116/1116/1116
f 1166/1166/1166 1159/1159/1159 1164/1164/1164
f 1166/1166/1166 1164/1164/1164 1165/1165/1165
f 1159/1159/1159 1160/1160/1160 1163/1163/1163
f 1159/1159/1159 1163/1163/1163 1164/1164/1164
f 1160/1160/1160 1161/1161/1161 1162/1162/1162
f 1160/1160/1160 1162/1162/1162 1163/1163/1163
f 1161/1161/1161 1079/1079/1079 1081/1081/1081
f 1161/1161/1161 1081/1081/1081 1162/1162/1162
f 1167/1167/1167 1166/1166/1166 1165/1165/1165
f 1167/1167/1167 1165/1165/1165 1172/1172/1172
f 1168/1168/1168 1167/1167/1167 1172/1172/1172
f 1168/1168/1168 1172/1172/1172 1171/1171/1171
f 1169/1169/1169 1168/1168/1168 1171/1171/1171
f 1169/1169/1169 1171/1171/1171 1170/1170/1170
f 1183/1183/1183 1184/1184/1184 1185/1185/1185
f 1183/1183/1183 1185/1185/1185 1186/1186/1186
f 1187/1187/1187 1188/1188/1188 1189/1189/1189
f 1187/1187/1187 1189/1189/1189 1190/1190/1190
f 1191/1191/1191 1192/1192/1192 1193/1193/1193
f 1191/1191/1191 1193/1193/1193 1194/1194/1194
f 1195/1195/1195 1183/1183/1183 1186/1186/1186
f 1195/1195/1195 1186/1186/1186 1196/1196/1196
f 1197/1197/1197 1187/1187/1187 1190/1190/1190
f 1197/1197/1197 1190/1190/1190 1198/1198/1198
f 1184/1184/1184 1199/1199/1199 1200/1200/1200
f 1184/1184/1184 1200/1200/1200 1185/1185/1185
f 1201/1201/1201 1195/1195/1195 1196/1196/1196
f 1201/1201/1201 1196/1196/1196 1202/1202/1202
f 1203/1203/1203 1197/1197/1197 1198/1198/1198
f 1203/1203/1203 1198/1198/1198 1204/1204/1204
f 1205/1205/1205 1206/1206/1206 1207/1207/1207
f 1205/1205/1205 1207/1207/1207 1208/1208/1208
f 1209/1209/1209 1201/1201/1201 1202/1202/1202
f 1209/1209/1209 1202/1202/1202 1210/1210/1210
f 1211/1211/1211 1212/1212/1212 1213/1213/1213
f 1211/1211/1211 1213/1213/1213 1214/1214/1214
f 1215/1215/1215 1216/1216/1216 1217/1217/1217
f 1215/1215/1215 1217/1217/1217 1218/1218/1218
f 1206/1206/1206 1219/1219/1219 1220/1220/1220
f 1206/1206/1206 1220/1220/1220 1207/1207/1207
f 1221/1221/1221 1211/1211/1211 1214/1214/1214
f 1221/1221/1221 1214/1214/1214 1222/1222/1222
f 1223/1223/1223 1205/1205/1205 1208/1208/1208
f 1223/1223/1223 1208/1208/1208 1224/1224/1224
f 1225/1225/1225 1221/1221/1221 1222/1222/1222
f 1225/1225/1225 1222/1222/1222 1226/1226/1226
f 1227/1227/1227 1223/1223/1223 1224/1224/1224
f 1227/1227/1227 1224/1224/1224 1228/1228/1228
f 1229/1229/1229 1225/1225/1225 1226/1226/1226
f 1229/1229/1229 1226/1226/1226 1230/1230/1230
f 1231/1231/1231 1227/1227/1227 1228/1228/1228
f 1231/1231/1231 1228/1228/1228 1232/1232/1232
f 1192/1192/1192 1229/1229/1229 1230/1230/1230
f 1192/1192/1192 1230/1230/1230 1193/1193/1193
f 1216/1216/1216 1231/1231/1231 1232/1232/1232
f 1216/1216/1216 1232/1232/1232 1217/1217/1217
f 1233/1233/1233 1191/1191/1191 1194/1194/1194
f 1233/1233/1233 1194/1194/1194 1234/1234/1234
f 1235/1235/1235 1215/1215/1215 1218/1218/1218
f 1235/1235/1235 1218/1218/1218 1236/1236/1236
f 1237/1237/1237 1233/1233/1233 1234/1234/1234
f 1237/1237/1237 1234/1234/1234 1238/1238/1238
f 1239/1239/1239 1240/1240/1240 1241/1241/1241
f 1239/1239/1239 1241/1241/1241 1242/1242/1242
f 1243/1243/1243 1244/1244/1244 1245/1245/1245
f 1243/1243/1243 1245/1245/1245 1246/1246/1246
f 1247/1247/1247 1239/1239/1239 1242/1242/1242
f 1247/1247/1247 1242/1242/1242 1248/1248/1248
f 1249/1249/1249 1243/1243/1243 1246/1246/1246
f 1249/1249/1249 1246/1246/1246 1250/1250/1250
f 1251/1251/1251 1247/1247/1247 1248/1248/1248
f 1251/1251/1251 1248/1248/1248 1252/1252/1252
f 1199/1199/1199 1249/1249/1249 1250/1250/1250
f 1199/1199/1199 1250/1250/1250 1200/1200/1200
f 1188/1188/1188 1253/1253/1253 1254/1254/1254
f 1188/1188/1188 1254/1254/1254 1189/1189/1189
f 1253/1253/1253 1251/1251/1251 1252/1252/1252
f 1253/1253/1253 1252/1252/1252 1254/1254/1254
f 1255/1255/1255 1256/1256/1256 1257/1257/1257
f 1255/1255/1255 1257/1257/1257 1258/1258/1258
f 1259/1259/1259 1260/1260/1260 1261/1261/1261
f 1259/1259/1259 1261/1261/1261 1262/1262/1262
f 1263/1263/1263 1264/1264/1264 1265/1265/1265
f 1263/1263/1263 1265/1265/1265 1266/1266/1266
f 1267/1267/1267 1268/1268/1268 1256/1256/1256
f 1267/1267/1267 1256/1256/1256 1255/1255/1255
f 1269/1269/1269 1270/1270/1270 1271/1271/1271
f 1269/1269/1269 1271/1271/1271 1272/1272/1272
f 1273/1273/1273 1274/1274/1274 1275/1275/1275
f 1273/1273/1273 1275/1275/1275 1276/1276/1276
f 1277/1277/1277 1278/1278/1278 1270/1270/1270
f 1277/1277/1277 1270/1270/1270 1269/1269/1269
f 1279/1279/1279 1280/1280/1280 1274/1274/1274
f 1279/1279/1279 1274/1274/1274 1273/1273/1273
f 1281/1281/1281 1282/1282/1282 1278/1278/1278
f 1281/1281/1281 1278/1278/1278 1277/1277/1277
f 1283/1283/1283 1284/1284/1284 1280/1280/1280
f 1283/1283/1283 1280/1280/1280 1279/1279/1279
f 1285/1285/1285 1286/1286/1286 1282/1282/1282
f 1285/1285/1285 1282/1282/1282 1281/1281/1281
f 1266/1266/1266 1265/1265/1265 1284/1284/1284
f 1266/1266/1266 1284/1284/1284 1283/1283/1283
f 1287/1287/1287 1288/1288/1288 1289/1289/1289
f 1287/1287/1287 1289/1289/1289 1290/1290/1290
f 1291/1291/1291 1292/1292/1292 1264/1264/1264
f 1291/1291/1291 1264/1264/1264 1263/1263/1263
f 1293/1293/1293 1294/1294/1294 1288/1288/1288
f 1293/1293/1293 1288/1288/1288 1287/1287/1287
f 1295/1295/1295 1296/1296/1296 1292/1292/1292
f 1295/1295/1295 1292/1292/1292 1291/1291/1291
f 1297/1297/1297 1298/1298/1298 1294/1294/1294
f 1297/1297/1297 1294/1294/1294 1293/1293/1293
f 1299/1299/1299 1300/1300/1300 1301/1301/1301
f 1299/1299/1299 1301/1301/1301 1302/1302/1302
f 1303/1303/1303 1304/1304/1304 1298/1298/1298
f 1303/1303/1303 1298/1298/1298 1297/1297/1297
f 1305/1305/1305 1306/1306/1306 1300/1300/1300
f 1305/1305/1305 1300/1300/1300 1299/1299/1299
f 1307/1307/1307 1308/1308/1308 1309/1309/1309
f 1307/1307/1307 1309/1309/1309 1310/1310/1310
f 1311/1311/1311 1312/1312/1312 1313/1313/1313
f 1311/1311/1311 1313/1313/1313 1314/1314/1314
f 1314/1314/1314 1313/1313/1313 1306/1306/1306
f 1314/1314/1314 1306/1306/1306 1305/1305/1305
f 1315/1315/1315 1316/1316/1316 1317/1317/1317
f 1315/1315/1315 1317/1317/1317 1318/1318/1318
f 1319/1319/1319 1320/1320/1320 1312/1312/1312
f 1319/1319/1319 1312/1312/1312 1311/1311/1311
f 1290/1290/1290 1289/1289/1289 1286/1286/1286
f 1290/1290/1290 1286/1286/1286 1285/1285/1285
f 1321/1321/1321 1322/1322/1322 1316/1316/1316
f 1321/1321/1321 1316/1316/1316 1315/1315/1315
f 1323/1323/1323 1324/1324/1324 1320/1320/1320
f 1323/1323/1323 1320/1320/1320 1319/1319/1319
f 1318/1318/1318 1317/1317/1317 1308/1308/1308
f 1318/1318/1318 1308/1308/1308 1307/1307/1307
f 1258/1258/1258 1257/1257/1257 1322/1322/1322
f 1258/1258/1258 1322/1322/1322 1321/1321/1321
f 1262/1262/1262 1261/1261/1261 1324/1324/1324
f 1262/1262/1262 1324/1324/1324 1323/1323/1323
f 1325/1325/1325 1326/1326/1326 1268/1268/1268
f 1325/1325/1325 1268/1268/1268 1267/1267/1267
f 1327/1327/1327 1328/1328/1328 1329/1329/1329
f 1327/1327/1327 1329/1329/1329 1330/1330/1330
f 1331/1331/1331 1332/1332/1332 1333/1333/1333
f 1331/1331/1331 1333/1333/1333 1334/1334/1334
f 1335/1335/1335 1336/1336/1336 1337/1337/1337
f 1335/1335/1335 1337/1337/1337 1338/1338/1338
f 1339/1339/1339 1340/1340/1340 1328/1328/1328
f 1339/1339/1339 1328/1328/1328 1327/1327/1327
f 1341/1341/1341 1342/1342/1342 1336/1336/1336
f 1341/1341/1341 1336/1336/1336 1335/1335/1335
f 1343/1343/1343 1344/1344/1344 1340/1340/1340
f 1343/1343/1343 1340/1340/1340 1339/1339/1339
f 1345/1345/1345 1346/1346/1346 1342/1342/1342
f 1345/1345/1345 1342/1342/1342 1341/1341/1341
f 1347/1347/1347 1348/1348/1348 1344/1344/1344
f 1347/1347/1347 1344/1344/1344 1343/1343/1343
f 1349/1349/1349 1350/1350/1350 1346/1346/1346
f 1349/1349/1349 1346/1346/1346 1345/1345/1345
f 1351/1351/1351 1352/1352/1352 1353/1353/1353
f 1351/1351/1351 1353/1353/1353 1354/1354/1354
f 1355/1355/1355 1356/1356/1356 1357/1357/1357
f 1355/1355/1355 1357/1357/1357 1358/1358/1358
f 1359/1359/1359 1360/1360/1360 1352/1352/1352
f 1359/1359/1359 1352/1352/1352 1351/1351/1351
f 1361/1361/1361 1362/1362/1362 1363/1363/1363
f 1361/1361/1361 1363/1363/1363 1364/1364/1364
f 1365/1365/1365 1366/1366/1366 1367/1367/1367
f 1365/1365/1365 1367/1367/1367 1368/1368/1368
f 1369/1369/1369 1370/1370/1370 1362/1362/1362
f 1369/1369/1369 1362/1362/1362 1361/1361/1361
f 1371/1371/1371 1372/1372/1372 1366/1366/1366
f 1371/1371/1371 1366/1366/1366 1365/1365/1365
f 1373/1373/1373 1374/1374/1374 1370/1370/1370
f 1373/1373/1373 1370/1370/1370 1369/1369/1369
f 1375/1375/1375 1376/1376/1376 1372/1372/1372
f 1375/1375/1375 1372/1372/1372 1371/1371/1371
f 1377/1377/1377 1378/1378/1378 1379/1379/1379
f 1377/1377/1377 1379/1379/1379 1380/1380/1380
f 1380/1380/1380 1379/1379/1379 1374/1374/1374
f 1380/1380/1380 1374/1374/1374 1373/1373/1373
f 1381/1381/1381 1382/1382/1382 1383/1383/1383
f 1381/1381/1381 1383/1383/1383 1384/1384/1384
f 1385/1385/1385 1386/1386/1386 1378/1378/1378
f 1385/1385/1385 1378/1378/1378 1377/1377/1377
f 1354/1354/1354 1353/1353/1353 1348/1348/1348
f 1354/1354/1354 1348/1348/1348 1347/1347/1347
f 1387/1387/1387 1388/1388/1388 1382/1382/1382
f 1387/1387/1387 1382/1382/1382 1381/1381/1381
f 1389/1389/1389 1390/1390/1390 1386/1386/1386
f 1389/1389/1389 1386/1386/1386 1385/1385/1385
f 1384/1384/1384 1383/1383/1383 1376/1376/1376
f 1384/1384/1384 1376/1376/1376 1375/1375/1375
f 1391/1391/1391 1392/1392/1392 1388/1388/1388
f 1391/1391/1391 1388/1388/1388 1387/1387/1387
f 1393/1393/1393 1394/1394/1394 1390/1390/1390
f 1393/1393/1393 1390/1390/1390 1389/1389/1389
f 1338/1338/1338 1337/1337/1337 1395/1395/1395
f 1338/1338/1338 1395/1395/1395 1396/1396/1396
f 1397/1397/1397 1398/1398/1398 1392/1392/1392
f 1397/1397/1397 1392/1392/1392 1391/1391/1391
f 1330/1330/1330 1329/1329/1329 1399/1399/1399
f 1330/1330/1330 1399/1399/1399 1400/1400/1400
f 1358/1358/1358 1357/1357/1357 1350/1350/1350
f 1358/1358/1358 1350/1350/1350 1349/1349/1349
f 1396/1396/1396 1395/1395/1395 1401/1401/1401
f 1396/1396/1396 1401/1401/1401 1402/1402/1402
f 1403/1403/1403 1404/1404/1404 1405/1405/1405
f 1403/1403/1403 1405/1405/1405 1406/1406/1406
f 1407/1407/1407 1408/1408/1408 1409/1409/1409
f 1407/1407/1407 1409/1409/1409 1410/1410/1410
f 1411/1411/1411 1412/1412/1412 1413/1413/1413
f 1411/1411/1411 1413/1413/1413 1414/1414/1414
f 1415/1415/1415 1416/1416/1416 1417/1417/1417
f 1415/1415/1415 1417/1417/1417 1418/1418/1418
f 1419/1419/1419 1420/1420/1420 1412/1412/1412
f 1419/1419/1419 1412/1412/1412 1411/1411/1411
f 1421/1421/1421 1422/1422/1422 1423/1423/1423
f 1421/1421/1421 1423/1423/1423 1424/1424/1424
f 1425/1425/1425 1426/1426/1426 1427/1427/1427
f 1425/1425/1425 1427/1427/1427 1428/1428/1428
f 1429/1429/1429 1430/1430/1430 1422/1422/1422
f 1429/1429/1429 1422/1422/1422 1421/1421/1421
f 1431/1431/1431 1432/1432/1432 1426/1426/1426
f 1431/1431/1431 1426/1426/1426 1425/1425/1425
f 1433/1433/1433 1434/1434/1434 1430/1430/1430
f 1433/1433/1433 1430/1430/1430 1429/1429/1429
f 1435/1435/1435 1436/1436/1436 1432/1432/1432
f 1435/1435/1435 1432/1432/1432 1431/1431/1431
f 1437/1437/1437 1438/1438/1438 1439/1439/1439
f 1437/1437/1437 1439/1439/1439 1440/1440/1440
f 1440/1440/1440 1439/1439/1439 1434/1434/1434
f 1440/1440/1440 1434/1434/1434 1433/1433/1433
f 1441/1441/1441 1442/1442/1442 1443/1443/1443
f 1441/1441/1441 1443/1443/1443 1444/1444/1444
f 1445/1445/1445 1446/1446/1446 1438/1438/1438
f 1445/1445/1445 1438/1438/1438 1437/1437/1437
f 1414/1414/1414 1413/1413/1413 1332/1332/1332
f 1414/1414/1414 1332/1332/1332 1331/1331/1331
f 1447/1447/1447 1448/1448/1448 1442/1442/1442
f 1447/1447/1447 1442/1442/1442 1441/1441/1441
f 1449/1449/1449 1450/1450/1450 1446/1446/1446
f 1449/1449/1449 1446/1446/1446 1445/1445/1445
f 1444/1444/1444 1443/1443/1443 1436/1436/1436
f 1444/1444/1444 1436/1436/1436 1435/1435/1435
f 1451/1451/1451 1452/1452/1452 1448/1448/1448
f 1451/1451/1451 1448/1448/1448 1447/1447/1447
f 1453/1453/1453 1454/1454/1454 1450/1450/1450
f 1453/1453/1453 1450/1450/1450 1449/1449/1449
f 1455/1455/1455 1456/1456/1456 1457/1457/1457
f 1455/1455/1455 1457/1457/1457 1458/1458/1458
f 1459/1459/1459 1460/1460/1460 1452/1452/1452
f 1459/1459/1459 1452/1452/1452 1451/1451/1451
f 1461/1461/1461 1462/1462/1462 1463/1463/1463
f 1461/1461/1461 1463/1463/1463 1464/1464/1464
f 1418/1418/1418 1417/1417/1417 1408/1408/1408
f 1418/1418/1418 1408/1408/1408 1407/1407/1407
f 1458/1458/1458 1457/1457/1457 1465/1465/1465
f 1458/1458/1458 1465/1465/1465 1466/1466/1466
f 1467/1467/1467 1468/1468/1468 1462/1462/1462
f 1467/1467/1467 1462/1462/1462 1461/1461/1461
f 1469/1469/1469 1470/1470/1470 1456/1456/1456
f 1469/1469/1469 1456/1456/1456 1455/1455/1455
f 1471/1471/1471 1472/1472/1472 1468/1468/1468
f 1471/1471/1471 1468/1468/1468 1467/1467/1467
f 1473/1473/1473 1474/1474/1474 1470/1470/1470
f 1473/1473/1473 1470/1470/1470 1469/1469/1469
f 1334/1334/1334 1333/1333/1333 1472/1472/1472
f 1334/1334/1334 1472/1472/1472 1471/1471/1471
f 1410/1410/1410 1409/1409/1409 1474/1474/1474
f 1410/1410/1410 1474/1474/1474 1473/1473/1473
f 1475/1475/1475 1476/1476/1476 1477/1477/1477
f 1475/1475/1475 1477/1477/1477 1478/1478/1478
f 1479/1479/1479 1480/1480/1480 1481/1481/1481
f 1479/1479/1479 1481/1481/1481 1482/1482/1482
f 1483/1483/1483 1484/1484/1484 1404/1404/1404
f 1483/1483/1483 1404/1404/1404 1403/1403/1403
f 1485/1485/1485 1486/1486/1486 1480/1480/1480
f 1485/1485/1485 1480/1480/1480 1479/1479/1479
f 1487/1487/1487 1488/1488/1488 1484/1484/1484
f 1487/1487/1487 1484/1484/1484 1483/1483/1483
f 1489/1489/1489 1490/1490/1490 1491/1491/1491
f 1489/1489/1489 1491/1491/1491 1492/1492/1492
f 1492/1492/1492 1491/1491/1491 1486/1486/1486
f 1492/1492/1492 1486/1486/1486 1485/1485/1485
f 1493/1493/1493 1494/1494/1494 1495/1495/1495
f 1493/1493/1493 1495/1495/1495 1496/1496/1496
f 1497/1497/1497 1498/1498/1498 1490/1490/1490
f 1497/1497/1497 1490/1490/1490 1489/1489/1489
f 1499/1499/1499 1500/1500/1500 1501/1501/1501
f 1499/1499/1499 1501/1501/1501 1502/1502/1502
f 1503/1503/1503 1504/1504/1504 1494/1494/1494
f 1503/1503/1503 1494/1494/1494 1493/1493/1493
f 1505/1505/1505 1506/1506/1506 1507/1507/1507
f 1505/1505/1505 1507/1507/1507 1508/1508/1508
f 1496/1496/1496 1495/1495/1495 1488/1488/1488
f 1496/1496/1496 1488/1488/1488 1487/1487/1487
f 1509/1509/1509 1510/1510/1510 1504/1504/1504
f 1509/1509/1509 1504/1504/1504 1503/1503/1503
f 1511/1511/1511 1512/1512/1512 1506/1506/1506
f 1511/1511/1511 1506/1506/1506 1505/1505/1505
f 1513/1513/1513 1514/1514/1514 1515/1515/1515
f 1513/1513/1513 1515/1515/1515 1516/1516/1516
f 1517/1517/1517 1518/1518/1518 1519/1519/1519
f 1517/1517/1517 1519/1519/1519 1520/1520/1520
f 1521/1521/1521 1522/1522/1522 1512/1512/1512
f 1521/1521/1521 1512/1512/1512 1511/1511/1511
f 1523/1523/1523 1524/1524/1524 1525/1525/1525
f 1523/1523/1523 1525/1525/1525 1526/1526/1526
f 1516/1516/1516 1515/1515/1515 1518/1518/1518
f 1516/1516/1516 1518/1518/1518 1517/1517/1517
f 1527/1527/1527 1528/1528/1528 1522/1522/1522
f 1527/1527/1527 1522/1522/1522 1521/1521/1521
f 1529/1529/1529 1530/1530/1530 1514/1514/1514
f 1529/1529/1529 1514/1514/1514 1513/1513/1513
f 1531/1531/1531 1532/1532/1532 1528/1528/1528
f 1531/1531/1531 1528/1528/1528 1527/1527/1527
f 1533/1533/1533 1534/1534/1534 1530/1530/1530
f 1533/1533/1533 1530/1530/1530 1529/1529/1529
f 1535/1535/1535 1536/1536/1536 1532/1532/1532
f 1535/1535/1535 1532/1532/1532 1531/1531/1531
f 1537/1537/1537 1538/1538/1538 1534/1534/1534
f 1537/1537/1537 1534/1534/1534 1533/1533/1533
f 1502/1502/1502 1501/1501/1501 1536/1536/1536
f 1502/1502/1502 1536/1536/1536 1535/1535/1535
f 1526/1526/1526 1525/1525/1525 1538/1538/1538
f 1526/1526/1526 1538/1538/1538 1537/1537/1537
f 1539/1539/1539 1540/1540/1540 1500/1500/1500
f 1539/1539/1539 1500/1500/1500 1499/1499/1499
f 1541/1541/1541 1542/1542/1542 1543/1543/1543
f 1541/1541/1541 1543/1543/1543 1544/1544/1544
f 1545/1545/1545 1546/1546/1546 1540/1540/1540
f 1545/1545/1545 1540/1540/1540 1539/1539/1539
f 1482/1482/1482 1481/1481/1481 1542/1542/1542
f 1482/1482/1482 1542/1542/1542 1541/1541/1541
f 1547/1547/1547 1548/1548/1548 1264/1264/1264
f 1547/1547/1547 1264/1264/1264 1292/1292/1292
f 1549/1549/1549 1550/1550/1550 1551/1551/1551
f 1549/1549/1549 1551/1551/1551 1552/1552/1552
f 1553/1553/1553 1554/1554/1554 1555/1555/1555
f 1553/1553/1553 1555/1555/1555 1556/1556/1556
f 1557/1557/1557 1558/1558/1558 1476/1476/1476
f 1557/1557/1557 1476/1476/1476 1475/1475/1475
f 1559/1559/1559 1560/1560/1560 1561/1561/1561
f 1559/1559/1559 1561/1561/1561 1562/1562/1562
f 1478/1478/1478 1477/1477/1477 1563/1563/1563
f 1478/1478/1478 1563/1563/1563 1564/1564/1564
f 1565/1565/1565 1566/1566/1566 1558/1558/1558
f 1565/1565/1565 1558/1558/1558 1557/1557/1557
f 1567/1567/1567 1568/1568/1568 1560/1560/1560
f 1567/1567/1567 1560/1560/1560 1559/1559/1559
f 1569/1569/1569 1570/1570/1570 1548/1548/1548
f 1569/1569/1569 1548/1548/1548 1571/1571/1571
f 1572/1572/1572 1547/1547/1547 1573/1573/1573
f 1572/1572/1572 1573/1573/1573 1574/1574/1574
f 1575/1575/1575 1576/1576/1576 1568/1568/1568
f 1575/1575/1575 1568/1568/1568 1567/1567/1567
f 1577/1577/1577 1578/1578/1578 1579/1579/1579
f 1577/1577/1577 1579/1579/1579 1580/1580/1580
f 1571/1571/1571 1548/1548/1548 1547/1547/1547
f 1571/1571/1571 1547/1547/1547 1572/1572/1572
f 1581/1581/1581 1582/1582/1582 1576/1576/1576
f 1581/1581/1581 1576/1576/1576 1575/1575/1575
f 1583/1583/1583 1584/1584/1584 1570/1570/1570
f 1583/1583/1583 1570/1570/1570 1569/1569/1569
f 1585/1585/1585 1586/1586/1586 1582/1582/1582
f 1585/1585/1585 1582/1582/1582 1581/1581/1581
f 1587/1587/1587 1588/1588/1588 1584/1584/1584
f 1587/1587/1587 1584/1584/1584 1583/1583/1583
f 1589/1589/1589 1590/1590/1590 1586/1586/1586
f 1589/1589/1589 1586/1586/1586 1585/1585/1585
f 1591/1591/1591 1592/1592/1592 1588/1588/1588
f 1591/1591/1591 1588/1588/1588 1587/1587/1587
f 1556/1556/1556 1555/1555/1555 1590/1590/1590
f 1556/1556/1556 1590/1590/1590 1589/1589/1589
f 1593/1593/1593 1594/1594/1594 1592/1592/1592
f 1593/1593/1593 1592/1592/1592 1591/1591/1591
f 1595/1595/1595 1596/1596/1596 1554/1554/1554
f 1595/1595/1595 1554/1554/1554 1553/1553/1553
f 1597/1597/1597 1598/1598/1598 1578/1578/1578
f 1597/1597/1597 1578/1578/1578 1577/1577/1577
f 1599/1599/1599 1600/1600/1600 1601/1601/1601
f 1599/1599/1599 1601/1601/1601 1602/1602/1602
f 1603/1603/1603 1604/1604/1604 1598/1598/1598
f 1603/1603/1603 1598/1598/1598 1597/1597/1597
f 1605/1605/1605 1606/1606/1606 1600/1600/1600
f 1605/1605/1605 1600/1600/1600 1599/1599/1599
f 1607/1607/1607 1608/1608/1608 1604/1604/1604
f 1607/1607/1607 1604/1604/1604 1603/1603/1603
f 1609/1609/1609 1610/1610/1610 1606/1606/1606
f 1609/1609/1609 1606/1606/1606 1605/1605/1605
f 1611/1611/1611 1612/1612/1612 1608/1608/1608
f 1611/1611/1611 1608/1608/1608 1607/1607/1607
f 1564/1564/1564 1563/1563/1563 1610/1610/1610
f 1564/1564/1564 1610/1610/1610 1609/1609/1609
f 1552/1552/1552 1551/1551/1551 1613/1613/1613
f 1552/1552/1552 1613/1613/1613 1614/1614/1614
f 1614/1614/1614 1613/1613/1613 1612/1612/1612
f 1614/1614/1614 1612/1612/1612 1611/1611/1611
f 1576/1576/1576 1582/1582/1582 1289/1289/1289
f 1576/1576/1576 1289/1289/1289 1288/1288/1288
f 1570/1570/1570 1584/1584/1584 1284/1284/1284
f 1570/1570/1570 1284/1284/1284 1265/1265/1265
f 1582/1582/1582 1586/1586/1586 1286/1286/1286
f 1582/1582/1582 1286/1286/1286 1289/1289/1289
f 1584/1584/1584 1588/1588/1588 1280/1280/1280
f 1584/1584/1584 1280/1280/1280 1284/1284/1284
f 1586/1586/1586 1590/1590/1590 1282/1282/1282
f 1586/1586/1586 1282/1282/1282 1286/1286/1286
f 1588/1588/1588 1592/1592/1592 1274/1274/1274
f 1588/1588/1588 1274/1274/1274 1280/1280/1280
f 1590/1590/1590 1555/1555/1555 1278/1278/1278
f 1590/1590/1590 1278/1278/1278 1282/1282/1282
f 1592/1592/1592 1594/1594/1594 1275/1275/1275
f 1592/1592/1592 1275/1275/1275 1274/1274/1274
f 1554/1554/1554 1596/1596/1596 1271/1271/1271
f 1554/1554/1554 1271/1271/1271 1270/1270/1270
f 1578/1578/1578 1598/1598/1598 1256/1256/1256
f 1578/1578/1578 1256/1256/1256 1268/1268/1268
f 1601/1601/1601 1600/1600/1600 1261/1261/1261
f 1601/1601/1601 1261/1261/1261 1260/1260/1260
f 1598/1598/1598 1604/1604/1604 1257/1257/1257
f 1598/1598/1598 1257/1257/1257 1256/1256/1256
f 1600/1600/1600 1606/1606/1606 1324/1324/1324
f 1600/1600/1600 1324/1324/1324 1261/1261/1261
f 1604/1604/1604 1608/1608/1608 1322/1322/1322
f 1604/1604/1604 1322/1322/1322 1257/1257/1257
f 1606/1606/1606 1610/1610/1610 1320/1320/1320
f 1606/1606/1606 1320/1320/1320 1324/1324/1324
f 1608/1608/1608 1612/1612/1612 1316/1316/1316
f 1608/1608/1608 1316/1316/1316 1322/1322/1322
f 1610/1610/1610 1563/1563/1563 1312/1312/1312
f 1610/1610/1610 1312/1312/1312 1320/1320/1320
f 1612/1612/1612 1613/1613/1613 1317/1317/1317
f 1612/1612/1612 1317/1317/1317 1316/1316/1316
f 1477/1477/1477 1476/1476/1476 1306/1306/1306
f 1477/1477/1477 1306/1306/1306 1313/1313/1313
f 1551/1551/1551 1550/1550/1550 1309/1309/1309
f 1551/1551/1551 1309/1309/1309 1308/1308/1308
f 1555/1555/1555 1554/1554/1554 1270/1270/1270
f 1555/1555/1555 1270/1270/1270 1278/1278/1278
f 1476/1476/1476 1558/1558/1558 1300/1300/1300
f 1476/1476/1476 1300/1300/1300 1306/1306/1306
f 1561/1561/1561 1560/1560/1560 1298/1298/1298
f 1561/1561/1561 1298/1298/1298 1304/1304/1304
f 1563/1563/1563 1477/1477/1477 1313/1313/1313
f 1563/1563/1563 1313/1313/1313 1312/1312/1312
f 1558/1558/1558 1566/1566/1566 1301/1301/1301
f 1558/1558/1558 1301/1301/1301 1300/1300/1300
f 1560/1560/1560 1568/1568/1568 1294/1294/1294
f 1560/1560/1560 1294/1294/1294 1298/1298/1298
f 1548/1548/1548 1570/1570/1570 1265/1265/1265
f 1548/1548/1548 1265/1265/1265 1264/1264/1264
f 1573/1573/1573 1547/1547/1547 1292/1292/1292
f 1573/1573/1573 1292/1292/1292 1296/1296/1296
f 1568/1568/1568 1576/1576/1576 1288/1288/1288
f 1568/1568/1568 1288/1288/1288 1294/1294/1294
f 1579/1579/1579 1578/1578/1578 1268/1268/1268
f 1579/1579/1579 1268/1268/1268 1326/1326/1326
f 1613/1613/1613 1551/1551/1551 1308/1308/1308
f 1613/1613/1613 1308/1308/1308 1317/1317/1317
f 1615/1615/1615 1616/1616/1616 1617/1617/1617
f 1615/1615/1615 1617/1617/1617 1618/1618/1618
f 1619/1619/1619 1620/1620/1620 1621/1621/1621
f 1619/1619/1619 1621/1621/1621 1622/1622/1622
f 1623/1623/1623 1624/1624/1624 1625/1625/1625
f 1623/1623/1623 1625/1625/1625 1626/1626/1626
f 1622/1622/1622 1621/1621/1621 1627/1627/1627
f 1622/1622/1622 1627/1627/1627 1628/1628/1628
f 1629/1629/1629 1630/1630/1630 1631/1631/1631
f 1629/1629/1629 1631/1631/1631 1632/1632/1632
f 1633/1633/1633 1634/1634/1634 1635/1635/1635
f 1633/1633/1633 1635/1635/1635 1636/1636/1636
f 1632/1632/1632 1631/1631/1631 1637/1637/1637
f 1632/1632/1632 1637/1637/1637 1638/1638/1638
f 1636/1636/1636 1635/1635/1635 1639/1639/1639
f 1636/1636/1636 1639/1639/1639 1640/1640/1640
f 1638/1638/1638 1637/1637/1637 1641/1641/1641
f 1638/1638/1638 1641/1641/1641 1642/1642/1642
f 1640/1640/1640 1639/1639/1639 1643/1643/1643
f 1640/1640/1640 1643/1643/1643 1644/1644/1644
f 1642/1642/1642 1641/1641/1641 1645/1645/1645
f 1642/1642/1642 1645/1645/1645 1646/1646/1646
f 1644/1644/1644 1643/1643/1643 1647/1647/1647
f 1644/1644/1644 1647/1647/1647 1648/1648/1648
f 1649/1649/1649 1650/1650/1650 1651/1651/1651
f 1649/1649/1649 1651/1651/1651 1652/1652/1652
f 1626/1626/1626 1625/1625/1625 1630/1630/1630
f 1626/1626/1626 1630/1630/1630 1629/1629/1629
f 1648/1648/1648 1647/1647/1647 1653/1653/1653
f 1648/1648/1648 1653/1653/1653 1654/1654/1654
f 1652/1652/1652 1651/1651/1651 1655/1655/1655
f 1652/1652/1652 1655/1655/1655 1656/1656/1656
f 1646/1646/1646 1645/1645/1645 1650/1650/1650
f 1646/1646/1646 1650/1650/1650 1649/1649/1649
f 1654/1654/1654 1653/1653/1653 1657/1657/1657
f 1654/1654/1654 1657/1657/1657 1658/1658/1658
f 1659/1659/1659 1660/1660/1660 1661/1661/1661
f 1659/1659/1659 1661/1661/1661 1662/1662/1662
f 1663/1663/1663 1664/1664/1664 1665/1665/1665
f 1663/1663/1663 1665/1665/1665 1666/1666/1666
f 1667/1667/1667 1668/1668/1668 1669/1669/1669
f 1667/1667/1667 1669/1669/1669 1670/1670/1670
f 1662/1662/1662 1661/1661/1661 1671/1671/1671
f 1662/1662/1662 1671/1671/1671 1672/1672/1672
f 1628/1628/1628 1627/1627/1627 1634/1634/1634
f 1628/1628/1628 1634/1634/1634 1633/1633/1633
f 1670/1670/1670 1669/1669/1669 1673/1673/1673
f 1670/1670/1670 1673/1673/1673 1674/1674/1674
f 1672/1672/1672 1671/1671/1671 1664/1664/1664
f 1672/1672/1672 1664/1664/1664 1663/1663/1663
f 1675/1675/1675 1676/1676/1676 1677/1677/1677
f 1675/1675/1675 1677/1677/1677 1678/1678/1678
f 1674/1674/1674 1673/1673/1673 1676/1676/1676
f 1674/1674/1674 1676/1676/1676 1675/1675/1675
f 1666/1666/1666 1665/1665/1665 1679/1679/1679
f 1666/1666/1666 1679/1679/1679 1680/1680/1680
f 1678/1678/1678 1677/1677/1677 1681/1681/1681
f 1678/1678/1678 1681/1681/1681 1682/1682/1682
f 1680/1680/1680 1679/1679/1679 1683/1683/1683
f 1680/1680/1680 1683/1683/1683 1684/1684/1684
f 1682/1682/1682 1681/1681/1681 1685/1685/1685
f 1682/1682/1682 1685/1685/1685 1686/1686/1686
f 1687/1687/1687 1688/1688/1688 1620/1620/1620
f 1687/1687/1687 1620/1620/1620 1619/1619/1619
f 1616/1616/1616 1482/1482/1482 1541/1541/1541
f 1616/1616/1616 1541/1541/1541 1617/1617/1617
f 1620/1620/1620 1545/1545/1545 1539/1539/1539
f 1620/1620/1620 1539/1539/1539 1621/1621/1621
f 1617/1617/1617 1541/1541/1541 1544/1544/1544
f 1617/1617/1617 1544/1544/1544 1689/1689/1689
f 1621/1621/1621 1539/1539/1539 1499/1499/1499
f 1621/1621/1621 1499/1499/1499 1627/1627/1627
f 1630/1630/1630 1526/1526/1526 1537/1537/1537
f 1630/1630/1630 1537/1537/1537 1631/1631/1631
f 1634/1634/1634 1502/1502/1502 1535/1535/1535
f 1634/1634/1634 1535/1535/1535 1635/1635/1635
f 1631/1631/1631 1537/1537/1537 1533/1533/1533
f 1631/1631/1631 1533/1533/1533 1637/1637/1637
f 1635/1635/1635 1535/1535/1535 1531/1531/1531
f 1635/1635/1635 1531/1531/1531 1639/1639/1639
f 1637/1637/1637 1533/1533/1533 1529/1529/1529
f 1637/1637/1637 1529/1529/1529 1641/1641/1641
f 1639/1639/1639 1531/1531/1531 1527/1527/1527
f 1639/1639/1639 1527/1527/1527 1643/1643/1643
f 1641/1641/1641 1529/1529/1529 1513/1513/1513
f 1641/1641/1641 1513/1513/1513 1645/1645/1645
f 1643/1643/1643 1527/1527/1527 1521/1521/1521
f 1643/1643/1643 1521/1521/1521 1647/1647/1647
f 1650/1650/1650 1516/1516/1516 1517/1517/1517
f 1650/1650/1650 1517/1517/1517 1651/1651/1651
f 1625/1625/1625 1523/1523/1523 1526/1526/1526
f 1625/1625/1625 1526/1526/1526 1630/1630/1630
f 1647/1647/1647 1521/1521/1521 1511/1511/1511
f 1647/1647/1647 1511/1511/1511 1653/1653/1653
f 1651/1651/1651 1517/1517/1517 1520/1520/1520
f 1651/1651/1651 1520/1520/1520 1655/1655/1655
f 1645/1645/1645 1513/1513/1513 1516/1516/1516
f 1645/1645/1645 1516/1516/1516 1650/1650/1650
f 1653/1653/1653 1511/1511/1511 1505/1505/1505
f 1653/1653/1653 1505/1505/1505 1657/1657/1657
f 1655/1655/1655 1520/1520/1520 1690/1690/1690
f 1655/1655/1655 1690/1690/1690 1691/1691/1691
f 1692/1692/1692 1496/1496/1496 1487/1487/1487
f 1692/1692/1692 1487/1487/1487 1693/1693/1693
f 1657/1657/1657 1505/1505/1505 1508/1508/1508
f 1657/1657/1657 1508/1508/1508 1694/1694/1694
f 1695/1695/1695 1503/1503/1503 1493/1493/1493
f 1695/1695/1695 1493/1493/1493 1696/1696/1696
f 1627/1627/1627 1499/1499/1499 1502/1502/1502
f 1627/1627/1627 1502/1502/1502 1634/1634/1634
f 1694/1694/1694 1508/1508/1508 1697/1697/1697
f 1694/1694/1694 1697/1697/1697 1698/1698/1698
f 1696/1696/1696 1493/1493/1493 1496/1496/1496
f 1696/1696/1696 1496/1496/1496 1692/1692/1692
f 1699/1699/1699 1492/1492/1492 1485/1485/1485
f 1699/1699/1699 1485/1485/1485 1700/1700/1700
f 1701/1701/1701 1489/1489/1489 1492/1492/1492
f 1701/1701/1701 1492/1492/1492 1699/1699/1699
f 1693/1693/1693 1487/1487/1487 1483/1483/1483
f 1693/1693/1693 1483/1483/1483 1702/1702/1702
f 1700/1700/1700 1485/1485/1485 1479/1479/1479
f 1700/1700/1700 1479/1479/1479 1703/1703/1703
f 1702/1702/1702 1483/1483/1483 1403/1403/1403
f 1702/1702/1702 1403/1403/1403 1704/1704/1704
f 1703/1703/1703 1479/1479/1479 1482/1482/1482
f 1703/1703/1703 1482/1482/1482 1616/1616/1616
f 1704/1704/1704 1403/1403/1403 1406/1406/1406
f 1704/1704/1704 1406/1406/1406 1705/1705/1705
f 1426/1426/1426 1684/1684/1684 1706/1706/1706
f 1426/1426/1426 1706/1706/1706 1427/1427/1427
f 1430/1430/1430 1682/1682/1682 1686/1686/1686
f 1430/1430/1430 1686/1686/1686 1422/1422/1422
f 1432/1432/1432 1680/1680/1680 1684/1684/1684
f 1432/1432/1432 1684/1684/1684 1426/1426/1426
f 1434/1434/1434 1678/1678/1678 1682/1682/1682
f 1434/1434/1434 1682/1682/1682 1430/1430/1430
f 1436/1436/1436 1666/1666/1666 1680/1680/1680
f 1436/1436/1436 1680/1680/1680 1432/1432/1432
f 1438/1438/1438 1674/1674/1674 1675/1675/1675
f 1438/1438/1438 1675/1675/1675 1439/1439/1439
f 1439/1439/1439 1675/1675/1675 1678/1678/1678
f 1439/1439/1439 1678/1678/1678 1434/1434/1434
f 1442/1442/1442 1672/1672/1672 1663/1663/1663
f 1442/1442/1442 1663/1663/1663 1443/1443/1443
f 1446/1446/1446 1670/1670/1670 1674/1674/1674
f 1446/1446/1446 1674/1674/1674 1438/1438/1438
f 1413/1413/1413 1628/1628/1628 1633/1633/1633
f 1413/1413/1413 1633/1633/1633 1332/1332/1332
f 1448/1448/1448 1662/1662/1662 1672/1672/1672
f 1448/1448/1448 1672/1672/1672 1442/1442/1442
f 1450/1450/1450 1667/1667/1667 1670/1670/1670
f 1450/1450/1450 1670/1670/1670 1446/1446/1446
f 1443/1443/1443 1663/1663/1663 1666/1666/1666
f 1443/1443/1443 1666/1666/1666 1436/1436/1436
f 1452/1452/1452 1659/1659/1659 1662/1662/1662
f 1452/1452/1452 1662/1662/1662 1448/1448/1448
f 1454/1454/1454 1707/1707/1707 1667/1667/1667
f 1454/1454/1454 1667/1667/1667 1450/1450/1450
f 1456/1456/1456 1646/1646/1646 1649/1649/1649
f 1456/1456/1456 1649/1649/1649 1457/1457/1457
f 1460/1460/1460 1708/1708/1708 1659/1659/1659
f 1460/1460/1460 1659/1659/1659 1452/1452/1452
f 1462/1462/1462 1648/1648/1648 1654/1654/1654
f 1462/1462/1462 1654/1654/1654 1463/1463/1463
f 1417/1417/1417 1626/1626/1626 1629/1629/1629
f 1417/1417/1417 1629/1629/1629 1408/1408/1408
f 1457/1457/1457 1649/1649/1649 1652/1652/1652
f 1457/1457/1457 1652/1652/1652 1465/1465/1465
f 1468/1468/1468 1644/1644/1644 1648/1648/1648
f 1468/1468/1468 1648/1648/1648 1462/1462/1462
f 1470/1470/1470 1642/1642/1642 1646/1646/1646
f 1470/1470/1470 1646/1646/1646 1456/1456/1456
f 1472/1472/1472 1640/1640/1640 1644/1644/1644
f 1472/1472/1472 1644/1644/1644 1468/1468/1468
f 1474/1474/1474 1638/1638/1638 1642/1642/1642
f 1474/1474/1474 1642/1642/1642 1470/1470/1470
f 1333/1333/1333 1636/1636/1636 1640/1640/1640
f 1333/1333/1333 1640/1640/1640 1472/1472/1472
f 1409/1409/1409 1632/1632/1632 1638/1638/1638
f 1409/1409/1409 1638/1638/1638 1474/1474/1474
f 1332/1332/1332 1633/1633/1633 1636/1636/1636
f 1332/1332/1332 1636/1636/1636 1333/1333/1333
f 1408/1408/1408 1629/1629/1629 1632/1632/1632
f 1408/1408/1408 1632/1632/1632 1409/1409/1409
f 1412/1412/1412 1622/1622/1622 1628/1628/1628
f 1412/1412/1412 1628/1628/1628 1413/1413/1413
f 1416/1416/1416 1623/1623/1623 1626/1626/1626
f 1416/1416/1416 1626/1626/1626 1417/1417/1417
f 1420/1420/1420 1619/1619/1619 1622/1622/1622
f 1420/1420/1420 1622/1622/1622 1412/1412/1412
f 1422/1422/1422 1686/1686/1686 1709/1709/1709
f 1422/1422/1422 1709/1709/1709 1423/1423/1423
f 1491/1491/1491 1614/1614/1614 1611/1611/1611
f 1491/1491/1491 1611/1611/1611 1486/1486/1486
f 1490/1490/1490 1552/1552/1552 1614/1614/1614
f 1490/1490/1490 1614/1614/1614 1491/1491/1491
f 1488/1488/1488 1564/1564/1564 1609/1609/1609
f 1488/1488/1488 1609/1609/1609 1484/1484/1484
f 1486/1486/1486 1611/1611/1611 1607/1607/1607
f 1486/1486/1486 1607/1607/1607 1480/1480/1480
f 1484/1484/1484 1609/1609/1609 1605/1605/1605
f 1484/1484/1484 1605/1605/1605 1404/1404/1404
f 1480/1480/1480 1607/1607/1607 1603/1603/1603
f 1480/1480/1480 1603/1603/1603 1481/1481/1481
f 1404/1404/1404 1605/1605/1605 1599/1599/1599
f 1404/1404/1404 1599/1599/1599 1405/1405/1405
f 1481/1481/1481 1603/1603/1603 1597/1597/1597
f 1481/1481/1481 1597/1597/1597 1542/1542/1542
f 1405/1405/1405 1599/1599/1599 1602/1602/1602
f 1405/1405/1405 1602/1602/1602 1710/1710/1710
f 1542/1542/1542 1597/1597/1597 1577/1577/1577
f 1542/1542/1542 1577/1577/1577 1543/1543/1543
f 1540/1540/1540 1595/1595/1595 1553/1553/1553
f 1540/1540/1540 1553/1553/1553 1500/1500/1500
f 1525/1525/1525 1593/1593/1593 1591/1591/1591
f 1525/1525/1525 1591/1591/1591 1538/1538/1538
f 1501/1501/1501 1556/1556/1556 1589/1589/1589
f 1501/1501/1501 1589/1589/1589 1536/1536/1536
f 1538/1538/1538 1591/1591/1591 1587/1587/1587
f 1538/1538/1538 1587/1587/1587 1534/1534/1534
f 1536/1536/1536 1589/1589/1589 1585/1585/1585
f 1536/1536/1536 1585/1585/1585 1532/1532/1532
f 1534/1534/1534 1587/1587/1587 1583/1583/1583
f 1534/1534/1534 1583/1583/1583 1530/1530/1530
f 1532/1532/1532 1585/1585/1585 1581/1581/1581
f 1532/1532/1532 1581/1581/1581 1528/1528/1528
f 1530/1530/1530 1583/1583/1583 1569/1569/1569
f 1530/1530/1530 1569/1569/1569 1514/1514/1514
f 1528/1528/1528 1581/1581/1581 1575/1575/1575
f 1528/1528/1528 1575/1575/1575 1522/1522/1522
f 1515/1515/1515 1571/1571/1571 1572/1572/1572
f 1515/1515/1515 1572/1572/1572 1518/1518/1518
f 1543/1543/1543 1577/1577/1577 1580/1580/1580
f 1543/1543/1543 1580/1580/1580 1711/1711/1711
f 1522/1522/1522 1575/1575/1575 1567/1567/1567
f 1522/1522/1522 1567/1567/1567 1512/1512/1512
f 1518/1518/1518 1572/1572/1572 1574/1574/1574
f 1518/1518/1518 1574/1574/1574 1519/1519/1519
f 1514/1514/1514 1569/1569/1569 1571/1571/1571
f 1514/1514/1514 1571/1571/1571 1515/1515/1515
f 1512/1512/1512 1567/1567/1567 1559/1559/1559
f 1512/1512/1512 1559/1559/1559 1506/1506/1506
f 1510/1510/1510 1565/1565/1565 1557/1557/1557
f 1510/1510/1510 1557/1557/1557 1504/1504/1504
f 1495/1495/1495 1478/1478/1478 1564/1564/1564
f 1495/1495/1495 1564/1564/1564 1488/1488/1488
f 1506/1506/1506 1559/1559/1559 1562/1562/1562
f 1506/1506/1506 1562/1562/1562 1507/1507/1507
f 1504/1504/1504 1557/1557/1557 1475/1475/1475
f 1504/1504/1504 1475/1475/1475 1494/1494/1494
f 1500/1500/1500 1553/1553/1553 1556/1556/1556
f 1500/1500/1500 1556/1556/1556 1501/1501/1501
f 1498/1498/1498 1549/1549/1549 1552/1552/1552
f 1498/1498/1498 1552/1552/1552 1490/1490/1490
f 1494/1494/1494 1475/1475/1475 1478/1478/1478
f 1494/1494/1494 1478/1478/1478 1495/1495/1495
f 1346/1346/1346 1410/1410/1410 1473/1473/1473
f 1346/1346/1346 1473/1473/1473 1342/1342/1342
f 1344/1344/1344 1334/1334/1334 1471/1471/1471
f 1344/1344/1344 1471/1471/1471 1340/1340/1340
f 1342/1342/1342 1473/1473/1473 1469/1469/1469
f 1342/1342/1342 1469/1469/1469 1336/1336/1336
f 1340/1340/1340 1471/1471/1471 1467/1467/1467
f 1340/1340/1340 1467/1467/1467 1328/1328/1328
f 1336/1336/1336 1469/1469/1469 1455/1455/1455
f 1336/1336/1336 1455/1455/1455 1337/1337/1337
f 1328/1328/1328 1467/1467/1467 1461/1461/1461
f 1328/1328/1328 1461/1461/1461 1329/1329/1329
f 1395/1395/1395 1458/1458/1458 1466/1466/1466
f 1395/1395/1395 1466/1466/1466 1401/1401/1401
f 1357/1357/1357 1418/1418/1418 1407/1407/1407
f 1357/1357/1357 1407/1407/1407 1350/1350/1350
f 1329/1329/1329 1461/1461/1461 1464/1464/1464
f 1329/1329/1329 1464/1464/1464 1399/1399/1399
f 1398/1398/1398 1459/1459/1459 1451/1451/1451
f 1398/1398/1398 1451/1451/1451 1392/1392/1392
f 1337/1337/1337 1455/1455/1455 1458/1458/1458
f 1337/1337/1337 1458/1458/1458 1395/1395/1395
f 1394/1394/1394 1453/1453/1453 1449/1449/1449
f 1394/1394/1394 1449/1449/1449 1390/1390/1390
f 1392/1392/1392 1451/1451/1451 1447/1447/1447
f 1392/1392/1392 1447/1447/1447 1388/1388/1388
f 1383/1383/1383 1444/1444/1444 1435/1435/1435
f 1383/1383/1383 1435/1435/1435 1376/1376/1376
f 1390/1390/1390 1449/1449/1449 1445/1445/1445
f 1390/1390/1390 1445/1445/1445 1386/1386/1386
f 1388/1388/1388 1447/1447/1447 1441/1441/1441
f 1388/1388/1388 1441/1441/1441 1382/1382/1382
f 1353/1353/1353 1414/1414/1414 1331/1331/1331
f 1353/1353/1353 1331/1331/1331 1348/1348/1348
f 1386/1386/1386 1445/1445/1445 1437/1437/1437
f 1386/1386/1386 1437/1437/1437 1378/1378/1378
f 1382/1382/1382 1441/1441/1441 1444/1444/1444
f 1382/1382/1382 1444/1444/1444 1383/1383/1383
f 1379/1379/1379 1440/1440/1440 1433/1433/1433
f 1379/1379/1379 1433/1433/1433 1374/1374/1374
f 1378/1378/1378 1437/1437/1437 1440/1440/1440
f 1378/1378/1378 1440/1440/1440 1379/1379/1379
f 1376/1376/1376 1435/1435/1435 1431/1431/1431
f 1376/1376/1376 1431/1431/1431 1372/1372/1372
f 1374/1374/1374 1433/1433/1433 1429/1429/1429
f 1374/1374/1374 1429/1429/1429 1370/1370/1370
f 1372/1372/1372 1431/1431/1431 1425/1425/1425
f 1372/1372/1372 1425/1425/1425 1366/1366/1366
f 1370/1370/1370 1429/1429/1429 1421/1421/1421
f 1370/1370/1370 1421/1421/1421 1362/1362/1362
f 1366/1366/1366 1425/1425/1425 1428/1428/1428
f 1366/1366/1366 1428/1428/1428 1367/1367/1367
f 1362/1362/1362 1421/1421/1421 1424/1424/1424
f 1362/1362/1362 1424/1424/1424 1363/1363/1363
f 1360/1360/1360 1419/1419/1419 1411/1411/1411
f 1360/1360/1360 1411/1411/1411 1352/1352/1352
f 1356/1356/1356 1415/1415/1415 1418/1418/1418
f 1356/1356/1356 1418/1418/1418 1357/1357/1357
f 1352/1352/1352 1411/1411/1411 1414/1414/1414
f 1352/1352/1352 1414/1414/1414 1353/1353/1353
f 1350/1350/1350 1407/1407/1407 1410/1410/1410
f 1350/1350/1350 1410/1410/1410 1346/1346/1346
f 1348/1348/1348 1331/1331/1331 1334/1334/1334
f 1348/1348/1348 1334/1334/1334 1344/1344/1344
f 1712/1712/1712 1713/1713/1713 1714/1714/1714
f 1712/1712/1712 1714/1714/1714 1715/1715/1715
f 1716/1716/1716 1717/1717/1717 1718/1718/1718
f 1716/1716/1716 1718/1718/1718 1719/1719/1719
f 1720/1720/1720 1721/1721/1721 1722/1722/1722
f 1720/1720/1720 1722/1722/1722 1723/1723/1723
f 1721/1721/1721 1712/1712/1712 1715/1715/1715
f 1721/1721/1721 1715/1715/1715 1722/1722/1722
f 1724/1724/1724 1725/1725/1725 1726/1726/1726
f 1724/1724/1724 1726/1726/1726 1727/1727/1727
f 1728/1728/1728 1720/1720/1720 1723/1723/1723
f 1728/1728/1728 1723/1723/1723 1729/1729/1729
f 1730/1730/1730 1731/1731/1731 1732/1732/1732
f 1730/1730/1730 1732/1732/1732 1733/1733/1733
f 1734/1734/1734 1724/1724/1724 1727/1727/1727
f 1734/1734/1734 1727/1727/1727 1735/1735/1735
f 1736/1736/1736 1728/1728/1728 1729/1729/1729
f 1736/1736/1736 1729/1729/1729 1737/1737/1737
f 1725/1725/1725 1716/1716/1716 1719/1719/1719
f 1725/1725/1725 1719/1719/1719 1726/1726/1726
f 1738/1738/1738 1739/1739/1739 1740/1740/1740
f 1738/1738/1738 1740/1740/1740 1741/1741/1741
f 1742/1742/1742 1743/1743/1743 1744/1744/1744
f 1742/1742/1742 1744/1744/1744 1745/1745/1745
f 1746/1746/1746 1747/1747/1747 1748/1748/1748
f 1746/1746/1746 1748/1748/1748 1749/1749/1749
f 1750/1750/1750 1738/1738/1738 1741/1741/1741
f 1750/1750/1750 1741/1741/1741 1751/1751/1751
f 1752/1752/1752 1742/1742/1742 1745/1745/1745
f 1752/1752/1752 1745/1745/1745 1753/1753/1753
f 1754/1754/1754 1755/1755/1755 1756/1756/1756
f 1754/1754/1754 1756/1756/1756 1757/1757/1757
f 1747/1747/1747 1750/1750/1750 1751/1751/1751
f 1747/1747/1747 1751/1751/1751 1748/1748/1748
f 1758/1758/1758 1752/1752/1752 1753/1753/1753
f 1758/1758/1758 1753/1753/1753 1759/1759/1759
f 1760/1760/1760 1746/1746/1746 1749/1749/1749
f 1760/1760/1760 1749/1749/1749 1761/1761/1761
f 1762/1762/1762 1758/1758/1758 1759/1759/1759
f 1762/1762/1762 1759/1759/1759 1763/1763/1763
f 1764/1764/1764 1760/1760/1760 1761/1761/1761
f 1764/1764/1764 1761/1761/1761 1765/1765/1765
f 1766/1766/1766 1762/1762/1762 1763/1763/1763
f 1766/1766/1766 1763/1763/1763 1767/1767/1767
f 1768/1768/1768 1764/1764/1764 1765/1765/1765
f 1768/1768/1768 1765/1765/1765 1769/1769/1769
f 1731/1731/1731 1766/1766/1766 1767/1767/1767
f 1731/1731/1731 1767/1767/1767 1732/1732/1732
f 1755/1755/1755 1768/1768/1768 1769/1769/1769
f 1755/1755/1755 1769/1769/1769 1756/1756/1756
f 1770/1770/1770 1771/1771/1771 1772/1772/1772
f 1770/1770/1770 1772/1772/1772 1773/1773/1773
f 1774/1774/1774 1775/1775/1775 1776/1776/1776
f 1774/1774/1774 1776/1776/1776 1777/1777/1777
f 1778/1778/1778 1770/1770/1770 1773/1773/1773
f 1778/1778/1778 1773/1773/1773 1779/1779/1779
f 1780/1780/1780 1774/1774/1774 1777/1777/1777
f 1780/1780/1780 1777/1777/1777 1781/1781/1781
f 1782/1782/1782 1778/1778/1778 1779/1779/1779
f 1782/1782/1782 1779/1779/1779 1783/1783/1783
f 1713/1713/1713 1780/1780/1780 1781/1781/1781
f 1713/1713/1713 1781/1781/1781 1714/1714/1714
f 1717/1717/1717 1782/1782/1782 1783/1783/1783
f 1717/1717/1717 1783/1783/1783 1718/1718/1718
f 1784/1784/1784 1785/1785/1785 1786/1786/1786
f 1784/1784/1784 1786/1786/1786 1787/1787/1787
f 1788/1788/1788 1789/1789/1789 1790/1790/1790
f 1788/1788/1788 1790/1790/1790 1791/1791/1791
f 1792/1792/1792 1793/1793/1793 1794/1794/1794
f 1792/1792/1792 1794/1794/1794 1795/1795/1795
f 1796/1796/1796 1797/1797/1797 1785/1785/1785
f 1796/1796/1796 1785/1785/1785 1784/1784/1784
f 1798/1798/1798 1799/1799/1799 1793/1793/1793
f 1798/1798/1798 1793/1793/1793 1792/1792/1792
f 1800/1800/1800 1801/1801/1801 1797/1797/1797
f 1800/1800/1800 1797/1797/1797 1796/1796/1796
f 1802/1802/1802 1803/1803/1803 1799/1799/1799
f 1802/1802/1802 1799/1799/1799 1798/1798/1798
f 1804/1804/1804 1805/1805/1805 1801/1801/1801
f 1804/1804/1804 1801/1801/1801 1800/1800/1800
f 1806/1806/1806 1807/1807/1807 1803/1803/1803
f 1806/1806/1806 1803/1803/1803 1802/1802/1802
f 1808/1808/1808 1809/1809/1809 1810/1810/1810
f 1808/1808/1808 1810/1810/1810 1811/1811/1811
f 1812/1812/1812 1813/1813/1813 1814/1814/1814
f 1812/1812/1812 1814/1814/1814 1815/1815/1815
f 1816/1816/1816 1817/1817/1817 1809/1809/1809
f 1816/1816/1816 1809/1809/1809 1808/1808/1808
f 1818/1818/1818 1819/1819/1819 1820/1820/1820
f 1818/1818/1818 1820/1820/1820 1821/1821/1821
f 1822/1822/1822 1823/1823/1823 1824/1824/1824
f 1822/1822/1822 1824/1824/1824 1825/1825/1825
f 1826/1826/1826 1827/1827/1827 1819/1819/1819
f 1826/1826/1826 1819/1819/1819 1818/1818/1818
f 1828/1828/1828 1829/1829/1829 1823/1823/1823
f 1828/1828/1828 1823/1823/1823 1822/1822/1822
f 1830/1830/1830 1831/1831/1831 1827/1827/1827
f 1830/1830/1830 1827/1827/1827 1826/1826/1826
f 1832/1832/1832 1833/1833/1833 1829/1829/1829
f 1832/1832/1832 1829/1829/1829 1828/1828/1828
f 1834/1834/1834 1835/1835/1835 1836/1836/1836
f 1834/1834/1834 1836/1836/1836 1837/1837/1837
f 1837/1837/1837 1836/1836/1836 1831/1831/1831
f 1837/1837/1837 1831/1831/1831 1830/1830/1830
f 1838/1838/1838 1839/1839/1839 1840/1840/1840
f 1838/1838/1838 1840/1840/1840 1841/1841/1841
f 1842/1842/1842 1843/1843/1843 1835/1835/1835
f 1842/1842/1842 1835/1835/1835 1834/1834/1834
f 1811/1811/1811 1810/1810/1810 1805/1805/1805
f 1811/1811/1811 1805/1805/1805 1804/1804/1804
f 1844/1844/1844 1845/1845/1845 1839/1839/1839
f 1844/1844/1844 1839/1839/1839 1838/1838/1838
f 1846/1846/1846 1847/1847/1847 1843/1843/1843
f 1846/1846/1846 1843/1843/1843 1842/1842/1842
f 1841/1841/1841 1840/1840/1840 1833/1833/1833
f 1841/1841/1841 1833/1833/1833 1832/1832/1832
f 1848/1848/1848 1849/1849/1849 1845/1845/1845
f 1848/1848/1848 1845/1845/1845 1844/1844/1844
f 1850/1850/1850 1851/1851/1851 1847/1847/1847
f 1850/1850/1850 1847/1847/1847 1846/1846/1846
f 1795/1795/1795 1794/1794/1794 1852/1852/1852
f 1795/1795/1795 1852/1852/1852 1853/1853/1853
f 1854/1854/1854 1855/1855/1855 1849/1849/1849
f 1854/1854/1854 1849/1849/1849 1848/1848/1848
f 1787/1787/1787 1786/1786/1786 1856/1856/1856
f 1787/1787/1787 1856/1856/1856 1857/1857/1857
f 1815/1815/1815 1814/1814/1814 1807/1807/1807
f 1815/1815/1815 1807/1807/1807 1806/1806/1806
f 1853/1853/1853 1852/1852/1852 1858/1858/1858
f 1853/1853/1853 1858/1858/1858 1859/1859/1859
f 1860/1860/1860 1861/1861/1861 1862/1862/1862
f 1860/1860/1860 1862/1862/1862 1863/1863/1863
f 1864/1864/1864 1865/1865/1865 1866/1866/1866
f 1864/1864/1864 1866/1866/1866 1867/1867/1867
f 1868/1868/1868 1869/1869/1869 1870/1870/1870
f 1868/1868/1868 1870/1870/1870 1871/1871/1871
f 1872/1872/1872 1873/1873/1873 1874/1874/1874
f 1872/1872/1872 1874/1874/1874 1875/1875/1875
f 1876/1876/1876 1877/1877/1877 1869/1869/1869
f 1876/1876/1876 1869/1869/1869 1868/1868/1868
f 1878/1878/1878 1879/1879/1879 1880/1880/1880
f 1878/1878/1878 1880/1880/1880 1881/1881/1881
f 1882/1882/1882 1883/1883/1883 1884/1884/1884
f 1882/1882/1882 1884/1884/1884 1885/1885/1885
f 1886/1886/1886 1887/1887/1887 1879/1879/1879
f 1886/1886/1886 1879/1879/1879 1878/1878/1878
f 1888/1888/1888 1889/1889/1889 1883/1883/1883
f 1888/1888/1888 1883/1883/1883 1882/1882/1882
f 1890/1890/1890 1891/1891/1891 1887/1887/1887
f 1890/1890/1890 1887/1887/1887 1886/1886/1886
f 1892/1892/1892 1893/1893/1893 1889/1889/1889
f 1892/1892/1892 1889/1889/1889 1888/1888/1888
f 1894/1894/1894 1895/1895/1895 1896/1896/1896
f 1894/1894/1894 1896/1896/1896 1897/1897/1897
f 1897/1897/1897 1896/1896/1896 1891/1891/1891
f 1897/1897/1897 1891/1891/1891 1890/1890/1890
f 1898/1898/1898 1899/1899/1899 1900/1900/1900
f 1898/1898/1898 1900/1900/1900 1901/1901/1901
f 1902/1902/1902 1903/1903/1903 1895/1895/1895
f 1902/1902/1902 1895/1895/1895 1894/1894/1894
f 1871/1871/1871 1870/1870/1870 1789/1789/1789
f 1871/1871/1871 1789/1789/1789 1788/1788/1788
f 1904/1904/1904 1905/1905/1905 1899/1899/1899
f 1904/1904/1904 1899/1899/1899 1898/1898/1898
f 1906/1906/1906 1907/1907/1907 1903/1903/1903
f 1906/1906/1906 1903/1903/1903 1902/1902/1902
f 1901/1901/1901 1900/1900/1900 1893/1893/1893
f 1901/1901/1901 1893/1893/1893 1892/1892/1892
f 1908/1908/1908 1909/1909/1909 1905/1905/1905
f 1908/1908/1908 1905/1905/1905 1904/1904/1904
f 1910/1910/1910 1911/1911/1911 1907/1907/1907
f 1910/1910/1910 1907/1907/1907 1906/1906/1906
f 1912/1912/1912 1913/1913/1913 1914/1914/1914
f 1912/1912/1912 1914/1914/1914 1915/1915/1915
f 1916/1916/1916 1917/1917/1917 1909/1909/1909
f 1916/1916/1916 1909/1909/1909 1908/1908/1908
f 1918/1918/1918 1919/1919/1919 1920/1920/1920
f 1918/1918/1918 1920/1920/1920 1921/1921/1921
f 1875/1875/1875 1874/1874/1874 1865/1865/1865
f 1875/1875/1875 1865/1865/1865 1864/1864/1864
f 1915/1915/1915 1914/1914/1914 1922/1922/1922
f 1915/1915/1915 1922/1922/1922 1923/1923/1923
f 1924/1924/1924 1925/1925/1925 1919/1919/1919
f 1924/1924/1924 1919/1919/1919 1918/1918/1918
f 1926/1926/1926 1927/1927/1927 1913/1913/1913
f 1926/1926/1926 1913/1913/1913 1912/1912/1912
f 1928/1928/1928 1929/1929/1929 1925/1925/1925
f 1928/1928/1928 1925/1925/1925 1924/1924/1924
f 1930/1930/1930 1931/1931/1931 1927/1927/1927
f 1930/1930/1930 1927/1927/1927 1926/1926/1926
f 1791/1791/1791 1790/1790/1790 1929/1929/1929
f 1791/1791/1791 1929/1929/1929 1928/1928/1928
f 1867/1867/1867 1866/1866/1866 1931/1931/1931
f 1867/1867/1867 1931/1931/1931 1930/1930/1930
f 1932/1932/1932 1933/1933/1933 1934/1934/1934
f 1932/1932/1932 1934/1934/1934 1935/1935/1935
f 1936/1936/1936 1937/1937/1937 1938/1938/1938
f 1936/1936/1936 1938/1938/1938 1939/1939/1939
f 1940/1940/1940 1941/1941/1941 1942/1942/1942
f 1940/1940/1940 1942/1942/1942 1943/1943/1943
f 1944/1944/1944 1945/1945/1945 1946/1946/1946
f 1944/1944/1944 1946/1946/1946 1947/1947/1947
f 1948/1948/1948 1949/1949/1949 1941/1941/1941
f 1948/1948/1948 1941/1941/1941 1940/1940/1940
f 1950/1950/1950 1951/1951/1951 1952/1952/1952
f 1950/1950/1950 1952/1952/1952 1953/1953/1953
f 1953/1953/1953 1952/1952/1952 1945/1945/1945
f 1953/1953/1953 1945/1945/1945 1944/1944/1944
f 1954/1954/1954 1955/1955/1955 1956/1956/1956
f 1954/1954/1954 1956/1956/1956 1957/1957/1957
f 1958/1958/1958 1959/1959/1959 1951/1951/1951
f 1958/1958/1958 1951/1951/1951 1950/1950/1950
f 1960/1960/1960 1961/1961/1961 1962/1962/1962
f 1960/1960/1960 1962/1962/1962 1963/1963/1963
f 1964/1964/1964 1965/1965/1965 1955/1955/1955
f 1964/1964/1964 1955/1955/1955 1954/1954/1954
f 1966/1966/1966 1967/1967/1967 1959/1959/1959
f 1966/1966/1966 1959/1959/1959 1958/1958/1958
f 1957/1957/1957 1956/1956/1956 1949/1949/1949
f 1957/1957/1957 1949/1949/1949 1948/1948/1948
f 1968/1968/1968 1969/1969/1969 1965/1965/1965
f 1968/1968/1968 1965/1965/1965 1964/1964/1964
f 1970/1970/1970 1971/1971/1971 1967/1967/1967
f 1970/1970/1970 1967/1967/1967 1966/1966/1966
f 1972/1972/1972 1973/1973/1973 1974/1974/1974
f 1972/1972/1972 1974/1974/1974 1975/1975/1975
f 1976/1976/1976 1977/1977/1977 1969/1969/1969
f 1976/1976/1976 1969/1969/1969 1968/1968/1968
f 1978/1978/1978 1979/1979/1979 1971/1971/1971
f 1978/1978/1978 1971/1971/1971 1970/1970/1970
f 1980/1980/1980 1981/1981/1981 1982/1982/1982
f 1980/1980/1980 1982/1982/1982 1983/1983/1983
f 1975/1975/1975 1974/1974/1974 1984/1984/1984
f 1975/1975/1975 1984/1984/1984 1985/1985/1985
f 1986/1986/1986 1987/1987/1987 1988/1988/1988
f 1986/1986/1986 1988/1988/1988 1989/1989/1989
f 1990/1990/1990 1991/1991/1991 1973/1973/1973
f 1990/1990/1990 1973/1973/1973 1972/1972/1972
f 1992/1992/1992 1993/1993/1993 1987/1987/1987
f 1992/1992/1992 1987/1987/1987 1986/1986/1986
f 1994/1994/1994 1995/1995/1995 1991/1991/1991
f 1994/1994/1994 1991/1991/1991 1990/1990/1990
f 1996/1996/1996 1997/1997/1997 1993/1993/1993
f 1996/1996/1996 1993/1993/1993 1992/1992/1992
f 1998/1998/1998 1999/1999/1999 1995/1995/1995
f 1998/1998/1998 1995/1995/1995 1994/1994/1994
f 1963/1963/1963 1962/1962/1962 1997/1997/1997
f 1963/1963/1963 1997/1997/1997 1996/1996/1996
f 1983/1983/1983 1982/1982/1982 1999/1999/1999
f 1983/1983/1983 1999/1999/1999 1998/1998/1998
f 2000/2000/2000 2001/2001/2001 1961/1961/1961
f 2000/2000/2000 1961/1961/1961 1960/1960/1960
f 2002/2002/2002 2003/2003/2003 1981/1981/1981
f 2002/2002/2002 1981/1981/1981 1980/1980/1980
f 1863/1863/1863 1862/1862/1862 2001/2001/2001
f 1863/1863/1863 2001/2001/2001 2000/2000/2000
f 1939/1939/1939 1938/1938/1938 2003/2003/2003
f 1939/1939/1939 2003/2003/2003 2002/2002/2002
f 2004/2004/2004 2005/2005/2005 2006/2006/2006
f 2004/2004/2004 2006/2006/2006 2007/2007/2007
f 2008/2008/2008 2009/2009/2009 2010/2010/2010
f 2008/2008/2008 2010/2010/2010 2011/2011/2011
f 2012/2012/2012 2013/2013/2013 2014/2014/2014
f 2012/2012/2012 2014/2014/2014 2015/2015/2015
f 2016/2016/2016 2017/2017/2017 1933/1933/1933
f 2016/2016/2016 1933/1933/1933 1932/1932/1932
f 2018/2018/2018 2019/2019/2019 2009/2009/2009
f 2018/2018/2018 2009/2009/2009 2008/2008/2008
f 1935/1935/1935 1934/1934/1934 2020/2020/2020
f 1935/1935/1935 2020/2020/2020 2021/2021/2021
f 2022/2022/2022 2023/2023/2023 2017/2017/2017
f 2022/2022/2022 2017/2017/2017 2016/2016/2016
f 2024/2024/2024 2025/2025/2025 2019/2019/2019
f 2024/2024/2024 2019/2019/2019 2018/2018/2018
f 2026/2026/2026 2027/2027/2027 2028/2028/2028
f 2026/2026/2026 2028/2028/2028 2029/2029/2029
f 2030/2030/2030 2004/2004/2004 2023/2023/2023
f 2030/2030/2030 2023/2023/2023 2022/2022/2022
f 2031/2031/2031 2032/2032/2032 2025/2025/2025
f 2031/2031/2031 2025/2025/2025 2024/2024/2024
f 2033/2033/2033 2034/2034/2034 2035/2035/2035
f 2033/2033/2033 2035/2035/2035 2036/2036/2036
f 2037/2037/2037 2005/2005/2005 2004/2004/2004
f 2037/2037/2037 2004/2004/2004 2030/2030/2030
f 2038/2038/2038 2039/2039/2039 2032/2032/2032
f 2038/2038/2038 2032/2032/2032 2031/2031/2031
f 2040/2040/2040 2041/2041/2041 2027/2027/2027
f 2040/2040/2040 2027/2027/2027 2026/2026/2026
f 2042/2042/2042 2043/2043/2043 2044/2044/2044
f 2042/2042/2042 2044/2044/2044 2045/2045/2045
f 2046/2046/2046 2047/2047/2047 2041/2041/2041
f 2046/2046/2046 2041/2041/2041 2040/2040/2040
f 2048/2048/2048 2049/2049/2049 2043/2043/2043
f 2048/2048/2048 2043/2043/2043 2042/2042/2042
f 2050/2050/2050 2051/2051/2051 2047/2047/2047
f 2050/2050/2050 2047/2047/2047 2046/2046/2046
f 2015/2015/2015 2014/2014/2014 2049/2049/2049
f 2015/2015/2015 2049/2049/2049 2048/2048/2048
f 2036/2036/2036 2035/2035/2035 2051/2051/2051
f 2036/2036/2036 2051/2051/2051 2050/2050/2050
f 2052/2052/2052 2053/2053/2053 2013/2013/2013
f 2052/2052/2052 2013/2013/2013 2012/2012/2012
f 2054/2054/2054 2055/2055/2055 2034/2034/2034
f 2054/2054/2054 2034/2034/2034 2033/2033/2033
f 2056/2056/2056 2057/2057/2057 2053/2053/2053
f 2056/2056/2056 2053/2053/2053 2052/2052/2052
f 2058/2058/2058 2059/2059/2059 2055/2055/2055
f 2058/2058/2058 2055/2055/2055 2054/2054/2054
f 2060/2060/2060 2061/2061/2061 2057/2057/2057
f 2060/2060/2060 2057/2057/2057 2056/2056/2056
f 2062/2062/2062 2063/2063/2063 2059/2059/2059
f 2062/2062/2062 2059/2059/2059 2058/2058/2058
f 2064/2064/2064 2065/2065/2065 2066/2066/2066
f 2064/2064/2064 2066/2066/2066 2067/2067/2067
f 2068/2068/2068 2069/2069/2069 2070/2070/2070
f 2068/2068/2068 2070/2070/2070 2071/2071/2071
f 2021/2021/2021 2020/2020/2020 2065/2065/2065
f 2021/2021/2021 2065/2065/2065 2064/2064/2064
f 2011/2011/2011 2010/2010/2010 2072/2072/2072
f 2011/2011/2011 2072/2072/2072 2073/2073/2073
f 2073/2073/2073 2072/2072/2072 2069/2069/2069
f 2073/2073/2073 2069/2069/2069 2068/2068/2068
f 2032/2032/2032 2039/2039/2039 2074/2074/2074
f 2032/2032/2032 2074/2074/2074 2075/2075/2075
f 2027/2027/2027 2041/2041/2041 2076/2076/2076
f 2027/2027/2027 2076/2076/2076 2077/2077/2077
f 2044/2044/2044 2043/2043/2043 2078/2078/2078
f 2044/2044/2044 2078/2078/2078 2079/2079/2079
f 2041/2041/2041 2047/2047/2047 2080/2080/2080
f 2041/2041/2041 2080/2080/2080 2076/2076/2076
f 2043/2043/2043 2049/2049/2049 2081/2081/2081
f 2043/2043/2043 2081/2081/2081 2078/2078/2078
f 2047/2047/2047 2051/2051/2051 2082/2082/2082
f 2047/2047/2047 2082/2082/2082 2080/2080/2080
f 2049/2049/2049 2014/2014/2014 2083/2083/2083
f 2049/2049/2049 2083/2083/2083 2081/2081/2081
f 2051/2051/2051 2035/2035/2035 2084/2084/2084
f 2051/2051/2051 2084/2084/2084 2082/2082/2082
f 2013/2013/2013 2053/2053/2053 2085/2085/2085
f 2013/2013/2013 2085/2085/2085 2086/2086/2086
f 2034/2034/2034 2055/2055/2055 2087/2087/2087
f 2034/2034/2034 2087/2087/2087 2088/2088/2088
f 2053/2053/2053 2057/2057/2057 2089/2089/2089
f 2053/2053/2053 2089/2089/2089 2085/2085/2085
f 2055/2055/2055 2059/2059/2059 2090/2090/2090
f 2055/2055/2055 2090/2090/2090 2087/2087/2087
f 2057/2057/2057 2061/2061/2061 2091/2091/2091
f 2057/2057/2057 2091/2091/2091 2089/2089/2089
f 2059/2059/2059 2063/2063/2063 2092/2092/2092
f 2059/2059/2059 2092/2092/2092 2090/2090/2090
f 2066/2066/2066 2065/2065/2065 2093/2093/2093
f 2066/2066/2066 2093/2093/2093 2094/2094/2094
f 2070/2070/2070 2069/2069/2069 2095/2095/2095
f 2070/2070/2070 2095/2095/2095 2096/2096/2096
f 2065/2065/2065 2020/2020/2020 2097/2097/2097
f 2065/2065/2065 2097/2097/2097 2093/2093/2093
f 2069/2069/2069 2072/2072/2072 2098/2098/2098
f 2069/2069/2069 2098/2098/2098 2095/2095/2095
f 1934/1934/1934 1933/1933/1933 2099/2099/2099
f 1934/1934/1934 2099/2099/2099 2100/2100/2100
f 2010/2010/2010 2009/2009/2009 2101/2101/2101
f 2010/2010/2010 2101/2101/2101 2102/2102/2102
f 2014/2014/2014 2013/2013/2013 2086/2086/2086
f 2014/2014/2014 2086/2086/2086 2083/2083/2083
f 1933/1933/1933 2017/2017/2017 2103/2103/2103
f 1933/1933/1933 2103/2103/2103 2099/2099/2099
f 2009/2009/2009 2019/2019/2019 2104/2104/2104
f 2009/2009/2009 2104/2104/2104 2101/2101/2101
f 2020/2020/2020 1934/1934/1934 2100/2100/2100
f 2020/2020/2020 2100/2100/2100 2097/2097/2097
f 2017/2017/2017 2023/2023/2023 2105/2105/2105
f 2017/2017/2017 2105/2105/2105 2103/2103/2103
f 2019/2019/2019 2025/2025/2025 2106/2106/2106
f 2019/2019/2019 2106/2106/2106 2104/2104/2104
f 2028/2028/2028 2027/2027/2027 2077/2077/2077
f 2028/2028/2028 2077/2077/2077 2107/2107/2107
f 2023/2023/2023 2004/2004/2004 2007/2007/2007
f 2023/2023/2023 2007/2007/2007 2105/2105/2105
f 2025/2025/2025 2032/2032/2032 2075/2075/2075
f 2025/2025/2025 2075/2075/2075 2106/2106/2106
f 2035/2035/2035 2034/2034/2034 2088/2088/2088
f 2035/2035/2035 2088/2088/2088 2084/2084/2084
f 2072/2072/2072 2010/2010/2010 2102/2102/2102
f 2072/2072/2072 2102/2102/2102 2098/2098/2098
f 2108/2108/2108 2109/2109/2109 2110/2110/2110
f 2108/2108/2108 2110/2110/2110 2111/2111/2111
f 2112/2112/2112 2113/2113/2113 2114/2114/2114
f 2112/2112/2112 2114/2114/2114 2115/2115/2115
f 2111/2111/2111 2110/2110/2110 2116/2116/2116
f 2111/2111/2111 2116/2116/2116 2117/2117/2117
f 2115/2115/2115 2114/2114/2114 2118/2118/2118
f 2115/2115/2115 2118/2118/2118 2119/2119/2119
f 2120/2120/2120 2121/2121/2121 2122/2122/2122
f 2120/2120/2120 2122/2122/2122 2123/2123/2123
f 2124/2124/2124 2125/2125/2125 2126/2126/2126
f 2124/2124/2124 2126/2126/2126 2127/2127/2127
f 2123/2123/2123 2122/2122/2122 2128/2128/2128
f 2123/2123/2123 2128/2128/2128 2129/2129/2129
f 2127/2127/2127 2126/2126/2126 2130/2130/2130
f 2127/2127/2127 2130/2130/2130 2131/2131/2131
f 2129/2129/2129 2128/2128/2128 2132/2132/2132
f 2129/2129/2129 2132/2132/2132 2133/2133/2133
f 2131/2131/2131 2130/2130/2130 2134/2134/2134
f 2131/2131/2131 2134/2134/2134 2135/2135/2135
f 2133/2133/2133 2132/2132/2132 2136/2136/2136
f 2133/2133/2133 2136/2136/2136 2137/2137/2137
f 2135/2135/2135 2134/2134/2134 2138/2138/2138
f 2135/2135/2135 2138/2138/2138 2139/2139/2139
f 2140/2140/2140 2141/2141/2141 2142/2142/2142
f 2140/2140/2140 2142/2142/2142 2143/2143/2143
f 2117/2117/2117 2116/2116/2116 2121/2121/2121
f 2117/2117/2117 2121/2121/2121 2120/2120/2120
f 2139/2139/2139 2138/2138/2138 2144/2144/2144
f 2139/2139/2139 2144/2144/2144 2145/2145/2145
f 2146/2146/2146 2147/2147/2147 2148/2148/2148
f 2146/2146/2146 2148/2148/2148 2149/2149/2149
f 2137/2137/2137 2136/2136/2136 2141/2141/2141
f 2137/2137/2137 2141/2141/2141 2140/2140/2140
f 2150/2150/2150 2151/2151/2151 2152/2152/2152
f 2150/2150/2150 2152/2152/2152 2153/2153/2153
f 2149/2149/2149 2148/2148/2148 2154/2154/2154
f 2149/2149/2149 2154/2154/2154 2155/2155/2155
f 2156/2156/2156 2157/2157/2157 2158/2158/2158
f 2156/2156/2156 2158/2158/2158 2159/2159/2159
f 2153/2153/2153 2152/2152/2152 2160/2160/2160
f 2153/2153/2153 2160/2160/2160 2161/2161/2161
f 2155/2155/2155 2154/2154/2154 2162/2162/2162
f 2155/2155/2155 2162/2162/2162 2163/2163/2163
f 2119/2119/2119 2118/2118/2118 2125/2125/2125
f 2119/2119/2119 2125/2125/2125 2124/2124/2124
f 2161/2161/2161 2160/2160/2160 2164/2164/2164
f 2161/2161/2161 2164/2164/2164 2165/2165/2165
f 2163/2163/2163 2162/2162/2162 2157/2157/2157
f 2163/2163/2163 2157/2157/2157 2156/2156/2156
f 2166/2166/2166 2167/2167/2167 2168/2168/2168
f 2166/2166/2166 2168/2168/2168 2169/2169/2169
f 2165/2165/2165 2164/2164/2164 2167/2167/2167
f 2165/2165/2165 2167/2167/2167 2166/2166/2166
f 2159/2159/2159 2158/2158/2158 2170/2170/2170
f 2159/2159/2159 2170/2170/2170 2171/2171/2171
f 2169/2169/2169 2168/2168/2168 2172/2172/2172
f 2169/2169/2169 2172/2172/2172 2173/2173/2173
f 2171/2171/2171 2170/2170/2170 2174/2174/2174
f 2171/2171/2171 2174/2174/2174 2175/2175/2175
f 2176/2176/2176 2177/2177/2177 2109/2109/2109
f 2176/2176/2176 2109/2109/2109 2108/2108/2108
f 2178/2178/2178 2179/2179/2179 2113/2113/2113
f 2178/2178/2178 2113/2113/2113 2112/2112/2112
f 2109/2109/2109 1939/1939/1939 2002/2002/2002
f 2109/2109/2109 2002/2002/2002 2110/2110/2110
f 2113/2113/2113 1863/1863/1863 2000/2000/2000
f 2113/2113/2113 2000/2000/2000 2114/2114/2114
f 2110/2110/2110 2002/2002/2002 1980/1980/1980
f 2110/2110/2110 1980/1980/1980 2116/2116/2116
f 2114/2114/2114 2000/2000/2000 1960/1960/1960
f 2114/2114/2114 1960/1960/1960 2118/2118/2118
f 2121/2121/2121 1983/1983/1983 1998/1998/1998
f 2121/2121/2121 1998/1998/1998 2122/2122/2122
f 2125/2125/2125 1963/1963/1963 1996/1996/1996
f 2125/2125/2125 1996/1996/1996 2126/2126/2126
f 2122/2122/2122 1998/1998/1998 1994/1994/1994
f 2122/2122/2122 1994/1994/1994 2128/2128/2128
f 2126/2126/2126 1996/1996/1996 1992/1992/1992
f 2126/2126/2126 1992/1992/1992 2130/2130/2130
f 2128/2128/2128 1994/1994/1994 1990/1990/1990
f 2128/2128/2128 1990/1990/1990 2132/2132/2132
f 2130/2130/2130 1992/1992/1992 1986/1986/1986
f 2130/2130/2130 1986/1986/1986 2134/2134/2134
f 2132/2132/2132 1990/1990/1990 1972/1972/1972
f 2132/2132/2132 1972/1972/1972 2136/2136/2136
f 2134/2134/2134 1986/1986/1986 1989/1989/1989
f 2134/2134/2134 1989/1989/1989 2138/2138/2138
f 2141/2141/2141 1975/1975/1975 1985/1985/1985
f 2141/2141/2141 1985/1985/1985 2142/2142/2142
f 2116/2116/2116 1980/1980/1980 1983/1983/1983
f 2116/2116/2116 1983/1983/1983 2121/2121/2121
f 2180/2180/2180 1978/1978/1978 1970/1970/1970
f 2180/2180/2180 1970/1970/1970 2181/2181/2181
f 2182/2182/2182 1976/1976/1976 1968/1968/1968
f 2182/2182/2182 1968/1968/1968 2183/2183/2183
f 2136/2136/2136 1972/1972/1972 1975/1975/1975
f 2136/2136/2136 1975/1975/1975 2141/2141/2141
f 2181/2181/2181 1970/1970/1970 1966/1966/1966
f 2181/2181/2181 1966/1966/1966 2184/2184/2184
f 2183/2183/2183 1968/1968/1968 1964/1964/1964
f 2183/2183/2183 1964/1964/1964 2185/2185/2185
f 2186/2186/2186 1957/1957/1957 1948/1948/1948
f 2186/2186/2186 1948/1948/1948 2187/2187/2187
f 2184/2184/2184 1966/1966/1966 1958/1958/1958
f 2184/2184/2184 1958/1958/1958 2188/2188/2188
f 2185/2185/2185 1964/1964/1964 1954/1954/1954
f 2185/2185/2185 1954/1954/1954 2189/2189/2189
f 2118/2118/2118 1960/1960/1960 1963/1963/1963
f 2118/2118/2118 1963/1963/1963 2125/2125/2125
f 2188/2188/2188 1958/1958/1958 1950/1950/1950
f 2188/2188/2188 1950/1950/1950 2190/2190/2190
f 2189/2189/2189 1954/1954/1954 1957/1957/1957
f 2189/2189/2189 1957/1957/1957 2186/2186/2186
f 2191/2191/2191 1953/1953/1953 1944/1944/1944
f 2191/2191/2191 1944/1944/1944 2192/2192/2192
f 2190/2190/2190 1950/1950/1950 1953/1953/1953
f 2190/2190/2190 1953/1953/1953 2191/2191/2191
f 2187/2187/2187 1948/1948/1948 1940/1940/1940
f 2187/2187/2187 1940/1940/1940 2193/2193/2193
f 2194/2194/2194 2195/2195/2195 1936/1936/1936
f 2194/2194/2194 1936/1936/1936 2177/2177/2177
f 2196/2196/2196 2197/2197/2197 1860/1860/1860
f 2196/2196/2196 1860/1860/1860 2179/2179/2179
f 2177/2177/2177 1936/1936/1936 1939/1939/1939
f 2177/2177/2177 1939/1939/1939 2109/2109/2109
f 2179/2179/2179 1860/1860/1860 1863/1863/1863
f 2179/2179/2179 1863/1863/1863 2113/2113/2113
f 2198/2198/2198 2178/2178/2178 2112/2112/2112
f 2198/2198/2198 2112/2112/2112 1877/1877/1877
f 1887/1887/1887 2173/2173/2173 2199/2199/2199
f 1887/1887/1887 2199/2199/2199 1879/1879/1879
f 1889/1889/1889 2171/2171/2171 2175/2175/2175
f 1889/1889/1889 2175/2175/2175 1883/1883/1883
f 1891/1891/1891 2169/2169/2169 2173/2173/2173
f 1891/1891/1891 2173/2173/2173 1887/1887/1887
f 1893/1893/1893 2159/2159/2159 2171/2171/2171
f 1893/1893/1893 2171/2171/2171 1889/1889/1889
f 1895/1895/1895 2165/2165/2165 2166/2166/2166
f 1895/1895/1895 2166/2166/2166 1896/1896/1896
f 1896/1896/1896 2166/2166/2166 2169/2169/2169
f 1896/1896/1896 2169/2169/2169 1891/1891/1891
f 1899/1899/1899 2163/2163/2163 2156/2156/2156
f 1899/1899/1899 2156/2156/2156 1900/1900/1900
f 1903/1903/1903 2161/2161/2161 2165/2165/2165
f 1903/1903/1903 2165/2165/2165 1895/1895/1895
f 1870/1870/1870 2119/2119/2119 2124/2124/2124
f 1870/1870/1870 2124/2124/2124 1789/1789/1789
f 1905/1905/1905 2155/2155/2155 2163/2163/2163
f 1905/1905/1905 2163/2163/2163 1899/1899/1899
f 1907/1907/1907 2153/2153/2153 2161/2161/2161
f 1907/1907/1907 2161/2161/2161 1903/1903/1903
f 1900/1900/1900 2156/2156/2156 2159/2159/2159
f 1900/1900/1900 2159/2159/2159 1893/1893/1893
f 1909/1909/1909 2149/2149/2149 2155/2155/2155
f 1909/1909/1909 2155/2155/2155 1905/1905/1905
f 1911/1911/1911 2150/2150/2150 2153/2153/2153
f 1911/1911/1911 2153/2153/2153 1907/1907/1907
f 1913/1913/1913 2137/2137/2137 2140/2140/2140
f 1913/1913/1913 2140/2140/2140 1914/1914/1914
f 1917/1917/1917 2146/2146/2146 2149/2149/2149
f 1917/1917/1917 2149/2149/2149 1909/1909/1909
f 1919/1919/1919 2139/2139/2139 2145/2145/2145
f 1919/1919/1919 2145/2145/2145 1920/1920/1920
f 1874/1874/1874 2117/2117/2117 2120/2120/2120
f 1874/1874/1874 2120/2120/2120 1865/1865/1865
f 1914/1914/1914 2140/2140/2140 2143/2143/2143
f 1914/1914/1914 2143/2143/2143 1922/1922/1922
f 1925/1925/1925 2135/2135/2135 2139/2139/2139
f 1925/1925/1925 2139/2139/2139 1919/1919/1919
f 1927/1927/1927 2133/2133/2133 2137/2137/2137
f 1927/1927/1927 2137/2137/2137 1913/1913/1913
f 1929/1929/1929 2131/2131/2131 2135/2135/2135
f 1929/1929/1929 2135/2135/2135 1925/1925/1925
f 1931/1931/1931 2129/2129/2129 2133/2133/2133
f 1931/1931/1931 2133/2133/2133 1927/1927/1927
f 1790/1790/1790 2127/2127/2127 2131/2131/2131
f 1790/1790/1790 2131/2131/2131 1929/1929/1929
f 1866/1866/1866 2123/2123/2123 2129/2129/2129
f 1866/1866/1866 2129/2129/2129 1931/1931/1931
f 1789/1789/1789 2124/2124/2124 2127/2127/2127
f 1789/1789/1789 2127/2127/2127 1790/1790/1790
f 1865/1865/1865 2120/2120/2120 2123/2123/2123
f 1865/1865/1865 2123/2123/2123 1866/1866/1866
f 1869/1869/1869 2115/2115/2115 2119/2119/2119
f 1869/1869/1869 2119/2119/2119 1870/1870/1870
f 1873/1873/1873 2111/2111/2111 2117/2117/2117
f 1873/1873/1873 2117/2117/2117 1874/1874/1874
f 1877/1877/1877 2112/2112/2112 2115/2115/2115
f 1877/1877/1877 2115/2115/2115 1869/1869/1869
f 2200/2200/2200 2108/2108/2108 2111/2111/2111
f 2200/2200/2200 2111/2111/2111 1873/1873/1873
f 1952/1952/1952 2073/2073/2073 2068/2068/2068
f 1952/1952/1952 2068/2068/2068 1945/1945/1945
f 1951/1951/1951 2011/2011/2011 2073/2073/2073
f 1951/1951/1951 2073/2073/2073 1952/1952/1952
f 1949/1949/1949 2021/2021/2021 2064/2064/2064
f 1949/1949/1949 2064/2064/2064 1941/1941/1941
f 1945/1945/1945 2068/2068/2068 2071/2071/2071
f 1945/1945/1945 2071/2071/2071 1946/1946/1946
f 1941/1941/1941 2064/2064/2064 2067/2067/2067
f 1941/1941/1941 2067/2067/2067 1942/1942/1942
f 1937/1937/1937 2062/2062/2062 2058/2058/2058
f 1937/1937/1937 2058/2058/2058 1938/1938/1938
f 1861/1861/1861 2060/2060/2060 2056/2056/2056
f 1861/1861/1861 2056/2056/2056 1862/1862/1862
f 1938/1938/1938 2058/2058/2058 2054/2054/2054
f 1938/1938/1938 2054/2054/2054 2003/2003/2003
f 1862/1862/1862 2056/2056/2056 2052/2052/2052
f 1862/1862/1862 2052/2052/2052 2001/2001/2001
f 2003/2003/2003 2054/2054/2054 2033/2033/2033
f 2003/2003/2003 2033/2033/2033 1981/1981/1981
f 2001/2001/2001 2052/2052/2052 2012/2012/2012
f 2001/2001/2001 2012/2012/2012 1961/1961/1961
f 1982/1982/1982 2036/2036/2036 2050/2050/2050
f 1982/1982/1982 2050/2050/2050 1999/1999/1999
f 1962/1962/1962 2015/2015/2015 2048/2048/2048
f 1962/1962/1962 2048/2048/2048 1997/1997/1997
f 1999/1999/1999 2050/2050/2050 2046/2046/2046
f 1999/1999/1999 2046/2046/2046 1995/1995/1995
f 1997/1997/1997 2048/2048/2048 2042/2042/2042
f 1997/1997/1997 2042/2042/2042 1993/1993/1993
f 1995/1995/1995 2046/2046/2046 2040/2040/2040
f 1995/1995/1995 2040/2040/2040 1991/1991/1991
f 1993/1993/1993 2042/2042/2042 2045/2045/2045
f 1993/1993/1993 2045/2045/2045 1987/1987/1987
f 1991/1991/1991 2040/2040/2040 2026/2026/2026
f 1991/1991/1991 2026/2026/2026 1973/1973/1973
f 2201/2201/2201 2038/2038/2038 2031/2031/2031
f 2201/2201/2201 2031/2031/2031 1979/1979/1979
f 2202/2202/2202 2037/2037/2037 2030/2030/2030
f 2202/2202/2202 2030/2030/2030 1977/1977/1977
f 1981/1981/1981 2033/2033/2033 2036/2036/2036
f 1981/1981/1981 2036/2036/2036 1982/1982/1982
f 1979/1979/1979 2031/2031/2031 2024/2024/2024
f 1979/1979/1979 2024/2024/2024 1971/1971/1971
f 1977/1977/1977 2030/2030/2030 2022/2022/2022
f 1977/1977/1977 2022/2022/2022 1969/1969/1969
f 1973/1973/1973 2026/2026/2026 2029/2029/2029
f 1973/1973/1973 2029/2029/2029 1974/1974/1974
f 1971/1971/1971 2024/2024/2024 2018/2018/2018
f 1971/1971/1971 2018/2018/2018 1967/1967/1967
f 1969/1969/1969 2022/2022/2022 2016/2016/2016
f 1969/1969/1969 2016/2016/2016 1965/1965/1965
f 1956/1956/1956 1935/1935/1935 2021/2021/2021
f 1956/1956/1956 2021/2021/2021 1949/1949/1949
f 1967/1967/1967 2018/2018/2018 2008/2008/2008
f 1967/1967/1967 2008/2008/2008 1959/1959/1959
f 1965/1965/1965 2016/2016/2016 1932/1932/1932
f 1965/1965/1965 1932/1932/1932 1955/1955/1955
f 1961/1961/1961 2012/2012/2012 2015/2015/2015
f 1961/1961/1961 2015/2015/2015 1962/1962/1962
f 1959/1959/1959 2008/2008/2008 2011/2011/2011
f 1959/1959/1959 2011/2011/2011 1951/1951/1951
f 1955/1955/1955 1932/1932/1932 1935/1935/1935
f 1955/1955/1955 1935/1935/1935 1956/1956/1956
f 1803/1803/1803 1867/1867/1867 1930/1930/1930
f 1803/1803/1803 1930/1930/1930 1799/1799/1799
f 1801/1801/1801 1791/1791/1791 1928/1928/1928
f 1801/1801/1801 1928/1928/1928 1797/1797/1797
f 1799/1799/1799 1930/1930/1930 1926/1926/1926
f 1799/1799/1799 1926/1926/1926 1793/1793/1793
f 1797/1797/1797 1928/1928/1928 1924/1924/1924
f 1797/1797/1797 1924/1924/1924 1785/1785/1785
f 1793/1793/1793 1926/1926/1926 1912/1912/1912
f 1793/1793/1793 1912/1912/1912 1794/1794/1794
f 1785/1785/1785 1924/1924/1924 1918/1918/1918
f 1785/1785/1785 1918/1918/1918 1786/1786/1786
f 1852/1852/1852 1915/1915/1915 1923/1923/1923
f 1852/1852/1852 1923/1923/1923 1858/1858/1858
f 1814/1814/1814 1875/1875/1875 1864/1864/1864
f 1814/1814/1814 1864/1864/1864 1807/1807/1807
f 1786/1786/1786 1918/1918/1918 1921/1921/1921
f 1786/1786/1786 1921/1921/1921 1856/1856/1856
f 1855/1855/1855 1916/1916/1916 1908/1908/1908
f 1855/1855/1855 1908/1908/1908 1849/1849/1849
f 1794/1794/1794 1912/1912/1912 1915/1915/1915
f 1794/1794/1794 1915/1915/1915 1852/1852/1852
f 1851/1851/1851 1910/1910/1910 1906/1906/1906
f 1851/1851/1851 1906/1906/1906 1847/1847/1847
f 1849/1849/1849 1908/1908/1908 1904/1904/1904
f 1849/1849/1849 1904/1904/1904 1845/1845/1845
f 1840/1840/1840 1901/1901/1901 1892/1892/1892
f 1840/1840/1840 1892/1892/1892 1833/1833/1833
f 1847/1847/1847 1906/1906/1906 1902/1902/1902
f 1847/1847/1847 1902/1902/1902 1843/1843/1843
f 1845/1845/1845 1904/1904/1904 1898/1898/1898
f 1845/1845/1845 1898/1898/1898 1839/1839/1839
f 1810/1810/1810 1871/1871/1871 1788/1788/1788
f 1810/1810/1810 1788/1788/1788 1805/1805/1805
f 1843/1843/1843 1902/1902/1902 1894/1894/1894
f 1843/1843/1843 1894/1894/1894 1835/1835/1835
f 1839/1839/1839 1898/1898/1898 1901/1901/1901
f 1839/1839/1839 1901/1901/1901 1840/1840/1840
f 1836/1836/1836 1897/1897/1897 1890/1890/1890
f 1836/1836/1836 1890/1890/1890 1831/1831/1831
f 1835/1835/1835 1894/1894/1894 1897/1897/1897
f 1835/1835/1835 1897/1897/1897 1836/1836/1836
f 1833/1833/1833 1892/1892/1892 1888/1888/1888
f 1833/1833/1833 1888/1888/1888 1829/1829/1829
f 1831/1831/1831 1890/1890/1890 1886/1886/1886
f 1831/1831/1831 1886/1886/1886 1827/1827/1827
f 1829/1829/1829 1888/1888/1888 1882/1882/1882
f 1829/1829/1829 1882/1882/1882 1823/1823/1823
f 1827/1827/1827 1886/1886/1886 1878/1878/1878
f 1827/1827/1827 1878/1878/1878 1819/1819/1819
f 1823/1823/1823 1882/1882/1882 1885/1885/1885
f 1823/1823/1823 1885/1885/1885 1824/1824/1824
f 1819/1819/1819 1878/1878/1878 1881/1881/1881
f 1819/1819/1819 1881/1881/1881 1820/1820/1820
f 1817/1817/1817 1876/1876/1876 1868/1868/1868
f 1817/1817/1817 1868/1868/1868 1809/1809/1809
f 1813/1813/1813 1872/1872/1872 1875/1875/1875
f 1813/1813/1813 1875/1875/1875 1814/1814/1814
f 1809/1809/1809 1868/1868/1868 1871/1871/1871
f 1809/1809/1809 1871/1871/1871 1810/1810/1810
f 1807/1807/1807 1864/1864/1864 1867/1867/1867
f 1807/1807/1807 1867/1867/1867 1803/1803/1803
f 1805/1805/1805 1788/1788/1788 1791/1791/1791
f 1805/1805/1805 1791/1791/1791 1801/1801/1801
f 2203/2203/2203 2204/2204/2204 2205/2205/2205
f 2206/2206/2206 2207/2207/2207 2208/2208/2208
f 2206/2206/2206 2208/2208/2208 2209/2209/2209
f 2210/2210/2210 2211/2211/2211 2212/2212/2212
f 2210/2210/2210 2212/2212/2212 2213/2213/2213
f 2214/2214/2214 2215/2215/2215 2216/2216/2216
f 2214/2214/2214 2216/2216/2216 2217/2217/2217
f 2218/2218/2218 2219/2219/2219 2220/2220/2220
f 2218/2218/2218 2220/2220/2220 2221/2221/2221
f 2222/2222/2222 2210/2210/2210 2213/2213/2213
f 2222/2222/2222 2213/2213/2213 2223/2223/2223
f 2224/2224/2224 2225/2225/2225 2226/2226/2226
f 2224/2224/2224 2226/2226/2226 2227/2227/2227
f 2228/2228/2228 2222/2222/2222 2223/2223/2223
f 2228/2228/2228 2223/2223/2223 2229/2229/2229
f 2230/2230/2230 2224/2224/2224 2227/2227/2227
f 2230/2230/2230 2227/2227/2227 2231/2231/2231
f 2232/2232/2232 2228/2228/2228 2229/2229/2229
f 2232/2232/2232 2229/2229/2229 2233/2233/2233
f 2234/2234/2234 2230/2230/2230 2231/2231/2231
f 2234/2234/2234 2231/2231/2231 2235/2235/2235
f 2236/2236/2236 2232/2232/2232 2233/2233/2233
f 2236/2236/2236 2233/2233/2233 2237/2237/2237
f 2215/2215/2215 2234/2234/2234 2235/2235/2235
f 2215/2215/2215 2235/2235/2235 2216/2216/2216
f 2238/2238/2238 2239/2239/2239 2240/2240/2240
f 2238/2238/2238 2240/2240/2240 2241/2241/2241
f 2242/2242/2242 2214/2214/2214 2217/2217/2217
f 2242/2242/2242 2217/2217/2217 2243/2243/2243
f 2244/2244/2244 2238/2238/2238 2241/2241/2241
f 2244/2244/2244 2241/2241/2241 2245/2245/2245
f 2246/2246/2246 2247/2247/2247 2248/2248/2248
f 2246/2246/2246 2248/2248/2248 2249/2249/2249
f 2250/2250/2250 2251/2251/2251 2252/2252/2252
f 2250/2250/2250 2252/2252/2252 2253/2253/2253
f 2254/2254/2254 2246/2246/2246 2249/2249/2249
f 2254/2254/2254 2249/2249/2249 2255/2255/2255
f 2256/2256/2256 2250/2250/2250 2253/2253/2253
f 2256/2256/2256 2253/2253/2253 2257/2257/2257
f 2258/2258/2258 2254/2254/2254 2255/2255/2255
f 2258/2258/2258 2255/2255/2255 2259/2259/2259
f 2260/2260/2260 2256/2256/2256 2257/2257/2257
f 2260/2260/2260 2257/2257/2257 2261/2261/2261
f 2262/2262/2262 2263/2263/2263 2264/2264/2264
f 2262/2262/2262 2264/2264/2264 2265/2265/2265
f 2263/2263/2263 2258/2258/2258 2259/2259/2259
f 2263/2263/2263 2259/2259/2259 2264/2264/2264
f 2266/2266/2266 2267/2267/2267 2268/2268/2268
f 2266/2266/2266 2268/2268/2268 2269/2269/2269
f 2270/2270/2270 2262/2262/2262 2265/2265/2265
f 2270/2270/2270 2265/2265/2265 2271/2271/2271
f 2239/2239/2239 2236/2236/2236 2237/2237/2237
f 2239/2239/2239 2237/2237/2237 2240/2240/2240
f 2272/2272/2272 2266/2266/2266 2269/2269/2269
f 2272/2272/2272 2269/2269/2269 2273/2273/2273
f 2274/2274/2274 2270/2270/2270 2271/2271/2271
f 2274/2274/2274 2271/2271/2271 2275/2275/2275
f 2267/2267/2267 2260/2260/2260 2261/2261/2261
f 2267/2267/2267 2261/2261/2261 2268/2268/2268
f 2207/2207/2207 2272/2272/2272 2273/2273/2273
f 2207/2207/2207 2273/2273/2273 2208/2208/2208
f 2276/2276/2276 2274/2274/2274 2275/2275/2275
f 2276/2276/2276 2275/2275/2275 2277/2277/2277
f 2225/2225/2225 2218/2218/2218 2221/2221/2221
f 2225/2225/2225 2221/2221/2221 2226/2226/2226
f 2278/2278/2278 2279/2279/2279 2280/2280/2280
f 2278/2278/2278 2280/2280/2280 2281/2281/2281
f 2282/2282/2282 2283/2283/2283 2284/2284/2284
f 2282/2282/2282 2284/2284/2284 2285/2285/2285
f 2286/2286/2286 2287/2287/2287 2288/2288/2288
f 2286/2286/2286 2288/2288/2288 2289/2289/2289
f 2290/2290/2290 2291/2291/2291 2292/2292/2292
f 2290/2290/2290 2292/2292/2292 2293/2293/2293
f 2285/2285/2285 2284/2284/2284 2294/2294/2294
f 2285/2285/2285 2294/2294/2294 2295/2295/2295
f 2289/2289/2289 2288/2288/2288 2296/2296/2296
f 2289/2289/2289 2296/2296/2296 2297/2297/2297
f 2298/2298/2298 2299/2299/2299 2300/2300/2300
f 2298/2298/2298 2300/2300/2300 2301/2301/2301
f 2295/2295/2295 2294/2294/2294 2302/2302/2302
f 2295/2295/2295 2302/2302/2302 2303/2303/2303
f 2297/2297/2297 2296/2296/2296 2291/2291/2291
f 2297/2297/2297 2291/2291/2291 2290/2290/2290
f 2304/2304/2304 2305/2305/2305 2306/2306/2306
f 2304/2304/2304 2306/2306/2306 2307/2307/2307
f 2303/2303/2303 2302/2302/2302 2305/2305/2305
f 2303/2303/2303 2305/2305/2305 2304/2304/2304
f 2293/2293/2293 2292/2292/2292 2308/2308/2308
f 2293/2293/2293 2308/2308/2308 2309/2309/2309
f 2307/2307/2307 2306/2306/2306 2310/2310/2310
f 2307/2307/2307 2310/2310/2310 2311/2311/2311
f 2312/2312/2312 2313/2313/2313 2314/2314/2314
f 2312/2312/2312 2314/2314/2314 2315/2315/2315
f 2311/2311/2311 2310/2310/2310 2316/2316/2316
f 2311/2311/2311 2316/2316/2316 2317/2317/2317
f 2315/2315/2315 2314/2314/2314 2318/2318/2318
f 2315/2315/2315 2318/2318/2318 2319/2319/2319
f 2320/2320/2320 2321/2321/2321 2322/2322/2322
f 2320/2320/2320 2322/2322/2322 2323/2323/2323
f 2319/2319/2319 2318/2318/2318 2324/2324/2324
f 2319/2319/2319 2324/2324/2324 2325/2325/2325
f 2323/2323/2323 2322/2322/2322 2326/2326/2326
f 2323/2323/2323 2326/2326/2326 2327/2327/2327
f 2325/2325/2325 2324/2324/2324 2299/2299/2299
f 2325/2325/2325 2299/2299/2299 2298/2298/2298
f 2328/2328/2328 2329/2329/2329 2330/2330/2330
f 2328/2328/2328 2330/2330/2330 2331/2331/2331
f 2301/2301/2301 2300/2300/2300 2332/2332/2332
f 2301/2301/2301 2332/2332/2332 2333/2333/2333
f 2331/2331/2331 2330/2330/2330 2334/2334/2334
f 2331/2331/2331 2334/2334/2334 2335/2335/2335
f 2333/2333/2333 2332/2332/2332 2336/2336/2336
f 2333/2333/2333 2336/2336/2336 2337/2337/2337
f 2335/2335/2335 2334/2334/2334 2338/2338/2338
f 2335/2335/2335 2338/2338/2338 2339/2339/2339
f 2337/2337/2337 2336/2336/2336 2340/2340/2340
f 2337/2337/2337 2340/2340/2340 2341/2341/2341
f 2339/2339/2339 2338/2338/2338 2342/2342/2342
f 2339/2339/2339 2342/2342/2342 2343/2343/2343
f 2341/2341/2341 2340/2340/2340 2344/2344/2344
f 2341/2341/2341 2344/2344/2344 2345/2345/2345
f 2281/2281/2281 2280/2280/2280 2346/2346/2346
f 2281/2281/2281 2346/2346/2346 2347/2347/2347
f 2327/2327/2327 2326/2326/2326 2329/2329/2329
f 2327/2327/2327 2329/2329/2329 2328/2328/2328
f 2348/2348/2348 2349/2349/2349 2283/2283/2283
f 2348/2348/2348 2283/2283/2283 2282/2282/2282
f 2347/2347/2347 2346/2346/2346 2287/2287/2287
f 2347/2347/2347 2287/2287/2287 2286/2286/2286
f 2350/2350/2350 2351/2351/2351 2352/2352/2352
f 2350/2350/2350 2352/2352/2352 2353/2353/2353
f 2354/2354/2354 2355/2355/2355 2356/2356/2356
f 2354/2354/2354 2356/2356/2356 2357/2357/2357
f 2358/2358/2358 2359/2359/2359 2360/2360/2360
f 2358/2358/2358 2360/2360/2360 2361/2361/2361
f 2362/2362/2362 2363/2363/2363 2351/2351/2351
f 2362/2362/2362 2351/2351/2351 2350/2350/2350
f 2364/2364/2364 2365/2365/2365 2355/2355/2355
f 2364/2364/2364 2355/2355/2355 2354/2354/2354
f 2366/2366/2366 2367/2367/2367 2368/2368/2368
f 2366/2366/2366 2368/2368/2368 2369/2369/2369
f 2370/2370/2370 2371/2371/2371 2365/2365/2365
f 2370/2370/2370 2365/2365/2365 2364/2364/2364
f 2372/2372/2372 2373/2373/2373 2367/2367/2367
f 2372/2372/2372 2367/2367/2367 2366/2366/2366
f 2374/2374/2374 2375/2375/2375 2371/2371/2371
f 2374/2374/2374 2371/2371/2371 2370/2370/2370
f 2376/2376/2376 2377/2377/2377 2373/2373/2373
f 2376/2376/2376 2373/2373/2373 2372/2372/2372
f 2378/2378/2378 2379/2379/2379 2375/2375/2375
f 2378/2378/2378 2375/2375/2375 2374/2374/2374
f 2361/2361/2361 2360/2360/2360 2377/2377/2377
f 2361/2361/2361 2377/2377/2377 2376/2376/2376
f 2380/2380/2380 2381/2381/2381 2382/2382/2382
f 2380/2380/2380 2382/2382/2382 2383/2383/2383
f 2384/2384/2384 2385/2385/2385 2386/2386/2386
f 2384/2384/2384 2386/2386/2386 2387/2387/2387
f 2388/2388/2388 2389/2389/2389 2381/2381/2381
f 2388/2388/2388 2381/2381/2381 2380/2380/2380
f 2390/2390/2390 2391/2391/2391 2385/2385/2385
f 2390/2390/2390 2385/2385/2385 2384/2384/2384
f 2392/2392/2392 2393/2393/2393 2389/2389/2389
f 2392/2392/2392 2389/2389/2389 2388/2388/2388
f 2394/2394/2394 2395/2395/2395 2391/2391/2391
f 2394/2394/2394 2391/2391/2391 2390/2390/2390
f 2396/2396/2396 2397/2397/2397 2393/2393/2393
f 2396/2396/2396 2393/2393/2393 2392/2392/2392
f 2398/2398/2398 2399/2399/2399 2395/2395/2395
f 2398/2398/2398 2395/2395/2395 2394/2394/2394
f 2400/2400/2400 2401/2401/2401 2397/2397/2397
f 2400/2400/2400 2397/2397/2397 2396/2396/2396
f 2402/2402/2402 2403/2403/2403 2404/2404/2404
f 2402/2402/2402 2404/2404/2404 2405/2405/2405
f 2405/2405/2405 2404/2404/2404 2399/2399/2399
f 2405/2405/2405 2399/2399/2399 2398/2398/2398
f 2406/2406/2406 2407/2407/2407 2408/2408/2408
f 2406/2406/2406 2408/2408/2408 2409/2409/2409
f 2410/2410/2410 2411/2411/2411 2403/2403/2403
f 2410/2410/2410 2403/2403/2403 2402/2402/2402
f 2412/2412/2412 2413/2413/2413 2379/2379/2379
f 2412/2412/2412 2379/2379/2379 2378/2378/2378
f 2414/2414/2414 2415/2415/2415 2407/2407/2407
f 2414/2414/2414 2407/2407/2407 2406/2406/2406
f 2416/2416/2416 2417/2417/2417 2411/2411/2411
f 2416/2416/2416 2411/2411/2411 2410/2410/2410
f 2409/2409/2409 2408/2408/2408 2401/2401/2401
f 2409/2409/2409 2401/2401/2401 2400/2400/2400
f 2353/2353/2353 2352/2352/2352 2418/2418/2418
f 2353/2353/2353 2418/2418/2418 2419/2419/2419
f 2357/2357/2357 2356/2356/2356 2420/2420/2420
f 2357/2357/2357 2420/2420/2420 2421/2421/2421
f 2369/2369/2369 2368/2368/2368 2363/2363/2363
f 2369/2369/2369 2363/2363/2363 2362/2362/2362
f 2422/2422/2422 2423/2423/2423 2205/2205/2205
f 2205/2205/2205 2424/2424/2424 2425/2425/2425
f 2425/2425/2425 2426/2426/2426 2205/2205/2205
f 2426/2426/2426 2427/2427/2427 2205/2205/2205
f 2427/2427/2427 2428/2428/2428 2429/2429/2429
f 2429/2429/2429 2430/2430/2430 2205/2205/2205
f 2430/2430/2430 2431/2431/2431 2432/2432/2432
f 2433/2433/2433 2430/2430/2430 2432/2432/2432
f 2433/2433/2433 2434/2434/2434 2435/2435/2435
f 2435/2435/2435 2436/2436/2436 2433/2433/2433
f 2436/2436/2436 2437/2437/2437 2205/2205/2205
f 2433/2433/2433 2436/2436/2436 2205/2205/2205
f 2437/2437/2437 2438/2438/2438 2439/2439/2439
f 2438/2438/2438 2440/2440/2440 2439/2439/2439
f 2439/2439/2439 2441/2441/2441 2442/2442/2442
f 2437/2437/2437 2439/2439/2439 2205/2205/2205
f 2442/2442/2442 2443/2443/2443 2203/2203/2203
f 2443/2443/2443 2444/2444/2444 2203/2203/2203
f 2203/2203/2203 2445/2445/2445 2204/2204/2204
f 2445/2445/2445 2446/2446/2446 2447/2447/2447
f 2204/2204/2204 2445/2445/2445 2447/2447/2447
f 2204/2204/2204 2448/2448/2448 2449/2449/2449
f 2449/2449/2449 2450/2450/2450 2204/2204/2204
f 2450/2450/2450 2422/2422/2422 2205/2205/2205
f 2204/2204/2204 2450/2450/2450 2205/2205/2205
f 2429/2429/2429 2205/2205/2205 2427/2427/2427
f 2430/2430/2430 2433/2433/2433 2205/2205/2205
f 2205/2205/2205 2439/2439/2439 2442/2442/2442
f 2442/2442/2442 2203/2203/2203 2205/2205/2205
f 2451/2451/2451 2452/2452/2452 2453/2453/2453
f 2454/2454/2454 2455/2455/2455 2456/2456/2456
f 2454/2454/2454 2456/2456/2456 2457/2457/2457
f 2458/2458/2458 2459/2459/2459 2460/2460/2460
f 2458/2458/2458 2460/2460/2460 2461/2461/2461
f 2462/2462/2462 2463/2463/2463 2464/2464/2464
f 2462/2462/2462 2464/2464/2464 2465/2465/2465
f 2463/2463/2463 2454/2454/2454 2457/2457/2457
f 2463/2463/2463 2457/2457/2457 2464/2464/2464
f 2466/2466/2466 2467/2467/2467 2468/2468/2468
f 2466/2466/2466 2468/2468/2468 2469/2469/2469
f 2470/2470/2470 2462/2462/2462 2465/2465/2465
f 2470/2470/2470 2465/2465/2465 2471/2471/2471
f 2472/2472/2472 2473/2473/2473 2474/2474/2474
f 2472/2472/2472 2474/2474/2474 2475/2475/2475
f 2476/2476/2476 2466/2466/2466 2469/2469/2469
f 2476/2476/2476 2469/2469/2469 2477/2477/2477
f 2478/2478/2478 2470/2470/2470 2471/2471/2471
f 2478/2478/2478 2471/2471/2471 2479/2479/2479
f 2467/2467/2467 2458/2458/2458 2461/2461/2461
f 2467/2467/2467 2461/2461/2461 2468/2468/2468
f 2480/2480/2480 2476/2476/2476 2477/2477/2477
f 2480/2480/2480 2477/2477/2477 2481/2481/2481
f 2482/2482/2482 2483/2483/2483 2484/2484/2484
f 2482/2482/2482 2484/2484/2484 2485/2485/2485
f 2486/2486/2486 2487/2487/2487 2488/2488/2488
f 2486/2486/2486 2488/2488/2488 2489/2489/2489
f 2490/2490/2490 2491/2491/2491 2492/2492/2492
f 2490/2490/2490 2492/2492/2492 2493/2493/2493
f 2494/2494/2494 2482/2482/2482 2485/2485/2485
f 2494/2494/2494 2485/2485/2485 2495/2495/2495
f 2496/2496/2496 2497/2497/2497 2498/2498/2498
f 2496/2496/2496 2498/2498/2498 2499/2499/2499
f 2487/2487/2487 2490/2490/2490 2493/2493/2493
f 2487/2487/2487 2493/2493/2493 2488/2488/2488
f 2500/2500/2500 2494/2494/2494 2495/2495/2495
f 2500/2500/2500 2495/2495/2495 2501/2501/2501
f 2502/2502/2502 2486/2486/2486 2489/2489/2489
f 2502/2502/2502 2489/2489/2489 2503/2503/2503
f 2504/2504/2504 2500/2500/2500 2501/2501/2501
f 2504/2504/2504 2501/2501/2501 2505/2505/2505
f 2506/2506/2506 2502/2502/2502 2503/2503/2503
f 2506/2506/2506 2503/2503/2503 2507/2507/2507
f 2508/2508/2508 2504/2504/2504 2505/2505/2505
f 2508/2508/2508 2505/2505/2505 2509/2509/2509
f 2510/2510/2510 2506/2506/2506 2507/2507/2507
f 2510/2510/2510 2507/2507/2507 2511/2511/2511
f 2473/2473/2473 2508/2508/2508 2509/2509/2509
f 2473/2473/2473 2509/2509/2509 2474/2474/2474
f 2512/2512/2512 2510/2510/2510 2511/2511/2511
f 2512/2512/2512 2511/2511/2511 2513/2513/2513
f 2514/2514/2514 2472/2472/2472 2475/2475/2475
f 2514/2514/2514 2475/2475/2475 2515/2515/2515
f 2516/2516/2516 2496/2496/2496 2499/2499/2499
f 2516/2516/2516 2499/2499/2499 2517/2517/2517
f 2518/2518/2518 2514/2514/2514 2515/2515/2515
f 2518/2518/2518 2515/2515/2515 2519/2519/2519
f 2520/2520/2520 2516/2516/2516 2517/2517/2517
f 2520/2520/2520 2517/2517/2517 2521/2521/2521
f 2522/2522/2522 2523/2523/2523 2524/2524/2524
f 2522/2522/2522 2524/2524/2524 2525/2525/2525
f 2455/2455/2455 2520/2520/2520 2521/2521/2521
f 2455/2455/2455 2521/2521/2521 2456/2456/2456
f 2459/2459/2459 2522/2522/2522 2525/2525/2525
f 2459/2459/2459 2525/2525/2525 2460/2460/2460
f 2526/2526/2526 2527/2527/2527 2452/2452/2452
f 2452/2452/2452 2528/2528/2528 2529/2529/2529
f 2529/2529/2529 2530/2530/2530 2452/2452/2452
f 2530/2530/2530 2531/2531/2531 2452/2452/2452
f 2531/2531/2531 2532/2532/2532 2533/2533/2533
f 2533/2533/2533 2453/2453/2453 2452/2452/2452
f 2453/2453/2453 2534/2534/2534 2535/2535/2535
f 2536/2536/2536 2453/2453/2453 2535/2535/2535
f 2536/2536/2536 2537/2537/2537 2538/2538/2538
f 2538/2538/2538 2539/2539/2539 2536/2536/2536
f 2539/2539/2539 2540/2540/2540 2541/2541/2541
f 2536/2536/2536 2539/2539/2539 2541/2541/2541
f 2540/2540/2540 2542/2542/2542 2541/2541/2541
f 2542/2542/2542 2543/2543/2543 2541/2541/2541
f 2541/2541/2541 2544/2544/2544 2545/2545/2545
f 2545/2545/2545 2546/2546/2546 2547/2547/2547
f 2546/2546/2546 2548/2548/2548 2547/2547/2547
f 2547/2547/2547 2451/2451/2451 2453/2453/2453
f 2451/2451/2451 2549/2549/2549 2550/2550/2550
f 2551/2551/2551 2451/2451/2451 2550/2550/2550
f 2551/2551/2551 2552/2552/2552 2553/2553/2553
f 2553/2553/2553 2554/2554/2554 2551/2551/2551
f 2554/2554/2554 2526/2526/2526 2452/2452/2452
f 2551/2551/2551 2554/2554/2554 2452/2452/2452
f 2533/2533/2533 2452/2452/2452 2531/2531/2531
f 2453/2453/2453 2536/2536/2536 2547/2547/2547
f 2547/2547/2547 2541/2541/2541 2545/2545/2545
f 2451/2451/2451 2551/2551/2551 2452/2452/2452
f 2547/2547/2547 2536/2536/2536 2541/2541/2541
f 2555/2555/2555 2556/2556/2556 2557/2557/2557
f 2555/2555/2555 2557/2557/2557 2558/2558/2558
f 2559/2559/2559 2560/2560/2560 2561/2561/2561
f 2559/2559/2559 2561/2561/2561 2562/2562/2562
f 2563/2563/2563 2564/2564/2564 2565/2565/2565
f 2563/2563/2563 2565/2565/2565 2566/2566/2566
f 2567/2567/2567 2555/2555/2555 2558/2558/2558
f 2567/2567/2567 2558/2558/2558 2568/2568/2568
f 2569/2569/2569 2563/2563/2563 2566/2566/2566
f 2569/2569/2569 2566/2566/2566 2570/2570/2570
f 2571/2571/2571 2567/2567/2567 2568/2568/2568
f 2571/2571/2571 2568/2568/2568 2572/2572/2572
f 2573/2573/2573 2569/2569/2569 2570/2570/2570
f 2573/2573/2573 2570/2570/2570 2574/2574/2574
f 2575/2575/2575 2571/2571/2571 2572/2572/2572
f 2575/2575/2575 2572/2572/2572 2576/2576/2576
f 2577/2577/2577 2578/2578/2578 2579/2579/2579
f 2577/2577/2577 2579/2579/2579 2580/2580/2580
f 2581/2581/2581 2582/2582/2582 2583/2583/2583
f 2581/2581/2581 2583/2583/2583 2584/2584/2584
f 2585/2585/2585 2586/2586/2586 2587/2587/2587
f 2585/2585/2585 2587/2587/2587 2588/2588/2588
f 2589/2589/2589 2577/2577/2577 2580/2580/2580
f 2589/2589/2589 2580/2580/2580 2590/2590/2590
f 2591/2591/2591 2592/2592/2592 2593/2593/2593
f 2591/2591/2591 2593/2593/2593 2594/2594/2594
f 2595/2595/2595 2585/2585/2585 2588/2588/2588
f 2595/2595/2595 2588/2588/2588 2596/2596/2596
f 2556/2556/2556 2597/2597/2597 2598/2598/2598
f 2556/2556/2556 2598/2598/2598 2557/2557/2557
f 2599/2599/2599 2591/2591/2591 2594/2594/2594
f 2599/2599/2599 2594/2594/2594 2600/2600/2600
f 2601/2601/2601 2595/2595/2595 2596/2596/2596
f 2601/2601/2601 2596/2596/2596 2602/2602/2602
f 2592/2592/2592 2581/2581/2581 2584/2584/2584
f 2592/2592/2592 2584/2584/2584 2593/2593/2593
f 2603/2603/2603 2599/2599/2599 2600/2600/2600
f 2603/2603/2603 2600/2600/2600 2604/2604/2604
f 2605/2605/2605 2606/2606/2606 2607/2607/2607
f 2605/2605/2605 2607/2607/2607 2608/2608/2608
f 2609/2609/2609 2610/2610/2610 2611/2611/2611
f 2609/2609/2609 2611/2611/2611 2612/2612/2612
f 2613/2613/2613 2603/2603/2603 2604/2604/2604
f 2613/2613/2613 2604/2604/2604 2614/2614/2614
f 2615/2615/2615 2605/2605/2605 2608/2608/2608
f 2615/2615/2615 2608/2608/2608 2616/2616/2616
f 2564/2564/2564 2617/2617/2617 2618/2618/2618
f 2564/2564/2564 2618/2618/2618 2565/2565/2565
f 2610/2610/2610 2619/2619/2619 2620/2620/2620
f 2610/2610/2610 2620/2620/2620 2611/2611/2611
f 2621/2621/2621 2615/2615/2615 2616/2616/2616
f 2621/2621/2621 2616/2616/2616 2622/2622/2622
f 2623/2623/2623 2609/2609/2609 2612/2612/2612
f 2623/2623/2623 2612/2612/2612 2624/2624/2624
f 2625/2625/2625 2621/2621/2621 2622/2622/2622
f 2625/2625/2625 2622/2622/2622 2626/2626/2626
f 2627/2627/2627 2623/2623/2623 2624/2624/2624
f 2627/2627/2627 2624/2624/2624 2628/2628/2628
f 2629/2629/2629 2625/2625/2625 2626/2626/2626
f 2629/2629/2629 2626/2626/2626 2630/2630/2630
f 2631/2631/2631 2627/2627/2627 2628/2628/2628
f 2631/2631/2631 2628/2628/2628 2632/2632/2632
f 2597/2597/2597 2629/2629/2629 2630/2630/2630
f 2597/2597/2597 2630/2630/2630 2598/2598/2598
f 2617/2617/2617 2631/2631/2631 2632/2632/2632
f 2617/2617/2617 2632/2632/2632 2618/2618/2618
f 2633/2633/2633 2634/2634/2634 2635/2635/2635
f 2633/2633/2633 2635/2635/2635 2636/2636/2636
f 2637/2637/2637 2638/2638/2638 2639/2639/2639
f 2637/2637/2637 2639/2639/2639 2640/2640/2640
f 2641/2641/2641 2559/2559/2559 2562/2562/2562
f 2641/2641/2641 2562/2562/2562 2642/2642/2642
f 2643/2643/2643 2644/2644/2644 2645/2645/2645
f 2643/2643/2643 2645/2645/2645 2646/2646/2646
f 2644/2644/2644 2647/2647/2647 2648/2648/2648
f 2644/2644/2644 2648/2648/2648 2645/2645/2645
f 2649/2649/2649 2650/2650/2650 2651/2651/2651
f 2649/2649/2649 2651/2651/2651 2652/2652/2652
f 2653/2653/2653 2643/2643/2643 2646/2646/2646
f 2653/2653/2653 2646/2646/2646 2654/2654/2654
f 2655/2655/2655 2656/2656/2656 2657/2657/2657
f 2655/2655/2655 2657/2657/2657 2658/2658/2658
f 2659/2659/2659 2649/2649/2649 2652/2652/2652
f 2659/2659/2659 2652/2652/2652 2660/2660/2660
f 2661/2661/2661 2653/2653/2653 2654/2654/2654
f 2661/2661/2661 2654/2654/2654 2662/2662/2662
f 2663/2663/2663 2641/2641/2641 2642/2642/2642
f 2663/2663/2663 2642/2642/2642 2664/2664/2664
f 2665/2665/2665 2659/2659/2659 2660/2660/2660
f 2665/2665/2665 2660/2660/2660 2666/2666/2666
f 2667/2667/2667 2661/2661/2661 2662/2662/2662
f 2667/2667/2667 2662/2662/2662 2668/2668/2668
f 2669/2669/2669 2670/2670/2670 2671/2671/2671
f 2669/2669/2669 2671/2671/2671 2672/2672/2672
f 2673/2673/2673 2665/2665/2665 2666/2666/2666
f 2673/2673/2673 2666/2666/2666 2674/2674/2674
f 2675/2675/2675 2667/2667/2667 2668/2668/2668
f 2675/2675/2675 2668/2668/2668 2676/2676/2676
f 2677/2677/2677 2678/2678/2678 2679/2679/2679
f 2677/2677/2677 2679/2679/2679 2680/2680/2680
f 2670/2670/2670 2673/2673/2673 2674/2674/2674
f 2670/2670/2670 2674/2674/2674 2671/2671/2671
f 2681/2681/2681 2675/2675/2675 2676/2676/2676
f 2681/2681/2681 2676/2676/2676 2682/2682/2682
f 2683/2683/2683 2669/2669/2669 2672/2672/2672
f 2683/2683/2683 2672/2672/2672 2684/2684/2684
f 2685/2685/2685 2681/2681/2681 2682/2682/2682
f 2685/2685/2685 2682/2682/2682 2686/2686/2686
f 2687/2687/2687 2683/2683/2683 2684/2684/2684
f 2687/2687/2687 2684/2684/2684 2688/2688/2688
f 2689/2689/2689 2685/2685/2685 2686/2686/2686
f 2689/2689/2689 2686/2686/2686 2690/2690/2690
f 2691/2691/2691 2692/2692/2692 2693/2693/2693
f 2691/2691/2691 2693/2693/2693 2694/2694/2694
f 2656/2656/2656 2695/2695/2695 2696/2696/2696
f 2656/2656/2656 2696/2696/2696 2657/2657/2657
f 2678/2678/2678 2691/2691/2691 2694/2694/2694
f 2678/2678/2678 2694/2694/2694 2679/2679/2679
f 2697/2697/2697 2655/2655/2655 2658/2658/2658
f 2697/2697/2697 2658/2658/2658 2698/2698/2698
f 2699/2699/2699 2677/2677/2677 2680/2680/2680
f 2699/2699/2699 2680/2680/2680 2700/2700/2700
f 2701/2701/2701 2697/2697/2697 2698/2698/2698
f 2701/2701/2701 2698/2698/2698 2702/2702/2702
f 2703/2703/2703 2699/2699/2699 2700/2700/2700
f 2703/2703/2703 2700/2700/2700 2704/2704/2704
f 2560/2560/2560 2701/2701/2701 2702/2702/2702
f 2560/2560/2560 2702/2702/2702 2561/2561/2561
f 2638/2638/2638 2703/2703/2703 2704/2704/2704
f 2638/2638/2638 2704/2704/2704 2639/2639/2639
f 2705/2705/2705 2706/2706/2706 2707/2707/2707
f 2705/2705/2705 2707/2707/2707 2708/2708/2708
f 2709/2709/2709 2633/2633/2633 2636/2636/2636
f 2709/2709/2709 2636/2636/2636 2710/2710/2710
f 2711/2711/2711 2705/2705/2705 2708/2708/2708
f 2711/2711/2711 2708/2708/2708 2712/2712/2712
f 2713/2713/2713 2709/2709/2709 2710/2710/2710
f 2713/2713/2713 2710/2710/2710 2714/2714/2714
f 2715/2715/2715 2716/2716/2716 2717/2717/2717
f 2715/2715/2715 2717/2717/2717 2718/2718/2718
f 2716/2716/2716 2719/2719/2719 2720/2720/2720
f 2716/2716/2716 2720/2720/2720 2717/2717/2717
f 2721/2721/2721 2722/2722/2722 2723/2723/2723
f 2721/2721/2721 2723/2723/2723 2724/2724/2724
f 2725/2725/2725 2726/2726/2726 2727/2727/2727
f 2725/2725/2725 2727/2727/2727 2728/2728/2728
f 2729/2729/2729 2730/2730/2730 2731/2731/2731
f 2729/2729/2729 2731/2731/2731 2732/2732/2732
f 2733/2733/2733 2734/2734/2734 2735/2735/2735
f 2733/2733/2733 2735/2735/2735 2736/2736/2736
f 2737/2737/2737 2725/2725/2725 2728/2728/2728
f 2737/2737/2737 2728/2728/2728 2738/2738/2738
f 2722/2722/2722 2713/2713/2713 2714/2714/2714
f 2722/2722/2722 2714/2714/2714 2723/2723/2723
f 2739/2739/2739 2733/2733/2733 2736/2736/2736
f 2739/2739/2739 2736/2736/2736 2740/2740/2740
f 2741/2741/2741 2737/2737/2737 2738/2738/2738
f 2741/2741/2741 2738/2738/2738 2742/2742/2742
f 2743/2743/2743 2744/2744/2744 2745/2745/2745
f 2743/2743/2743 2745/2745/2745 2746/2746/2746
f 2747/2747/2747 2739/2739/2739 2740/2740/2740
f 2747/2747/2747 2740/2740/2740 2748/2748/2748
f 2749/2749/2749 2741/2741/2741 2742/2742/2742
f 2749/2749/2749 2742/2742/2742 2750/2750/2750
f 2751/2751/2751 2752/2752/2752 2753/2753/2753
f 2751/2751/2751 2753/2753/2753 2754/2754/2754
f 2744/2744/2744 2747/2747/2747 2748/2748/2748
f 2744/2744/2744 2748/2748/2748 2745/2745/2745
f 2755/2755/2755 2749/2749/2749 2750/2750/2750
f 2755/2755/2755 2750/2750/2750 2756/2756/2756
f 2757/2757/2757 2743/2743/2743 2746/2746/2746
f 2757/2757/2757 2746/2746/2746 2758/2758/2758
f 2759/2759/2759 2755/2755/2755 2756/2756/2756
f 2759/2759/2759 2756/2756/2756 2760/2760/2760
f 2761/2761/2761 2757/2757/2757 2758/2758/2758
f 2761/2761/2761 2758/2758/2758 2762/2762/2762
f 2763/2763/2763 2759/2759/2759 2760/2760/2760
f 2763/2763/2763 2760/2760/2760 2764/2764/2764
f 2765/2765/2765 2761/2761/2761 2762/2762/2762
f 2765/2765/2765 2762/2762/2762 2766/2766/2766
f 2730/2730/2730 2763/2763/2763 2764/2764/2764
f 2730/2730/2730 2764/2764/2764 2731/2731/2731
f 2752/2752/2752 2765/2765/2765 2766/2766/2766
f 2752/2752/2752 2766/2766/2766 2753/2753/2753
f 2767/2767/2767 2729/2729/2729 2732/2732/2732
f 2767/2767/2767 2732/2732/2732 2768/2768/2768
f 2769/2769/2769 2751/2751/2751 2754/2754/2754
f 2769/2769/2769 2754/2754/2754 2770/2770/2770
f 2771/2771/2771 2767/2767/2767 2768/2768/2768
f 2771/2771/2771 2768/2768/2768 2772/2772/2772
f 2706/2706/2706 2773/2773/2773 2774/2774/2774
f 2706/2706/2706 2774/2774/2774 2707/2707/2707
f 2775/2775/2775 2776/2776/2776 2777/2777/2777
f 2775/2775/2775 2777/2777/2777 2778/2778/2778
f 2779/2779/2779 2780/2780/2780 2781/2781/2781
f 2779/2779/2779 2781/2781/2781 2782/2782/2782
f 2783/2783/2783 2784/2784/2784 2785/2785/2785
f 2783/2783/2783 2785/2785/2785 2786/2786/2786
f 2787/2787/2787 2788/2788/2788 2789/2789/2789
f 2787/2787/2787 2789/2789/2789 2790/2790/2790
f 2791/2791/2791 2775/2775/2775 2778/2778/2778
f 2791/2791/2791 2778/2778/2778 2792/2792/2792
f 2793/2793/2793 2783/2783/2783 2786/2786/2786
f 2793/2793/2793 2786/2786/2786 2794/2794/2794
f 2795/2795/2795 2796/2796/2796 2797/2797/2797
f 2795/2795/2795 2797/2797/2797 2798/2798/2798
f 2799/2799/2799 2793/2793/2793 2794/2794/2794
f 2799/2799/2799 2794/2794/2794 2800/2800/2800
f 2801/2801/2801 2795/2795/2795 2798/2798/2798
f 2801/2801/2801 2798/2798/2798 2802/2802/2802
f 2803/2803/2803 2799/2799/2799 2800/2800/2800
f 2803/2803/2803 2800/2800/2800 2804/2804/2804
f 2805/2805/2805 2801/2801/2801 2802/2802/2802
f 2805/2805/2805 2802/2802/2802 2806/2806/2806
f 2807/2807/2807 2803/2803/2803 2804/2804/2804
f 2807/2807/2807 2804/2804/2804 2808/2808/2808
f 2788/2788/2788 2805/2805/2805 2806/2806/2806
f 2788/2788/2788 2806/2806/2806 2789/2789/2789
f 2809/2809/2809 2810/2810/2810 2811/2811/2811
f 2809/2809/2809 2811/2811/2811 2812/2812/2812
f 2813/2813/2813 2787/2787/2787 2790/2790/2790
f 2813/2813/2813 2790/2790/2790 2814/2814/2814
f 2815/2815/2815 2809/2809/2809 2812/2812/2812
f 2815/2815/2815 2812/2812/2812 2816/2816/2816
f 2817/2817/2817 2813/2813/2813 2814/2814/2814
f 2817/2817/2817 2814/2814/2814 2818/2818/2818
f 2819/2819/2819 2815/2815/2815 2816/2816/2816
f 2819/2819/2819 2816/2816/2816 2820/2820/2820
f 2821/2821/2821 2817/2817/2817 2818/2818/2818
f 2821/2821/2821 2818/2818/2818 2822/2822/2822
f 2823/2823/2823 2819/2819/2819 2820/2820/2820
f 2823/2823/2823 2820/2820/2820 2824/2824/2824
f 2825/2825/2825 2826/2826/2826 2827/2827/2827
f 2825/2825/2825 2827/2827/2827 2828/2828/2828
f 2829/2829/2829 2830/2830/2830 2831/2831/2831
f 2829/2829/2829 2831/2831/2831 2832/2832/2832
f 2833/2833/2833 2834/2834/2834 2835/2835/2835
f 2833/2833/2833 2835/2835/2835 2836/2836/2836
f 2837/2837/2837 2825/2825/2825 2828/2828/2828
f 2837/2837/2837 2828/2828/2828 2838/2838/2838
f 2839/2839/2839 2840/2840/2840 2841/2841/2841
f 2839/2839/2839 2841/2841/2841 2842/2842/2842
f 2843/2843/2843 2833/2833/2833 2836/2836/2836
f 2843/2843/2843 2836/2836/2836 2844/2844/2844
f 2810/2810/2810 2807/2807/2807 2808/2808/2808
f 2810/2810/2810 2808/2808/2808 2811/2811/2811
f 2845/2845/2845 2839/2839/2839 2842/2842/2842
f 2845/2845/2845 2842/2842/2842 2846/2846/2846
f 2847/2847/2847 2843/2843/2843 2844/2844/2844
f 2847/2847/2847 2844/2844/2844 2848/2848/2848
f 2840/2840/2840 2829/2829/2829 2832/2832/2832
f 2840/2840/2840 2832/2832/2832 2841/2841/2841
f 2849/2849/2849 2845/2845/2845 2846/2846/2846
f 2849/2849/2849 2846/2846/2846 2850/2850/2850
f 2784/2784/2784 2851/2851/2851 2852/2852/2852
f 2784/2784/2784 2852/2852/2852 2785/2785/2785
f 2796/2796/2796 2791/2791/2791 2792/2792/2792
f 2796/2796/2796 2792/2792/2792 2797/2797/2797
f 2853/2853/2853 2854/2854/2854 2855/2855/2855
f 2856/2856/2856 2857/2857/2857 2858/2858/2858
f 2856/2856/2856 2858/2858/2858 2859/2859/2859
f 2860/2860/2860 2861/2861/2861 2862/2862/2862
f 2860/2860/2860 2862/2862/2862 2863/2863/2863
f 2864/2864/2864 2865/2865/2865 2866/2866/2866
f 2864/2864/2864 2866/2866/2866 2867/2867/2867
f 2868/2868/2868 2860/2860/2860 2863/2863/2863
f 2868/2868/2868 2863/2863/2863 2869/2869/2869
f 2870/2870/2870 2871/2871/2871 2872/2872/2872
f 2870/2870/2870 2872/2872/2872 2873/2873/2873
f 2874/2874/2874 2875/2875/2875 2876/2876/2876
f 2874/2874/2874 2876/2876/2876 2877/2877/2877
f 2878/2878/2878 2870/2870/2870 2873/2873/2873
f 2878/2878/2878 2873/2873/2873 2879/2879/2879
f 2880/2880/2880 2874/2874/2874 2877/2877/2877
f 2880/2880/2880 2877/2877/2877 2881/2881/2881
f 2882/2882/2882 2878/2878/2878 2879/2879/2879
f 2882/2882/2882 2879/2879/2879 2883/2883/2883
f 2884/2884/2884 2880/2880/2880 2881/2881/2881
f 2884/2884/2884 2881/2881/2881 2885/2885/2885
f 2886/2886/2886 2882/2882/2882 2883/2883/2883
f 2886/2886/2886 2883/2883/2883 2887/2887/2887
f 2888/2888/2888 2884/2884/2884 2885/2885/2885
f 2888/2888/2888 2885/2885/2885 2889/2889/2889
f 2890/2890/2890 2886/2886/2886 2887/2887/2887
f 2890/2890/2890 2887/2887/2887 2891/2891/2891
f 2892/2892/2892 2893/2893/2893 2894/2894/2894
f 2892/2892/2892 2894/2894/2894 2895/2895/2895
f 2893/2893/2893 2896/2896/2896 2897/2897/2897
f 2893/2893/2893 2897/2897/2897 2894/2894/2894
f 2898/2898/2898 2899/2899/2899 2900/2900/2900
f 2898/2898/2898 2900/2900/2900 2901/2901/2901
f 2902/2902/2902 2892/2892/2892 2895/2895/2895
f 2902/2902/2902 2895/2895/2895 2903/2903/2903
f 2871/2871/2871 2864/2864/2864 2867/2867/2867
f 2871/2871/2871 2867/2867/2867 2872/2872/2872
f 2904/2904/2904 2898/2898/2898 2901/2901/2901
f 2904/2904/2904 2901/2901/2901 2905/2905/2905
f 2906/2906/2906 2902/2902/2902 2903/2903/2903
f 2906/2906/2906 2903/2903/2903 2907/2907/2907
f 2908/2908/2908 2890/2890/2890 2891/2891/2891
f 2908/2908/2908 2891/2891/2891 2909/2909/2909
f 2910/2910/2910 2904/2904/2904 2905/2905/2905
f 2910/2910/2910 2905/2905/2905 2911/2911/2911
f 2912/2912/2912 2906/2906/2906 2907/2907/2907
f 2912/2912/2912 2907/2907/2907 2913/2913/2913
f 2914/2914/2914 2915/2915/2915 2916/2916/2916
f 2914/2914/2914 2916/2916/2916 2917/2917/2917
f 2918/2918/2918 2910/2910/2910 2911/2911/2911
f 2918/2918/2918 2911/2911/2911 2919/2919/2919
f 2920/2920/2920 2912/2912/2912 2913/2913/2913
f 2920/2920/2920 2913/2913/2913 2921/2921/2921
f 2875/2875/2875 2868/2868/2868 2869/2869/2869
f 2875/2875/2875 2869/2869/2869 2876/2876/2876
f 2915/2915/2915 2918/2918/2918 2919/2919/2919
f 2915/2915/2915 2919/2919/2919 2916/2916/2916
f 2922/2922/2922 2920/2920/2920 2921/2921/2921
f 2922/2922/2922 2921/2921/2921 2923/2923/2923
f 2780/2780/2780 2914/2914/2914 2917/2917/2917
f 2780/2780/2780 2917/2917/2917 2781/2781/2781
f 2857/2857/2857 2922/2922/2922 2923/2923/2923
f 2857/2857/2857 2923/2923/2923 2858/2858/2858
f 2924/2924/2924 2925/2925/2925 2855/2855/2855
f 2855/2855/2855 2926/2926/2926 2927/2927/2927
f 2927/2927/2927 2928/2928/2928 2855/2855/2855
f 2928/2928/2928 2929/2929/2929 2855/2855/2855
f 2929/2929/2929 2930/2930/2930 2931/2931/2931
f 2931/2931/2931 2932/2932/2932 2855/2855/2855
f 2932/2932/2932 2933/2933/2933 2934/2934/2934
f 2935/2935/2935 2932/2932/2932 2934/2934/2934
f 2935/2935/2935 2936/2936/2936 2937/2937/2937
f 2937/2937/2937 2938/2938/2938 2935/2935/2935
f 2938/2938/2938 2939/2939/2939 2853/2853/2853
f 2935/2935/2935 2938/2938/2938 2855/2855/2855
f 2939/2939/2939 2940/2940/2940 2853/2853/2853
f 2940/2940/2940 2941/2941/2941 2853/2853/2853
f 2853/2853/2853 2942/2942/2942 2943/2943/2943
f 2943/2943/2943 2944/2944/2944 2854/2854/2854
f 2944/2944/2944 2945/2945/2945 2854/2854/2854
f 2854/2854/2854 2946/2946/2946 2855/2855/2855
f 2946/2946/2946 2947/2947/2947 2948/2948/2948
f 2949/2949/2949 2946/2946/2946 2948/2948/2948
f 2949/2949/2949 2950/2950/2950 2951/2951/2951
f 2951/2951/2951 2952/2952/2952 2949/2949/2949
f 2952/2952/2952 2924/2924/2924 2855/2855/2855
f 2949/2949/2949 2952/2952/2952 2855/2855/2855
f 2931/2931/2931 2855/2855/2855 2929/2929/2929
f 2932/2932/2932 2935/2935/2935 2855/2855/2855
f 2855/2855/2855 2938/2938/2938 2853/2853/2853
f 2854/2854/2854 2853/2853/2853 2943/2943/2943
f 2946/2946/2946 2949/2949/2949 2855/2855/2855
f 2953/2953/2953 2954/2954/2954 2955/2955/2955
f 2953/2953/2953 2955/2955/2955 2956/2956/2956
f 2957/2957/2957 2958/2958/2958 2959/2959/2959
f 2957/2957/2957 2959/2959/2959 2960/2960/2960
f 2961/2961/2961 2962/2962/2962 2963/2963/2963
f 2961/2961/2961 2963/2963/2963 2964/2964/2964
f 2965/2965/2965 2953/2953/2953 2956/2956/2956
f 2965/2965/2965 2956/2956/2956 2966/2966/2966
f 2967/2967/2967 2961/2961/2961 2964/2964/2964
f 2967/2967/2967 2964/2964/2964 2968/2968/2968
f 2969/2969/2969 2965/2965/2965 2966/2966/2966
f 2969/2969/2969 2966/2966/2966 2970/2970/2970
f 2971/2971/2971 2967/2967/2967 2968/2968/2968
f 2971/2971/2971 2968/2968/2968 2972/2972/2972
f 2973/2973/2973 2974/2974/2974 2958/2958/2958
f 2973/2973/2973 2958/2958/2958 2957/2957/2957
f 2975/2975/2975 2976/2976/2976 2977/2977/2977
f 2975/2975/2975 2977/2977/2977 2978/2978/2978
f 2979/2979/2979 2980/2980/2980 2981/2981/2981
f 2979/2979/2979 2981/2981/2981 2982/2982/2982
f 2983/2983/2983 2975/2975/2975 2978/2978/2978
f 2983/2983/2983 2978/2978/2978 2984/2984/2984
f 2985/2985/2985 2979/2979/2979 2982/2982/2982
f 2985/2985/2985 2982/2982/2982 2986/2986/2986
f 2987/2987/2987 2983/2983/2983 2984/2984/2984
f 2987/2987/2987 2984/2984/2984 2988/2988/2988
f 2989/2989/2989 2985/2985/2985 2986/2986/2986
f 2989/2989/2989 2986/2986/2986 2990/2990/2990
f 2991/2991/2991 2987/2987/2987 2988/2988/2988
f 2991/2991/2991 2988/2988/2988 2992/2992/2992
f 2993/2993/2993 2989/2989/2989 2990/2990/2990
f 2993/2993/2993 2990/2990/2990 2994/2994/2994
f 2995/2995/2995 2996/2996/2996 2997/2997/2997
f 2995/2995/2995 2997/2997/2997 2998/2998/2998
f 2996/2996/2996 2991/2991/2991 2992/2992/2992
f 2996/2996/2996 2992/2992/2992 2997/2997/2997
f 2999/2999/2999 3000/3000/3000 3001/3001/3001
f 2999/2999/2999 3001/3001/3001 3002/3002/3002
f 3003/3003/3003 2995/2995/2995 2998/2998/2998
f 3003/3003/3003 2998/2998/2998 3004/3004/3004
f 2974/2974/2974 2969/2969/2969 2970/2970/2970
f 2974/2974/2974 2970/2970/2970 2958/2958/2958
f 3005/3005/3005 2999/2999/2999 3002/3002/3002
f 3005/3005/3005 3002/3002/3002 3006/3006/3006
f 3007/3007/3007 3003/3003/3003 3004/3004/3004
f 3007/3007/3007 3004/3004/3004 3008/3008/3008
f 3000/3000/3000 2993/2993/2993 2994/2994/2994
f 3000/3000/3000 2994/2994/2994 3001/3001/3001
f 3009/3009/3009 3005/3005/3005 3006/3006/3006
f 3009/3009/3009 3006/3006/3006 3010/3010/3010
f 3011/3011/3011 3007/3007/3007 3008/3008/3008
f 3011/3011/3011 3008/3008/3008 3012/3012/3012
f 3013/3013/3013 3014/3014/3014 3015/3015/3015
f 3013/3013/3013 3015/3015/3015 3016/3016/3016
f 3017/3017/3017 3009/3009/3009 3010/3010/3010
f 3017/3017/3017 3010/3010/3010 3018/3018/3018
f 3019/3019/3019 3020/3020/3020 3021/3021/3021
f 3019/3019/3019 3021/3021/3021 3022/3022/3022
f 3023/3023/3023 2971/2971/2971 2972/2972/2972
f 3023/3023/3023 2972/2972/2972 3024/3024/3024
f 3014/3014/3014 3025/3025/3025 3026/3026/3026
f 3014/3014/3014 3026/3026/3026 3015/3015/3015
f 2954/2954/2954 3019/3019/3019 3022/3022/3022
f 2954/2954/2954 3022/3022/3022 2955/2955/2955
f 2962/2962/2962 3013/3013/3013 3016/3016/3016
f 2962/2962/2962 3016/3016/3016 2963/2963/2963
f 3027/3027/3027 3028/3028/3028 3029/3029/3029
f 3027/3027/3027 3029/3029/3029 3030/3030/3030
f 3031/3031/3031 3024/3024/3024 3032/3032/3032
f 3031/3031/3031 3032/3032/3032 3033/3033/3033
f 3034/3034/3034 2957/2957/2957 2960/2960/2960
f 3034/3034/3034 2960/2960/2960 3035/3035/3035
f 2984/2984/2984 2978/2978/2978 3036/3036/3036
f 2984/2984/2984 3036/3036/3036 3037/3037/3037
f 2986/2986/2986 2982/2982/2982 3038/3038/3038
f 2986/2986/2986 3038/3038/3038 3039/3039/3039
f 2988/2988/2988 2984/2984/2984 3037/3037/3037
f 2988/2988/2988 3037/3037/3037 3040/3040/3040
f 2990/2990/2990 2986/2986/2986 3039/3039/3039
f 2990/2990/2990 3039/3039/3039 3041/3041/3041
f 2992/2992/2992 2988/2988/2988 3040/3040/3040
f 2992/2992/2992 3040/3040/3040 3042/3042/3042
f 2994/2994/2994 2990/2990/2990 3041/3041/3041
f 2994/2994/2994 3041/3041/3041 3043/3043/3043
f 2998/2998/2998 2997/2997/2997 3044/3044/3044
f 2998/2998/2998 3044/3044/3044 3045/3045/3045
f 2997/2997/2997 2992/2992/2992 3042/3042/3042
f 2997/2997/2997 3042/3042/3042 3044/3044/3044
f 3002/3002/3002 3001/3001/3001 3046/3046/3046
f 3002/3002/3002 3046/3046/3046 3047/3047/3047
f 3004/3004/3004 2998/2998/2998 3045/3045/3045
f 3004/3004/3004 3045/3045/3045 3048/3048/3048
f 2958/2958/2958 2970/2970/2970 3049/3049/3049
f 2958/2958/2958 3049/3049/3049 2959/2959/2959
f 3006/3006/3006 3002/3002/3002 3047/3047/3047
f 3006/3006/3006 3047/3047/3047 3050/3050/3050
f 3008/3008/3008 3004/3004/3004 3048/3048/3048
f 3008/3008/3008 3048/3048/3048 3028/3028/3028
f 3001/3001/3001 2994/2994/2994 3043/3043/3043
f 3001/3001/3001 3043/3043/3043 3046/3046/3046
f 3010/3010/3010 3006/3006/3006 3050/3050/3050
f 3010/3010/3010 3050/3050/3050 3051/3051/3051
f 3021/3021/3021 3052/3052/3052 3053/3053/3053
f 3021/3021/3021 3053/3053/3053 3054/3054/3054
f 3016/3016/3016 3015/3015/3015 3055/3055/3055
f 3016/3016/3016 3055/3055/3055 3056/3056/3056
f 3026/3026/3026 3057/3057/3057 3058/3058/3058
f 3026/3026/3026 3058/3058/3058 3059/3059/3059
f 3022/3022/3022 3021/3021/3021 3054/3054/3054
f 3022/3022/3022 3054/3054/3054 3060/3060/3060
f 3024/3024/3024 2972/2972/2972 3061/3061/3061
f 3024/3024/3024 3061/3061/3061 3032/3032/3032
f 3015/3015/3015 3026/3026/3026 3059/3059/3059
f 3015/3015/3015 3059/3059/3059 3055/3055/3055
f 2955/2955/2955 3022/3022/3022 3060/3060/3060
f 2955/2955/2955 3060/3060/3060 3062/3062/3062
f 2963/2963/2963 3016/3016/3016 3056/3056/3056
f 2963/2963/2963 3056/3056/3056 3063/3063/3063
f 2956/2956/2956 2955/2955/2955 3062/3062/3062
f 2956/2956/2956 3062/3062/3062 3064/3064/3064
f 2964/2964/2964 2963/2963/2963 3063/3063/3063
f 2964/2964/2964 3063/3063/3063 3065/3065/3065
f 2966/2966/2966 2956/2956/2956 3064/3064/3064
f 2966/2966/2966 3064/3064/3064 3066/3066/3066
f 2968/2968/2968 2964/2964/2964 3065/3065/3065
f 2968/2968/2968 3065/3065/3065 3067/3067/3067
f 2970/2970/2970 2966/2966/2966 3066/3066/3066
f 2970/2970/2970 3066/3066/3066 3049/3049/3049
f 2972/2972/2972 2968/2968/2968 3067/3067/3067
f 2972/2972/2972 3067/3067/3067 3061/3061/3061
f 3068/3068/3068 3069/3069/3069 3070/3070/3070
f 3068/3068/3068 3070/3070/3070 3071/3071/3071
f 3056/3056/3056 3055/3055/3055 3072/3072/3072
f 3056/3056/3056 3072/3072/3072 3073/3073/3073
f 3074/3074/3074 3051/3051/3051 3075/3075/3075
f 3074/3074/3074 3075/3075/3075 3076/3076/3076
f 3060/3060/3060 3054/3054/3054 3077/3077/3077
f 3060/3060/3060 3077/3077/3077 3078/3078/3078
f 3032/3032/3032 3061/3061/3061 3079/3079/3079
f 3032/3032/3032 3079/3079/3079 3080/3080/3080
f 3055/3055/3055 3059/3059/3059 3081/3081/3081
f 3055/3055/3055 3081/3081/3081 3072/3072/3072
f 3062/3062/3062 3060/3060/3060 3078/3078/3078
f 3062/3062/3062 3078/3078/3078 3069/3069/3069
f 3063/3063/3063 3056/3056/3056 3073/3073/3073
f 3063/3063/3063 3073/3073/3073 3082/3082/3082
f 3064/3064/3064 3062/3062/3062 3069/3069/3069
f 3064/3064/3064 3069/3069/3069 3068/3068/3068
f 3065/3065/3065 3063/3063/3063 3082/3082/3082
f 3065/3065/3065 3082/3082/3082 3083/3083/3083
f 3066/3066/3066 3064/3064/3064 3068/3068/3068
f 3066/3066/3066 3068/3068/3068 3084/3084/3084
f 3067/3067/3067 3065/3065/3065 3083/3083/3083
f 3067/3067/3067 3083/3083/3083 3085/3085/3085
f 3049/3049/3049 3066/3066/3066 3084/3084/3084
f 3049/3049/3049 3084/3084/3084 3086/3086/3086
f 3061/3061/3061 3067/3067/3067 3085/3085/3085
f 3061/3061/3061 3085/3085/3085 3079/3079/3079
f 2960/2960/2960 2959/2959/2959 3087/3087/3087
f 2960/2960/2960 3087/3087/3087 3088/3088/3088
f 3036/3036/3036 3089/3089/3089 3090/3090/3090
f 3036/3036/3036 3090/3090/3090 3091/3091/3091
f 3038/3038/3038 3092/3092/3092 3093/3093/3093
f 3038/3038/3038 3093/3093/3093 3094/3094/3094
f 3037/3037/3037 3036/3036/3036 3091/3091/3091
f 3037/3037/3037 3091/3091/3091 3095/3095/3095
f 3039/3039/3039 3038/3038/3038 3094/3094/3094
f 3039/3039/3039 3094/3094/3094 3096/3096/3096
f 3040/3040/3040 3037/3037/3037 3095/3095/3095
f 3040/3040/3040 3095/3095/3095 3097/3097/3097
f 3041/3041/3041 3039/3039/3039 3096/3096/3096
f 3041/3041/3041 3096/3096/3096 3098/3098/3098
f 3042/3042/3042 3040/3040/3040 3097/3097/3097
f 3042/3042/3042 3097/3097/3097 3099/3099/3099
f 3043/3043/3043 3041/3041/3041 3098/3098/3098
f 3043/3043/3043 3098/3098/3098 3100/3100/3100
f 3045/3045/3045 3044/3044/3044 3101/3101/3101
f 3045/3045/3045 3101/3101/3101 3102/3102/3102
f 3044/3044/3044 3042/3042/3042 3099/3099/3099
f 3044/3044/3044 3099/3099/3099 3101/3101/3101
f 3047/3047/3047 3046/3046/3046 3103/3103/3103
f 3047/3047/3047 3103/3103/3103 3104/3104/3104
f 3048/3048/3048 3045/3045/3045 3102/3102/3102
f 3048/3048/3048 3102/3102/3102 3105/3105/3105
f 2959/2959/2959 3049/3049/3049 3086/3086/3086
f 2959/2959/2959 3086/3086/3086 3087/3087/3087
f 3050/3050/3050 3047/3047/3047 3104/3104/3104
f 3050/3050/3050 3104/3104/3104 3106/3106/3106
f 3028/3028/3028 3048/3048/3048 3105/3105/3105
f 3028/3028/3028 3105/3105/3105 3029/3029/3029
f 3046/3046/3046 3043/3043/3043 3100/3100/3100
f 3046/3046/3046 3100/3100/3100 3103/3103/3103
f 3051/3051/3051 3050/3050/3050 3106/3106/3106
f 3051/3051/3051 3106/3106/3106 3075/3075/3075
f 3107/3107/3107 3108/3108/3108 3109/3109/3109
f 3107/3107/3107 3109/3109/3109 3110/3110/3110
f 3083/3083/3083 3082/3082/3082 3111/3111/3111
f 3083/3083/3083 3111/3111/3111 3112/3112/3112
f 3084/3084/3084 3068/3068/3068 3071/3071/3071
f 3084/3084/3084 3071/3071/3071 3113/3113/3113
f 3085/3085/3085 3083/3083/3083 3112/3112/3112
f 3085/3085/3085 3112/3112/3112 3114/3114/3114
f 3086/3086/3086 3084/3084/3084 3113/3113/3113
f 3086/3086/3086 3113/3113/3113 3115/3115/3115
f 3079/3079/3079 3085/3085/3085 3114/3114/3114
f 3079/3079/3079 3114/3114/3114 3116/3116/3116
f 3093/3093/3093 3117/3117/3117 3118/3118/3118
f 3093/3093/3093 3118/3118/3118 3119/3119/3119
f 3091/3091/3091 3090/3090/3090 3120/3120/3120
f 3091/3091/3091 3120/3120/3120 3121/3121/3121
f 3094/3094/3094 3093/3093/3093 3119/3119/3119
f 3094/3094/3094 3119/3119/3119 3122/3122/3122
f 3095/3095/3095 3091/3091/3091 3121/3121/3121
f 3095/3095/3095 3121/3121/3121 3123/3123/3123
f 3096/3096/3096 3094/3094/3094 3122/3122/3122
f 3096/3096/3096 3122/3122/3122 3124/3124/3124
f 3097/3097/3097 3095/3095/3095 3123/3123/3123
f 3097/3097/3097 3123/3123/3123 3125/3125/3125
f 3098/3098/3098 3096/3096/3096 3124/3124/3124
f 3098/3098/3098 3124/3124/3124 3126/3126/3126
f 3099/3099/3099 3097/3097/3097 3125/3125/3125
f 3099/3099/3099 3125/3125/3125 3127/3127/3127
f 3100/3100/3100 3098/3098/3098 3126/3126/3126
f 3100/3100/3100 3126/3126/3126 3128/3128/3128
f 3102/3102/3102 3101/3101/3101 3129/3129/3129
f 3102/3102/3102 3129/3129/3129 3130/3130/3130
f 3101/3101/3101 3099/3099/3099 3127/3127/3127
f 3101/3101/3101 3127/3127/3127 3129/3129/3129
f 3104/3104/3104 3103/3103/3103 3131/3131/3131
f 3104/3104/3104 3131/3131/3131 3132/3132/3132
f 3105/3105/3105 3102/3102/3102 3130/3130/3130
f 3105/3105/3105 3130/3130/3130 3133/3133/3133
f 3087/3087/3087 3086/3086/3086 3115/3115/3115
f 3087/3087/3087 3115/3115/3115 3108/3108/3108
f 3106/3106/3106 3104/3104/3104 3132/3132/3132
f 3106/3106/3106 3132/3132/3132 3134/3134/3134
f 3029/3029/3029 3105/3105/3105 3133/3133/3133
f 3029/3029/3029 3133/3133/3133 3135/3135/3135
f 3103/3103/3103 3100/3100/3100 3128/3128/3128
f 3103/3103/3103 3128/3128/3128 3131/3131/3131
f 3075/3075/3075 3106/3106/3106 3134/3134/3134
f 3075/3075/3075 3134/3134/3134 3136/3136/3136
f 3030/3030/3030 3029/3029/3029 3135/3135/3135
f 3030/3030/3030 3135/3135/3135 3137/3137/3137
f 3073/3073/3073 3072/3072/3072 3138/3138/3138
f 3073/3073/3073 3138/3138/3138 3139/3139/3139
f 3076/3076/3076 3075/3075/3075 3136/3136/3136
f 3076/3076/3076 3136/3136/3136 3140/3140/3140
f 3141/3141/3141 3030/3030/3030 3137/3137/3137
f 3141/3141/3141 3137/3137/3137 3142/3142/3142
f 3090/3090/3090 3143/3143/3143 3144/3144/3144
f 3090/3090/3090 3144/3144/3144 3120/3120/3120
f 3145/3145/3145 3076/3076/3076 3140/3140/3140
f 3145/3145/3145 3140/3140/3140 3146/3146/3146
f 3069/3069/3069 3078/3078/3078 3147/3147/3147
f 3069/3069/3069 3147/3147/3147 3070/3070/3070
f 3082/3082/3082 3073/3073/3073 3139/3139/3139
f 3082/3082/3082 3139/3139/3139 3111/3111/3111
f 3121/3121/3121 3120/3120/3120 3148/3148/3148
f 3121/3121/3121 3148/3148/3148 3149/3149/3149
f 3122/3122/3122 3119/3119/3119 3150/3150/3150
f 3122/3122/3122 3150/3150/3150 3151/3151/3151
f 3123/3123/3123 3121/3121/3121 3149/3149/3149
f 3123/3123/3123 3149/3149/3149 3152/3152/3152
f 3124/3124/3124 3122/3122/3122 3151/3151/3151
f 3124/3124/3124 3151/3151/3151 3153/3153/3153
f 3125/3125/3125 3123/3123/3123 3152/3152/3152
f 3125/3125/3125 3152/3152/3152 3154/3154/3154
f 3126/3126/3126 3124/3124/3124 3153/3153/3153
f 3126/3126/3126 3153/3153/3153 3155/3155/3155
f 3127/3127/3127 3125/3125/3125 3154/3154/3154
f 3127/3127/3127 3154/3154/3154 3156/3156/3156
f 3128/3128/3128 3126/3126/3126 3155/3155/3155
f 3128/3128/3128 3155/3155/3155 3157/3157/3157
f 3130/3130/3130 3129/3129/3129 3158/3158/3158
f 3130/3130/3130 3158/3158/3158 3159/3159/3159
f 3129/3129/3129 3127/3127/3127 3156/3156/3156
f 3129/3129/3129 3156/3156/3156 3158/3158/3158
f 3132/3132/3132 3131/3131/3131 3160/3160/3160
f 3132/3132/3132 3160/3160/3160 3161/3161/3161
f 3133/3133/3133 3130/3130/3130 3159/3159/3159
f 3133/3133/3133 3159/3159/3159 3162/3162/3162
f 3108/3108/3108 3115/3115/3115 3163/3163/3163
f 3108/3108/3108 3163/3163/3163 3109/3109/3109
f 3134/3134/3134 3132/3132/3132 3161/3161/3161
f 3134/3134/3134 3161/3161/3161 3164/3164/3164
f 3135/3135/3135 3133/3133/3133 3162/3162/3162
f 3135/3135/3135 3162/3162/3162 3165/3165/3165
f 3131/3131/3131 3128/3128/3128 3157/3157/3157
f 3131/3131/3131 3157/3157/3157 3160/3160/3160
f 3136/3136/3136 3134/3134/3134 3164/3164/3164
f 3136/3136/3136 3164/3164/3164 3166/3166/3166
f 3137/3137/3137 3135/3135/3135 3165/3165/3165
f 3137/3137/3137 3165/3165/3165 3167/3167/3167
f 3139/3139/3139 3138/3138/3138 3168/3168/3168
f 3139/3139/3139 3168/3168/3168 3169/3169/3169
f 3140/3140/3140 3136/3136/3136 3166/3166/3166
f 3140/3140/3140 3166/3166/3166 3170/3170/3170
f 3147/3147/3147 3171/3171/3171 3172/3172/3172
f 3147/3147/3147 3172/3172/3172 3173/3173/3173
f 3174/3174/3174 3116/3116/3116 3175/3175/3175
f 3174/3174/3174 3175/3175/3175 3176/3176/3176
f 3138/3138/3138 3177/3177/3177 3178/3178/3178
f 3138/3138/3138 3178/3178/3178 3168/3168/3168
f 3070/3070/3070 3147/3147/3147 3173/3173/3173
f 3070/3070/3070 3173/3173/3173 3179/3179/3179
f 3111/3111/3111 3139/3139/3139 3169/3169/3169
f 3111/3111/3111 3169/3169/3169 3180/3180/3180
f 3071/3071/3071 3070/3070/3070 3179/3179/3179
f 3071/3071/3071 3179/3179/3179 3181/3181/3181
f 3112/3112/3112 3111/3111/3111 3180/3180/3180
f 3112/3112/3112 3180/3180/3180 3182/3182/3182
f 3113/3113/3113 3071/3071/3071 3181/3181/3181
f 3113/3113/3113 3181/3181/3181 3183/3183/3183
f 3114/3114/3114 3112/3112/3112 3182/3182/3182
f 3114/3114/3114 3182/3182/3182 3184/3184/3184
f 3115/3115/3115 3113/3113/3113 3183/3183/3183
f 3115/3115/3115 3183/3183/3183 3163/3163/3163
f 3116/3116/3116 3114/3114/3114 3184/3184/3184
f 3116/3116/3116 3184/3184/3184 3175/3175/3175
f 3185/3185/3185 3186/3186/3186 3187/3187/3187
f 3185/3185/3185 3187/3187/3187 3188/3188/3188
f 3189/3189/3189 3190/3190/3190 3191/3191/3191
f 3189/3189/3189 3191/3191/3191 3192/3192/3192
f 3193/3193/3193 3194/3194/3194 3195/3195/3195
f 3193/3193/3193 3195/3195/3195 3196/3196/3196
f 3197/3197/3197 3198/3198/3198 3199/3199/3199
f 3197/3197/3197 3199/3199/3199 3200/3200/3200
f 3201/3201/3201 3202/3202/3202 3203/3203/3203
f 3201/3201/3201 3203/3203/3203 3204/3204/3204
f 3196/3196/3196 3195/3195/3195 3205/3205/3205
f 3196/3196/3196 3205/3205/3205 3206/3206/3206
f 3207/3207/3207 3208/3208/3208 3209/3209/3209
f 3207/3207/3207 3209/3209/3209 3210/3210/3210
f 3204/3204/3204 3203/3203/3203 3211/3211/3211
f 3204/3204/3204 3211/3211/3211 3212/3212/3212
f 3206/3206/3206 3205/3205/3205 3198/3198/3198
f 3206/3206/3206 3198/3198/3198 3197/3197/3197
f 3213/3213/3213 3214/3214/3214 3215/3215/3215
f 3213/3213/3213 3215/3215/3215 3216/3216/3216
f 3212/3212/3212 3211/3211/3211 3214/3214/3214
f 3212/3212/3212 3214/3214/3214 3213/3213/3213
f 3200/3200/3200 3199/3199/3199 3217/3217/3217
f 3200/3200/3200 3217/3217/3217 3218/3218/3218
f 3216/3216/3216 3215/3215/3215 3219/3219/3219
f 3216/3216/3216 3219/3219/3219 3220/3220/3220
f 3218/3218/3218 3217/3217/3217 3221/3221/3221
f 3218/3218/3218 3221/3221/3221 3222/3222/3222
f 3220/3220/3220 3219/3219/3219 3223/3223/3223
f 3220/3220/3220 3223/3223/3223 3224/3224/3224
f 3222/3222/3222 3221/3221/3221 3225/3225/3225
f 3222/3222/3222 3225/3225/3225 3226/3226/3226
f 3224/3224/3224 3223/3223/3223 3227/3227/3227
f 3224/3224/3224 3227/3227/3227 3228/3228/3228
f 3229/3229/3229 3230/3230/3230 3231/3231/3231
f 3229/3229/3229 3231/3231/3231 3232/3232/3232
f 3233/3233/3233 3234/3234/3234 3235/3235/3235
f 3233/3233/3233 3235/3235/3235 3236/3236/3236
f 3232/3232/3232 3231/3231/3231 3208/3208/3208
f 3232/3232/3232 3208/3208/3208 3207/3207/3207
f 3237/3237/3237 3238/3238/3238 3239/3239/3239
f 3237/3237/3237 3239/3239/3239 3240/3240/3240
f 3210/3210/3210 3209/3209/3209 3241/3241/3241
f 3210/3210/3210 3241/3241/3241 3242/3242/3242
f 3240/3240/3240 3239/3239/3239 3243/3243/3243
f 3240/3240/3240 3243/3243/3243 3244/3244/3244
f 3242/3242/3242 3241/3241/3241 3245/3245/3245
f 3242/3242/3242 3245/3245/3245 3246/3246/3246
f 3244/3244/3244 3243/3243/3243 3247/3247/3247
f 3244/3244/3244 3247/3247/3247 3248/3248/3248
f 3246/3246/3246 3245/3245/3245 3249/3249/3249
f 3246/3246/3246 3249/3249/3249 3250/3250/3250
f 3248/3248/3248 3247/3247/3247 3186/3186/3186
f 3248/3248/3248 3186/3186/3186 3185/3185/3185
f 3250/3250/3250 3249/3249/3249 3251/3251/3251
f 3250/3250/3250 3251/3251/3251 3252/3252/3252
f 3188/3188/3188 3187/3187/3187 3253/3253/3253
f 3188/3188/3188 3253/3253/3253 3254/3254/3254
f 3236/3236/3236 3235/3235/3235 3238/3238/3238
f 3236/3236/3236 3238/3238/3238 3237/3237/3237
f 3252/3252/3252 3251/3251/3251 3190/3190/3190
f 3252/3252/3252 3190/3190/3190 3189/3189/3189
f 3254/3254/3254 3253/3253/3253 3255/3255/3255
f 3254/3254/3254 3255/3255/3255 3256/3256/3256

