# https://github.com/mikedh/trimesh
mtllib material.mtl
usemtl material_0
v 0.06909096 0.05763816 -0.12712261
v 0.07807224 0.04476130 -0.12712273
v 0.07806812 0.04476845 -0.12792704
v 0.06909035 0.05763787 -0.12792699
v 0.04478346 -0.07805705 -0.12792705
v 0.04478328 -0.07805711 -0.12712262
v 0.03052174 -0.08463513 -0.12712263
v 0.03052156 -0.08463531 -0.12792700
v -0.04477209 0.07806576 -0.12792706
v -0.05764235 0.06908690 -0.12792707
v -0.05764247 0.06908750 -0.12712270
v -0.04477203 0.07806563 -0.12712269
v 0.05761789 -0.06909739 -0.12792704
v 0.05761693 -0.06909930 -0.12712267
v -0.06874061 0.05803543 -0.12792714
v -0.06874162 0.05803591 -0.12712271
v 0.06877428 -0.05800843 -0.12792704
v 0.06877242 -0.05801177 -0.12712266
v -0.08855504 0.01589787 -0.12792703
v -0.08855439 0.01590240 -0.12712278
v -0.08418047 0.03089118 -0.12712301
v -0.08416170 0.03090322 -0.12792727
v 0.07745235 -0.04502445 -0.12792703
v 0.07746242 -0.04503858 -0.12712260
v -0.08998108 0.00023549 -0.12792727
v -0.08998173 0.00021764 -0.12712301
v 0.08855502 -0.01587492 -0.12792709
v 0.08855283 -0.01588881 -0.12712283
v 0.08444671 -0.03105759 -0.12712260
v 0.08444958 -0.03104770 -0.12792685
v -0.08865119 -0.01538074 -0.12792721
v -0.08864915 -0.01539540 -0.12712295
v -0.08998173 0.00021764 -0.12712301
v -0.08998108 0.00023549 -0.12792727
v 0.08999275 -0.00027326 -0.12792709
v 0.08999227 -0.00029100 -0.12712289
v -0.08463246 -0.03052991 -0.12792714
v -0.08462877 -0.03053987 -0.12712283
v -0.07780362 0.04522514 -0.12712319
v -0.07781511 0.04520708 -0.12792732
v 0.08865194 0.01537621 -0.12792709
v 0.08865117 0.01538383 -0.12712284
v 0.08999227 -0.00029100 -0.12712289
v 0.08999275 -0.00027326 -0.12792709
v -0.07805163 -0.04479753 -0.12792714
v -0.07804800 -0.04480350 -0.12712282
v -0.06883562 -0.05744475 -0.12792713
v -0.06884354 -0.05745679 -0.12712276
v 0.08463644 0.03051829 -0.12792715
v 0.08464222 0.03050196 -0.12712296
v -0.05804961 -0.06873881 -0.12792712
v -0.05804945 -0.06874060 -0.12712275
v 0.01537023 -0.08865314 -0.12792701
v 0.01537125 -0.08865380 -0.12712264
v -0.00026648 -0.08989197 -0.12712271
v -0.00026629 -0.08988761 -0.12792708
v -0.04518951 -0.07779777 -0.12792711
v -0.04518951 -0.07779800 -0.12712268
v -0.03103144 -0.08445543 -0.12792704
v -0.03103251 -0.08445614 -0.12712267
v -0.01585836 -0.08856230 -0.12792709
v -0.01585872 -0.08856236 -0.12712272
v 0.05802856 0.06875669 -0.12792699
v 0.05802958 0.06875741 -0.12712262
v -0.00026629 -0.08988761 -0.12792708
v -0.00026648 -0.08989197 -0.12712271
v 0.04521833 0.07780748 -0.12792700
v 0.04521804 0.07780683 -0.12712263
v 0.00025704 0.08999329 -0.12792703
v -0.01537026 0.08865314 -0.12792704
v -0.01537043 0.08865392 -0.12712267
v 0.00025704 0.08999329 -0.12712266
v -0.03053076 0.08463209 -0.12792705
v -0.03053076 0.08463203 -0.12712262
v 0.01587598 0.08855897 -0.12792702
v 0.00025704 0.08999329 -0.12792703
v 0.00025704 0.08999329 -0.12712266
v 0.01587604 0.08855915 -0.12712265
v 0.03101473 0.08446127 -0.12792701
v 0.03101544 0.08446204 -0.12712264
v -0.00023381 0.13400001 -0.08994851
v 0.01770392 0.13399990 -0.08824220
v 0.01793155 0.10620001 -0.08821740
v -0.00000620 0.10620001 -0.09002211
v 0.08347071 0.13399851 0.03356216
v 0.07540880 0.13400002 0.04909914
v 0.07543986 0.10620002 0.04902834
v 0.08350075 0.10620002 0.03354064
v -0.00023119 0.13400002 0.08997179
v -0.01814136 0.13400002 0.08811688
v -0.01794389 0.10620002 0.08815836
v -0.00002424 0.10620002 0.08996610
v -0.08329624 0.13400002 0.03398393
v -0.08825056 0.13399821 0.01751823
v -0.08824740 0.10620001 0.01752632
v -0.08328204 0.10620002 0.03405083
v 0.06432561 0.13400002 0.06289433
v 0.05067853 0.13400002 0.07431633
v 0.05083350 0.10620002 0.07422761
v 0.06443760 0.10620002 0.06278714
v -0.01818117 0.13400001 -0.08814753
v -0.01796475 0.10620001 -0.08818792
v -0.07554459 0.13400001 -0.04893516
v -0.06458108 0.13400001 -0.06266985
v -0.06448631 0.10620001 -0.06278186
v -0.07548523 0.10620001 -0.04901427
v 0.03493437 0.13400002 0.08288932
v 0.03512254 0.10620002 0.08282960
v 0.03485628 0.13399961 -0.08296599
v 0.03507556 0.10620001 -0.08290508
v -0.06458108 0.13400001 -0.06266985
v -0.05102709 0.13400001 -0.07412125
v -0.05088190 0.10620001 -0.07423144
v -0.06448631 0.10620001 -0.06278186
v 0.01771584 0.13400002 0.08817320
v 0.01792541 0.10620002 0.08816429
v 0.05051728 0.13400001 -0.07447169
v 0.05071779 0.10620001 -0.07436657
v -0.03535620 0.13400001 -0.08275915
v -0.03516690 0.10620001 -0.08284223
v 0.05051728 0.13400001 -0.07447169
v 0.06409747 0.13400001 -0.06317927
v 0.06424863 0.10620001 -0.06303536
v 0.05071779 0.10620001 -0.07436657
v -0.03522882 0.13399942 0.08276747
v -0.03507051 0.10620002 0.08285536
v 0.07515275 0.13400001 -0.04951616
v 0.07521289 0.10620001 -0.04940297
v -0.05080070 0.13400002 0.07423276
v -0.05067869 0.10620002 0.07434854
v -0.08354009 0.10620001 -0.03349947
v -0.08356381 0.13399802 -0.03338247
v -0.05080070 0.13400002 0.07423276
v -0.06428296 0.13399862 0.06293955
v -0.06421687 0.10620002 0.06301915
v -0.05067869 0.10620002 0.07434854
v -0.07526947 0.13399862 0.04930244
v -0.07519364 0.10620002 0.04939474
v 0.08325265 0.13399971 -0.03413296
v 0.08824739 0.13400001 -0.01757815
v 0.08826241 0.10620001 -0.01751075
v 0.08328961 0.10620001 -0.03404796
v 0.08999224 0.13400001 -0.00031225
v 0.08997604 0.10620001 -0.00035185
v -0.08999100 0.13400001 0.00032563
v -0.08998778 0.10620001 0.00039183
v -0.08839370 0.13400001 -0.01679037
v -0.08840485 0.10620001 -0.01679417
v 0.08836538 0.13399802 0.01689704
v 0.08838995 0.10620001 0.01683415
v 0.06432561 0.13400002 0.06289433
v 0.06443760 0.10620002 0.06278714
v 0.00024122 0.07061221 0.09608979
v -0.01449899 0.06944771 0.09560388
v -0.01429681 0.06787069 0.09639707
v 0.00023654 0.06901123 0.09686760
v 0.07062052 -0.04651092 0.05033553
v 0.05293330 0.04953446 0.08913262
v -0.07673063 0.01757260 0.07622533
v 0.04470498 -0.07794599 -0.06111617
v 0.04465560 -0.07788102 -0.01600608
v 0.03045080 -0.08425616 -0.01710618
v 0.03051115 -0.08450501 -0.06166438
v -0.04481074 0.07812971 -0.09687014
v -0.05781254 0.06927865 -0.09045824
v -0.05963281 0.07081377 -0.07561675
v -0.04527387 0.07887614 -0.08770504
v 0.05748517 -0.06913322 -0.06037456
v 0.05756030 -0.06936465 -0.01452476
v -0.05781254 0.06927865 -0.09045824
v -0.06908838 0.05830579 -0.08253876
v -0.07294856 0.05987824 -0.06052017
v -0.05963281 0.07081377 -0.07561675
v 0.06854457 -0.05822812 -0.05946356
v 0.06883023 -0.05875508 -0.01270815
v 0.05756030 -0.06936465 -0.01452476
v 0.05748517 -0.06913322 -0.06037456
v -0.08887683 0.01637579 -0.05304787
v -0.09043881 0.01692302 0.00009973
v -0.08963074 0.02875597 -0.01681976
v -0.08552091 0.02985997 -0.06143837
v 0.07744729 -0.04568939 -0.05838195
v 0.07786288 -0.04640625 -0.01055175
v -0.08992164 -0.00129443 -0.05463956
v -0.09045067 -0.00241594 -0.00305836
v 0.08822746 -0.01703612 -0.05597195
v 0.08851984 -0.01796417 -0.00571865
v 0.08445325 -0.03263859 -0.00823654
v 0.08403755 -0.03182600 -0.05723545
v -0.08831954 -0.01655464 -0.05593046
v -0.08876487 -0.01751404 -0.00563946
v 0.08990550 -0.00179373 -0.05468294
v 0.09034374 -0.00290107 -0.00314234
v -0.08424711 -0.03132986 -0.05718556
v -0.08483150 -0.03221111 -0.00814867
v -0.08232832 0.04813505 -0.04437557
v -0.07762103 0.04660820 -0.07450066
v 0.08889640 0.01614571 -0.05304355
v 0.09049209 0.01692457 0.00009975
v -0.07775049 -0.04529499 -0.05836305
v -0.07828100 -0.04606949 -0.01051815
v -0.06889992 -0.05792885 -0.05941085
v -0.06927277 -0.05855750 -0.01260635
v 0.08564651 0.02939559 -0.06110435
v 0.08970902 0.02831013 -0.01620604
v -0.05795191 -0.06883317 -0.06035164
v -0.05813421 -0.06918751 -0.01448584
v -0.06927277 -0.05855750 -0.01260635
v -0.06889992 -0.05792885 -0.05941085
v 0.01538063 -0.08852993 -0.06199258
v 0.01535348 -0.08825146 -0.01776489
v -0.00026291 -0.08963238 -0.01796381
v -0.00026858 -0.08989970 -0.06209240
v 0.07882418 0.04455929 -0.07233175
v 0.08426189 0.04482109 -0.03980676
v -0.04516052 -0.07777910 -0.06109362
v -0.04519864 -0.07787071 -0.01596494
v -0.03103994 -0.08438128 -0.06164442
v -0.03104164 -0.08431934 -0.01706712
v -0.01587688 -0.08848898 -0.06199101
v -0.01586934 -0.08832048 -0.01776050
v 0.06942154 0.05791623 -0.08226437
v 0.05818805 0.06894117 -0.09021498
v 0.06012191 0.07041348 -0.07513207
v 0.07332814 0.05946059 -0.06004196
v 0.05818805 0.06894117 -0.09021498
v 0.04525873 0.07787794 -0.09668378
v 0.04571983 0.07860911 -0.08733328
v 0.06012191 0.07041348 -0.07513207
v -0.00025043 -0.08658336 0.03253940
v 0.01451785 -0.08543018 0.03293161
v 0.01430988 -0.08483534 0.03463250
v -0.00024640 -0.08596019 0.03424301
v -0.07367998 -0.04702871 0.04834294
v -0.06509482 -0.05826156 0.04407004
v -0.06416136 -0.05804525 0.04560045
v -0.07263219 -0.04698037 0.04981524
v 0.04228395 -0.07614020 0.03668432
v 0.05439180 -0.06829886 0.03985044
v 0.05361992 -0.06794921 0.04144904
v 0.04167467 -0.07566302 0.03832333
v 0.06516936 0.04237475 0.08461153
v 0.05474021 0.05207463 0.08854501
v 0.05398282 0.05073704 0.08944242
v 0.06424996 0.04116561 0.08555013
v 0.08361486 0.00549258 0.06966085
v 0.07981822 0.01871713 0.07500634
v 0.07869009 0.01783909 0.07608584
v 0.08243046 0.00479390 0.07080884
v -0.06484308 0.04270639 0.08477133
v -0.07341966 0.03155406 0.08014365
v -0.07238891 0.03049697 0.08115425
v -0.06392482 0.04150046 0.08571094
v -0.02930515 -0.08175472 0.03442457
v -0.01498167 -0.08536527 0.03292378
v -0.01476729 -0.08476947 0.03462390
v -0.02888316 -0.08119790 0.03609818
v -0.05484140 -0.06800298 0.03989075
v -0.05406439 -0.06766306 0.04149218
v 0.05439180 -0.06829886 0.03985044
v 0.06497853 -0.05861585 0.04367775
v 0.06404136 -0.05840372 0.04520974
v 0.05361992 -0.06794921 0.04144904
v -0.02880547 0.06594475 0.09418266
v -0.02840040 0.06440820 0.09498297
v -0.07950577 0.01903911 0.07531633
v -0.08358134 0.00597693 0.06978645
v -0.08239319 0.00527830 0.07093715
v -0.07838221 0.01815631 0.07639133
v 0.04265656 0.05996718 0.09175692
v 0.04205509 0.05851246 0.09259031
v 0.07324731 -0.04739539 0.04847596
v 0.07216626 -0.04732423 0.04996205
v -0.08484782 -0.00770812 0.06431653
v -0.08365955 -0.00822274 0.06555804
v -0.04223159 0.06019135 0.09184678
v -0.04163620 0.05873378 0.09267877
v 0.07973377 -0.03501318 0.05318744
v 0.08353530 -0.02177582 0.05863805
v 0.08234231 -0.02208053 0.05995215
v 0.07859699 -0.03513210 0.05458496
v 0.02926268 0.06579013 0.09411901
v 0.02885111 0.06425572 0.09492031
v -0.08363021 -0.02134882 0.05880003
v -0.08244062 -0.02165226 0.06011324
v 0.02883304 -0.08192627 0.03433291
v 0.02841752 -0.08136705 0.03600783
v 0.07360199 0.03113540 0.08003685
v 0.07256850 0.03008457 0.08104915
v 0.08485863 -0.00814883 0.06412495
v 0.08367035 -0.00864755 0.06537316
v -0.05437258 0.05236436 0.08865765
v -0.05361750 0.05102105 0.08954827
v -0.04267269 -0.07592902 0.03678327
v -0.04205817 -0.07545482 0.03842088
v -0.07984311 -0.03457128 0.05345365
v -0.07870490 -0.03469639 0.05484723
v 0.01497926 0.06936813 0.09556930
v 0.01476945 0.06779117 0.09636091
v 0.07324731 -0.04739539 0.04847596
v 0.07216626 -0.04732423 0.04996205
v -0.07341966 0.03155406 0.08014365
v -0.07238891 0.03049697 0.08115425
v 0.07360199 0.03113540 0.08003685
v 0.07256850 0.03008457 0.08104915
v -0.07984311 -0.03457128 0.05345365
v -0.07870490 -0.03469639 0.05484723
v -0.04121482 -0.07417755 0.03915026
v -0.05301416 -0.06664351 0.04218997
v -0.05406439 -0.06766306 0.04149218
v -0.04205817 -0.07545482 0.03842088
v 0.07716988 -0.03474312 0.05507646
v 0.07859699 -0.03513210 0.05458496
v 0.06302031 0.04014601 0.08533844
v 0.07119318 0.02927800 0.08094645
v 0.04123774 0.05715998 0.09221322
v 0.02829005 0.06278993 0.09448811
v 0.00023541 0.06744482 0.09636928
v 0.01448209 0.06625308 0.09588810
v -0.02829450 -0.07980804 0.03687519
v -0.02888316 -0.08119790 0.03609818
v -0.01401923 0.06632860 0.09591869
v -0.01448071 -0.08334170 0.03544600
v -0.01476729 -0.08476947 0.03462390
v -0.02784822 0.06293865 0.09454816
v -0.07106205 0.02970417 0.08111596
v -0.07838221 0.01815631 0.07639133
v -0.00024554 -0.08438233 0.03502979
v -0.00024640 -0.08596019 0.03424301
v -0.04082813 0.05737658 0.09230088
v -0.08205386 -0.00829814 0.06576385
v -0.08089824 0.00490876 0.07109713
v -0.08239319 0.00527830 0.07093715
v -0.08365955 -0.00822274 0.06555804
v 0.02785009 -0.07999848 0.03679732
v 0.01402920 -0.08336166 0.03544000
v 0.01430988 -0.08483534 0.03463250
v 0.02841752 -0.08136705 0.03600783
v -0.05258003 0.04981788 0.08924655
v -0.06268677 0.04046305 0.08546695
v 0.04083639 -0.07440107 0.03905942
v 0.04167467 -0.07566302 0.03832333
v 0.05254959 -0.06683187 0.04211813
v 0.08207700 -0.00873284 0.06558834
v 0.08075605 -0.02191297 0.06026454
v 0.08234231 -0.02208053 0.05995215
v 0.08367035 -0.00864755 0.06537316
v 0.06282471 -0.05758511 0.04584915
v -0.08086485 -0.02149222 0.06043344
v -0.08244062 -0.02165226 0.06011324
v -0.07718594 -0.03428660 0.05526474
v -0.07870490 -0.03469639 0.05484723
v 0.08086613 0.00446178 0.07091994
v 0.08243046 0.00479390 0.07080884
v -0.07129472 -0.04636084 0.05038324
v -0.07263219 -0.04698037 0.04981524
v -0.06276321 -0.05699531 0.04609845
v -0.06416136 -0.05804525 0.04560045
v 0.07720188 0.01726218 0.07609195
v 0.07869009 0.01783909 0.07608584
v 0.01566508 0.07453050 0.09301501
v 0.00025186 0.07582052 0.09354938
v -0.08355492 -0.03416269 0.04891225
v -0.07711231 -0.04720061 0.04355526
v -0.04466348 -0.07744972 0.03143427
v -0.03067391 -0.08354555 0.02896059
v -0.05686471 0.05675842 0.08577484
v -0.06780930 0.04666223 0.08170384
v 0.08878778 -0.00651680 0.06008746
v 0.08746271 0.00774933 0.06587465
v 0.07698729 0.03456374 0.07675374
v 0.06815948 0.04631133 0.08154303
v 0.03018243 -0.08372788 0.02886553
v 0.04425681 -0.07766764 0.03132983
v -0.07680287 0.03499492 0.07687064
v -0.08316834 0.02191629 0.07181375
v 0.07666218 -0.04759108 0.04369716
v 0.08343595 -0.03462838 0.04863216
v 0.03059819 0.07077934 0.09148622
v -0.08749527 -0.02031730 0.05450295
v -0.08355492 -0.03416269 0.04891225
v -0.05740726 -0.06916188 0.03469376
v -0.04415640 0.06493141 0.08910967
v 0.08740090 -0.02077178 0.05433984
v 0.08349744 0.02157767 0.07148624
v 0.07698729 0.03456374 0.07675374
v 0.01519817 -0.08740042 0.02739601
v -0.08877546 -0.00605605 0.06028853
v 0.04459974 0.06470115 0.08901603
v -0.03012398 0.07094242 0.09155266
v -0.08742996 0.00825639 0.06601734
v -0.01568543 -0.08734624 0.02739200
v -0.00026265 -0.08860503 0.02698430
v 0.06799977 -0.05932628 0.03865785
v 0.07666218 -0.04759108 0.04369716
v 0.05725166 0.05645581 0.08565893
v -0.01516172 0.07460655 0.09304118
v 0.05693364 -0.06946687 0.03465125
v -0.06813061 -0.05895804 0.03907594
v -0.07680287 0.03499492 0.07687064
v 0.05693364 -0.06946687 0.03465125
v 0.00025500 0.07706667 0.09295620
v -0.01531919 0.07582892 0.09244898
v -0.00026430 -0.08902554 0.02568730
v 0.01534737 -0.08781146 0.02613051
v -0.07778722 -0.04718975 0.04250896
v -0.06882631 -0.05910359 0.03789515
v 0.04468120 -0.07797150 0.03011452
v 0.05747486 -0.06968342 0.03346684
v 0.06878367 0.04713906 0.08088973
v 0.05778530 0.05739369 0.08505063
v 0.08824502 0.00823160 0.06505276
v 0.08422956 0.02216060 0.07077576
v -0.06843956 0.04750367 0.08104524
v -0.07745774 0.03568544 0.07619565
v -0.03097271 -0.08391564 0.02771258
v -0.01583593 -0.08773802 0.02613659
v -0.05791859 -0.06935451 0.03355716
v 0.06858707 -0.05941980 0.03757674
v 0.06799977 -0.05932628 0.03865785
v -0.03042641 0.07208748 0.09095698
v -0.08400209 0.02257575 0.07100584
v -0.08813501 0.00870349 0.06526284
v 0.04503479 0.06575854 0.08840833
v 0.06858707 -0.05941980 0.03757674
v 0.07744467 -0.04762535 0.04257686
v -0.08955116 -0.00571458 0.05944724
v -0.04457727 0.06596966 0.08850537
v 0.08412396 -0.03452304 0.04770045
v 0.08817910 -0.02055118 0.05341284
v 0.03091141 0.07194836 0.09087280
v -0.08826221 -0.02008568 0.05357583
v 0.03047151 -0.08409022 0.02761922
v 0.07768181 0.03527989 0.07605005
v 0.08955251 -0.00617622 0.05925985
v -0.05740067 0.05770125 0.08515924
v -0.04509537 -0.07775216 0.03021586
v -0.08429473 -0.03404824 0.04791903
v 0.01582833 0.07574506 0.09243091
v 0.07744467 -0.04762535 0.04257686
v -0.07745774 0.03568544 0.07619565
v 0.07768181 0.03527989 0.07605005
v -0.08429473 -0.03404824 0.04791903
v -0.00026503 -0.08909629 0.02480820
v -0.01584379 -0.08779757 0.02526219
v 0.03048546 -0.08413903 0.02675143
v 0.01535494 -0.08786868 0.02525671
v 0.04470760 -0.07801966 0.02924243
v 0.05751586 -0.06973712 0.03260754
v 0.06863892 -0.05946051 0.03671805
v 0.06858707 -0.05941980 0.03757674
v 0.05747486 -0.06968342 0.03346684
v 0.05751586 -0.06973712 0.03260754
v 0.07755833 -0.04765891 0.04167635
v -0.08967180 -0.00568764 0.05863084
v -0.08826477 0.00878967 0.06450303
v 0.08827232 -0.02054553 0.05258577
v 0.08420538 -0.03453057 0.04685326
v -0.08836312 -0.02009146 0.05277153
v 0.08966087 -0.00615661 0.05844005
v -0.08437843 -0.03406642 0.04708185
v 0.08836505 0.00831230 0.06431316
v -0.07784533 -0.04723087 0.04169786
v -0.07778722 -0.04718975 0.04250896
v -0.06890905 -0.05915396 0.03700036
v -0.07784533 -0.04723087 0.04169786
v -0.05795859 -0.06940185 0.03268836
v -0.04512327 -0.07780485 0.02934157
v -0.03099184 -0.08397649 0.02683918
v 0.01771584 0.13400002 0.08817320
v 0.08347071 0.13399851 0.03356216
v -0.00023381 0.13400001 -0.08994851
v 0.08328746 0.06188185 -0.03629615
v 0.07356178 0.07093055 -0.05393736
v -0.08892818 0.05192572 -0.01613936
v -0.08997848 0.04431648 0.00022134
v -0.08787929 0.04875345 0.02002603
v -0.08877312 0.03144259 0.02103804
v 0.01630261 0.08427216 0.09008931
v -0.00022489 0.08476974 0.09118489
v -0.00029178 0.08100308 0.09197027
v 0.01569202 0.08032698 0.09112771
v 0.04729649 0.07951839 0.07965643
v 0.03235187 0.08251949 0.08629111
v 0.03139069 0.07804479 0.08817852
v 0.04641136 0.07420380 0.08259163
v -0.00015622 0.08855833 0.09057988
v -0.00002424 0.10620002 0.08996610
v -0.01794389 0.10620002 0.08815836
v -0.01711997 0.08820529 0.08891338
v -0.01664373 0.08419122 0.08970797
v -0.03247216 0.08233590 0.08561306
v -0.03174320 0.07783695 0.08748277
v -0.01619473 0.08022065 0.09076369
v -0.06001832 0.07500745 0.06974944
v -0.07258976 0.06779791 0.05594673
v -0.07351071 0.05826505 0.05942064
v -0.05967792 0.06811632 0.07355046
v -0.08159655 0.05959487 0.04006074
v -0.08284998 0.04664225 0.04285233
v 0.08800758 0.04866285 0.01988275
v 0.08904005 0.03145654 0.02103515
v 0.08998557 0.04419321 0.00000575
v 0.06032130 0.07520910 0.07034194
v 0.04729649 0.07951839 0.07965643
v 0.04641136 0.07420380 0.08259163
v 0.05997602 0.06854697 0.07433354
v -0.04712107 0.07927603 0.07898126
v -0.04637274 0.07383359 0.08183355
v 0.07311039 0.06785657 0.05614454
v 0.07414906 0.05851837 0.05978653
v 0.03247252 0.08822138 -0.08613568
v 0.03115197 0.08480800 -0.09445979
v 0.01590242 0.08871060 -0.09859690
v 0.01670435 0.09118528 -0.09064380
v 0.04716577 0.08378482 -0.07879888
v 0.06126821 0.07817007 -0.06795467
v 0.04571983 0.07860911 -0.08733328
v 0.04716577 0.08378482 -0.07879888
v -0.07327430 0.07134724 -0.05413167
v -0.08205504 0.06396753 -0.03891747
v 0.08895973 0.05153204 -0.01595025
v 0.08328961 0.10620001 -0.03404796
v 0.08308344 0.08142359 -0.03492766
v 0.07411688 0.08653963 -0.05131877
v 0.07521289 0.10620001 -0.04940297
v 0.05083350 0.10620002 0.07422761
v 0.03512254 0.10620002 0.08282960
v 0.03328803 0.08706196 0.08464810
v 0.04828981 0.08511139 0.07709531
v -0.08328204 0.10620002 0.03405083
v -0.08824740 0.10620001 0.01752632
v -0.08783154 0.06622179 0.01907584
v -0.08176666 0.07302178 0.03757463
v 0.08838995 0.10620001 0.01683415
v 0.08791180 0.06601275 0.01873785
v 0.08998069 0.07147474 -0.00010775
v 0.08997604 0.10620001 -0.00035185
v 0.06443760 0.10620002 0.06278714
v 0.06125757 0.08241846 0.06688084
v -0.05067869 0.10620002 0.07434854
v -0.06421687 0.10620002 0.06301915
v -0.06110259 0.08253767 0.06663814
v -0.04815765 0.08512271 0.07674555
v 0.07543986 0.10620002 0.04902834
v 0.06443760 0.10620002 0.06278714
v 0.06125757 0.08241846 0.06688084
v 0.07314657 0.07792254 0.05295142
v 0.08188140 0.05959714 0.04014615
v 0.08329856 0.04684151 0.04308785
v 0.03507556 0.10620001 -0.08290508
v 0.03357615 0.09647602 -0.08370510
v 0.01719281 0.09803241 -0.08853051
v 0.01793155 0.10620001 -0.08821740
v 0.05071779 0.10620001 -0.07436657
v 0.04869004 0.09398014 -0.07591609
v 0.06424863 0.10620001 -0.06303536
v 0.06250239 0.09065533 -0.06499276
v 0.06250239 0.09065533 -0.06499276
v 0.06424863 0.10620001 -0.06303536
v 0.01792541 0.10620002 0.08816429
v 0.01688214 0.08821358 0.08914479
v 0.08826241 0.10620001 -0.01751075
v 0.08851561 0.07565249 -0.01657545
v -0.04712107 0.07927603 0.07898126
v -0.04637274 0.07383359 0.08183355
v -0.06098656 0.07846802 -0.06809345
v -0.03348718 0.09664333 -0.08372773
v -0.04863445 0.09421284 -0.07592615
v -0.05088190 0.10620001 -0.07423144
v -0.03516690 0.10620001 -0.08284223
v -0.04685328 0.08400798 -0.07889564
v -0.04527387 0.07887614 -0.08770504
v 0.00008985 0.09859276 -0.09018331
v -0.01704070 0.09811544 -0.08857012
v -0.01796475 0.10620001 -0.08818792
v -0.00000620 0.10620001 -0.09002211
v -0.01636090 0.09129458 -0.09063862
v -0.01539734 0.08880543 -0.09859552
v -0.03068015 0.08502365 -0.09446923
v -0.03219094 0.08840526 -0.08612543
v -0.03507051 0.10620002 0.08285536
v -0.03334984 0.08706147 0.08422588
v 0.08350075 0.10620002 0.03354064
v 0.08187770 0.07284851 0.03739635
v -0.06421687 0.10620002 0.06301915
v -0.07519364 0.10620002 0.04939474
v -0.07295466 0.07809544 0.05303895
v -0.06110259 0.08253767 0.06663814
v 0.00018747 0.09238493 -0.09210991
v -0.01636090 0.09129458 -0.09063862
v 0.01574811 0.07846691 0.09165140
v 0.03116682 0.07540174 0.08927882
v 0.04567786 0.07031514 0.08518491
v 0.00013790 0.07791931 0.09271858
v -0.01547393 0.07660855 0.09208998
v 0.00025747 0.09000986 -0.10294741
v -0.01537468 0.08867436 -0.10240622
v 0.00026058 0.09011727 -0.09968041
v 0.07139477 0.05312409 0.06995365
v 0.08047269 0.04137965 0.05925614
v -0.03055282 0.08469158 -0.10032423
v 0.01580526 0.07660402 0.09216591
v 0.01587972 0.08858102 -0.10240610
v 0.03103199 0.08450658 -0.10032379
v 0.04567786 0.07031514 0.08518491
v 0.05874273 0.06326348 0.07926243
v -0.01582834 0.07841463 0.09138608
v -0.03111395 0.07527799 0.08888798
v -0.04541883 0.07014622 0.08470325
v -0.04541883 0.07014622 0.08470325
v -0.05834797 0.06305428 0.07883474
v -0.07073917 0.05304648 0.06974753
v -0.07987571 0.04130543 0.05909075
v 0.08440206 0.02232905 0.06999804
v -0.08649052 0.02716280 0.04562764
v 0.01670435 0.09118528 -0.09064380
v -0.06251685 0.09095049 -0.06497266
v -0.06448631 0.10620001 -0.06278186
v -0.06448631 0.10620001 -0.06278186
v -0.06251685 0.09095049 -0.06497266
v -0.07417225 0.08687807 -0.05123566
v -0.07548523 0.10620001 -0.04901427
v -0.08354009 0.10620001 -0.03349947
v -0.08261192 0.08271087 -0.03598736
v -0.08855487 0.07603282 -0.01635667
v -0.08840485 0.10620001 -0.01679417
v -0.08420469 0.02275611 0.07020302
v 0.08695477 0.02703530 0.04558085
v 0.07786706 0.03556629 0.07535264
v -0.07760115 0.03592761 0.07549753
v -0.06843956 0.04750367 0.08104524
v -0.06860724 0.04786254 0.08035126
v -0.05740067 0.05770125 0.08515924
v -0.05749192 0.05823769 0.08454666
v -0.04457727 0.06596966 0.08850537
v -0.04469379 0.06657446 0.08793957
v -0.05749192 0.05823769 0.08454666
v -0.05740067 0.05770125 0.08515924
v -0.03057298 0.07278831 0.09048658
v -0.04469379 0.06657446 0.08793957
v -0.08973120 0.01289946 0.03233233
v 0.05778530 0.05739369 0.08505063
v 0.06878367 0.04713906 0.08088973
v 0.06897738 0.04754443 0.08020314
v 0.05788758 0.05800970 0.08446493
v 0.08995604 0.01266403 0.03223826
v 0.04503479 0.06575854 0.08840833
v 0.04513046 0.06644537 0.08791633
v 0.04513046 0.06644537 0.08791633
v 0.03096249 0.07271917 0.09051782
v -0.00007540 0.07946296 0.09233428
v -0.01587197 -0.08815514 0.00375320
v -0.03104964 -0.08424668 0.00488698
v -0.04521701 -0.07794075 0.00668876
v 0.08456524 -0.03368174 0.01932105
v 0.07789446 -0.04714333 0.01555065
v -0.05814705 -0.06942676 0.00910736
v 0.01535609 -0.08806817 0.00374621
v -0.00026605 -0.08943777 0.00342060
v -0.06924430 -0.05899601 0.01219475
v -0.06924430 -0.05899601 0.01219475
v -0.06890905 -0.05915396 0.03700036
v -0.07827388 -0.04678230 0.01559774
v -0.08489399 -0.03325926 0.01947244
v 0.09040696 -0.00454222 0.02766585
v -0.08890234 -0.01886778 0.02357353
v 0.08867735 -0.01931088 0.02344175
v -0.09047388 -0.00405847 0.02780653
v 0.06887902 -0.05924319 0.01201164
v 0.05762429 -0.06966196 0.00904174
v 0.05762429 -0.06966196 0.00904174
v 0.04471256 -0.07800131 0.00661973
v 0.03047164 -0.08420674 0.00482443
v -0.03219094 0.08840526 -0.08612543
v -0.04685328 0.08400798 -0.07889564
v -0.08998672 0.07170052 0.00035853
v -0.08998778 0.10620001 0.00039183
v 0.03052174 -0.08463513 -0.12712263
v 0.03053084 -0.08463025 -0.10622218
v 0.01538513 -0.08866947 -0.10622229
v 0.01537125 -0.08865380 -0.12712264
v -0.03053076 0.08463203 -0.12712262
v -0.04477203 0.07806563 -0.12712269
v -0.04477121 0.07806396 -0.10622224
v -0.03053017 0.08463066 -0.10622143
v 0.04521804 0.07780683 -0.12712263
v 0.03101544 0.08446204 -0.12712264
v 0.03102223 0.08448106 -0.10622219
v 0.04520932 0.07779181 -0.10622228
v 0.01587604 0.08855915 -0.12712265
v 0.01587669 0.08856266 -0.10622220
v 0.00025704 0.08999329 -0.12712266
v 0.00025704 0.08999408 -0.10622221
v -0.01537043 0.08865392 -0.12712261
v -0.01537408 0.08867162 -0.10622222
v -0.07780362 0.04522514 -0.12712319
v -0.07753439 0.04564929 -0.10622926
v -0.06876500 0.05805552 -0.10622226
v -0.06874162 0.05803591 -0.12712271
v 0.05802958 0.06875741 -0.12712262
v 0.05804363 0.06877423 -0.10622217
v -0.00026648 -0.08989197 -0.12712271
v -0.00027096 -0.08999364 -0.10622230
v -0.01586928 -0.08856409 -0.10622231
v -0.01585872 -0.08856236 -0.12712272
v 0.06909096 0.05763816 -0.12712255
v 0.05802958 0.06875741 -0.12712262
v 0.05804363 0.06877423 -0.10622217
v 0.06910494 0.05765015 -0.10622216
v -0.03104796 -0.08447235 -0.10622232
v -0.03103251 -0.08445614 -0.12712267
v -0.04518803 -0.07780461 -0.10622223
v -0.04518951 -0.07779800 -0.12712268
v 0.08444671 -0.03105759 -0.12712260
v 0.08438084 -0.03128993 -0.10622415
v 0.07769856 -0.04536879 -0.10622215
v 0.07746242 -0.04503858 -0.12712260
v -0.05803527 -0.06878166 -0.10622234
v -0.05804945 -0.06874060 -0.12712275
v 0.07807224 0.04476130 -0.12712267
v 0.07816878 0.04459542 -0.10622346
v 0.08477739 0.03011876 -0.10622695
v 0.08464222 0.03050196 -0.12712296
v -0.06902953 -0.05773973 -0.10622285
v -0.06884354 -0.05745679 -0.12712276
v 0.08863315 0.01556754 -0.10622565
v 0.08865117 0.01538383 -0.12712284
v -0.06884354 -0.05745679 -0.12712276
v -0.06902953 -0.05773973 -0.10622285
v -0.07796229 -0.04493844 -0.10622336
v -0.07804800 -0.04480350 -0.12712276
v -0.08454289 -0.03077656 -0.10622416
v -0.08462877 -0.03053987 -0.12712283
v 0.08998135 -0.00070656 -0.10622664
v 0.08999227 -0.00029100 -0.12712289
v -0.08418047 0.03089118 -0.12712301
v -0.08462133 0.03061437 -0.10622667
v -0.08860184 -0.01572901 -0.10622536
v -0.08864915 -0.01539540 -0.12712295
v 0.08850137 -0.01622051 -0.10622524
v 0.08855283 -0.01588881 -0.12712283
v -0.08999695 -0.00020082 -0.10622677
v -0.08998173 0.00021764 -0.12712301
v -0.08853950 0.01600760 -0.10622487
v -0.08855439 0.01590240 -0.12712278
v 0.06872842 -0.05809921 -0.10622256
v 0.06877242 -0.05801177 -0.12712266
v 0.05760465 -0.06914412 -0.10622227
v 0.05761693 -0.06909930 -0.12712261
v -0.05764247 0.06908750 -0.12712270
v -0.06874162 0.05803591 -0.12712271
v -0.06876500 0.05805552 -0.10622226
v -0.05765458 0.06910170 -0.10622225
v 0.05761693 -0.06909930 -0.12712261
v 0.05760465 -0.06914412 -0.10622227
v 0.04477933 -0.07805871 -0.10622217
v 0.04478328 -0.07805711 -0.12712262
v -0.04685328 0.08400798 -0.07889564
v 0.00018747 0.09238493 -0.09210991
v -0.06098656 0.07846802 -0.06809345
v 0.06126821 0.07817007 -0.06795467
v 0.04716577 0.08378482 -0.07879888
v 0.03247252 0.08822138 -0.08613568
v -0.06001832 0.07500745 0.06974944
v 0.04828981 0.08511139 0.07709531
v -0.04469379 0.06657446 0.08793957
v -0.06908838 0.05830579 -0.08253876
v 0.03485628 0.13399961 -0.08296599
v 0.01770392 0.13399990 -0.08824220
v -0.01818117 0.13400001 -0.08814753
v -0.03535620 0.13400001 -0.08275915
v -0.05102709 0.13400001 -0.07412125
v -0.06458108 0.13400001 -0.06266985
v -0.07554459 0.13400001 -0.04893516
v -0.08356381 0.13399802 -0.03338247
v -0.08839370 0.13400001 -0.01679037
v -0.08999100 0.13400001 0.00032563
v -0.08825056 0.13399821 0.01751823
v -0.08329624 0.13400002 0.03398393
v -0.07526947 0.13399862 0.04930244
v -0.06428296 0.13399862 0.06293955
v -0.05080070 0.13400002 0.07423276
v -0.03522882 0.13399942 0.08276747
v -0.01814136 0.13400002 0.08811688
v -0.00023119 0.13400002 0.08997179
v 0.03493437 0.13400002 0.08288932
v 0.05067853 0.13400002 0.07431633
v 0.06432561 0.13400002 0.06289433
v 0.07540880 0.13400002 0.04909914
v 0.08836538 0.13399802 0.01689704
v 0.08999224 0.13400001 -0.00031225
v 0.08824739 0.13400001 -0.01757815
v 0.08325265 0.13399971 -0.03413296
v 0.07515275 0.13400001 -0.04951616
v 0.06409747 0.13400001 -0.06317927
v 0.05051728 0.13400001 -0.07447169
vn 0.76745098 0.64110716 -0.00077889
vn 0.86791059 0.49672044 -0.00002246
vn 0.86733455 0.49772561 0.00000855
vn 0.76743541 0.64112574 -0.00081903
vn 0.49758995 -0.86741238 0.00004807
vn 0.49756628 -0.86742596 0.00002491
vn 0.33889226 -0.94082518 0.00013198
vn 0.33886177 -0.94083617 0.00011237
vn -0.49736821 0.86753953 0.00016119
vn -0.64131985 0.76727335 -0.00067527
vn -0.64128808 0.76729993 -0.00064992
vn -0.49736855 0.86753933 0.00017359
vn 0.64115885 -0.76740749 -0.00103427
vn 0.64095215 -0.76758010 -0.00106453
vn -0.76380656 0.64544382 -0.00134825
vn -0.76383059 0.64541540 -0.00133585
vn 0.77218685 -0.63539495 -0.00085027
vn 0.77179961 -0.63586473 -0.00118644
vn -0.98256080 0.18594082 -0.00054217
vn -0.98243381 0.18661124 -0.00024512
vn -0.93898729 0.34355622 -0.01649228
vn -0.93834108 0.34532060 -0.01642251
vn 0.86425759 -0.50267842 -0.01931917
vn 0.86389720 -0.50329536 -0.01937531
vn -0.99588404 0.09062891 0.00117054
vn -0.99588415 0.09062742 0.00119967
vn 0.98434713 -0.17624024 -0.00031878
vn 0.98400661 -0.17813146 -0.00042848
vn 0.93427247 -0.35655820 -0.00109497
vn 0.93484231 -0.35506073 -0.00131528
vn -0.98538030 -0.17036784 -0.00067421
vn -0.98503025 -0.17238052 -0.00059442
vn -0.99638959 -0.08485948 -0.00257883
vn -0.99638980 -0.08485340 -0.00269697
vn 0.99576825 -0.09189015 -0.00134120
vn 0.99576773 -0.09189447 -0.00142600
vn -0.94104302 -0.33828690 0.00006832
vn -0.94054997 -0.33965533 0.00013914
vn -0.86865282 0.49542034 0.00097672
vn -0.87031369 0.49249586 0.00137948
vn 0.98528480 0.17091949 -0.00063143
vn 0.98510513 0.17195177 -0.00068365
vn 0.99634719 0.08536097 0.00240614
vn 0.99634666 0.08536487 0.00248302
vn -0.86257921 -0.50592203 0.00010161
vn -0.86203308 -0.50685200 -0.00013872
vn -0.76766152 -0.64063284 -0.01689240
vn -0.76737988 -0.64097015 -0.01689332
vn 0.94048565 0.33983336 0.00013518
vn 0.94128760 0.33760576 0.00003284
vn -0.65239727 -0.75787500 -0.00181387
vn -0.65223608 -0.75801436 -0.00152563
vn 0.16824207 -0.98574510 -0.00109880
vn 0.16837250 -0.98572293 -0.00100492
vn 0.07870945 -0.99688384 -0.00523745
vn 0.07870195 -0.99688366 -0.00538303
vn -0.50259165 -0.86452389 -0.00027238
vn -0.50257741 -0.86453217 -0.00026659
vn -0.34470043 -0.93871189 -0.00126626
vn -0.34479939 -0.93867554 -0.00126798
vn -0.17363096 -0.98481077 -0.00016710
vn -0.17368275 -0.98480163 -0.00023776
vn 0.64532703 0.76390503 -0.00145974
vn 0.64535922 0.76387778 -0.00148569
vn -0.08495534 -0.99637095 -0.00524551
vn -0.08496414 -0.99636927 -0.00541901
vn 0.50263381 0.86449901 0.00084377
vn 0.50264269 0.86449385 0.00084044
vn -0.08539467 0.99634720 -0.00003232
vn -0.17157604 0.98517040 -0.00097704
vn -0.17158064 0.98516959 -0.00097833
vn -0.08539303 0.99634734 -0.00000013
vn -0.33880437 0.94085684 0.00007120
vn -0.33880789 0.94085558 0.00005197
vn 0.17701324 0.98420844 -0.00022853
vn 0.09144719 0.99580993 -0.00000001
vn 0.09144681 0.99580996 -0.00000746
vn 0.17701617 0.98420791 -0.00024728
vn 0.34399571 0.93897047 -0.00118414
vn 0.34404857 0.93895113 -0.00116445
vn -0.00210399 0.00151462 -0.99999664
vn 0.19521189 0.00030166 -0.98076105
vn 0.19857934 0.00186715 -0.98008304
vn 0.00009341 0.00228489 -0.99999739
vn 0.92775188 0.00046018 0.37319731
vn 0.83783423 0.00001289 0.54592472
vn 0.83820344 -0.00019854 0.54535764
vn 0.92777184 0.00051707 0.37314763
vn -0.00165003 0.00033497 0.99999858
vn -0.20179148 0.00067445 0.97942827
vn -0.19909470 -0.00050345 0.97998013
vn 0.00019768 -0.00023707 0.99999995
vn -0.92595026 0.00036153 0.37764532
vn -0.98073243 0.00001316 0.19535583
vn -0.98072726 0.00001981 0.19538179
vn -0.92558309 -0.00006031 0.37854450
vn 0.64247374 0.00059171 0.76630747
vn 0.56279789 0.00097642 0.82659397
vn 0.56468660 0.00003018 0.82530542
vn 0.64362158 -0.00035823 0.76534380
vn -0.20145872 0.00021836 -0.97949698
vn -0.20016948 0.00042187 -0.97976120
vn -0.83907330 0.00024498 -0.54401832
vn -0.78154130 -0.00015072 -0.62385349
vn -0.78137904 0.00001505 -0.62405672
vn -0.83827258 -0.00023831 -0.54525134
vn 0.38784710 0.00127699 0.92172284
vn 0.39023963 0.00018586 0.92071331
vn 0.38727395 0.00048755 -0.92196456
vn 0.38961255 0.00147750 -0.92097767
vn -0.64484341 0.00010322 -0.76431470
vn -0.56678193 -0.00020938 -0.82386783
vn -0.56493944 0.00070897 -0.82513207
vn -0.64391299 0.00088756 -0.76509821
vn 0.19707861 0.00120535 0.98038695
vn 0.19899920 0.00055394 0.97999950
vn 0.47677149 0.00011506 -0.87902727
vn 0.47827240 0.00122403 -0.87821069
vn -0.39297638 -0.00048458 -0.91954844
vn -0.39057789 0.00060596 -0.92056969
vn 0.64033183 0.00030218 -0.76809833
vn 0.71186356 -0.00035891 -0.70231769
vn 0.71396602 0.00096408 -0.70017969
vn 0.64203770 0.00173189 -0.76667111
vn -0.39159321 0.00116438 0.92013771
vn -0.38923872 0.00005027 0.92113691
vn 0.83499041 -0.00051975 -0.55026425
vn 0.83589653 0.00017020 -0.54888702
vn -0.48062809 0.00154294 0.87692318
vn -0.47930817 0.00059033 0.87764647
vn -0.92834461 0.00022212 -0.37172065
vn -0.92888444 0.00076643 -0.37036889
vn -0.64200068 0.00056375 0.76670386
vn -0.71398578 0.00031191 0.70016013
vn -0.71355588 0.00021517 0.70059829
vn -0.64177362 0.00037746 0.76689405
vn -0.83614337 0.00004091 0.54851095
vn -0.83541190 -0.00045830 0.54962418
vn 0.92533437 -0.00011442 -0.37915206
vn 0.98069466 -0.00018106 -0.19554528
vn 0.98088622 0.00024394 -0.19458203
vn 0.92565319 0.00015967 -0.37837303
vn 0.99999373 -0.00012900 -0.00353997
vn 0.99999174 -0.00033881 -0.00405082
vn -0.99999206 0.00013713 0.00398145
vn -0.99998858 -0.00017237 0.00477557
vn -0.98234776 0.00039811 -0.18706341
vn -0.98241243 0.00017697 -0.18672383
vn 0.98201659 0.00063774 0.18879357
vn 0.98226505 -0.00000578 0.18749768
vn 0.77957013 0.00072556 0.62631453
vn 0.78048579 -0.00019762 0.62517348
vn 0.00221262 0.43769451 0.89912103
vn -0.12797914 0.43002706 0.89369909
vn -0.07976107 0.08996189 0.99274621
vn 0.00176776 0.09044877 0.99589954
vn 0.01082801 -0.38496894 0.92286601
vn 0.03470176 -0.33648801 0.94104814
vn -0.01898654 -0.36452576 0.93099972
vn 0.49494587 -0.86891896 0.00290473
vn 0.48190145 -0.87622247 -0.00227441
vn 0.33328008 -0.94281960 0.00394826
vn 0.33932045 -0.94066059 0.00439103
vn -0.50083862 0.86379891 -0.05488268
vn -0.63893524 0.76621138 -0.06842426
vn -0.58893308 0.79656718 -0.13652309
vn -0.52461364 0.81606592 -0.24252205
vn 0.56587580 -0.82448988 0.00100461
vn 0.54981392 -0.83526000 -0.00673682
vn -0.73834383 0.65310909 -0.16821683
vn -0.79882685 0.59027132 -0.11599757
vn -0.86361109 0.39176896 -0.31732154
vn -0.74841455 0.54312977 -0.38063857
vn 0.76118501 -0.64852219 -0.00404270
vn 0.75071090 -0.66049384 -0.01345512
vn 0.68810318 -0.72553018 -0.01095355
vn 0.70246114 -0.71171995 -0.00174710
vn -0.99133786 0.12657157 -0.03505551
vn -0.99971825 0.02214837 0.00853648
vn -0.99551974 0.06289820 -0.07059933
vn -0.95853431 0.27740866 -0.06524119
vn 0.86240127 -0.50618827 -0.00612190
vn 0.85916103 -0.51149385 -0.01470921
vn -0.99966809 -0.02451412 -0.00792200
vn -0.99870835 -0.05068635 -0.00353929
vn 0.98172347 -0.19025056 -0.00487397
vn 0.98139448 -0.19163722 -0.01183475
vn 0.93686469 -0.34942010 -0.01378938
vn 0.93621169 -0.35138484 -0.00603034
vn -0.98267327 -0.18528248 -0.00486312
vn -0.98312733 -0.18248244 -0.01268148
vn 0.99966290 -0.02544474 -0.00516216
vn 0.99826845 -0.05743677 -0.01269290
vn -0.93893988 -0.34400517 -0.00723506
vn -0.93970697 -0.34157011 -0.01675320
vn -0.95304872 0.22191715 -0.20603618
vn -0.88451452 0.45750846 -0.09121441
vn 0.99028721 0.13790670 -0.01769135
vn 0.99976232 0.02177604 -0.00105257
vn -0.86641048 -0.49925237 -0.00894136
vn -0.86229846 -0.50614595 -0.01605142
vn -0.81860503 -0.57429473 -0.00844806
vn -0.81103859 -0.58482573 -0.01397401
vn 0.95462646 0.29497839 -0.04093989
vn 0.99592917 0.01128139 -0.08943054
vn -0.64130111 -0.76727134 -0.00525123
vn -0.62719878 -0.77881981 -0.00783588
vn -0.69280094 -0.72104548 -0.01096701
vn -0.70630215 -0.70786813 -0.00774475
vn 0.17279702 -0.98494672 0.00459975
vn 0.17235119 -0.98500836 0.00732050
vn 0.00231746 -0.99996981 0.00741626
vn -0.00123881 -0.99999181 0.00385199
vn 0.89725225 0.43358737 -0.08330895
vn 0.96618297 0.12988169 -0.22275819
vn -0.49957497 -0.86626898 -0.00170499
vn -0.48757966 -0.87307391 -0.00283370
vn -0.34322532 -0.93925267 0.00089268
vn -0.33544981 -0.94205652 0.00171186
vn -0.17609780 -0.98436992 0.00233014
vn -0.16962639 -0.98549335 0.00545451
vn 0.78786947 0.60862175 -0.09402794
vn 0.72316061 0.68754067 -0.06577660
vn 0.76919134 0.50297487 -0.39415855
vn 0.87375742 0.36856950 -0.31733972
vn 0.58319705 0.80727756 -0.09046623
vn 0.50717776 0.86052679 -0.04758530
vn 0.54869773 0.79642809 -0.25423041
vn 0.58331301 0.79777181 -0.15266327
vn -0.00217263 -0.93941415 0.34277739
vn 0.12794258 -0.93016474 0.34412825
vn 0.12840092 -0.93104088 0.34157882
vn -0.00255338 -0.93920915 0.34333605
vn -0.64538605 -0.59289017 0.48162029
vn -0.57044821 -0.69094161 0.44405914
vn -0.57009801 -0.69059214 0.44505141
vn -0.64633819 -0.59345665 0.47964168
vn 0.36961563 -0.84758540 0.38076670
vn 0.42697791 -0.81660410 0.38839104
vn 0.42801919 -0.81705977 0.38628085
vn 0.36820875 -0.84699648 0.38343093
vn 0.57043930 0.18865432 0.79938010
vn 0.48087539 0.27823365 0.83147152
vn 0.30440138 0.00359412 0.95253708
vn 0.36364238 -0.05051586 0.93016792
vn 0.73145941 -0.13328064 0.66873268
vn 0.69841690 -0.01722830 0.71548376
vn 0.69816617 -0.01734815 0.71572553
vn 0.72986933 -0.13494225 0.67013532
vn -0.56812078 0.19268531 0.80006947
vn -0.60972054 0.14631608 0.77899452
vn -0.32757647 -0.14584478 0.93350038
vn -0.35673531 -0.05210957 0.93275105
vn -0.25582938 -0.89706542 0.36031231
vn -0.13194912 -0.92896378 0.34585506
vn -0.13172997 -0.93009845 0.34287621
vn -0.25556647 -0.89619520 0.36265679
vn -0.48096825 -0.77752599 0.40512082
vn -0.48305947 -0.77878029 0.40019346
vn 0.52556702 -0.73995151 0.41982268
vn 0.56826094 -0.69390734 0.44223536
vn 0.38392069 -0.62144807 0.68294011
vn 0.25120578 -0.59299707 0.76501643
vn -0.25184580 0.39594106 0.88306533
vn -0.15711481 0.07068039 0.98504783
vn -0.69669110 -0.01377486 0.71723898
vn -0.73022269 -0.12967787 0.67078944
vn -0.72827779 -0.12999306 0.67283970
vn -0.69697507 -0.01366574 0.71696513
vn 0.37310008 0.34283711 0.86212473
vn 0.23358098 0.03989453 0.97151858
vn 0.60573752 -0.64577700 0.46481622
vn 0.24133168 -0.51829368 0.82044542
vn -0.74560805 -0.24763971 0.61866244
vn -0.74881230 -0.24713852 0.61498186
vn -0.36950740 0.34517388 0.86273940
vn -0.23121547 0.04150028 0.97201704
vn 0.69686050 -0.48818257 0.52541718
vn 0.73018866 -0.37257982 0.57272053
vn 0.72834581 -0.37353859 0.57443999
vn 0.69645533 -0.48865668 0.52551368
vn 0.25583404 0.39488841 0.88238999
vn 0.15957375 0.06975425 0.98471852
vn -0.73158485 -0.36853114 0.57355767
vn -0.73006431 -0.36848439 0.57552181
vn 0.25185054 -0.89822212 0.36023372
vn 0.25144767 -0.89772813 0.36174338
vn 0.67599936 0.04036624 0.73579578
vn 0.67712283 0.04127872 0.73471133
vn 0.74559704 -0.25149783 0.61711741
vn 0.74885831 -0.24956587 0.61394471
vn -0.47716832 0.27980381 0.83307876
vn -0.30314170 0.00573418 0.95292824
vn -0.37313771 -0.84546077 0.38205279
vn -0.37246087 -0.84494371 0.38385288
vn -0.71892862 -0.42702692 0.54844293
vn -0.71843535 -0.42758610 0.54865360
vn 0.13193324 0.42800979 0.89409241
vn 0.08198093 0.08971889 0.99258735
vn 0.66933540 -0.54396317 0.50605751
vn 0.66562542 -0.54456844 0.51028229
vn -0.67391845 0.04297237 0.73755494
vn -0.67587164 0.04429956 0.73568680
vn 0.61216272 0.14316684 0.77766320
vn 0.30733697 -0.15957869 0.93812506
vn -0.67500639 -0.53997094 0.50278997
vn -0.67508643 -0.53975067 0.50291900
vn -0.03242680 -0.42362814 0.90525560
vn -0.05347820 -0.43710016 0.89782155
vn -0.09963163 -0.48795401 0.86716459
vn -0.06050178 -0.46459776 0.88345258
vn 0.10113639 -0.40225407 0.90992477
vn 0.18751974 -0.42311337 0.88646005
vn 0.04730970 -0.33780895 0.94002495
vn 0.05979031 -0.34218471 0.93772850
vn 0.02575446 -0.33313103 0.94252874
vn 0.01678632 -0.33221424 0.94305457
vn 0.00036593 -0.33695924 0.94151916
vn 0.00808801 -0.33350864 0.94271235
vn -0.02157234 -0.42813984 0.90345498
vn -0.04084722 -0.47498605 0.87904480
vn -0.00753985 -0.33484137 0.94224435
vn -0.01213303 -0.44019934 0.89781809
vn -0.02262208 -0.49339688 0.86951007
vn -0.01644649 -0.33260960 0.94292119
vn -0.08046599 -0.33262626 0.93961960
vn -0.03733458 -0.35549965 0.93393047
vn -0.00178163 -0.41357810 0.91046690
vn -0.00316674 -0.44751609 0.89427027
vn -0.02569600 -0.33283469 0.94263502
vn -0.07274637 -0.37234982 0.92523704
vn -0.09767068 -0.36033327 0.92769627
vn -0.18177820 -0.34453448 0.92100634
vn -0.13561838 -0.36881524 0.91955586
vn 0.02390023 -0.43387913 0.90065403
vn 0.01131444 -0.42904256 0.90321341
vn 0.02169803 -0.47776058 0.87822208
vn 0.04505031 -0.48488484 0.87341695
vn -0.03607344 -0.33428268 0.94178224
vn -0.04016183 -0.34218971 0.93877219
vn 0.03277309 -0.42706822 0.90362529
vn 0.06164494 -0.47182931 0.87953226
vn 0.04033956 -0.41938054 0.90691382
vn 0.07639810 -0.37365853 0.92441475
vn 0.07360068 -0.38707303 0.91910686
vn 0.13709987 -0.39622445 0.90786002
vn 0.14368480 -0.37098942 0.91745383
vn 0.07613080 -0.42904522 0.90006905
vn -0.07658550 -0.38611794 0.91926470
vn -0.14424504 -0.39433327 0.90757624
vn -0.07182488 -0.39719780 0.91491808
vn -0.13656722 -0.41598803 0.89905692
vn 0.07418885 -0.36163278 0.92936416
vn 0.13969829 -0.34847905 0.92684774
vn -0.08677962 -0.42118192 0.90281509
vn -0.15494936 -0.45404385 0.87740235
vn -0.01972546 -0.38484487 0.92277046
vn -0.03710997 -0.39415689 0.91829363
vn 0.06930310 -0.35042991 0.93402139
vn 0.13044088 -0.32754204 0.93578918
vn 0.13129955 0.42049462 0.89774423
vn 0.00170627 0.43387612 0.90097092
vn -0.69029949 -0.53931161 0.48231691
vn -0.66252403 -0.59377350 0.45661245
vn -0.37995678 -0.85060740 0.36345550
vn -0.26000498 -0.90196655 0.34475174
vn -0.47519099 0.27694994 0.83516002
vn -0.56961575 0.19486605 0.79847675
vn 0.75195025 -0.24906424 0.61035876
vn 0.74368940 -0.12597156 0.65654949
vn 0.61637630 0.14777772 0.77346105
vn 0.57278870 0.19193651 0.79691498
vn 0.25682312 -0.90424769 0.34114219
vn 0.37636233 -0.85260226 0.36252005
vn -0.68066990 0.04880771 0.73096258
vn -0.69869637 -0.01203053 0.71531716
vn 0.67668757 -0.54313819 0.49708635
vn 0.71412783 -0.48536723 0.50442055
vn 0.25603137 0.39537139 0.88211643
vn -0.74763157 -0.36425243 0.55530821
vn -0.73529549 -0.42319777 0.52938095
vn -0.49086083 -0.78218503 0.38372154
vn -0.37104364 0.34833906 0.86080574
vn 0.74333826 -0.36888307 0.55800853
vn 0.70082302 -0.01640505 0.71314653
vn 0.67999568 0.04457235 0.73186009
vn 0.12889112 -0.93418510 0.33269396
vn -0.75199390 -0.24446889 0.61216022
vn 0.37305636 0.34371368 0.86179456
vn -0.25189499 0.39547411 0.88326052
vn -0.74561902 -0.12147902 0.65520616
vn -0.13400279 -0.93486534 0.32874009
vn -0.00182152 -0.94581649 0.32469655
vn 0.59576212 -0.67910712 0.42881349
vn 0.61138785 -0.64860497 0.45333926
vn 0.47830051 0.27271341 0.83477902
vn -0.12692995 0.42353796 0.89694168
vn 0.52424815 -0.73967689 0.42195020
vn -0.57644762 -0.69172070 0.43500646
vn -0.61484573 0.15250531 0.77376150
vn 0.47231167 -0.79680951 0.37685047
vn 0.00402417 0.34745364 0.93768853
vn -0.12798597 0.40590863 0.90490761
vn -0.00199353 -0.98129780 0.19248547
vn 0.14570075 -0.97079845 0.19058245
vn -0.71837998 -0.60977572 0.33481903
vn -0.66723973 -0.69532594 0.26704489
vn 0.43072358 -0.87925317 0.20344794
vn 0.50956404 -0.81306258 0.28155591
vn 0.57453655 0.19388819 0.79518245
vn 0.47704769 0.27095716 0.83606681
vn 0.90621714 0.00878450 0.42272134
vn 0.85315839 0.13517181 0.50383464
vn -0.57104571 0.19671896 0.79699965
vn -0.62176166 0.15982549 0.76672567
vn -0.29506054 -0.93427813 0.20015909
vn -0.15105501 -0.97068788 0.18694233
vn -0.56574810 -0.79654044 0.21319570
vn 0.55476061 -0.74718553 0.36599790
vn 0.55420852 -0.74711510 0.36697675
vn -0.26865090 0.44704290 0.85321705
vn -0.84489565 0.13274425 0.51819910
vn -0.90561899 0.01201587 0.42392201
vn 0.36965342 0.39816894 0.83953430
vn 0.64171281 -0.64928944 0.40820079
vn 0.61317783 -0.65049657 0.44818206
vn -0.91251080 -0.14076138 0.38407065
vn -0.37753146 0.43478094 0.81757906
vn 0.84903461 -0.44151197 0.29018514
vn 0.89505065 -0.29623576 0.33335975
vn 0.26237669 0.39236949 0.88159211
vn -0.89537759 -0.29166180 0.33650016
vn 0.29236792 -0.93734984 0.18946312
vn 0.81739340 0.27829132 0.50440259
vn 0.91512878 -0.14374283 0.37666604
vn -0.47465251 0.27612947 0.83573771
vn -0.43459255 -0.87653689 0.20691158
vn -0.88562044 -0.39868474 0.23817410
vn 0.12769451 0.35459458 0.92625957
vn 0.79414523 -0.55495262 0.24771141
vn -0.82914533 0.30910605 0.46580197
vn 0.62068019 0.15284463 0.76902186
vn -0.70477546 -0.53821869 0.46218199
vn -0.00125898 -0.99892543 0.04632923
vn -0.16154336 -0.98597756 0.04185689
vn 0.31510165 -0.94860074 0.02945466
vn 0.15783754 -0.98680821 0.03601194
vn 0.46555369 -0.88449313 0.03052312
vn 0.53472925 -0.84387996 0.04394588
vn 0.73347110 -0.67869782 0.03727480
vn 0.73365263 -0.67513748 0.07709220
vn 0.66080899 -0.74648047 0.07809213
vn 0.67185756 -0.73995855 0.03269190
vn 0.83678502 -0.54417285 0.06055358
vn -0.99593604 -0.03180677 0.08425990
vn -0.98407673 0.12294971 0.12836030
vn 0.97540284 -0.21259532 0.05824537
vn 0.92284208 -0.38249977 0.04534764
vn -0.97565351 -0.20880348 0.06709195
vn 0.99567176 -0.04256400 0.08261988
vn -0.92388076 -0.37889835 0.05366924
vn 0.98371218 0.13288269 0.12104766
vn -0.86564005 -0.49984384 0.02869560
vn -0.87810155 -0.47054240 0.08676125
vn -0.70165340 -0.70853974 0.07519269
vn -0.78032964 -0.61924560 0.08729566
vn -0.61034828 -0.79120925 0.03824784
vn -0.46970643 -0.88201289 0.03780398
vn -0.31845222 -0.94698411 0.04253564
vn 0.00000391 1.00000000 -0.00000645
vn 0.00000849 1.00000000 -0.00002316
vn 0.00000217 1.00000000 0.00000273
vn 0.93875911 0.07909000 -0.33537457
vn 0.85172847 0.14986084 -0.50209594
vn -0.98624361 0.02343189 -0.16362913
vn -0.99967883 0.01242396 0.02208793
vn -0.98210126 0.03552349 0.18497350
vn -0.99105689 0.09219997 0.09646449
vn 0.16316726 0.21974701 0.96181479
vn -0.00988525 0.18424575 0.98283050
vn -0.01361331 0.22176630 0.97500481
vn 0.14142371 0.25656382 0.95612465
vn 0.42640350 0.33489822 0.84025189
vn 0.34483218 0.27827466 0.89646750
vn 0.31403830 0.33046040 0.89004262
vn 0.39876515 0.41457842 0.81799211
vn -0.00495089 0.09819860 0.99515452
vn 0.00023059 0.03476868 0.99939536
vn -0.19779565 0.03588230 0.97958631
vn -0.18925121 0.10288820 0.97652342
vn -0.17258152 0.20687928 0.96302470
vn -0.35507520 0.25828657 0.89844847
vn -0.33772200 0.34360243 0.87628832
vn -0.16398344 0.26311500 0.95072600
vn -0.72896911 0.26050682 0.63304047
vn -0.84091847 0.18405398 0.50890102
vn -0.86329997 0.27465918 0.42340938
vn -0.70325230 0.35980767 0.61316771
vn -0.93241126 0.10311951 0.34637494
vn -0.95551739 0.15717601 0.24956407
vn 0.98638074 0.04660731 0.15773648
vn 0.99425799 0.05178791 0.09364323
vn 0.99972062 0.01427798 0.01883647
vn 0.70010034 0.28254426 0.65576539
vn 0.62285176 0.27249496 0.73334997
vn 0.60070331 0.34774046 0.71988340
vn 0.69510607 0.36592391 0.61881115
vn -0.60151275 0.32077548 0.73163208
vn -0.59890432 0.35076119 0.71991681
vn 0.84128283 0.21421701 0.49634088
vn 0.86225909 0.27426036 0.42578224
vn 0.39141600 0.83308657 -0.39084560
vn 0.38341130 0.89256709 -0.23731784
vn 0.18530018 0.96738353 -0.17272215
vn 0.19041061 0.93176450 -0.30912574
vn 0.50792773 0.72037076 -0.47230856
vn 0.76706185 0.29423217 -0.57012591
vn 0.65791765 0.54905990 -0.51543923
vn 0.61781779 0.62156325 -0.48162258
vn -0.84371485 0.14266412 -0.51748642
vn -0.93269256 0.07358105 -0.35308698
vn 0.98976174 0.03046619 -0.13943996
vn 0.92520032 0.00246336 -0.37947109
vn 0.92575726 0.02095307 -0.37753736
vn 0.83011444 0.03719145 -0.55635134
vn 0.83667948 0.00120302 -0.54769152
vn 0.56883155 0.03733171 0.82160636
vn 0.39124427 0.04326880 0.91926913
vn 0.37218199 0.14996269 0.91596493
vn 0.51788731 0.12581301 0.84614645
vn -0.92647491 0.00315705 0.37634330
vn -0.98085160 -0.00042300 0.19475616
vn -0.97792782 0.00408479 0.20890308
vn -0.91954605 0.02485826 0.39219526
vn 0.98154536 -0.00481169 0.19116892
vn 0.97995738 0.01144691 0.19887811
vn 0.99996687 -0.00065084 0.00811376
vn 0.99999125 0.00010448 -0.00418259
vn 0.63531918 0.03688558 0.77136826
vn 0.62445371 0.05066613 0.77941678
vn -0.56550180 0.03371554 0.82405763
vn -0.64142820 0.03280739 0.76648127
vn -0.63065357 0.11380169 0.76767522
vn -0.54944183 0.12076018 0.82675913
vn 0.84068565 0.00172971 0.54152068
vn 0.78099771 0.00307080 0.62452633
vn 0.73603189 0.15369280 0.65926898
vn 0.83335160 0.09050134 0.54528398
vn 0.93648601 0.12379297 0.32812992
vn 0.95561912 0.15313150 0.25168002
vn 0.39635007 0.01137769 -0.91802896
vn 0.38910402 0.11866201 -0.91351923
vn 0.20072572 0.14921709 -0.96821663
vn 0.20499157 0.01897266 -0.97857984
vn 0.56955264 0.00476730 -0.82194104
vn 0.55755221 0.08488718 -0.82579035
vn 0.63125104 0.01367302 -0.77545804
vn 0.62986372 0.07370974 -0.77320021
vn 0.77172500 0.03997011 -0.63469908
vn 0.77921044 -0.00861873 -0.62670313
vn 0.19970937 0.03821365 0.97910974
vn 0.18299567 0.12455326 0.97519181
vn 0.98100887 0.00109536 -0.19395976
vn 0.98366563 0.00863579 -0.17979810
vn -0.50699963 0.26076089 0.82155653
vn -0.42541778 0.41103499 0.80626915
vn -0.76237077 0.27564239 -0.58550157
vn -0.38818321 0.11027290 -0.91496103
vn -0.55204010 0.07878618 -0.83008702
vn -0.56362872 0.01578704 -0.82587737
vn -0.40197110 0.01418004 -0.91554255
vn -0.68237420 0.53792057 -0.49498173
vn -0.69448468 0.56056449 -0.45106373
vn 0.00093349 0.15954290 -0.98719055
vn -0.19929366 0.14351495 -0.96937376
vn -0.20035854 0.02570444 -0.97938539
vn -0.00270852 0.02210247 -0.99975204
vn -0.21395424 0.92027511 -0.32759320
vn -0.18466306 0.96813916 -0.16913345
vn -0.36142042 0.90346760 -0.23048118
vn -0.37896338 0.83173769 -0.40570824
vn -0.38926385 0.03795782 0.92034388
vn -0.37384390 0.11713777 0.92006493
vn 0.92889898 -0.00766749 0.37025383
vn 0.92419567 0.04484901 0.37927685
vn -0.76986755 0.01276697 0.63807598
vn -0.83736981 0.01139114 0.54651811
vn -0.82791402 0.06009074 0.55762665
vn -0.76367121 0.07665808 0.64103808
vn 0.00450937 0.29472159 -0.95557252
vn -0.20442425 0.26536712 -0.94222663
vn 0.13416914 0.27210714 0.95286743
vn 0.29689432 0.36698128 0.88157728
vn 0.37689333 0.47310657 0.79631752
vn -0.00011710 0.25593441 0.96669414
vn -0.13994684 0.36595935 0.92004817
vn 0.00307725 0.99982168 -0.01863153
vn -0.16979085 0.98530065 -0.01880653
vn 0.00530293 0.98734750 -0.15848278
vn 0.80887818 0.41128626 0.42019007
vn 0.91436749 0.31036532 0.26001051
vn -0.34090236 0.93935559 -0.03737195
vn 0.12438287 0.28483329 0.95047299
vn 0.17744119 0.98394437 -0.01918609
vn 0.34652018 0.93759582 -0.02894554
vn 0.57013691 0.41271177 0.71036111
vn 0.65669144 0.45556321 0.60101457
vn -0.15525742 0.31528883 0.93620943
vn -0.31535933 0.43202143 0.84492957
vn -0.39484486 0.52586721 0.75336659
vn -0.58144523 0.45598053 0.67379759
vn -0.66231767 0.49100019 0.56590998
vn -0.80853951 0.43224173 0.39928804
vn -0.91149673 0.32632241 0.25037450
vn 0.94123917 0.27261574 0.19937272
vn -0.96358229 0.23683457 0.12417150
vn 0.20180371 0.27239421 -0.94078513
vn -0.63375093 0.06327004 -0.77094530
vn -0.64368289 0.02674633 -0.76482480
vn -0.77189257 0.00706063 -0.63571378
vn -0.76537907 0.03210453 -0.64277849
vn -0.82832708 0.03042708 -0.55941795
vn -0.83949038 0.01218900 -0.54323782
vn -0.92984555 0.00522188 -0.36791302
vn -0.92415845 0.01491530 -0.38171808
vn -0.98285723 0.00523532 -0.18429392
vn -0.98247585 0.00092040 -0.18638765
vn -0.93501838 0.28126263 0.21594434
vn 0.97177212 0.19770522 0.12873068
vn 0.86653121 0.38546993 0.31707505
vn -0.86782905 0.41355604 0.27539817
vn -0.74506495 0.50273570 0.43833210
vn -0.76243546 0.50361014 0.40628683
vn -0.67443997 0.50499179 0.53862234
vn -0.65441348 0.53669948 0.53263184
vn -0.52194384 0.52935264 0.66885006
vn -0.52133924 0.52725465 0.67097536
vn -0.53795880 0.59057875 0.60151231
vn -0.53842456 0.59258038 0.59912226
vn -0.29362048 0.48554057 0.82343025
vn -0.38099293 0.58236950 0.71811570
vn -0.99587790 0.07359890 0.05301337
vn 0.60322912 0.49619367 0.62442492
vn 0.73907761 0.46870176 0.48382120
vn 0.75901753 0.47339893 0.44697410
vn 0.61614072 0.50443943 0.60490617
vn 0.99438673 0.09644395 0.04351543
vn 0.50182318 0.45938810 0.73289568
vn 0.52947852 0.45816698 0.71395765
vn 0.36215411 0.50382363 0.78422328
vn 0.27419310 0.39225469 0.87804009
vn -0.00509822 0.23768579 0.97132872
vn -0.16540715 -0.98615642 0.01166150
vn -0.32840302 -0.94450744 0.00755979
vn -0.48007531 -0.87722352 0.00256802
vn 0.93320335 -0.35925979 -0.00799480
vn 0.85365783 -0.52077076 -0.00813185
vn -0.62025466 -0.78440011 -0.00079066
vn 0.16761692 -0.98581319 0.00877106
vn 0.00270328 -0.99991816 0.01250502
vn -0.68592478 -0.72767080 -0.00155017
vn -0.80393171 -0.59471123 -0.00351520
vn -0.79885561 -0.60148248 0.00696680
vn -0.85534630 -0.51804077 -0.00405766
vn -0.93517310 -0.35417023 -0.00383583
vn 0.99870651 -0.04975533 0.01047491
vn -0.98251900 -0.18616230 0.00010176
vn 0.98056028 -0.19618600 -0.00354785
vn -0.99938735 -0.03212168 0.01389703
vn 0.74519285 -0.66680735 -0.00745515
vn 0.68146437 -0.73181236 -0.00754831
vn 0.54338955 -0.83946146 -0.00567952
vn 0.47348474 -0.88079367 -0.00383558
vn 0.32464865 -0.94583263 0.00197376
vn -0.38596712 0.20339250 -0.89981158
vn -0.55557711 0.14144796 -0.81934519
vn -0.99991548 -0.00096479 0.01296530
vn -0.99998873 -0.00003547 0.00474825
vn 0.33910953 -0.94074687 -0.00022688
vn 0.33946140 -0.94061883 0.00147790
vn 0.17166971 -0.98515397 0.00108256
vn 0.16939618 -0.98554591 -0.00204540
vn -0.33883630 0.94084534 0.00007633
vn -0.49713905 0.86767086 -0.00020056
vn -0.49607031 0.86826848 -0.00490802
vn -0.33956168 0.94056845 -0.00537099
vn 0.50301086 0.86428004 0.00030087
vn 0.34386918 0.93901728 -0.00073138
vn 0.34447512 0.93879200 -0.00254304
vn 0.50239648 0.86462439 -0.00473688
vn 0.17695611 0.98421874 -0.00013147
vn 0.17649024 0.98429885 -0.00263916
vn 0.00325743 0.99999466 -0.00028075
vn 0.00329701 0.99999193 -0.00229449
vn -0.17180391 0.98513099 -0.00058759
vn -0.17100769 0.98526888 -0.00126580
vn -0.87002155 0.49301240 0.00112782
vn -0.86477398 0.50205560 -0.01030222
vn -0.81651536 0.57724914 -0.00927925
vn -0.81639303 0.57749485 -0.00145509
vn 0.57610206 0.81737776 0.00006030
vn 0.57434031 0.81858839 -0.00680134
vn -0.00431212 -0.99998471 -0.00346127
vn -0.00399482 -0.99999165 -0.00086050
vn -0.17585207 -0.98441660 0.00011716
vn -0.17356521 -0.98482230 -0.00038507
vn 0.76750038 0.64104781 -0.00093000
vn 0.70894905 0.70525893 -0.00104390
vn 0.70905368 0.70511619 -0.00735075
vn 0.76778254 0.64065548 -0.00839860
vn -0.34467299 -0.93872274 0.00037831
vn -0.34489926 -0.93863940 -0.00075757
vn -0.50229275 -0.86469763 0.00002913
vn -0.50238314 -0.86464495 -0.00053360
vn 0.93622987 -0.35134685 -0.00538680
vn 0.93772523 -0.34737720 0.00069664
vn 0.86243830 -0.50612852 -0.00583921
vn 0.86212109 -0.50654695 -0.01254632
vn -0.64410765 -0.76493469 -0.00050651
vn -0.64925620 -0.76054992 -0.00549642
vn 0.86794783 0.49665533 0.00023137
vn 0.86958922 0.49372215 -0.00728206
vn 0.94174581 0.33628407 -0.00527823
vn 0.94056254 0.33962047 0.00018355
vn -0.71151419 -0.70266066 -0.00394398
vn -0.72252338 -0.69116623 -0.01578657
vn 0.98567765 0.16862974 -0.00189416
vn 0.98537753 0.17038519 -0.00003393
vn -0.81334957 -0.58173978 -0.00642641
vn -0.81994852 -0.57238472 -0.00775559
vn -0.86575708 -0.50046041 -0.00201385
vn -0.86247079 -0.50610672 -0.00033794
vn -0.93964616 -0.34214672 0.00084395
vn -0.94072567 -0.33916730 -0.00086650
vn 0.99997718 -0.00659789 0.00145280
vn 0.99999532 -0.00283798 0.00114061
vn -0.93695759 0.34929776 -0.01007701
vn -0.93827596 0.34566482 -0.01241184
vn -0.98441041 -0.17588596 0.00053149
vn -0.98518535 -0.17148630 -0.00150642
vn 0.98364225 -0.18012882 0.00124032
vn 0.98423009 -0.17689289 0.00017579
vn -0.99999867 -0.00105820 -0.00123883
vn -0.99999277 0.00369459 -0.00090044
vn -0.98473597 0.17397914 -0.00513121
vn -0.98334793 0.18166486 -0.00497179
vn 0.76537878 -0.64357598 -0.00229928
vn 0.77179241 -0.63587391 -0.00092405
vn 0.70466008 -0.70954496 0.00033951
vn 0.70494271 -0.70926339 -0.00110667
vn -0.64116813 0.76739970 -0.00105994
vn -0.70558603 0.70862278 -0.00145418
vn -0.70513322 0.70901612 -0.00912601
vn -0.64034337 0.76804550 -0.00815317
vn 0.57169950 -0.82046290 -0.00055555
vn 0.57041660 -0.82135528 0.00064205
vn 0.49688849 -0.86781350 0.00124569
vn 0.49755404 -0.86743298 0.00003368
vn -0.49804826 0.72893513 -0.46968234
vn 0.00651221 0.95703752 -0.28989097
vn -0.63149914 0.11387279 -0.76696924
vn 0.63449558 0.11847541 -0.76379247
vn 0.56070898 0.14609420 -0.81502265
vn 0.39350573 0.20792820 -0.89549936
vn -0.62383061 0.21098611 0.75254252
vn 0.63126966 0.22741810 0.74147126
vn -0.56300118 0.51785101 0.64409627
vn -0.70390925 0.71010665 -0.01613418
vn 0.00003187 0.99999999 -0.00010263
vn 0.00000064 1.00000000 0.00005434
vn 0.00000000 1.00000000 -0.00000007
vn 0.00000000 1.00000000 -0.00000007
vn 0.00000000 1.00000000 -0.00000007
vn 0.00004966 0.99999999 0.00009334
vn 0.00045427 0.99999983 0.00036255
vn -0.00008877 0.99999999 -0.00010702
vn -0.00002653 1.00000000 -0.00002861
vn 0.00053904 0.99999985 0.00005024
vn -0.00051059 0.99999987 0.00005462
vn -0.00005707 1.00000000 0.00002084
vn -0.00032466 0.99999991 0.00026149
vn -0.00032105 0.99999991 0.00025912
vn -0.00002348 1.00000000 0.00002836
vn -0.00002104 1.00000000 0.00009572
vn 0.00000017 0.99999999 -0.00010818
vn 0.00000000 1.00000000 -0.00000007
vn 0.00000000 1.00000000 -0.00000007
vn -0.00002741 1.00000000 -0.00005779
vn -0.00010287 0.99999999 -0.00011852
vn -0.00034045 0.99999990 -0.00027359
vn -0.00000051 1.00000000 -0.00000147
vn -0.00059321 0.99999982 0.00005988
vn -0.00026570 0.99999996 0.00005876
vn -0.00003523 1.00000000 0.00003443
vn -0.00006856 1.00000000 0.00005540
vn -0.00002053 1.00000000 0.00002373
vn -0.00000159 1.00000000 0.00000255
vt 0.99236578 0.04369097
vt 0.99236637 0.03188341
vt 0.99298060 0.03188949
vt 0.99298000 0.04369103
vt 0.53360307 0.64311349
vt 0.53298891 0.64311332
vt 0.53299648 0.63185102
vt 0.53361082 0.63185060
vt 0.08007180 0.83248019
vt 0.08007484 0.82067722
vt 0.08068901 0.82067728
vt 0.08068609 0.83248019
vt 0.53359920 0.65488571
vt 0.53298497 0.65488452
vt 0.08007484 0.80871832
vt 0.08068901 0.80871832
vt 0.53359920 0.66689622
vt 0.53298497 0.66689330
vt 0.08005750 0.77530879
vt 0.08067160 0.77531159
vt 0.08067965 0.78574717
vt 0.08006560 0.78576380
vt 0.53360373 0.67858571
vt 0.53298938 0.67858350
vt 0.08004635 0.76610732
vt 0.08066034 0.76609731
vt 0.53362203 0.70029241
vt 0.53300792 0.70028371
vt 0.53299648 0.68989283
vt 0.53361070 0.68989968
vt 0.47490329 0.87774807
vt 0.47428921 0.87775701
vt 0.47430131 0.86858422
vt 0.47491530 0.86857480
vt 0.53363651 0.70947200
vt 0.53302240 0.70946223
vt 0.47489390 0.88811541
vt 0.47427979 0.88812280
vt 0.08068567 0.79691517
vt 0.08007168 0.79689932
vt 0.99298298 0.01027745
vt 0.99236888 0.01028198
vt 0.99237072 0.00107276
vt 0.99298477 0.00108212
vt 0.47488749 0.89938462
vt 0.47427341 0.89938968
vt 0.47488469 0.91119421
vt 0.47427049 0.91119647
vt 0.99298161 0.02063781
vt 0.99236763 0.02062577
vt 0.47488430 0.92311603
vt 0.47427011 0.92311728
vt 0.53362191 0.62148541
vt 0.53300768 0.62148541
vt 0.53302228 0.61235338
vt 0.53363651 0.61235583
vt 0.47488761 0.93494397
vt 0.47427329 0.93494421
vt 0.47489390 0.94617009
vt 0.47427970 0.94617009
vt 0.47490320 0.95656133
vt 0.47428909 0.95656109
vt 0.99298012 0.05566674
vt 0.99236590 0.05566674
vt 0.47491530 0.96567142
vt 0.47430119 0.96567363
vt 0.99298060 0.06746387
vt 0.99236637 0.06746375
vt 0.08004635 0.86328918
vt 0.08005738 0.85410333
vt 0.08067154 0.85410368
vt 0.08066046 0.86328918
vt 0.08006596 0.84372801
vt 0.08068019 0.84372801
vt 0.99298298 0.08908236
vt 0.99298477 0.09826773
vt 0.99237061 0.09826773
vt 0.99236882 0.08908241
vt 0.99298161 0.07871323
vt 0.99236739 0.07871353
vt 0.56430382 0.91830373
vt 0.56430483 0.93179548
vt 0.54307818 0.93196613
vt 0.54307711 0.91848230
vt 0.94552553 0.34814391
vt 0.94552690 0.35933551
vt 0.92430037 0.35928389
vt 0.92430007 0.34812990
vt 0.95669580 0.62970352
vt 0.95669639 0.64317322
vt 0.93546981 0.64302647
vt 0.93546921 0.62954581
vt 0.95461661 0.71581191
vt 0.95461518 0.72869921
vt 0.93338990 0.72869271
vt 0.93338990 0.71575987
vt 0.95669937 0.57861680
vt 0.95669770 0.58984399
vt 0.93547112 0.58971977
vt 0.93547302 0.57852358
vt 0.56430382 0.90453118
vt 0.54307711 0.90469873
vt 0.95461708 0.77821630
vt 0.95461750 0.78781462
vt 0.93339092 0.78789240
vt 0.93339050 0.77827191
vt 0.95669639 0.60245109
vt 0.93546993 0.60230368
vt 0.56430668 0.94441187
vt 0.54308027 0.94457352
vt 0.56431007 0.86730027
vt 0.56430697 0.87848842
vt 0.54308027 0.87860757
vt 0.54308343 0.86738098
vt 0.95669580 0.61593121
vt 0.93546921 0.61577117
vt 0.56431007 0.95564449
vt 0.54308361 0.95578861
vt 0.56430483 0.89106542
vt 0.54307818 0.89121538
vt 0.94552732 0.26355961
vt 0.94552702 0.27317160
vt 0.92430031 0.27329230
vt 0.92430067 0.26365480
vt 0.95669729 0.65575540
vt 0.93547112 0.65564191
vt 0.94552672 0.28439260
vt 0.92430007 0.28448310
vt 0.95669937 0.66694659
vt 0.93547291 0.66686261
vt 0.93339020 0.76709938
vt 0.95461541 0.76701218
vt 0.95461750 0.68275458
vt 0.95461619 0.69236290
vt 0.93339050 0.69229752
vt 0.93339097 0.68265730
vt 0.95461571 0.70356160
vt 0.93339020 0.70348573
vt 0.94552618 0.29669589
vt 0.94552630 0.30965310
vt 0.92429972 0.30970541
vt 0.92429978 0.29676330
vt 0.94552630 0.32290360
vt 0.92429972 0.32287231
vt 0.95461643 0.74189371
vt 0.93338978 0.74184310
vt 0.95461661 0.75477529
vt 0.93338990 0.75477898
vt 0.94552511 0.33585480
vt 0.92429978 0.33580890
vt 0.94552732 0.36897379
vt 0.92430067 0.36890081
vt 0.63983512 0.44850209
vt 0.65113032 0.44850871
vt 0.65106350 0.44947141
vt 0.63992763 0.44947219
vt 0.59435201 0.54857451
vt 0.60117823 0.46878701
vt 0.70203322 0.48659679
vt 0.19491141 0.70602268
vt 0.19317110 0.74019778
vt 0.18400280 0.73805040
vt 0.18576680 0.70428008
vt 0.18128981 0.87153542
vt 0.17674901 0.88191873
vt 0.16536079 0.88321280
vt 0.17426869 0.87184203
vt 0.20256349 0.70799887
vt 0.20094541 0.74271941
vt 0.11601510 0.51206648
vt 0.12443000 0.51790023
vt 0.12315020 0.53460580
vt 0.11478440 0.52334273
vt 0.34154201 0.59558910
vt 0.34184539 0.55990702
vt 0.34961200 0.56102568
vt 0.34953851 0.59602022
vt 0.15643500 0.54015070
vt 0.15577421 0.58067203
vt 0.14681511 0.56771982
vt 0.14615770 0.53375912
vt 0.33223519 0.59498793
vt 0.33268479 0.55848747
vt 0.16994120 0.53899938
vt 0.17055480 0.57835788
vt 0.31068581 0.59346187
vt 0.31128690 0.55510890
vt 0.32236931 0.55690050
vt 0.32184970 0.59429318
vt 0.18158780 0.53812772
vt 0.18208361 0.57650262
vt 0.29910249 0.59256041
vt 0.29984179 0.55322731
vt 0.19284770 0.53733891
vt 0.19329040 0.57475322
vt 0.13210180 0.54676491
vt 0.13337959 0.52389252
vt 0.28538159 0.59134382
vt 0.28471211 0.55081731
vt 0.20347241 0.53666228
vt 0.20383900 0.57316762
vt 0.21306470 0.53613341
vt 0.21332370 0.57184762
vt 0.27519470 0.59746951
vt 0.27603960 0.56328177
vt 0.11745500 0.70126271
vt 0.11567070 0.73597091
vt 0.10530040 0.73754191
vt 0.10720620 0.70215440
vt 0.17542450 0.70283997
vt 0.17369150 0.73636401
vt 0.16246520 0.73519272
vt 0.16416819 0.70174241
vt 0.26344991 0.60594398
vt 0.26333600 0.58123308
vt 0.12866931 0.70077741
vt 0.12696700 0.73495549
vt 0.14039370 0.70069152
vt 0.13870880 0.73446548
vt 0.15238720 0.70100951
vt 0.15070111 0.73452938
vt 0.25300491 0.61337060
vt 0.24428029 0.61923921
vt 0.24317931 0.60777187
vt 0.25189060 0.59649527
vt 0.17701730 0.79359311
vt 0.18149960 0.80295378
vt 0.17434140 0.80255753
vt 0.16546211 0.79203141
vt 0.15998019 0.77368182
vt 0.17061900 0.77493262
vt 0.17028479 0.77625382
vt 0.15979651 0.77501953
vt 0.09749722 0.78432411
vt 0.10619510 0.78074467
vt 0.10678300 0.78197509
vt 0.09820449 0.78550452
vt 0.18910500 0.78010547
vt 0.19636241 0.78380561
vt 0.19566500 0.78499758
vt 0.18850070 0.78134727
vt 0.59238797 0.47582829
vt 0.59965241 0.46720949
vt 0.60029942 0.46791229
vt 0.59314930 0.47641790
vt 0.29307210 0.49754560
vt 0.28285781 0.49342749
vt 0.28349221 0.49257731
vt 0.29356769 0.49664250
vt 0.69127852 0.46716639
vt 0.69857532 0.47577491
vt 0.69784218 0.47636339
vt 0.69064152 0.46787199
vt 0.13755240 0.77376831
vt 0.14887230 0.77320009
vt 0.14884961 0.77454537
vt 0.13769090 0.77510279
vt 0.11582460 0.77744639
vt 0.11627030 0.77873081
vt 0.60822833 0.56577140
vt 0.59950691 0.55854517
vt 0.60018331 0.55796558
vt 0.60876918 0.56508708
vt 0.66225642 0.45045599
vt 0.66203278 0.45140079
vt 0.15372680 0.63832128
vt 0.16375349 0.63407040
vt 0.16427340 0.63497990
vt 0.15438820 0.63917261
vt 0.60830039 0.45996171
vt 0.60883683 0.46077430
vt 0.59243751 0.54982752
vt 0.59323293 0.54935110
vt 0.17423670 0.62993407
vt 0.17461570 0.63091213
vt 0.67286837 0.45430419
vt 0.67249459 0.45519659
vt 0.32390091 0.50991237
vt 0.31390029 0.50587249
vt 0.31409460 0.50484377
vt 0.32395479 0.50882173
vt 0.61808842 0.45432761
vt 0.61848599 0.45521781
vt 0.18466941 0.62582058
vt 0.18488701 0.62685227
vt 0.18042301 0.77709860
vt 0.17994390 0.77838522
vt 0.27318811 0.48949701
vt 0.27395740 0.48869959
vt 0.30352971 0.50175440
vt 0.30387229 0.50077552
vt 0.68264627 0.45993659
vt 0.68214279 0.46074271
vt 0.12646790 0.77520943
vt 0.12676591 0.77652180
vt 0.19476549 0.62189507
vt 0.19484679 0.62298602
vt 0.62870860 0.45047539
vt 0.62895530 0.45141181
vt 0.33316791 0.51333499
vt 0.33307821 0.51217842
vt 0.14410810 0.64208609
vt 0.14490341 0.64288682
vt 0.58674890 0.48558339
vt 0.58758593 0.48603421
vt 0.09031116 0.78877270
vt 0.09112215 0.78988582
vt 0.68134648 0.56401968
vt 0.68980360 0.55709040
vt 0.69067723 0.55792588
vt 0.68207961 0.56506222
vt 0.58855712 0.53936392
vt 0.58750331 0.53985453
vt 0.59415221 0.47712591
vt 0.58868438 0.48655239
vt 0.60954970 0.46178871
vt 0.61901188 0.45634371
vt 0.64003450 0.45072269
vt 0.62927753 0.45261720
vt 0.67190552 0.56946349
vt 0.67245251 0.57061511
vt 0.65095651 0.45071751
vt 0.66163981 0.57324821
vt 0.66196012 0.57445771
vt 0.66171169 0.45260170
vt 0.69688320 0.47703081
vt 0.70325053 0.48602891
vt 0.65088153 0.57501727
vt 0.65099329 0.57634503
vt 0.67197120 0.45631930
vt 0.70786917 0.50744051
vt 0.70607829 0.49670079
vt 0.70719481 0.49637571
vt 0.70908922 0.50733161
vt 0.62920338 0.57324028
vt 0.63995081 0.57510269
vt 0.63984221 0.57637811
vt 0.62887001 0.57445413
vt 0.68143368 0.46175101
vt 0.68976849 0.46875969
vt 0.61893731 0.56949401
vt 0.61839008 0.57063538
vt 0.60950297 0.56405097
vt 0.58302808 0.51838052
vt 0.58494300 0.52908778
vt 0.58375138 0.52938581
vt 0.58181381 0.51847321
vt 0.60104781 0.55714297
vt 0.70787537 0.51832122
vt 0.70908922 0.51841158
vt 0.70595968 0.52903551
vt 0.70714742 0.52933317
vt 0.58303851 0.50749761
vt 0.58182907 0.50738508
vt 0.70231122 0.53930330
vt 0.70337629 0.53980011
vt 0.69655430 0.54855871
vt 0.69769168 0.54934609
vt 0.58494258 0.49677950
vt 0.58377421 0.49646020
vt 0.62790078 0.44740129
vt 0.63953787 0.44534779
vt 0.08766627 0.78514522
vt 0.09518188 0.78048283
vt 0.12550101 0.77092582
vt 0.13710150 0.76941371
vt 0.68430948 0.45729131
vt 0.69333291 0.46485099
vt 0.30240950 0.50492299
vt 0.29147229 0.50052261
vt 0.58400750 0.48411000
vt 0.58991212 0.47391081
vt 0.18197720 0.77290022
vt 0.19106020 0.77604991
vt 0.14151880 0.63949168
vt 0.15157101 0.63554788
vt 0.33342859 0.51705301
vt 0.32372651 0.51346773
vt 0.61679882 0.45143899
vt 0.18392821 0.62244540
vt 0.19449989 0.61834008
vt 0.11435760 0.77327150
vt 0.67407608 0.45141041
vt 0.31325811 0.50923681
vt 0.28079191 0.49619970
vt 0.27067971 0.49208400
vt 0.17171600 0.77063060
vt 0.17302071 0.62675971
vt 0.60656607 0.45732269
vt 0.66298532 0.44738960
vt 0.16205670 0.63109219
vt 0.14895169 0.76881891
vt 0.16057780 0.76932061
vt 0.59732908 0.56045288
vt 0.58992422 0.55133092
vt 0.59751028 0.46489659
vt 0.65134883 0.44535211
vt 0.60644668 0.56802148
vt 0.10428290 0.77673072
vt 0.70098239 0.47385320
vt 0.19866030 0.77992821
vt 0.63946623 0.44458961
vt 0.65140092 0.44460061
vt 0.16070800 0.76830608
vt 0.17195420 0.76964980
vt 0.09472167 0.77965140
vt 0.10384350 0.77578437
vt 0.19147860 0.77513123
vt 0.19914570 0.77904630
vt 0.58939511 0.47350919
vt 0.59705442 0.46439859
vt 0.29112941 0.50116771
vt 0.28037009 0.49675909
vt 0.69376940 0.46435970
vt 0.70144743 0.47347370
vt 0.13700090 0.76842290
vt 0.14896519 0.76782948
vt 0.11406110 0.77236593
vt 0.20515691 0.78358549
vt 0.20466530 0.78437698
vt 0.66315222 0.44668540
vt 0.15107720 0.63490862
vt 0.16172360 0.63049757
vt 0.60617793 0.45673221
vt 0.59690458 0.56081682
vt 0.58934802 0.55167383
vt 0.17276910 0.62609780
vt 0.67434019 0.45077780
vt 0.32366899 0.51419348
vt 0.31311479 0.50996131
vt 0.61649632 0.45076150
vt 0.18376090 0.62171853
vt 0.18230809 0.77194577
vt 0.27015531 0.49263769
vt 0.30217409 0.50557172
vt 0.68466723 0.45672271
vt 0.12528829 0.76995468
vt 0.19442230 0.61756420
vt 0.62770867 0.44667411
vt 0.33348030 0.51792431
vt 0.14099909 0.63895768
vt 0.58344471 0.48380569
vt 0.08713597 0.78435802
vt 0.16075440 0.76763481
vt 0.14900360 0.76716220
vt 0.18236069 0.77128547
vt 0.17200400 0.76898402
vt 0.19153990 0.77446860
vt 0.19921909 0.77839369
vt 0.34226421 0.52217591
vt 0.34222960 0.52151960
vt 0.34974241 0.52439308
vt 0.34978661 0.52504969
vt 0.33351159 0.51861387
vt 0.17275320 0.62547177
vt 0.16166230 0.62991428
vt 0.31311509 0.51059461
vt 0.32367891 0.51484179
vt 0.18376990 0.62110239
vt 0.30216429 0.50619972
vt 0.19444069 0.61692327
vt 0.29107311 0.50173497
vt 0.20447400 0.61303341
vt 0.20443800 0.61365348
vt 0.10382590 0.77509791
vt 0.09471750 0.77903032
vt 0.11407390 0.77170187
vt 0.12531079 0.76928681
vt 0.13703170 0.76775551
vt 0.78823447 0.41887400
vt 0.78787041 0.41941550
vt 0.78687048 0.41887921
vt 0.25028220 0.57858622
vt 0.24313220 0.59187651
vt 0.12911651 0.56814021
vt 0.13485560 0.58063942
vt 0.13135920 0.59578103
vt 0.14457750 0.59661841
vt 0.62684739 0.44110501
vt 0.63937372 0.43941799
vt 0.63964951 0.44194669
vt 0.62754428 0.44366711
vt 0.60372448 0.44903061
vt 0.61480463 0.44431370
vt 0.61578912 0.44703269
vt 0.60468769 0.45211101
vt 0.63909233 0.43683040
vt 0.63789147 0.42424291
vt 0.65155250 0.42351931
vt 0.65204591 0.43638980
vt 0.65192401 0.43913001
vt 0.66414511 0.44042799
vt 0.66384518 0.44327781
vt 0.65181613 0.44177461
vt 0.11089150 0.63425207
vt 0.11654560 0.62345892
vt 0.12381330 0.62613589
vt 0.11613240 0.63719511
vt 0.12294420 0.61116451
vt 0.13282891 0.61332989
vt 0.26037809 0.53576452
vt 0.27353391 0.53485310
vt 0.26389191 0.55096310
vt 0.23919210 0.49675670
vt 0.23549899 0.48938939
vt 0.23952100 0.48711410
vt 0.24425580 0.49368230
vt 0.10750240 0.64157897
vt 0.11163920 0.64380038
vt 0.24521139 0.50783658
vt 0.25235841 0.50504953
vt 0.17294870 0.81211913
vt 0.17944130 0.81331611
vt 0.18236260 0.82471842
vt 0.17619281 0.82396770
vt 0.16761041 0.80116791
vt 0.23727851 0.60234147
vt 0.23652980 0.61680990
vt 0.23260389 0.61034220
vt 0.11436550 0.53941649
vt 0.11998580 0.55085808
vt 0.25829899 0.56314301
vt 0.21646340 0.57700771
vt 0.23536320 0.57759798
vt 0.23123311 0.58993781
vt 0.21626070 0.58855933
vt 0.59943771 0.43128371
vt 0.61126012 0.42821479
vt 0.61383188 0.44148561
vt 0.60265583 0.44566691
vt 0.08740121 0.60630649
vt 0.08751308 0.59357888
vt 0.11802650 0.59497011
vt 0.11270600 0.60919642
vt 0.21649680 0.53827780
vt 0.24714030 0.53669018
vt 0.24307720 0.55113429
vt 0.21658310 0.55142820
vt 0.58926117 0.43489501
vt 0.59311408 0.45088941
vt 0.67666650 0.42470860
vt 0.68713838 0.42654309
vt 0.68620270 0.44297060
vt 0.67603791 0.43952280
vt 0.21604130 0.51343560
vt 0.21568540 0.50270492
vt 0.23372699 0.49944031
vt 0.23753969 0.51030582
vt 0.25180840 0.52020472
vt 0.26157561 0.51794922
vt 0.95426428 0.07708376
vt 0.94682181 0.07594108
vt 0.94753051 0.06342905
vt 0.95374697 0.06399106
vt 0.95509350 0.08903157
vt 0.94568801 0.08748549
vt 0.95619237 0.09936803
vt 0.94422942 0.09803771
vt 0.22778210 0.60014540
vt 0.21596891 0.59873593
vt 0.62426239 0.42583099
vt 0.62617260 0.43852121
vt 0.21657200 0.56448919
vt 0.23988430 0.56368577
vt 0.67558342 0.44327831
vt 0.67531282 0.44657621
vt 0.10891350 0.52901453
vt 0.94693351 0.02473485
vt 0.94584471 0.01317322
vt 0.95508718 0.01145488
vt 0.95425707 0.02344954
vt 0.10464110 0.52107477
vt 0.10859080 0.51441443
vt 0.94779181 0.05036902
vt 0.94758308 0.03728950
vt 0.95374310 0.03658241
vt 0.95356899 0.05029386
vt 0.17605899 0.84914410
vt 0.18223891 0.84855068
vt 0.17920500 0.86039490
vt 0.17268820 0.86135560
vt 0.66466302 0.42368221
vt 0.66453660 0.43728960
vt 0.21631441 0.52542460
vt 0.24170411 0.52234441
vt 0.08713597 0.62886190
vt 0.08727407 0.61820638
vt 0.10869970 0.62117988
vt 0.10516420 0.63181472
vt 0.94290358 0.05044382
vt 0.94221699 0.03780943
vt 0.62761080 0.44488919
vt 0.61610889 0.44866449
vt 0.60545069 0.45425269
vt 0.63950533 0.44402301
vt 0.65147471 0.44411331
vt 0.18556120 0.83656472
vt 0.18514951 0.84854281
vt 0.18306640 0.83655471
vt 0.25636941 0.49721530
vt 0.26562250 0.50553292
vt 0.18368299 0.86031920
vt 0.62767661 0.44611540
vt 0.18527170 0.82474488
vt 0.18392400 0.81342763
vt 0.24246050 0.48510739
vt 0.24823929 0.48987809
vt 0.65164149 0.44295409
vt 0.66350597 0.44483101
vt 0.67477572 0.44861531
vt 0.11443440 0.64603132
vt 0.11996330 0.64128423
vt 0.12773030 0.63410801
vt 0.13680629 0.62581903
vt 0.28024879 0.49735680
vt 0.14771250 0.61545932
vt 0.94213998 0.06305688
vt 0.94443101 0.00257939
vt 0.95619237 0.00107276
vt 0.08773797 0.53284800
vt 0.09937840 0.53129810
vt 0.10249980 0.54152840
vt 0.08774560 0.54309672
vt 0.08772522 0.55474800
vt 0.10566500 0.55298811
vt 0.11070960 0.56786323
vt 0.08767795 0.56738281
vt 0.15094431 0.63429022
vt 0.27678940 0.51606119
vt 0.26994389 0.49317479
vt 0.14081880 0.63842040
vt 0.13189270 0.64281172
vt 0.13162300 0.64227641
vt 0.12401370 0.64616001
vt 0.12360780 0.64568752
vt 0.35202181 0.57343942
vt 0.35239470 0.57360429
vt 0.35239470 0.58421671
vt 0.35198030 0.58405608
vt 0.66322678 0.44628209
vt 0.67439979 0.45046851
vt 0.15868740 0.60530758
vt 0.25267610 0.48542199
vt 0.26083371 0.48879531
vt 0.26053169 0.48932460
vt 0.25221071 0.48587319
vt 0.28787330 0.52626288
vt 0.24591070 0.48261970
vt 0.24539050 0.48299929
vt 0.60606951 0.45635980
vt 0.61641443 0.45029280
vt 0.63957632 0.44298610
vt 0.14985999 0.75083947
vt 0.13786520 0.75110191
vt 0.12611771 0.75211042
vt 0.32310519 0.53586608
vt 0.33318791 0.53856307
vt 0.11482410 0.75382531
vt 0.17285040 0.75267369
vt 0.16162281 0.75140691
vt 0.10447780 0.75629872
vt 0.21353979 0.59077781
vt 0.21353979 0.60971749
vt 0.20425861 0.59310228
vt 0.19395921 0.59583652
vt 0.30102509 0.52970892
vt 0.18297850 0.59880072
vt 0.31225201 0.53285110
vt 0.17166170 0.60192060
vt 0.34216219 0.54103887
vt 0.34978661 0.54303890
vt 0.20016780 0.76055360
vt 0.19238821 0.75733232
vt 0.18318580 0.75466877
vt 0.94046217 0.02572524
vt 0.93782860 0.01453465
vt 0.11394710 0.58060771
vt 0.08760648 0.58046138
vt 0.18825451 0.65468299
vt 0.18747680 0.67051703
vt 0.17711350 0.66932350
vt 0.17788380 0.65349078
vt 0.20411240 0.86032093
vt 0.20435220 0.87152678
vt 0.18842129 0.87151420
vt 0.18818100 0.86030871
vt 0.20470390 0.80300581
vt 0.20435271 0.81345779
vt 0.18842100 0.81343979
vt 0.18877380 0.80300152
vt 0.20411240 0.82476312
vt 0.18818140 0.82475060
vt 0.20398919 0.83657962
vt 0.18805830 0.83656788
vt 0.20399000 0.84855491
vt 0.18805830 0.84854460
vt 0.13468830 0.48373511
vt 0.13426280 0.49968490
vt 0.12473210 0.49983451
vt 0.12484650 0.48388460
vt 0.20515691 0.79374498
vt 0.18922541 0.79372132
vt 0.16660661 0.65247953
vt 0.16583960 0.66830468
vt 0.15406600 0.66749680
vt 0.15485699 0.65166438
vt 0.25330999 0.64760119
vt 0.24450061 0.64740521
vt 0.24444009 0.63145322
vt 0.25325331 0.63164920
vt 0.14207719 0.66691422
vt 0.14286891 0.65108317
vt 0.13034610 0.66658658
vt 0.13112710 0.65075392
vt 0.32143560 0.64764589
vt 0.32156289 0.63169301
vt 0.33210781 0.63150871
vt 0.33189690 0.64745712
vt 0.11910360 0.66651243
vt 0.11986870 0.65068150
vt 0.26339960 0.64774847
vt 0.26348090 0.63179851
vt 0.27472121 0.63189387
vt 0.27447289 0.64784127
vt 0.10882860 0.66669881
vt 0.10969350 0.65089822
vt 0.28593710 0.63192809
vt 0.28612551 0.64787787
vt 0.21302670 0.48445651
vt 0.21314430 0.50040388
vt 0.20342989 0.50013012
vt 0.20342730 0.48417750
vt 0.19266130 0.49990451
vt 0.19258080 0.48395199
vt 0.29839361 0.63190639
vt 0.29812491 0.64785713
vt 0.14567460 0.48365679
vt 0.14578940 0.49959531
vt 0.18119951 0.49973339
vt 0.18104459 0.48378220
vt 0.31018689 0.63182628
vt 0.30998340 0.64777869
vt 0.16935270 0.49962229
vt 0.16913280 0.48367319
vt 0.15696780 0.49957740
vt 0.15714790 0.48362890
vt 0.34155691 0.63128251
vt 0.34153941 0.64723587
vt 0.34965569 0.63101631
vt 0.34966981 0.64696902
vt 0.20470481 0.88182062
vt 0.20515691 0.89087880
vt 0.18922511 0.89088380
vt 0.18877330 0.88181740
vt 0.20515691 0.65744412
vt 0.20437290 0.67327309
vt 0.19667999 0.67184860
vt 0.19746581 0.65601581
vt 0.16731860 0.87275869
vt 0.17719419 0.83648181
vt 0.93467510 0.00374925
vt 0.93448633 0.09709745
vt 0.93768680 0.08632284
vt 0.94033438 0.07509928
vt 0.68580401 0.44773629
vt 0.23126671 0.49138221
vt 0.11714120 0.64853603
vt 0.17116030 0.89110303
vt 0.78695011 0.41913950
vt 0.78689712 0.41901371
vt 0.78687048 0.41874170
vt 0.78689831 0.41860721
vt 0.78695190 0.41848171
vt 0.78702837 0.41836989
vt 0.78712422 0.41827601
vt 0.78723598 0.41820291
vt 0.78735811 0.41815320
vt 0.78748667 0.41812739
vt 0.78761840 0.41812700
vt 0.78774691 0.41815150
vt 0.78786922 0.41820031
vt 0.78798091 0.41827261
vt 0.78807670 0.41836581
vt 0.78815329 0.41847709
vt 0.78820682 0.41860241
vt 0.78823447 0.41873661
vt 0.78820747 0.41900870
vt 0.78815448 0.41913491
vt 0.78807819 0.41924730
vt 0.78798211 0.41934219
vt 0.78774780 0.41946590
vt 0.78761858 0.41949189
vt 0.78748637 0.41949230
vt 0.78735709 0.41946760
vt 0.78723431 0.41941831
vt 0.78712231 0.41934541
vt 0.78702641 0.41925150
f 1/1/1 2/2/2 3/3/3
f 1/1/1 3/3/3 4/4/4
f 5/5/5 6/6/6 7/7/7
f 5/5/5 7/7/7 8/8/8
f 9/9/9 10/10/10 11/11/11
f 9/9/9 11/11/11 12/12/12
f 13/13/13 14/14/14 6/6/6
f 13/13/13 6/6/6 5/5/5
f 10/10/10 15/15/15 16/16/16
f 10/10/10 16/16/16 11/11/11
f 17/17/17 18/18/18 14/14/14
f 17/17/17 14/14/14 13/13/13
f 19/19/19 20/20/20 21/21/21
f 19/19/19 21/21/21 22/22/22
f 23/23/23 24/24/24 18/18/18
f 23/23/23 18/18/18 17/17/17
f 25/25/25 26/26/26 20/20/20
f 25/25/25 20/20/20 19/19/19
f 27/27/27 28/28/28 29/29/29
f 27/27/27 29/29/29 30/30/30
f 31/31/31 32/32/32 33/33/33
f 31/31/31 33/33/33 34/34/34
f 35/35/35 36/36/36 28/28/28
f 35/35/35 28/28/28 27/27/27
f 37/37/37 38/38/38 32/32/32
f 37/37/37 32/32/32 31/31/31
f 22/22/22 21/21/21 39/39/39
f 22/22/22 39/39/39 40/40/40
f 41/41/41 42/42/42 43/43/43
f 41/41/41 43/43/43 44/44/44
f 45/45/45 46/46/46 38/38/38
f 45/45/45 38/38/38 37/37/37
f 47/47/47 48/48/48 46/46/46
f 47/47/47 46/46/46 45/45/45
f 49/49/49 50/50/50 42/42/42
f 49/49/49 42/42/42 41/41/41
f 51/51/51 52/52/52 48/48/48
f 51/51/51 48/48/48 47/47/47
f 53/53/53 54/54/54 55/55/55
f 53/53/53 55/55/55 56/56/56
f 3/3/3 2/2/2 50/50/50
f 3/3/3 50/50/50 49/49/49
f 57/57/57 58/58/58 52/52/52
f 57/57/57 52/52/52 51/51/51
f 30/30/30 29/29/29 24/24/24
f 30/30/30 24/24/24 23/23/23
f 59/59/59 60/60/60 58/58/58
f 59/59/59 58/58/58 57/57/57
f 61/61/61 62/62/62 60/60/60
f 61/61/61 60/60/60 59/59/59
f 4/4/4 63/63/63 64/64/64
f 4/4/4 64/64/64 1/1/1
f 65/65/65 66/66/66 62/62/62
f 65/65/65 62/62/62 61/61/61
f 63/63/63 67/67/67 68/68/68
f 63/63/63 68/68/68 64/64/64
f 40/40/40 39/39/39 16/16/16
f 40/40/40 16/16/16 15/15/15
f 69/69/69 70/70/70 71/71/71
f 69/69/69 71/71/71 72/72/72
f 70/70/70 73/73/73 74/74/74
f 70/70/70 74/74/74 71/71/71
f 75/75/75 76/76/76 77/77/77
f 75/75/75 77/77/77 78/78/78
f 79/79/79 75/75/75 78/78/78
f 79/79/79 78/78/78 80/80/80
f 67/67/67 79/79/79 80/80/80
f 67/67/67 80/80/80 68/68/68
f 73/73/73 9/9/9 12/12/12
f 73/73/73 12/12/12 74/74/74
f 8/8/8 7/7/7 54/54/54
f 8/8/8 54/54/54 53/53/53
f 81/81/81 82/82/82 83/83/83
f 81/81/81 83/83/83 84/84/84
f 85/85/85 86/86/86 87/87/87
f 85/85/85 87/87/87 88/88/88
f 89/89/89 90/90/90 91/91/91
f 89/89/89 91/91/91 92/92/92
f 93/93/93 94/94/94 95/95/95
f 93/93/93 95/95/95 96/96/96
f 97/97/97 98/98/98 99/99/99
f 97/97/97 99/99/99 100/100/100
f 101/101/101 81/81/81 84/84/84
f 101/101/101 84/84/84 102/102/102
f 103/103/103 104/104/104 105/105/105
f 103/103/103 105/105/105 106/106/106
f 98/98/98 107/107/107 108/108/108
f 98/98/98 108/108/108 99/99/99
f 82/82/82 109/109/109 110/110/110
f 82/82/82 110/110/110 83/83/83
f 111/111/111 112/112/112 113/113/113
f 111/111/111 113/113/113 114/114/114
f 107/107/107 115/115/115 116/116/116
f 107/107/107 116/116/116 108/108/108
f 109/109/109 117/117/117 118/118/118
f 109/109/109 118/118/118 110/110/110
f 112/112/112 119/119/119 120/120/120
f 112/112/112 120/120/120 113/113/113
f 115/115/115 89/89/89 92/92/92
f 115/115/115 92/92/92 116/116/116
f 121/121/121 122/122/122 123/123/123
f 121/121/121 123/123/123 124/124/124
f 119/119/119 101/101/101 102/102/102
f 119/119/119 102/102/102 120/120/120
f 90/90/90 125/125/125 126/126/126
f 90/90/90 126/126/126 91/91/91
f 122/122/122 127/127/127 128/128/128
f 122/122/122 128/128/128 123/123/123
f 125/125/125 129/129/129 130/130/130
f 125/125/125 130/130/130 126/126/126
f 103/103/103 106/106/106 131/131/131
f 103/103/103 131/131/131 132/132/132
f 133/133/133 134/134/134 135/135/135
f 133/133/133 135/135/135 136/136/136
f 134/134/134 137/137/137 138/138/138
f 134/134/134 138/138/138 135/135/135
f 139/139/139 140/140/140 141/141/141
f 139/139/139 141/141/141 142/142/142
f 137/137/137 93/93/93 96/96/96
f 137/137/137 96/96/96 138/138/138
f 140/140/140 143/143/143 144/144/144
f 140/140/140 144/144/144 141/141/141
f 94/94/94 145/145/145 146/146/146
f 94/94/94 146/146/146 95/95/95
f 145/145/145 147/147/147 148/148/148
f 145/145/145 148/148/148 146/146/146
f 149/149/149 85/85/85 88/88/88
f 149/149/149 88/88/88 150/150/150
f 147/147/147 132/132/132 131/131/131
f 147/147/147 131/131/131 148/148/148
f 86/86/86 151/151/151 152/152/152
f 86/86/86 152/152/152 87/87/87
f 127/127/127 139/139/139 142/142/142
f 127/127/127 142/142/142 128/128/128
f 143/143/143 149/149/149 150/150/150
f 143/143/143 150/150/150 144/144/144
f 153/153/153 154/154/154 155/155/155
f 153/153/153 155/155/155 156/156/156
f 157/157/157 158/158/158 159/159/159
f 160/160/160 161/161/161 162/162/162
f 160/160/160 162/162/162 163/163/163
f 164/164/164 165/165/165 166/166/166
f 164/164/164 166/166/166 167/167/167
f 168/168/168 169/169/169 161/161/161
f 168/168/168 161/161/161 160/160/160
f 170/170/170 171/171/171 172/172/172
f 170/170/170 172/172/172 173/173/173
f 174/174/174 175/175/175 176/176/176
f 174/174/174 176/176/176 177/177/177
f 178/178/178 179/179/179 180/180/180
f 178/178/178 180/180/180 181/181/181
f 182/182/182 183/183/183 175/175/175
f 182/182/182 175/175/175 174/174/174
f 184/184/184 185/185/185 179/179/179
f 184/184/184 179/179/179 178/178/178
f 186/186/186 187/187/187 188/188/188
f 186/186/186 188/188/188 189/189/189
f 190/190/190 191/191/191 185/185/185
f 190/190/190 185/185/185 184/184/184
f 192/192/192 193/193/193 187/187/187
f 192/192/192 187/187/187 186/186/186
f 194/194/194 195/195/195 191/191/191
f 194/194/194 191/191/191 190/190/190
f 181/181/181 180/180/180 196/196/196
f 181/181/181 196/196/196 197/197/197
f 198/198/198 199/199/199 193/193/193
f 198/198/198 193/193/193 192/192/192
f 200/200/200 201/201/201 195/195/195
f 200/200/200 195/195/195 194/194/194
f 202/202/202 203/203/203 201/201/201
f 202/202/202 201/201/201 200/200/200
f 204/204/204 205/205/205 199/199/199
f 204/204/204 199/199/199 198/198/198
f 206/206/206 207/207/207 208/208/208
f 206/206/206 208/208/208 209/209/209
f 210/210/210 211/211/211 212/212/212
f 210/210/210 212/212/212 213/213/213
f 214/214/214 215/215/215 205/205/205
f 214/214/214 205/205/205 204/204/204
f 216/216/216 217/217/217 207/207/207
f 216/216/216 207/207/207 206/206/206
f 189/189/189 188/188/188 183/183/183
f 189/189/189 183/183/183 182/182/182
f 218/218/218 219/219/219 217/217/217
f 218/218/218 217/217/217 216/216/216
f 220/220/220 221/221/221 219/219/219
f 220/220/220 219/219/219 218/218/218
f 222/222/222 223/223/223 224/224/224
f 222/222/222 224/224/224 225/225/225
f 213/213/213 212/212/212 221/221/221
f 213/213/213 221/221/221 220/220/220
f 226/226/226 227/227/227 228/228/228
f 226/226/226 228/228/228 229/229/229
f 197/197/197 196/196/196 172/172/172
f 197/197/197 172/172/172 171/171/171
f 230/230/230 231/231/231 232/232/232
f 230/230/230 232/232/232 233/233/233
f 234/234/234 235/235/235 236/236/236
f 234/234/234 236/236/236 237/237/237
f 238/238/238 239/239/239 240/240/240
f 238/238/238 240/240/240 241/241/241
f 242/242/242 243/243/243 244/244/244
f 242/242/242 244/244/244 245/245/245
f 246/246/246 247/247/247 248/248/248
f 246/246/246 248/248/248 249/249/249
f 250/250/250 251/251/251 252/252/252
f 250/250/250 252/252/252 253/253/253
f 254/254/254 255/255/255 256/256/256
f 254/254/254 256/256/256 257/257/257
f 235/235/235 258/258/258 259/259/259
f 235/235/235 259/259/259 236/236/236
f 260/260/260 261/261/261 262/262/262
f 260/260/260 262/262/262 263/263/263
f 154/154/154 264/264/264 265/265/265
f 154/154/154 265/265/265 155/155/155
f 266/266/266 267/267/267 268/268/268
f 266/266/266 268/268/268 269/269/269
f 243/243/243 270/270/270 271/271/271
f 243/243/243 271/271/271 244/244/244
f 261/261/261 272/272/272 273/273/273
f 261/261/261 273/273/273 262/262/262
f 255/255/255 230/230/230 233/233/233
f 255/255/255 233/233/233 256/256/256
f 267/267/267 274/274/274 275/275/275
f 267/267/267 275/275/275 268/268/268
f 264/264/264 276/276/276 277/277/277
f 264/264/264 277/277/277 265/265/265
f 278/278/278 279/279/279 280/280/280
f 278/278/278 280/280/280 281/281/281
f 270/270/270 282/282/282 283/283/283
f 270/270/270 283/283/283 271/271/271
f 274/274/274 284/284/284 285/285/285
f 274/274/274 285/285/285 275/275/275
f 231/231/231 286/286/286 287/287/287
f 231/231/231 287/287/287 232/232/232
f 247/247/247 288/288/288 289/289/289
f 247/247/247 289/289/289 248/248/248
f 279/279/279 290/290/290 291/291/291
f 279/279/279 291/291/291 280/280/280
f 276/276/276 292/292/292 293/293/293
f 276/276/276 293/293/293 277/277/277
f 258/258/258 294/294/294 295/295/295
f 258/258/258 295/295/295 259/259/259
f 284/284/284 296/296/296 297/297/297
f 284/284/284 297/297/297 285/285/285
f 282/282/282 298/298/298 299/299/299
f 282/282/282 299/299/299 283/283/283
f 300/300/300 278/278/278 281/281/281
f 300/300/300 281/281/281 301/301/301
f 302/302/302 266/266/266 269/269/269
f 302/302/302 269/269/269 303/303/303
f 286/286/286 238/238/238 241/241/241
f 286/286/286 241/241/241 287/287/287
f 304/304/304 242/242/242 245/245/245
f 304/304/304 245/245/245 305/305/305
f 290/290/290 246/246/246 249/249/249
f 290/290/290 249/249/249 291/291/291
f 292/292/292 250/250/250 253/253/253
f 292/292/292 253/253/253 293/293/293
f 294/294/294 254/254/254 257/257/257
f 294/294/294 257/257/257 295/295/295
f 306/306/306 234/234/234 237/237/237
f 306/306/306 237/237/237 307/307/307
f 298/298/298 153/153/153 156/156/156
f 298/298/298 156/156/156 299/299/299
f 308/308/308 309/309/309 310/310/310
f 308/308/308 310/310/310 311/311/311
f 312/312/312 157/157/157 273/273/273
f 312/312/312 273/273/273 313/313/313
f 314/314/314 315/315/315 305/305/305
f 314/314/314 305/305/305 245/245/245
f 316/316/316 158/158/158 244/244/244
f 316/316/316 244/244/244 271/271/271
f 317/317/317 316/316/316 271/271/271
f 317/317/317 271/271/271 283/283/283
f 318/318/318 319/319/319 299/299/299
f 318/318/318 299/299/299 156/156/156
f 320/320/320 308/308/308 311/311/311
f 320/320/320 311/311/311 321/321/321
f 322/322/322 318/318/318 156/156/156
f 322/322/322 156/156/156 155/155/155
f 158/158/158 314/314/314 245/245/245
f 158/158/158 245/245/245 244/244/244
f 323/323/323 320/320/320 321/321/321
f 323/323/323 321/321/321 324/324/324
f 325/325/325 322/322/322 155/155/155
f 325/325/325 155/155/155 265/265/265
f 159/159/159 326/326/326 252/252/252
f 159/159/159 252/252/252 327/327/327
f 328/328/328 323/323/323 324/324/324
f 328/328/328 324/324/324 329/329/329
f 330/330/330 325/325/325 265/265/265
f 330/330/330 265/265/265 277/277/277
f 331/331/331 332/332/332 333/333/333
f 331/331/331 333/333/333 334/334/334
f 335/335/335 336/336/336 337/337/337
f 335/335/335 337/337/337 338/338/338
f 339/339/339 330/330/330 277/277/277
f 339/339/339 277/277/277 293/293/293
f 319/319/319 317/317/317 283/283/283
f 319/319/319 283/283/283 299/299/299
f 340/340/340 339/339/339 293/293/293
f 340/340/340 293/293/293 253/253/253
f 341/341/341 335/335/335 338/338/338
f 341/341/341 338/338/338 342/342/342
f 343/343/343 341/341/341 342/342/342
f 343/343/343 342/342/342 263/263/263
f 326/326/326 340/340/340 253/253/253
f 326/326/326 253/253/253 252/252/252
f 344/344/344 345/345/345 346/346/346
f 344/344/344 346/346/346 347/347/347
f 348/348/348 343/343/343 263/263/263
f 348/348/348 263/263/263 262/262/262
f 332/332/332 159/159/159 327/327/327
f 332/332/332 327/327/327 333/333/333
f 157/157/157 348/348/348 262/262/262
f 157/157/157 262/262/262 273/273/273
f 345/345/345 312/312/312 313/313/313
f 345/345/345 313/313/313 346/346/346
f 349/349/349 331/331/331 334/334/334
f 349/349/349 334/334/334 350/350/350
f 351/351/351 349/349/349 350/350/350
f 351/351/351 350/350/350 352/352/352
f 353/353/353 344/344/344 347/347/347
f 353/353/353 347/347/347 354/354/354
f 355/355/355 351/351/351 352/352/352
f 355/355/355 352/352/352 356/356/356
f 357/357/357 355/355/355 356/356/356
f 357/357/357 356/356/356 358/358/358
f 359/359/359 353/353/353 354/354/354
f 359/359/359 354/354/354 360/360/360
f 309/309/309 357/357/357 358/358/358
f 309/309/309 358/358/358 310/310/310
f 336/336/336 328/328/328 329/329/329
f 336/336/336 329/329/329 337/337/337
f 315/315/315 359/359/359 360/360/360
f 315/315/315 360/360/360 305/305/305
f 361/361/361 362/362/362 153/153/153
f 361/361/361 153/153/153 298/298/298
f 363/363/363 364/364/364 234/234/234
f 363/363/363 234/234/234 306/306/306
f 365/365/365 366/366/366 254/254/254
f 365/365/365 254/254/254 294/294/294
f 367/367/367 368/368/368 250/250/250
f 367/367/367 250/250/250 292/292/292
f 369/369/369 370/370/370 246/246/246
f 369/369/369 246/246/246 290/290/290
f 371/371/371 372/372/372 242/242/242
f 371/371/371 242/242/242 304/304/304
f 373/373/373 374/374/374 238/238/238
f 373/373/373 238/238/238 286/286/286
f 375/375/375 376/376/376 266/266/266
f 375/375/375 266/266/266 302/302/302
f 377/377/377 378/378/378 278/278/278
f 377/377/377 278/278/278 300/300/300
f 379/379/379 361/361/361 298/298/298
f 379/379/379 298/298/298 282/282/282
f 380/380/380 381/381/381 296/296/296
f 380/380/380 296/296/296 284/284/284
f 382/382/382 365/365/365 294/294/294
f 382/382/382 294/294/294 258/258/258
f 383/383/383 367/367/367 292/292/292
f 383/383/383 292/292/292 276/276/276
f 384/384/384 369/369/369 290/290/290
f 384/384/384 290/290/290 279/279/279
f 385/385/385 386/386/386 288/288/288
f 385/385/385 288/288/288 247/247/247
f 387/387/387 373/373/373 286/286/286
f 387/387/387 286/286/286 231/231/231
f 388/388/388 380/380/380 284/284/284
f 388/388/388 284/284/284 274/274/274
f 389/389/389 379/379/379 282/282/282
f 389/389/389 282/282/282 270/270/270
f 378/378/378 384/384/384 279/279/279
f 378/378/378 279/279/279 278/278/278
f 390/390/390 383/383/383 276/276/276
f 390/390/390 276/276/276 264/264/264
f 391/391/391 388/388/388 274/274/274
f 391/391/391 274/274/274 267/267/267
f 392/392/392 393/393/393 230/230/230
f 392/392/392 230/230/230 255/255/255
f 394/394/394 395/395/395 272/272/272
f 394/394/394 272/272/272 261/261/261
f 396/396/396 389/389/389 270/270/270
f 396/396/396 270/270/270 243/243/243
f 376/376/376 391/391/391 267/267/267
f 376/376/376 267/267/267 266/266/266
f 397/397/397 390/390/390 264/264/264
f 397/397/397 264/264/264 154/154/154
f 398/398/398 394/394/394 261/261/261
f 398/398/398 261/261/261 260/260/260
f 399/399/399 382/382/382 258/258/258
f 399/399/399 258/258/258 235/235/235
f 366/366/366 392/392/392 255/255/255
f 366/366/366 255/255/255 254/254/254
f 368/368/368 400/400/400 251/251/251
f 368/368/368 251/251/251 250/250/250
f 370/370/370 385/385/385 247/247/247
f 370/370/370 247/247/247 246/246/246
f 372/372/372 396/396/396 243/243/243
f 372/372/372 243/243/243 242/242/242
f 374/374/374 401/401/401 239/239/239
f 374/374/374 239/239/239 238/238/238
f 364/364/364 399/399/399 235/235/235
f 364/364/364 235/235/235 234/234/234
f 393/393/393 387/387/387 231/231/231
f 393/393/393 231/231/231 230/230/230
f 362/362/362 397/397/397 154/154/154
f 362/362/362 154/154/154 153/153/153
f 402/402/402 403/403/403 397/397/397
f 402/402/402 397/397/397 362/362/362
f 404/404/404 405/405/405 387/387/387
f 404/404/404 387/387/387 393/393/393
f 406/406/406 407/407/407 399/399/399
f 406/406/406 399/399/399 364/364/364
f 408/408/408 409/409/409 401/401/401
f 408/408/408 401/401/401 374/374/374
f 410/410/410 411/411/411 396/396/396
f 410/410/410 396/396/396 372/372/372
f 412/412/412 413/413/413 385/385/385
f 412/412/412 385/385/385 370/370/370
f 414/414/414 415/415/415 400/400/400
f 414/414/414 400/400/400 368/368/368
f 416/416/416 417/417/417 392/392/392
f 416/416/416 392/392/392 366/366/366
f 407/407/407 418/418/418 382/382/382
f 407/407/407 382/382/382 399/399/399
f 409/409/409 419/419/419 420/420/420
f 409/409/409 420/420/420 401/401/401
f 403/403/403 421/421/421 390/390/390
f 403/403/403 390/390/390 397/397/397
f 422/422/422 423/423/423 391/391/391
f 422/422/422 391/391/391 376/376/376
f 411/411/411 424/424/424 389/389/389
f 411/411/411 389/389/389 396/396/396
f 425/425/425 426/426/426 395/395/395
f 425/425/425 395/395/395 394/394/394
f 417/417/417 404/404/404 393/393/393
f 417/417/417 393/393/393 392/392/392
f 423/423/423 427/427/427 388/388/388
f 423/423/423 388/388/388 391/391/391
f 421/421/421 428/428/428 383/383/383
f 421/421/421 383/383/383 390/390/390
f 429/429/429 430/430/430 384/384/384
f 429/429/429 384/384/384 378/378/378
f 424/424/424 431/431/431 379/379/379
f 424/424/424 379/379/379 389/389/389
f 427/427/427 432/432/432 380/380/380
f 427/427/427 380/380/380 388/388/388
f 405/405/405 433/433/433 373/373/373
f 405/405/405 373/373/373 387/387/387
f 413/413/413 434/434/434 386/386/386
f 413/413/413 386/386/386 385/385/385
f 430/430/430 435/435/435 369/369/369
f 430/430/430 369/369/369 384/384/384
f 428/428/428 436/436/436 367/367/367
f 428/428/428 367/367/367 383/383/383
f 418/418/418 437/437/437 365/365/365
f 418/418/418 365/365/365 382/382/382
f 432/432/432 438/438/438 381/381/381
f 432/432/432 381/381/381 380/380/380
f 431/431/431 439/439/439 361/361/361
f 431/431/431 361/361/361 379/379/379
f 440/440/440 429/429/429 378/378/378
f 440/440/440 378/378/378 377/377/377
f 441/441/441 422/422/422 376/376/376
f 441/441/441 376/376/376 375/375/375
f 433/433/433 408/408/408 374/374/374
f 433/433/433 374/374/374 373/373/373
f 442/442/442 410/410/410 372/372/372
f 442/442/442 372/372/372 371/371/371
f 435/435/435 412/412/412 370/370/370
f 435/435/435 370/370/370 369/369/369
f 436/436/436 414/414/414 368/368/368
f 436/436/436 368/368/368 367/367/367
f 437/437/437 416/416/416 366/366/366
f 437/437/437 366/366/366 365/365/365
f 443/443/443 406/406/406 364/364/364
f 443/443/443 364/364/364 363/363/363
f 439/439/439 402/402/402 362/362/362
f 439/439/439 362/362/362 361/361/361
f 444/444/444 404/404/404 417/417/417
f 444/444/444 417/417/417 445/445/445
f 446/446/446 433/433/433 405/405/405
f 446/446/446 405/405/405 447/447/447
f 448/448/448 408/408/408 433/433/433
f 448/448/448 433/433/433 446/446/446
f 449/449/449 409/409/409 408/408/408
f 449/449/449 408/408/408 448/448/448
f 450/450/450 451/451/451 452/452/452
f 450/450/450 452/452/452 453/453/453
f 454/454/454 440/440/440 451/451/451
f 454/454/454 451/451/451 450/450/450
f 455/455/455 427/427/427 423/423/423
f 455/455/455 423/423/423 456/456/456
f 457/457/457 430/430/430 429/429/429
f 457/457/457 429/429/429 458/458/458
f 459/459/459 432/432/432 427/427/427
f 459/459/459 427/427/427 455/455/455
f 460/460/460 435/435/435 430/430/430
f 460/460/460 430/430/430 457/457/457
f 461/461/461 438/438/438 432/432/432
f 461/461/461 432/432/432 459/459/459
f 462/462/462 412/412/412 435/435/435
f 462/462/462 435/435/435 460/460/460
f 463/463/463 464/464/464 438/438/438
f 463/463/463 438/438/438 461/461/461
f 465/465/465 407/407/407 406/406/406
f 465/465/465 406/406/406 466/466/466
f 467/467/467 418/418/418 407/407/407
f 467/467/467 407/407/407 465/465/465
f 447/447/447 405/405/405 404/404/404
f 447/447/447 404/404/404 444/444/444
f 468/468/468 437/437/437 418/418/418
f 468/468/468 418/418/418 467/467/467
f 458/458/458 429/429/429 440/440/440
f 458/458/458 440/440/440 454/454/454
f 469/469/469 416/416/416 437/437/437
f 469/469/469 437/437/437 468/468/468
f 445/445/445 417/417/417 416/416/416
f 445/445/445 416/416/416 469/469/469
f 470/470/470 471/471/471 472/472/472
f 473/473/473 215/215/215 225/225/225
f 473/473/473 225/225/225 474/474/474
f 475/475/475 180/180/180 179/179/179
f 475/475/475 179/179/179 476/476/476
f 477/477/477 476/476/476 179/179/179
f 477/477/477 179/179/179 478/478/478
f 479/479/479 480/480/480 481/481/481
f 479/479/479 481/481/481 482/482/482
f 483/483/483 484/484/484 485/485/485
f 483/483/483 485/485/485 486/486/486
f 487/487/487 488/488/488 489/489/489
f 487/487/487 489/489/489 490/490/490
f 484/484/484 479/479/479 482/482/482
f 484/484/484 482/482/482 485/485/485
f 491/491/491 492/492/492 493/493/493
f 491/491/491 493/493/493 494/494/494
f 495/495/495 496/496/496 497/497/497
f 495/495/495 497/497/497 498/498/498
f 499/499/499 477/477/477 478/478/478
f 499/499/499 478/478/478 500/500/500
f 501/501/501 502/502/502 199/199/199
f 501/501/501 199/199/199 503/503/503
f 504/504/504 505/505/505 506/506/506
f 504/504/504 506/506/506 507/507/507
f 508/508/508 495/495/495 498/498/498
f 508/508/508 498/498/498 509/509/509
f 510/510/510 504/504/504 507/507/507
f 510/510/510 507/507/507 511/511/511
f 512/512/512 513/513/513 514/514/514
f 512/512/512 514/514/514 515/515/515
f 516/516/516 228/228/228 513/513/513
f 516/516/516 513/513/513 512/512/512
f 517/517/517 224/224/224 518/518/518
f 517/517/517 518/518/518 519/519/519
f 474/474/474 225/225/225 224/224/224
f 474/474/474 224/224/224 517/517/517
f 520/520/520 172/172/172 196/196/196
f 520/520/520 196/196/196 521/521/521
f 522/522/522 205/205/205 215/215/215
f 522/522/522 215/215/215 473/473/473
f 523/523/523 524/524/524 525/525/525
f 523/523/523 525/525/525 526/526/526
f 522/522/522 503/503/503 199/199/199
f 522/522/522 199/199/199 205/205/205
f 527/527/527 528/528/528 529/529/529
f 527/527/527 529/529/529 530/530/530
f 531/531/531 532/532/532 533/533/533
f 531/531/531 533/533/533 534/534/534
f 535/535/535 536/536/536 537/537/537
f 535/535/535 537/537/537 538/538/538
f 539/539/539 527/527/527 530/530/530
f 539/539/539 530/530/530 540/540/540
f 541/541/541 542/542/542 543/543/543
f 541/541/541 543/543/543 544/544/544
f 545/545/545 546/546/546 547/547/547
f 545/545/545 547/547/547 548/548/548
f 549/549/549 510/510/510 511/511/511
f 549/549/549 511/511/511 550/550/550
f 551/551/551 552/552/552 553/553/553
f 551/551/551 553/553/553 554/554/554
f 555/555/555 556/556/556 552/552/552
f 555/555/555 552/552/552 551/551/551
f 557/557/557 558/558/558 556/556/556
f 557/557/557 556/556/556 555/555/555
f 526/526/526 525/525/525 559/559/559
f 526/526/526 559/559/559 560/560/560
f 561/561/561 488/488/488 487/487/487
f 561/561/561 487/487/487 562/562/562
f 563/563/563 564/564/564 524/524/524
f 563/563/563 524/524/524 523/523/523
f 492/492/492 565/565/565 566/566/566
f 492/492/492 566/566/566 493/493/493
f 521/521/521 196/196/196 180/180/180
f 521/521/521 180/180/180 475/475/475
f 567/567/567 173/173/173 172/172/172
f 567/567/567 172/172/172 520/520/520
f 568/568/568 569/569/569 570/570/570
f 568/568/568 570/570/570 571/571/571
f 572/572/572 573/573/573 173/173/173
f 572/572/572 173/173/173 567/567/567
f 574/574/574 575/575/575 576/576/576
f 574/574/574 576/576/576 577/577/577
f 578/578/578 579/579/579 580/580/580
f 578/578/578 580/580/580 581/581/581
f 501/501/501 549/549/549 550/550/550
f 501/501/501 550/550/550 502/502/502
f 576/576/576 575/575/575 568/568/568
f 576/576/576 568/568/568 571/571/571
f 496/496/496 499/499/499 500/500/500
f 496/496/496 500/500/500 497/497/497
f 480/480/480 487/487/487 490/490/490
f 480/480/480 490/490/490 491/491/491
f 489/489/489 582/582/582 583/583/583
f 489/489/489 583/583/583 490/490/490
f 535/535/535 584/584/584 585/585/585
f 535/535/535 585/585/585 536/536/536
f 586/586/586 587/587/587 588/588/588
f 586/586/586 588/588/588 589/589/589
f 590/590/590 591/591/591 575/575/575
f 590/590/590 575/575/575 574/574/574
f 528/528/528 561/561/561 562/562/562
f 528/528/528 562/562/562 529/529/529
f 592/592/592 593/593/593 485/485/485
f 592/592/592 485/485/485 482/482/482
f 593/593/593 594/594/594 486/486/486
f 593/593/593 486/486/486 485/485/485
f 595/595/595 596/596/596 403/403/403
f 595/595/595 403/403/403 402/402/402
f 597/597/597 598/598/598 579/579/579
f 597/597/597 579/579/579 599/599/599
f 600/600/600 601/601/601 550/550/550
f 600/600/600 550/550/550 511/511/511
f 598/598/598 602/602/602 580/580/580
f 598/598/598 580/580/580 579/579/579
f 595/595/595 402/402/402 439/439/439
f 595/595/595 439/439/439 603/603/603
f 604/604/604 597/597/597 599/599/599
f 604/604/604 599/599/599 514/514/514
f 605/605/605 604/604/604 514/514/514
f 605/605/605 514/514/514 513/513/513
f 227/227/227 605/605/605 513/513/513
f 227/227/227 513/513/513 228/228/228
f 602/602/602 164/164/164 167/167/167
f 602/602/602 167/167/167 580/580/580
f 606/606/606 607/607/607 507/507/507
f 606/606/606 507/507/507 506/506/506
f 607/607/607 600/600/600 511/511/511
f 607/607/607 511/511/511 507/507/507
f 608/608/608 494/494/494 493/493/493
f 608/608/608 493/493/493 609/609/609
f 609/609/609 493/493/493 566/566/566
f 609/609/609 566/566/566 610/610/610
f 611/611/611 509/509/509 498/498/498
f 611/611/611 498/498/498 612/612/612
f 612/612/612 498/498/498 497/497/497
f 612/612/612 497/497/497 613/613/613
f 613/613/613 497/497/497 500/500/500
f 613/613/613 500/500/500 614/614/614
f 462/462/462 615/615/615 413/413/413
f 462/462/462 413/413/413 412/412/412
f 614/614/614 500/500/500 478/478/478
f 614/614/614 478/478/478 616/616/616
f 617/617/617 590/590/590 574/574/574
f 617/617/617 574/574/574 553/553/553
f 570/570/570 569/569/569 618/618/618
f 570/570/570 618/618/618 619/619/619
f 620/620/620 621/621/621 622/622/622
f 620/620/620 622/622/622 623/623/623
f 624/624/624 625/625/625 626/626/626
f 624/624/624 626/626/626 627/627/627
f 582/582/582 541/541/541 544/544/544
f 582/582/582 544/544/544 583/583/583
f 587/587/587 531/531/531 534/534/534
f 587/587/587 534/534/534 588/588/588
f 584/584/584 545/545/545 548/548/548
f 584/584/584 548/548/548 585/585/585
f 563/563/563 538/538/538 537/537/537
f 563/563/563 537/537/537 564/564/564
f 553/553/553 574/574/574 577/577/577
f 553/553/553 577/577/577 554/554/554
f 423/423/423 422/422/422 628/628/628
f 423/423/423 628/628/628 456/456/456
f 601/601/601 629/629/629 502/502/502
f 601/601/601 502/502/502 550/550/550
f 434/434/434 413/413/413 615/615/615
f 434/434/434 615/615/615 630/630/630
f 441/441/441 631/631/631 628/628/628
f 441/441/441 628/628/628 422/422/422
f 632/632/632 633/633/633 631/631/631
f 632/632/632 631/631/631 441/441/441
f 634/634/634 635/635/635 633/633/633
f 634/634/634 633/633/633 632/632/632
f 636/636/636 637/637/637 638/638/638
f 636/636/636 638/638/638 639/639/639
f 421/421/421 640/640/640 641/641/641
f 421/421/421 641/641/641 428/428/428
f 403/403/403 596/596/596 640/640/640
f 403/403/403 640/640/640 421/421/421
f 642/642/642 616/616/616 478/478/478
f 642/642/642 478/478/478 179/179/179
f 643/643/643 644/644/644 645/645/645
f 643/643/643 645/645/645 646/646/646
f 647/647/647 629/629/629 615/615/615
f 647/647/647 615/615/615 462/462/462
f 648/648/648 643/643/643 646/646/646
f 648/648/648 646/646/646 649/649/649
f 644/644/644 434/434/434 630/630/630
f 644/644/644 630/630/630 645/645/645
f 431/431/431 424/424/424 650/650/650
f 431/431/431 650/650/650 651/651/651
f 439/439/439 431/431/431 651/651/651
f 439/439/439 651/651/651 603/603/603
f 652/652/652 595/595/595 603/603/603
f 652/652/652 603/603/603 592/592/592
f 652/652/652 608/608/608 596/596/596
f 652/652/652 596/596/596 595/595/595
f 653/653/653 445/445/445 469/469/469
f 653/653/653 469/469/469 654/654/654
f 654/654/654 469/469/469 468/468/468
f 654/654/654 468/468/468 655/655/655
f 656/656/656 458/458/458 454/454/454
f 656/656/656 454/454/454 657/657/657
f 655/655/655 468/468/468 467/467/467
f 655/655/655 467/467/467 658/658/658
f 659/659/659 447/447/447 444/444/444
f 659/659/659 444/444/444 660/660/660
f 658/658/658 467/467/467 465/465/465
f 658/658/658 465/465/465 661/661/661
f 662/662/662 663/663/663 463/463/463
f 662/662/662 463/463/463 664/664/664
f 664/664/664 463/463/463 461/461/461
f 664/664/664 461/461/461 665/665/665
f 647/647/647 462/462/462 460/460/460
f 647/647/647 460/460/460 666/666/666
f 665/665/665 461/461/461 459/459/459
f 665/665/665 459/459/459 667/667/667
f 666/666/666 460/460/460 457/457/457
f 666/666/666 457/457/457 668/668/668
f 667/667/667 459/459/459 455/455/455
f 667/667/667 455/455/455 669/669/669
f 668/668/668 457/457/457 458/458/458
f 668/668/668 458/458/458 656/656/656
f 669/669/669 455/455/455 456/456/456
f 669/669/669 456/456/456 642/642/642
f 657/657/657 454/454/454 450/450/450
f 657/657/657 450/450/450 670/670/670
f 670/670/670 450/450/450 453/453/453
f 670/670/670 453/453/453 671/671/671
f 672/672/672 449/449/449 448/448/448
f 672/672/672 448/448/448 673/673/673
f 673/673/673 448/448/448 446/446/446
f 673/673/673 446/446/446 674/674/674
f 675/675/675 676/676/676 569/569/569
f 675/675/675 569/569/569 568/568/568
f 627/627/627 626/626/626 677/677/677
f 627/627/627 677/677/677 678/678/678
f 532/532/532 678/678/678 677/677/677
f 532/532/532 677/677/677 533/533/533
f 163/163/163 162/162/162 211/211/211
f 163/163/163 211/211/211 210/210/210
f 623/623/623 622/622/622 625/625/625
f 623/623/623 625/625/625 624/624/624
f 679/679/679 680/680/680 681/681/681
f 679/679/679 681/681/681 682/682/682
f 683/683/683 684/684/684 685/685/685
f 683/683/683 685/685/685 686/686/686
f 687/687/687 688/688/688 689/689/689
f 687/687/687 689/689/689 690/690/690
f 688/688/688 691/691/691 692/692/692
f 688/688/688 692/692/692 689/689/689
f 691/691/691 693/693/693 694/694/694
f 691/691/691 694/694/694 692/692/692
f 695/695/695 683/683/683 686/686/686
f 695/695/695 686/686/686 696/696/696
f 693/693/693 695/695/695 696/696/696
f 693/693/693 696/696/696 694/694/694
f 697/697/697 698/698/698 699/699/699
f 697/697/697 699/699/699 700/700/700
f 701/701/701 687/687/687 690/690/690
f 701/701/701 690/690/690 702/702/702
f 703/703/703 704/704/704 705/705/705
f 703/703/703 705/705/705 706/706/706
f 707/707/707 708/708/708 709/709/709
f 707/707/707 709/709/709 710/710/710
f 706/706/706 705/705/705 711/711/711
f 706/706/706 711/711/711 712/712/712
f 712/712/712 711/711/711 713/713/713
f 712/712/712 713/713/713 714/714/714
f 715/715/715 716/716/716 717/717/717
f 715/715/715 717/717/717 718/718/718
f 714/714/714 713/713/713 719/719/719
f 714/714/714 719/719/719 720/720/720
f 721/721/721 722/722/722 723/723/723
f 721/721/721 723/723/723 724/724/724
f 682/682/682 681/681/681 704/704/704
f 682/682/682 704/704/704 703/703/703
f 720/720/720 719/719/719 725/725/725
f 720/720/720 725/725/725 726/726/726
f 724/724/724 723/723/723 727/727/727
f 724/724/724 727/727/727 728/728/728
f 729/729/729 730/730/730 731/731/731
f 729/729/729 731/731/731 732/732/732
f 732/732/732 731/731/731 733/733/733
f 732/732/732 733/733/733 734/734/734
f 728/728/728 727/727/727 735/735/735
f 728/728/728 735/735/735 736/736/736
f 737/737/737 738/738/738 698/698/698
f 737/737/737 698/698/698 697/697/697
f 734/734/734 733/733/733 739/739/739
f 734/734/734 739/739/739 740/740/740
f 736/736/736 735/735/735 741/741/741
f 736/736/736 741/741/741 742/742/742
f 740/740/740 739/739/739 743/743/743
f 740/740/740 743/743/743 744/744/744
f 742/742/742 741/741/741 716/716/716
f 742/742/742 716/716/716 715/715/715
f 744/744/744 743/743/743 745/745/745
f 744/744/744 745/745/745 746/746/746
f 718/718/718 717/717/717 747/747/747
f 718/718/718 747/747/747 748/748/748
f 746/746/746 745/745/745 738/738/738
f 746/746/746 738/738/738 737/737/737
f 222/222/222 214/214/214 722/722/722
f 222/222/222 722/722/722 710/710/710
f 748/748/748 747/747/747 749/749/749
f 748/748/748 749/749/749 750/750/750
f 751/751/751 752/752/752 753/753/753
f 751/751/751 753/753/753 754/754/754
f 755/755/755 756/756/756 757/757/757
f 755/755/755 757/757/757 758/758/758
f 684/684/684 751/751/751 754/754/754
f 684/684/684 754/754/754 685/685/685
f 758/758/758 757/757/757 680/680/680
f 758/758/758 680/680/680 679/679/679
f 580/580/580 167/167/167 759/759/759
f 580/580/580 759/759/759 581/581/581
f 514/514/514 599/599/599 760/760/760
f 514/514/514 760/760/760 515/515/515
f 599/599/599 579/579/579 578/578/578
f 599/599/599 578/578/578 760/760/760
f 481/481/481 480/480/480 491/491/491
f 481/481/481 491/491/491 494/494/494
f 588/588/588 534/534/534 499/499/499
f 588/588/588 499/499/499 496/496/496
f 536/536/536 585/585/585 549/549/549
f 536/536/536 549/549/549 501/501/501
f 575/575/575 591/591/591 675/675/675
f 575/575/575 675/675/675 568/568/568
f 569/569/569 676/676/676 761/761/761
f 569/569/569 761/761/761 618/618/618
f 621/621/621 567/567/567 520/520/520
f 621/621/621 520/520/520 622/622/622
f 625/625/625 521/521/521 475/475/475
f 625/625/625 475/475/475 626/626/626
f 583/583/583 544/544/544 565/565/565
f 583/583/583 565/565/565 492/492/492
f 585/585/585 548/548/548 510/510/510
f 585/585/585 510/510/510 549/549/549
f 564/564/564 537/537/537 503/503/503
f 564/564/564 503/503/503 522/522/522
f 564/564/564 522/522/522 473/473/473
f 564/564/564 473/473/473 524/524/524
f 622/622/622 520/520/520 521/521/521
f 622/622/622 521/521/521 625/625/625
f 525/525/525 474/474/474 517/517/517
f 525/525/525 517/517/517 559/559/559
f 558/558/558 762/762/762 763/763/763
f 558/558/558 763/763/763 556/556/556
f 556/556/556 763/763/763 764/764/764
f 556/556/556 764/764/764 552/552/552
f 552/552/552 764/764/764 617/617/617
f 552/552/552 617/617/617 553/553/553
f 548/548/548 547/547/547 504/504/504
f 548/548/548 504/504/504 510/510/510
f 544/544/544 543/543/543 765/765/765
f 544/544/544 765/765/765 565/565/565
f 547/547/547 766/766/766 505/505/505
f 547/547/547 505/505/505 504/504/504
f 536/536/536 501/501/501 503/503/503
f 536/536/536 503/503/503 537/537/537
f 534/534/534 533/533/533 477/477/477
f 534/534/534 477/477/477 499/499/499
f 589/589/589 588/588/588 496/496/496
f 589/589/589 496/496/496 495/495/495
f 490/490/490 583/583/583 492/492/492
f 490/490/490 492/492/492 491/491/491
f 529/529/529 562/562/562 479/479/479
f 529/529/529 479/479/479 484/484/484
f 530/530/530 529/529/529 484/484/484
f 530/530/530 484/484/484 483/483/483
f 562/562/562 487/487/487 480/480/480
f 562/562/562 480/480/480 479/479/479
f 533/533/533 677/677/677 476/476/476
f 533/533/533 476/476/476 477/477/477
f 626/626/626 475/475/475 476/476/476
f 626/626/626 476/476/476 677/677/677
f 524/524/524 473/473/473 474/474/474
f 524/524/524 474/474/474 525/525/525
f 674/674/674 446/446/446 447/447/447
f 674/674/674 447/447/447 659/659/659
f 660/660/660 444/444/444 445/445/445
f 660/660/660 445/445/445 653/653/653
f 212/212/212 660/660/660 653/653/653
f 212/212/212 653/653/653 221/221/221
f 162/162/162 674/674/674 659/659/659
f 162/162/162 659/659/659 211/211/211
f 161/161/161 673/673/673 674/674/674
f 161/161/161 674/674/674 162/162/162
f 169/169/169 672/672/672 673/673/673
f 169/169/169 673/673/673 161/161/161
f 175/175/175 670/670/670 671/671/671
f 175/175/175 671/671/671 176/176/176
f 183/183/183 657/657/657 670/670/670
f 183/183/183 670/670/670 175/175/175
f 185/185/185 669/669/669 642/642/642
f 185/185/185 642/642/642 179/179/179
f 187/187/187 668/668/668 656/656/656
f 187/187/187 656/656/656 188/188/188
f 191/191/191 667/667/667 669/669/669
f 191/191/191 669/669/669 185/185/185
f 193/193/193 666/666/666 668/668/668
f 193/193/193 668/668/668 187/187/187
f 195/195/195 665/665/665 667/667/667
f 195/195/195 667/667/667 191/191/191
f 199/199/199 647/647/647 666/666/666
f 199/199/199 666/666/666 193/193/193
f 201/201/201 664/664/664 665/665/665
f 201/201/201 665/665/665 195/195/195
f 203/203/203 662/662/662 664/664/664
f 203/203/203 664/664/664 201/201/201
f 207/207/207 658/658/658 661/661/661
f 207/207/207 661/661/661 208/208/208
f 211/211/211 659/659/659 660/660/660
f 211/211/211 660/660/660 212/212/212
f 217/217/217 655/655/655 658/658/658
f 217/217/217 658/658/658 207/207/207
f 188/188/188 656/656/656 657/657/657
f 188/188/188 657/657/657 183/183/183
f 219/219/219 654/654/654 655/655/655
f 219/219/219 655/655/655 217/217/217
f 221/221/221 653/653/653 654/654/654
f 221/221/221 654/654/654 219/219/219
f 481/481/481 494/494/494 608/608/608
f 481/481/481 608/608/608 652/652/652
f 481/481/481 652/652/652 592/592/592
f 481/481/481 592/592/592 482/482/482
f 199/199/199 502/502/502 629/629/629
f 199/199/199 629/629/629 647/647/647
f 456/456/456 628/628/628 616/616/616
f 456/456/456 616/616/616 642/642/642
f 630/630/630 615/615/615 629/629/629
f 630/630/630 629/629/629 601/601/601
f 631/631/631 614/614/614 616/616/616
f 631/631/631 616/616/616 628/628/628
f 633/633/633 613/613/613 614/614/614
f 633/633/633 614/614/614 631/631/631
f 635/635/635 612/612/612 613/613/613
f 635/635/635 613/613/613 633/633/633
f 767/767/767 611/611/611 612/612/612
f 767/767/767 612/612/612 635/635/635
f 640/640/640 609/609/609 610/610/610
f 640/640/640 610/610/610 641/641/641
f 596/596/596 608/608/608 609/609/609
f 596/596/596 609/609/609 640/640/640
f 646/646/646 645/645/645 600/600/600
f 646/646/646 600/600/600 607/607/607
f 649/649/649 646/646/646 607/607/607
f 649/649/649 607/607/607 606/606/606
f 645/645/645 630/630/630 601/601/601
f 645/645/645 601/601/601 600/600/600
f 651/651/651 650/650/650 594/594/594
f 651/651/651 594/594/594 593/593/593
f 603/603/603 651/651/651 593/593/593
f 603/603/603 593/593/593 592/592/592
f 225/225/225 215/215/215 214/214/214
f 225/225/225 214/214/214 222/222/222
f 680/680/680 163/163/163 210/210/210
f 680/680/680 210/210/210 681/681/681
f 686/686/686 685/685/685 164/164/164
f 686/686/686 164/164/164 602/602/602
f 690/690/690 689/689/689 605/605/605
f 690/690/690 605/605/605 227/227/227
f 689/689/689 692/692/692 604/604/604
f 689/689/689 604/604/604 605/605/605
f 692/692/692 694/694/694 597/597/597
f 692/692/692 597/597/597 604/604/604
f 696/696/696 686/686/686 602/602/602
f 696/696/696 602/602/602 598/598/598
f 694/694/694 696/696/696 598/598/598
f 694/694/694 598/598/598 597/597/597
f 698/698/698 197/197/197 171/171/171
f 698/698/698 171/171/171 699/699/699
f 702/702/702 690/690/690 227/227/227
f 702/702/702 227/227/227 226/226/226
f 704/704/704 213/213/213 220/220/220
f 704/704/704 220/220/220 705/705/705
f 710/710/710 709/709/709 223/223/223
f 710/710/710 223/223/223 222/222/222
f 705/705/705 220/220/220 218/218/218
f 705/705/705 218/218/218 711/711/711
f 711/711/711 218/218/218 216/216/216
f 711/711/711 216/216/216 713/713/713
f 716/716/716 189/189/189 182/182/182
f 716/716/716 182/182/182 717/717/717
f 713/713/713 216/216/216 206/206/206
f 713/713/713 206/206/206 719/719/719
f 722/722/722 214/214/214 204/204/204
f 722/722/722 204/204/204 723/723/723
f 681/681/681 210/210/210 213/213/213
f 681/681/681 213/213/213 704/704/704
f 719/719/719 206/206/206 209/209/209
f 719/719/719 209/209/209 725/725/725
f 723/723/723 204/204/204 198/198/198
f 723/723/723 198/198/198 727/727/727
f 730/730/730 202/202/202 200/200/200
f 730/730/730 200/200/200 731/731/731
f 731/731/731 200/200/200 194/194/194
f 731/731/731 194/194/194 733/733/733
f 727/727/727 198/198/198 192/192/192
f 727/727/727 192/192/192 735/735/735
f 738/738/738 181/181/181 197/197/197
f 738/738/738 197/197/197 698/698/698
f 733/733/733 194/194/194 190/190/190
f 733/733/733 190/190/190 739/739/739
f 735/735/735 192/192/192 186/186/186
f 735/735/735 186/186/186 741/741/741
f 739/739/739 190/190/190 184/184/184
f 739/739/739 184/184/184 743/743/743
f 741/741/741 186/186/186 189/189/189
f 741/741/741 189/189/189 716/716/716
f 743/743/743 184/184/184 178/178/178
f 743/743/743 178/178/178 745/745/745
f 717/717/717 182/182/182 174/174/174
f 717/717/717 174/174/174 747/747/747
f 745/745/745 178/178/178 181/181/181
f 745/745/745 181/181/181 738/738/738
f 747/747/747 174/174/174 177/177/177
f 747/747/747 177/177/177 749/749/749
f 754/754/754 753/753/753 768/768/768
f 754/754/754 768/768/768 165/165/165
f 756/756/756 168/168/168 160/160/160
f 756/756/756 160/160/160 757/757/757
f 685/685/685 754/754/754 165/165/165
f 685/685/685 165/165/165 164/164/164
f 757/757/757 160/160/160 163/163/163
f 757/757/757 163/163/163 680/680/680
f 317/317/317 319/319/319 159/159/159
f 319/319/319 318/318/318 159/159/159
f 318/318/318 322/322/322 159/159/159
f 322/322/322 325/325/325 159/159/159
f 325/325/325 330/330/330 159/159/159
f 330/330/330 339/339/339 159/159/159
f 339/339/339 340/340/340 159/159/159
f 340/340/340 326/326/326 159/159/159
f 159/159/159 332/332/332 331/331/331
f 349/349/349 159/159/159 331/331/331
f 349/349/349 351/351/351 357/357/357
f 351/351/351 355/355/355 357/357/357
f 357/357/357 309/309/309 308/308/308
f 349/349/349 357/357/357 159/159/159
f 308/308/308 320/320/320 357/357/357
f 320/320/320 323/323/323 328/328/328
f 328/328/328 336/336/336 335/335/335
f 335/335/335 341/341/341 328/328/328
f 341/341/341 343/343/343 157/157/157
f 328/328/328 341/341/341 157/157/157
f 343/343/343 348/348/348 157/157/157
f 157/157/157 312/312/312 345/345/345
f 345/345/345 344/344/344 157/157/157
f 344/344/344 353/353/353 157/157/157
f 353/353/353 359/359/359 157/157/157
f 359/359/359 315/315/315 157/157/157
f 315/315/315 314/314/314 157/157/157
f 314/314/314 158/158/158 157/157/157
f 158/158/158 316/316/316 159/159/159
f 316/316/316 317/317/317 159/159/159
f 159/159/159 357/357/357 157/157/157
f 320/320/320 328/328/328 357/357/357
f 328/328/328 157/157/157 357/357/357
f 710/710/710 722/722/722 721/721/721
f 710/710/710 721/721/721 707/707/707
f 769/769/769 770/770/770 472/472/472
f 472/472/472 771/771/771 772/772/772
f 772/772/772 773/773/773 472/472/472
f 773/773/773 774/774/774 472/472/472
f 774/774/774 775/775/775 776/776/776
f 776/776/776 777/777/777 472/472/472
f 777/777/777 778/778/778 779/779/779
f 780/780/780 777/777/777 779/779/779
f 780/780/780 781/781/781 782/782/782
f 782/782/782 783/783/783 780/780/780
f 783/783/783 784/784/784 470/470/470
f 780/780/780 783/783/783 472/472/472
f 784/784/784 785/785/785 470/470/470
f 785/785/785 786/786/786 470/470/470
f 470/470/470 787/787/787 788/788/788
f 788/788/788 789/789/789 471/471/471
f 789/789/789 790/790/790 471/471/471
f 471/471/471 791/791/791 472/472/472
f 791/791/791 792/792/792 793/793/793
f 794/794/794 791/791/791 793/793/793
f 794/794/794 795/795/795 796/796/796
f 796/796/796 797/797/797 794/794/794
f 797/797/797 769/769/769 472/472/472
f 794/794/794 797/797/797 472/472/472
f 776/776/776 472/472/472 774/774/774
f 777/777/777 780/780/780 472/472/472
f 472/472/472 783/783/783 470/470/470
f 471/471/471 470/470/470 788/788/788
f 791/791/791 794/794/794 472/472/472

