# https://github.com/mikedh/trimesh
mtllib material.mtl
usemtl material_0
v -0.07329587 -0.01616370 0.75698280
v -0.06926678 -0.03001101 0.75698429
v -0.06926164 -0.03000900 0.77273452
v -0.07329045 -0.01616270 0.77273297
v -0.04212467 -0.06401088 0.75698280
v -0.02905158 -0.07122036 0.75698280
v -0.02904938 -0.07121481 0.77273297
v -0.04212157 -0.06400629 0.77273297
v 0.07007493 0.02585930 0.75698388
v 0.06334968 0.03882620 0.75698280
v 0.06334503 0.03882320 0.77273297
v 0.07006980 0.02585709 0.77273422
v -0.06257705 -0.04299106 0.75698280
v -0.05343077 -0.05445375 0.75698280
v -0.05342726 -0.05444987 0.77273297
v -0.06257240 -0.04298802 0.77273297
v 0.07415814 0.01195100 0.75698429
v 0.07415272 0.01194990 0.77273452
v 0.05410350 0.05033940 0.75698280
v 0.04271938 0.05987179 0.75698280
v 0.04271634 0.05986729 0.77273297
v 0.05409999 0.05033550 0.77273297
v -0.05343077 -0.05445375 0.75698280
v -0.05342726 -0.05444987 0.77273297
v 0.02958561 0.06702670 0.75698280
v 0.02958347 0.06702170 0.77273297
v -0.01472400 -0.07571687 0.75698280
v -0.01472251 -0.07571180 0.77273297
v 0.01522185 0.07143660 0.75698280
v 0.01522035 0.07143120 0.77273297
v 0.00025014 0.07293770 0.75698280
v -0.01469068 0.07138960 0.75698280
v -0.01468931 0.07138419 0.77273297
v 0.00025014 0.07293209 0.77273297
v 0.00024785 -0.07722004 0.75698280
v 0.00024786 -0.07721485 0.77273297
v 0.02952016 -0.07139249 0.75698310
v 0.04258503 -0.06430330 0.75698280
v 0.04258187 -0.06429871 0.77273297
v 0.02951850 -0.07138785 0.77273327
v -0.02894531 0.06692500 0.75698328
v -0.04193507 0.05980220 0.75698280
v -0.04193209 0.05979760 0.77273297
v -0.02894316 0.06692000 0.77273351
v 0.04258503 -0.06430330 0.75698280
v 0.05391349 -0.05487891 0.75698280
v 0.05390913 -0.05487497 0.77273297
v 0.04258187 -0.06429871 0.77273297
v -0.04193507 0.05980220 0.75698280
v -0.05318198 0.05037721 0.75698388
v -0.05317853 0.05037330 0.77273422
v -0.04193209 0.05979760 0.77273297
v 0.06313599 -0.04347606 0.75698280
v 0.06313134 -0.04347302 0.77273297
v -0.06234697 0.03899589 0.75698388
v -0.06234232 0.03899279 0.77273422
v 0.06989307 -0.03063747 0.75698310
v 0.06988789 -0.03063537 0.77273327
v -0.06904350 0.02621140 0.75698280
v -0.07317648 0.01246950 0.75698429
v -0.07317106 0.01246850 0.77273452
v -0.06903837 0.02620940 0.77273297
v 0.07405968 -0.01682130 0.75698280
v 0.07405425 -0.01682010 0.77273297
v 0.07551522 -0.00241150 0.75698280
v 0.07550969 -0.00241150 0.77273297
v -0.07462839 -0.00187901 0.75698280
v -0.07462285 -0.00187901 0.77273297
v 0.01521147 -0.07579620 0.75698292
v 0.01521088 -0.07579054 0.77273321
v 0.05410350 0.05033940 0.75698280
v 0.05409999 0.05033550 0.77273297
v 0.08882726 0.01475440 0.11204990
v 0.00022801 -0.09213884 0.11204810
v -0.08793179 -0.01894780 0.11204820
v -0.08310197 -0.03554710 0.12986170
v -0.06411926 -0.06484755 0.12985989
v 0.00022801 -0.09213884 0.12985989
v 0.01816614 -0.09043135 0.11204820
v 0.03531845 -0.08515270 0.11204850
v 0.03531845 -0.08515270 0.12986030
v 0.01816614 -0.09043135 0.12986000
v 0.08882726 0.01475440 0.11204990
v 0.08393253 0.03142680 0.11204950
v 0.08393253 0.03142680 0.12986121
v 0.08882726 0.01475440 0.12986170
v -0.01767896 0.08600590 0.11204820
v -0.03476653 0.08065410 0.11204870
v -0.03476653 0.08065410 0.12986051
v -0.01767896 0.08600590 0.12985989
v 0.05097927 -0.07665463 0.11204810
v 0.05097927 -0.07665463 0.12985989
v 0.01817800 0.08606219 0.11204820
v 0.00023075 0.08786160 0.11204820
v 0.00023075 0.08786160 0.12985989
v 0.01817800 0.08606219 0.12985989
v -0.05033855 0.07211560 0.11204820
v -0.05033855 0.07211560 0.12985989
v 0.06455929 -0.06535723 0.11204810
v 0.06455929 -0.06535723 0.12985989
v -0.07480750 0.04717430 0.11204950
v -0.08283434 0.03184900 0.11204820
v -0.08283434 0.03184900 0.12985989
v -0.07480750 0.04717430 0.12986121
v -0.06382106 0.06081749 0.11204950
v -0.06382106 0.06081749 0.12986121
v 0.07561452 -0.05168815 0.11204810
v 0.07561452 -0.05168815 0.12985989
v -0.08310197 -0.03554710 0.11204990
v -0.07508276 -0.05110677 0.11204810
v -0.07508276 -0.05110677 0.12985989
v -0.08310197 -0.03554710 0.12986170
v 0.08371450 -0.03629805 0.11204850
v 0.08371450 -0.03629805 0.12986021
v -0.08778868 0.01537600 0.11204990
v -0.08778868 0.01537600 0.12986170
v 0.08870925 -0.01973600 0.11204820
v 0.08870925 -0.01973600 0.12985989
v -0.08952914 -0.00182410 0.11204820
v -0.08952914 -0.00182410 0.12985989
v 0.09045405 -0.00246251 0.11204820
v 0.09045405 -0.00246251 0.12985989
v -0.08952914 -0.00182410 0.11204820
v -0.08793179 -0.01894780 0.11204820
v -0.08793179 -0.01894780 0.12985989
v -0.08952914 -0.00182410 0.12985989
v 0.09045405 -0.00246251 0.11204820
v 0.09045405 -0.00246251 0.12985989
v 0.07587070 0.04697080 0.11204820
v 0.07587070 0.04697080 0.12985989
v -0.06411926 -0.06484755 0.11204810
v -0.06411926 -0.06484755 0.12985989
v 0.06478752 0.06077209 0.11204820
v 0.06478752 0.06077209 0.12985989
v -0.05056564 -0.07630427 0.11204810
v -0.05056564 -0.07630427 0.12985989
v 0.05114074 0.07219900 0.11204820
v 0.05114074 0.07219900 0.12985989
v -0.03489439 -0.08494599 0.11204810
v -0.03489439 -0.08494599 0.12985989
v 0.03539635 0.08077599 0.11204820
v 0.03539635 0.08077599 0.12985989
v -0.01771931 -0.09033700 0.11204810
v -0.01771931 -0.09033700 0.12985989
v 0.00022801 -0.09213884 0.11204810
v 0.00022801 -0.09213884 0.12985989
v -0.01771931 -0.09033700 0.11204810
v -0.01771931 -0.09033700 0.12985989
v 0.00023075 0.08786160 0.11204820
v 0.00023075 0.08786160 0.12985989
v 0.03531845 -0.08515270 0.11204850
v 0.01816614 -0.09043135 0.11204820
v -0.01771931 -0.09033700 0.11204810
v -0.03489439 -0.08494599 0.11204810
v -0.05056564 -0.07630427 0.11204810
v -0.06411926 -0.06484755 0.11204810
v -0.07508276 -0.05110677 0.11204810
v -0.08310197 -0.03554710 0.11204990
v -0.08952914 -0.00182410 0.11204820
v -0.08778868 0.01537600 0.11204990
v -0.08283434 0.03184900 0.11204820
v -0.07480750 0.04717430 0.11204950
v -0.06382106 0.06081749 0.11204950
v -0.05033855 0.07211560 0.11204820
v -0.03476653 0.08065410 0.11204870
v 0.01817800 0.08606219 0.11204820
v -0.01767896 0.08600590 0.11204820
v 0.00023075 0.08786160 0.11204820
v 0.03539635 0.08077599 0.11204820
v 0.05114074 0.07219900 0.11204820
v 0.06478752 0.06077209 0.11204820
v 0.08393253 0.03142680 0.11204950
v 0.07587070 0.04697080 0.11204820
v 0.09045405 -0.00246251 0.11204820
v 0.08870925 -0.01973600 0.11204820
v 0.08371450 -0.03629805 0.11204850
v 0.07561452 -0.05168815 0.11204810
v 0.06455929 -0.06535723 0.11204810
v 0.05097927 -0.07665463 0.11204810
v 0.01816614 -0.09043135 0.12986000
v 0.03531845 -0.08515270 0.12986030
v 0.05097927 -0.07665463 0.12985989
v 0.06455929 -0.06535723 0.12985989
v 0.08371450 -0.03629805 0.12986021
v 0.07561452 -0.05168815 0.12985989
v 0.08870925 -0.01973600 0.12985989
v 0.08882726 0.01475440 0.12986170
v 0.09045405 -0.00246251 0.12985989
v 0.08393253 0.03142680 0.12986121
v -0.08283434 0.03184900 0.12985989
v 0.07587070 0.04697080 0.12985989
v 0.06478752 0.06077209 0.12985989
v 0.05114074 0.07219900 0.12985989
v 0.03539635 0.08077599 0.12985989
v 0.01817800 0.08606219 0.12985989
v 0.00023075 0.08786160 0.12985989
v -0.01767896 0.08600590 0.12985989
v -0.03476653 0.08065410 0.12986051
v -0.05033855 0.07211560 0.12985989
v -0.06382106 0.06081749 0.12986121
v -0.07480750 0.04717430 0.12986121
v -0.08778868 0.01537600 0.12986170
v -0.08793179 -0.01894780 0.12985989
v -0.08952914 -0.00182410 0.12985989
v -0.07508276 -0.05110677 0.12985989
v -0.05056564 -0.07630427 0.12985989
v -0.03489439 -0.08494599 0.12985989
v -0.01771931 -0.09033700 0.12985989
v -0.08800797 -0.13030039 -0.01802664
v -0.08986280 -0.13030039 -0.00011696
v -0.08986280 -0.12899901 -0.00011696
v -0.08800797 -0.12899901 -0.01802664
v 0.09005744 -0.13030033 -0.00011969
v 0.08825637 -0.13030033 -0.01806700
v 0.08825637 -0.12899901 -0.01806706
v 0.09005744 -0.12899901 -0.00011969
v 0.08835114 -0.13030040 0.01781845
v 0.08835114 -0.12899901 0.01781845
v -0.08806423 -0.13030039 0.01783031
v -0.08278034 -0.13030039 0.03504872
v -0.08278034 -0.12899901 0.03504866
v -0.08806423 -0.12899901 0.01783031
v 0.08286805 -0.13030033 -0.03524208
v 0.08286805 -0.12899901 -0.03524208
v -0.07420728 -0.13030039 0.05079305
v -0.07420728 -0.12899901 0.05079305
v 0.07423009 -0.13030031 -0.05091339
v 0.07423009 -0.12899901 -0.05091339
v -0.06278537 -0.13030039 0.06443983
v -0.06278537 -0.12899901 0.06443983
v 0.06277866 -0.13030031 -0.06446695
v 0.06277866 -0.12899901 -0.06446695
v -0.06278537 -0.13030039 0.06443983
v -0.04899017 -0.13030039 0.07552301
v -0.04899017 -0.12899901 0.07552301
v -0.06278537 -0.12899901 0.06443983
v 0.06277866 -0.13030031 -0.06446695
v 0.04904385 -0.13030033 -0.07543045
v 0.04904385 -0.12899901 -0.07543045
v 0.06277866 -0.12899901 -0.06446695
v -0.03345309 -0.13030179 0.08358490
v -0.03345309 -0.12900038 0.08358490
v 0.03349121 -0.13030216 -0.08344966
v 0.01689924 -0.13030034 -0.08827954
v 0.01689924 -0.12899901 -0.08827954
v 0.03349121 -0.12900080 -0.08344966
v -0.01678793 -0.13030222 0.08847957
v 0.00042118 -0.13030037 0.09010642
v 0.00042118 -0.12899901 0.09010642
v -0.01678793 -0.12900098 0.08847957
v -0.00021681 -0.13030034 -0.08987683
v -0.00021681 -0.12899901 -0.08987683
v 0.01768680 -0.13030037 0.08836156
v 0.01768680 -0.12899901 0.08836156
v -0.01740907 -0.13030210 -0.08813637
v -0.01740907 -0.12900080 -0.08813637
v 0.03424181 -0.13030069 0.08336681
v 0.03424181 -0.12899931 0.08336681
v -0.03387503 -0.13030036 -0.08318203
v -0.03387503 -0.12899901 -0.08318203
v 0.04962511 -0.13030036 0.07526689
v 0.04962511 -0.12899901 0.07526689
v -0.04919300 -0.13030173 -0.07515525
v -0.06283067 -0.13030167 -0.06416875
v -0.06283067 -0.12900038 -0.06416875
v -0.04919300 -0.12900038 -0.07515525
v 0.06328810 -0.13030034 0.06421160
v 0.06328810 -0.12899901 0.06421160
v -0.07412377 -0.13030036 -0.05068624
v -0.07412377 -0.12899901 -0.05068624
v 0.07458050 -0.13030034 0.05063158
v 0.07458050 -0.12899901 0.05063158
v -0.07412377 -0.13030036 -0.05068624
v -0.08265857 -0.13030094 -0.03511470
v -0.08265857 -0.12899961 -0.03511470
v -0.07412377 -0.12899901 -0.05068624
v 0.07458050 -0.13030034 0.05063158
v 0.08307482 -0.13030067 0.03497076
v 0.08307482 -0.12899931 0.03497076
v 0.07458050 -0.12899901 0.05063158
v 0.03511954 -0.08468212 0.15472171
v 0.05069168 -0.07623191 0.15472139
v 0.04599692 -0.06932397 0.18475850
v 0.03187741 -0.07698579 0.18475869
v 0.08393253 0.03142680 0.12998420
v 0.07587070 0.04697080 0.12998280
v 0.07587070 0.04697080 0.15097810
v 0.08393253 0.03142680 0.15097950
v -0.03456734 0.08018410 0.15472201
v -0.05005060 0.07169400 0.15472139
v -0.04535137 0.06480770 0.18475690
v -0.03131185 0.07250589 0.18475761
v 0.06419481 -0.06499853 0.15472139
v 0.05824031 -0.05913808 0.18475869
v 0.00023075 0.08786160 0.12998280
v -0.01767896 0.08600590 0.12998280
v -0.01767896 0.08600590 0.15097810
v 0.00023075 0.08786160 0.15097810
v -0.06345681 0.06046000 0.15472279
v -0.05750714 0.05462129 0.18475799
v 0.06419481 -0.06499853 0.15472139
v 0.07518734 -0.05140706 0.15472130
v 0.06820817 -0.04681404 0.18475890
v 0.05824031 -0.05913808 0.18475869
v -0.08283434 0.03184900 0.12998280
v -0.08778868 0.01537600 0.12998439
v -0.08778868 0.01537600 0.15097980
v -0.08283434 0.03184900 0.15097810
v -0.07438091 0.04689419 0.15472290
v -0.06741265 0.04232050 0.18475780
v 0.08324129 -0.03610428 0.15472171
v 0.07551105 -0.03293832 0.18475930
v -0.07508276 -0.05110677 0.12998280
v -0.06411926 -0.06484755 0.12998280
v -0.06411926 -0.06484755 0.15097810
v -0.07508276 -0.05110677 0.15097810
v -0.08236215 0.03165600 0.15472160
v -0.08728835 0.01527649 0.15472330
v -0.07911656 0.01365110 0.18475799
v -0.07464967 0.02850319 0.18475650
v 0.08820773 -0.01963620 0.15472139
v 0.08001430 -0.01800600 0.18475910
v -0.08236215 0.03165600 0.15472160
v -0.07464967 0.02850319 0.18475650
v 0.08994265 -0.00246070 0.15472139
v 0.08158744 -0.00243220 0.18475910
v -0.08901898 -0.00182611 0.15472160
v -0.08743069 -0.01885250 0.15472160
v -0.07924561 -0.01729550 0.18475661
v -0.08068571 -0.00185670 0.18475650
v 0.08832509 0.01465839 0.15472320
v 0.08012075 0.01309049 0.18476060
v -0.08262828 -0.03535755 0.15472341
v -0.07489095 -0.03226151 0.18475831
v 0.08345814 0.03123629 0.15472279
v 0.07544203 0.04669200 0.15472139
v 0.06843914 0.04213680 0.18475869
v 0.07570768 0.02812240 0.18476020
v -0.07465456 -0.05082889 0.15472139
v -0.06375335 -0.06449171 0.15472139
v -0.05777566 -0.05867888 0.18475690
v -0.06766073 -0.04629018 0.18475661
v 0.06442172 0.06041500 0.15472139
v 0.05085243 0.07177711 0.15472139
v 0.04614271 0.06488270 0.18475831
v 0.05844660 0.05458009 0.18475850
v -0.05027668 -0.07588364 0.15472139
v -0.03469400 -0.08447589 0.15472139
v -0.03142671 -0.07679947 0.18475731
v -0.04555593 -0.06900807 0.18475710
v 0.05085243 0.07177711 0.15472139
v 0.03519745 0.08030529 0.15472139
v 0.03194739 0.07261559 0.18475810
v 0.04614271 0.06488270 0.18475831
v -0.03469400 -0.08447589 0.15472139
v -0.01761679 -0.08983650 0.15472139
v -0.01594160 -0.08165969 0.18475750
v -0.03142671 -0.07679947 0.18475731
v 0.01807685 0.08556150 0.15472139
v 0.01642342 0.07738170 0.18475780
v 0.00023141 0.08735050 0.15472139
v -0.01757709 0.08550550 0.15472139
v -0.01590560 0.07733110 0.18475740
v 0.00024225 0.07900420 0.18475761
v 0.00022868 -0.09162773 0.15472139
v 0.00023978 -0.08328457 0.18475780
v 0.00022801 -0.09213884 0.12998280
v 0.01816614 -0.09043135 0.12998280
v 0.01816614 -0.09043135 0.15097819
v 0.00022801 -0.09213884 0.15097810
v -0.01771931 -0.09033700 0.12998280
v -0.01771931 -0.09033700 0.15097810
v 0.08882726 0.01475440 0.12998460
v 0.08882726 0.01475440 0.15097991
v 0.01817800 0.08606219 0.12998280
v 0.01817800 0.08606219 0.15097810
v -0.07480750 0.04717430 0.12998420
v -0.08283434 0.03184900 0.12998280
v -0.08283434 0.03184900 0.15097810
v -0.07480750 0.04717430 0.15097950
v -0.08310197 -0.03554710 0.12998460
v -0.08310197 -0.03554710 0.15097991
v -0.06926164 -0.03000900 0.77273452
v -0.05342726 -0.05444987 0.77273297
v 0.00024786 -0.07721485 0.77273297
v 0.06478752 0.06077209 0.12998280
v 0.05114074 0.07219900 0.12998280
v 0.05114074 0.07219900 0.15097810
v 0.06478752 0.06077209 0.15097810
v -0.05056564 -0.07630427 0.12998280
v -0.03489439 -0.08494599 0.12998280
v -0.03489439 -0.08494599 0.15097810
v -0.05056564 -0.07630427 0.15097810
v 0.05114074 0.07219900 0.12998280
v 0.03539635 0.08077599 0.12998280
v 0.03539635 0.08077599 0.15097810
v 0.05114074 0.07219900 0.15097810
v -0.03489439 -0.08494599 0.12998280
v -0.03489439 -0.08494599 0.15097810
v 0.01806499 -0.08993031 0.15472139
v 0.01641281 -0.08174528 0.18475810
v 0.03531845 -0.08515270 0.12998310
v 0.03531845 -0.08515270 0.15097851
v -0.03476653 0.08065410 0.12998340
v -0.03476653 0.08065410 0.15097860
v 0.05097927 -0.07665463 0.12998280
v 0.05097927 -0.07665463 0.15097810
v -0.05033855 0.07211560 0.12998280
v -0.05033855 0.07211560 0.15097810
v 0.06455929 -0.06535723 0.12998280
v 0.06455929 -0.06535723 0.15097810
v -0.06382106 0.06081749 0.12998410
v -0.06382106 0.06081749 0.15097930
v 0.06455929 -0.06535723 0.12998280
v 0.07561452 -0.05168815 0.12998280
v 0.07561452 -0.05168815 0.15097810
v 0.06455929 -0.06535723 0.15097810
v 0.08371450 -0.03629805 0.12998310
v 0.08371450 -0.03629805 0.15097840
v 0.08870925 -0.01973600 0.12998280
v 0.08870925 -0.01973600 0.15097810
v -0.08952914 -0.00182410 0.12998280
v -0.08952914 -0.00182410 0.15097810
v 0.09045405 -0.00246251 0.12998280
v 0.09045405 -0.00246251 0.15097810
v -0.08793179 -0.01894780 0.12998280
v -0.08793179 -0.01894780 0.15097810
v 0.01524229 -0.07594671 0.27901810
v 0.00024765 -0.07737316 0.27901801
v 0.00024553 -0.07896288 0.21525650
v 0.01555664 -0.07750584 0.21525660
v 0.02958019 -0.07153417 0.27901840
v 0.03019799 -0.07300009 0.21525700
v 0.04267110 -0.06443008 0.27901801
v 0.04356516 -0.06574621 0.21525671
v 0.05402286 -0.05498644 0.27901801
v 0.05515720 -0.05610301 0.21525680
v 0.06326408 -0.04356034 0.27901801
v 0.05402286 -0.05498644 0.27901801
v 0.05515720 -0.05610301 0.21525680
v 0.06459374 -0.04443540 0.21525680
v 0.07003493 -0.03069558 0.27901840
v 0.07150770 -0.03129871 0.21525720
v 0.07421013 -0.01685120 0.27901810
v 0.07577110 -0.01716170 0.21525690
v 0.07566864 -0.00241201 0.27901810
v 0.07726045 -0.00241740 0.21525690
v 0.07430876 0.01197980 0.27901950
v 0.07587184 0.01227839 0.21525840
v 0.06347824 0.03890979 0.27901810
v 0.07021720 0.02591650 0.27901921
v 0.07169386 0.02650970 0.21525800
v 0.06481243 0.03977780 0.21525680
v 0.05421348 0.05044639 0.27901810
v 0.05535175 0.05155809 0.21525680
v 0.04280616 0.05999839 0.27901810
v 0.04370351 0.06131200 0.21525660
v 0.02964528 0.06716789 0.27901810
v 0.04280616 0.05999839 0.27901810
v 0.04370351 0.06131200 0.21525660
v 0.03026445 0.06863301 0.21525660
v 0.01525201 0.07158670 0.27901810
v 0.01556708 0.07314509 0.21525660
v -0.01472102 0.07153970 0.27901810
v 0.00024994 0.07309079 0.27901810
v 0.00024787 0.07468119 0.21525650
v -0.01503936 0.07309730 0.21525650
v -0.02900509 0.06706610 0.27901849
v -0.02962534 0.06852910 0.21525680
v -0.04202119 0.05992860 0.27901810
v -0.04291669 0.06124079 0.21525630
v -0.05329166 0.05048440 0.27901921
v -0.05442540 0.05159689 0.21525741
v -0.06247536 0.03907980 0.27901921
v -0.06380323 0.03995140 0.21525741
v -0.07332651 0.01249930 0.27901950
v -0.06918512 0.02626930 0.27901810
v -0.07065479 0.02687010 0.21525630
v -0.07488368 0.01280910 0.21525770
v -0.07478134 -0.00187840 0.27901810
v -0.07636926 -0.00187260 0.21525620
v -0.07344613 -0.01619230 0.27901810
v -0.07500587 -0.01648900 0.21525620
v -0.06940881 -0.03006790 0.27901950
v -0.07088319 -0.03065785 0.21525779
v -0.05354075 -0.05456045 0.27901801
v -0.06270544 -0.04307433 0.27901801
v -0.06403814 -0.04393920 0.21525620
v -0.05467991 -0.05566807 0.21525620
v -0.04221098 -0.06413706 0.27901801
v -0.04311089 -0.06544711 0.21525630
v -0.02911125 -0.07136084 0.27901801
v -0.02973388 -0.07282348 0.21525630
v -0.01475427 -0.07586707 0.27901801
v -0.02911125 -0.07136084 0.27901801
v -0.02973388 -0.07282348 0.21525630
v -0.01507376 -0.07742484 0.21525630
v -0.06918512 0.02626930 0.27901810
v -0.07065479 0.02687010 0.21525630
v 0.00022801 -0.09213884 0.15288280
v 0.01816614 -0.09043135 0.15288290
v 0.03531845 -0.08515270 0.15288310
v 0.05097927 -0.07665463 0.15288280
v 0.06455929 -0.06535723 0.15288280
v 0.06455929 -0.06535723 0.15288280
v 0.07561458 -0.05168815 0.15288261
v 0.08371450 -0.03629805 0.15288290
v 0.08870925 -0.01973600 0.15288280
v 0.09045405 -0.00246251 0.15288280
v 0.08882726 0.01475440 0.15288460
v 0.08393259 0.03142680 0.15288410
v 0.07587070 0.04697080 0.15288280
v 0.06478752 0.06077209 0.15288280
v 0.05114074 0.07219900 0.15288280
v 0.05114074 0.07219900 0.15288280
v 0.03539635 0.08077599 0.15288280
v 0.01817806 0.08606219 0.15288280
v 0.00023075 0.08786160 0.15288280
v -0.01767896 0.08600590 0.15288280
v -0.03476653 0.08065410 0.15288331
v -0.05033855 0.07211560 0.15288280
v -0.06382106 0.06081749 0.15288401
v -0.07480750 0.04717420 0.15288410
v -0.08283434 0.03184900 0.15288280
v -0.08778868 0.01537600 0.15288450
v -0.08952914 -0.00182410 0.15288280
v -0.08793179 -0.01894780 0.15288280
v -0.08310197 -0.03554710 0.15288460
v -0.07508276 -0.05110677 0.15288280
v -0.06411926 -0.06484755 0.15288261
v -0.05056564 -0.07630427 0.15288261
v -0.03489439 -0.08494599 0.15288280
v -0.03489439 -0.08494599 0.15288280
v -0.01771931 -0.09033700 0.15288280
v -0.08283434 0.03184900 0.15288280
v 0.01521147 -0.07579620 0.75698292
v 0.00024785 -0.07722004 0.75698280
v -0.07462839 -0.00187901 0.75698280
v -0.07317648 0.01246950 0.75698429
v -0.02894531 0.06692500 0.75698328
v -0.01469068 0.07138960 0.75698280
v 0.05410350 0.05033940 0.75698280
v 0.06334968 0.03882620 0.75698280
v 0.02952016 -0.07139249 0.75698310
v 0.07415814 0.01195100 0.75698429
v 0.07551522 -0.00241150 0.75698280
v -0.07329587 -0.01616370 0.75698280
v 0.07405968 -0.01682130 0.75698280
v -0.06904350 0.02621140 0.75698280
v -0.06234697 0.03899589 0.75698388
v 0.06989307 -0.03063747 0.75698310
v -0.06904350 0.02621140 0.75698280
v 0.06313599 -0.04347606 0.75698280
v -0.05318198 0.05037721 0.75698388
v 0.05391349 -0.05487891 0.75698280
v -0.04193507 0.05980220 0.75698280
v 0.05391349 -0.05487891 0.75698280
v 0.04258503 -0.06430330 0.75698280
v 0.00025014 0.07293770 0.75698280
v 0.01522185 0.07143660 0.75698280
v -0.01472400 -0.07571687 0.75698280
v 0.02958561 0.06702670 0.75698280
v -0.02905158 -0.07122036 0.75698280
v 0.04271938 0.05987179 0.75698280
v -0.04212467 -0.06401088 0.75698280
v -0.05343077 -0.05445375 0.75698280
v 0.04271938 0.05987179 0.75698280
v -0.06257705 -0.04299106 0.75698280
v -0.06926678 -0.03001101 0.75698429
v 0.07007493 0.02585930 0.75698388
v -0.02905158 -0.07122036 0.75698280
v 0.01521088 -0.07579054 0.77273321
v 0.02951850 -0.07138785 0.77273327
v 0.04258187 -0.06429871 0.77273297
v 0.05390913 -0.05487497 0.77273297
v 0.06988789 -0.03063537 0.77273327
v 0.06313134 -0.04347302 0.77273297
v 0.07405425 -0.01682010 0.77273297
v 0.07415272 0.01194990 0.77273452
v 0.07550969 -0.00241150 0.77273297
v 0.07006980 0.02585709 0.77273422
v -0.06903837 0.02620940 0.77273297
v 0.06334503 0.03882320 0.77273297
v 0.05409999 0.05033550 0.77273297
v 0.04271634 0.05986729 0.77273297
v 0.02958347 0.06702170 0.77273297
v 0.01522035 0.07143120 0.77273297
v 0.00025014 0.07293209 0.77273297
v -0.01468931 0.07138419 0.77273297
v -0.02894316 0.06692000 0.77273351
v -0.04193209 0.05979760 0.77273297
v -0.05317853 0.05037330 0.77273422
v -0.06234232 0.03899279 0.77273422
v -0.07317106 0.01246850 0.77273452
v -0.07329045 -0.01616270 0.77273297
v -0.07462285 -0.00187901 0.77273297
v -0.06257240 -0.04298802 0.77273297
v -0.04212157 -0.06400629 0.77273297
v -0.02904938 -0.07121481 0.77273297
v -0.01472251 -0.07571180 0.77273297
v -0.01791320 -0.10833843 0.08812195
v -0.00000301 -0.10833843 0.08997684
v -0.00000301 -0.10484262 0.08997684
v -0.01791320 -0.10484262 0.08812195
v 0.03508474 -0.12899931 -0.08296090
v 0.01793237 -0.12899901 -0.08823716
v 0.01793237 -0.10833849 -0.08823716
v 0.03508474 -0.10833873 -0.08296084
v 0.08369888 -0.12900038 0.03356707
v 0.08859355 -0.12900080 0.01690191
v 0.08859349 -0.10834022 0.01690191
v 0.08369882 -0.10833980 0.03356713
v -0.03500072 -0.12899949 0.08277255
v -0.01791266 -0.12899901 0.08812195
v -0.03500078 -0.10833897 0.08277255
v 0.05074556 -0.12899901 -0.07446652
v 0.05074550 -0.10833837 -0.07446652
v -0.00000297 -0.12899901 0.08997678
v 0.01794429 -0.12899901 0.08817821
v 0.01794429 -0.10833843 0.08817821
v -0.05057226 -0.12899901 0.07423776
v -0.05057226 -0.10833843 0.07423782
v 0.06432558 -0.12899901 -0.06317412
v 0.06432552 -0.10833837 -0.06317412
v -0.08306805 -0.12899901 0.03398901
v -0.07504127 -0.12900038 0.04930698
v -0.07504127 -0.10833980 0.04930752
v -0.08306811 -0.10833843 0.03398907
v -0.06405477 -0.12900038 0.06294465
v -0.06405483 -0.10833974 0.06294471
v 0.07538087 -0.12899901 -0.04951113
v 0.06432558 -0.12899901 -0.06317412
v 0.06432552 -0.10833837 -0.06317412
v 0.07538081 -0.10833837 -0.04951107
v -0.07531647 -0.12899901 -0.04892987
v -0.08333568 -0.12900080 -0.03337723
v -0.08333574 -0.10834022 -0.03337717
v -0.07531653 -0.10833837 -0.04892987
v -0.06405477 -0.12900038 0.06294465
v -0.06405483 -0.10833974 0.06294471
v 0.08348079 -0.12899931 -0.03412783
v 0.08348073 -0.10833873 -0.03412777
v -0.08802239 -0.12900068 0.01752305
v -0.08802245 -0.10834016 0.01752305
v 0.08847554 -0.12899901 -0.01757282
v 0.08847548 -0.10833843 -0.01757282
v -0.08976285 -0.12899901 0.00033078
v -0.08976291 -0.10833843 0.00033082
v 0.09022040 -0.12899901 -0.00030722
v 0.09022034 -0.10833843 -0.00030717
v -0.08816556 -0.12899901 -0.01678526
v -0.08816562 -0.10833843 -0.01678526
v 0.07563699 -0.12899901 0.04910415
v 0.07563693 -0.10833843 0.04910421
v -0.06435297 -0.12899901 -0.06266468
v -0.06435303 -0.10833837 -0.06266468
v 0.06455382 -0.12899901 0.06289935
v 0.06455376 -0.10833843 0.06289935
v -0.05079941 -0.12899901 -0.07411611
v -0.06435297 -0.12899901 -0.06266468
v -0.06435303 -0.10833837 -0.06266468
v -0.05079941 -0.10833837 -0.07411611
v 0.05090703 -0.12899901 0.07432126
v 0.06455382 -0.12899901 0.06289935
v 0.06455376 -0.10833843 0.06289935
v 0.05090697 -0.10833843 0.07432126
v -0.03512810 -0.12899901 -0.08275407
v -0.03512816 -0.10833837 -0.08275401
v 0.03516264 -0.12899901 0.08289432
v 0.03516264 -0.10833843 0.08289438
v -0.01795308 -0.12899901 -0.08814239
v -0.01795308 -0.10833837 -0.08814233
v -0.00000571 -0.12899901 -0.08994346
v -0.00000575 -0.10833837 -0.08994340
v -0.06382106 0.06081749 0.10618410
v -0.05033855 0.07211560 0.10618280
v -0.05033855 0.07211560 0.10215620
v -0.06382106 0.06081749 0.10215750
v -0.08310197 -0.03554710 0.11198470
v -0.06411926 -0.06484755 0.11198280
v 0.00022801 -0.09213884 0.11198280
v -0.01771931 -0.09033700 0.10618280
v -0.01771931 -0.09033700 0.11198280
v -0.03489439 -0.08494599 0.11198280
v -0.03489439 -0.08494599 0.10618280
v 0.01817800 0.08606219 0.10618280
v 0.01817800 0.08606219 0.11198280
v 0.03539635 0.08077599 0.11198280
v 0.03539635 0.08077599 0.10618280
v 0.01816614 -0.09043135 0.10618290
v 0.01816614 -0.09043135 0.11198290
v 0.00022801 -0.09213884 0.11198280
v 0.00022801 -0.09213884 0.10618280
v -0.01767896 0.08600590 0.10618280
v -0.01767896 0.08600590 0.11198280
v 0.00023075 0.08786160 0.11198280
v 0.00023075 0.08786160 0.10618280
v 0.03531845 -0.08515270 0.10618320
v 0.03531845 -0.08515270 0.11198320
v 0.08393253 0.03142680 0.10618430
v 0.08393253 0.03142680 0.11198430
v 0.08882726 0.01475440 0.11198470
v 0.08882726 0.01475440 0.10618470
v -0.03476653 0.08065410 0.10618340
v -0.03476653 0.08065410 0.11198340
v 0.05097927 -0.07665463 0.10618280
v 0.05097927 -0.07665463 0.11198280
v -0.05033855 0.07211560 0.11198280
v 0.06455929 -0.06535723 0.10618280
v 0.06455929 -0.06535723 0.11198280
v -0.08283434 0.03184900 0.10618280
v -0.08283434 0.03184900 0.11198280
v -0.07480750 0.04717430 0.11198420
v -0.07480750 0.04717430 0.10618420
v -0.06382106 0.06081749 0.11198410
v 0.07561452 -0.05168815 0.10618280
v 0.07561452 -0.05168815 0.11198280
v 0.06455929 -0.06535723 0.11198280
v 0.06455929 -0.06535723 0.10618280
v -0.07508276 -0.05110677 0.10618280
v -0.07508276 -0.05110677 0.11198280
v -0.08310197 -0.03554710 0.11198470
v -0.08310197 -0.03554710 0.10618470
v -0.06382106 0.06081749 0.11198410
v -0.06382106 0.06081749 0.10618410
v 0.08371450 -0.03629805 0.10618310
v 0.08371450 -0.03629805 0.11198310
v -0.08778868 0.01537600 0.10618460
v -0.08778868 0.01537600 0.11198460
v 0.08870925 -0.01973600 0.10618280
v 0.08870925 -0.01973600 0.11198280
v -0.08952914 -0.00182410 0.10618280
v -0.08952914 -0.00182410 0.11198280
v 0.09045405 -0.00246251 0.10618280
v 0.09045405 -0.00246251 0.11198280
v -0.08793179 -0.01894780 0.10618280
v -0.08793179 -0.01894780 0.11198280
v 0.07587070 0.04697080 0.10618280
v 0.07587070 0.04697080 0.11198280
v -0.06411926 -0.06484755 0.10618280
v -0.06411926 -0.06484755 0.11198280
v 0.06478752 0.06077209 0.10618280
v 0.06478752 0.06077209 0.11198280
v -0.05056564 -0.07630427 0.10618280
v -0.05056564 -0.07630427 0.11198280
v -0.06411926 -0.06484755 0.11198280
v -0.06411926 -0.06484755 0.10618280
v 0.05114074 0.07219900 0.10618280
v 0.05114074 0.07219900 0.11198280
v 0.06478752 0.06077209 0.11198280
v 0.06478752 0.06077209 0.10618280
v 0.06455929 -0.06535723 0.10215610
v 0.07561452 -0.05168815 0.10215610
v -0.08310197 -0.03554710 0.10215800
v -0.07508276 -0.05110677 0.10215610
v -0.06382106 0.06081749 0.10215750
v -0.07480750 0.04717430 0.10215750
v 0.08371450 -0.03629805 0.10215650
v -0.08283434 0.03184900 0.10215620
v -0.08778868 0.01537600 0.10215790
v 0.08870925 -0.01973600 0.10215620
v -0.08952914 -0.00182410 0.10215620
v 0.09045405 -0.00246251 0.10215620
v -0.08793179 -0.01894780 0.10215620
v 0.08882726 0.01475440 0.10215800
v 0.08393253 0.03142680 0.10215750
v 0.07587070 0.04697080 0.10215620
v -0.06411926 -0.06484755 0.10215610
v 0.06478752 0.06077209 0.10215620
v -0.06411926 -0.06484755 0.10215610
v -0.05056564 -0.07630427 0.10215610
v 0.06478752 0.06077209 0.10215620
v 0.05114074 0.07219900 0.10215620
v -0.03489439 -0.08494599 0.10215610
v 0.03539635 0.08077599 0.10215620
v -0.01771931 -0.09033700 0.10215610
v 0.01817800 0.08606219 0.10215620
v 0.00022801 -0.09213884 0.10215610
v 0.01816614 -0.09043135 0.10215620
v 0.00023075 0.08786160 0.10215620
v -0.01767896 0.08600590 0.10215620
v 0.03531845 -0.08515270 0.10215650
v -0.03476653 0.08065410 0.10215660
v 0.05097927 -0.07665463 0.10215610
v 0.06455929 -0.06535723 0.10215610
v 0.08348073 -0.10484292 -0.03412777
v 0.07538081 -0.10484262 -0.04951107
v 0.07538081 -0.07469620 -0.04937762
v 0.08348073 -0.07747789 -0.03400439
v 0.01793237 -0.10484268 -0.08823716
v 0.03508474 -0.10484298 -0.08296084
v 0.08859349 -0.10484447 0.01690191
v 0.08369882 -0.10484405 0.03356713
v -0.03500078 -0.10484357 0.08277255
v 0.05074550 -0.10484262 -0.07446652
v 0.01794429 -0.10484262 0.08817821
v -0.05057226 -0.10484262 0.07423782
v 0.06432552 -0.10484262 -0.06317412
v -0.07504127 -0.10484399 0.04930752
v -0.08306811 -0.10484262 0.03398907
v -0.06405483 -0.10484393 0.06294471
v 0.06432552 -0.10484262 -0.06317412
v -0.08333574 -0.10484447 -0.03337717
v -0.07531653 -0.10484262 -0.04892987
v -0.06405483 -0.10484393 0.06294471
v -0.08802245 -0.10484441 0.01752305
v 0.08847548 -0.10484262 -0.01757282
v -0.08976291 -0.10484262 0.00033082
v 0.09022034 -0.10484262 -0.00030717
v -0.08816562 -0.10484262 -0.01678526
v 0.07563693 -0.10484262 0.04910421
v -0.06435303 -0.10484262 -0.06266468
v 0.06455376 -0.10484262 0.06289935
v -0.06435303 -0.10484262 -0.06266468
v -0.05079941 -0.10484262 -0.07411611
v 0.06455376 -0.10484262 0.06289935
v 0.05090697 -0.10484262 0.07432126
v -0.03512816 -0.10484262 -0.08275401
v 0.03516264 -0.10484262 0.08289438
v -0.01795308 -0.10484262 -0.08814233
v -0.00000575 -0.10484262 -0.08994340
v 0.08859373 -0.07048960 0.01750499
v 0.09022076 -0.06400575 0.00035067
v 0.09022118 -0.04478492 0.00188315
v 0.08859391 -0.05458547 0.01885128
v -0.08306811 -0.08979340 0.03406882
v -0.08802245 -0.08681841 0.01761329
v 0.08847548 -0.08047112 -0.01746046
v -0.08976291 -0.08370824 0.00043203
v 0.09022034 -0.08359243 -0.00020555
v -0.08816556 -0.08061315 -0.01667279
v 0.08859349 -0.08670576 0.01699233
v -0.08333574 -0.07761510 -0.03325486
v 0.08369882 -0.08971896 0.03364694
v 0.07563693 -0.09252627 0.04917407
v -0.07531653 -0.07480128 -0.04879719
v -0.06435303 -0.07231815 -0.06252330
v 0.06455376 -0.09502049 0.06296074
v -0.06435303 -0.07231815 -0.06252330
v -0.05079941 -0.07024797 -0.07396745
v 0.06455376 -0.09502049 0.06296074
v 0.05090697 -0.09708561 0.07437533
v -0.03512816 -0.06868621 -0.08259987
v 0.03516264 -0.09863563 0.08294296
v -0.01795308 -0.06771149 -0.08798474
v 0.01794429 -0.09959103 0.08822345
v -0.00000575 -0.06738587 -0.08978468
v 0.01793237 -0.06769444 -0.08807951
v -0.00000301 -0.09991665 0.09002095
v -0.01791320 -0.09958078 0.08816725
v 0.03508474 -0.06864865 -0.08280658
v -0.03500078 -0.09861417 0.08282113
v 0.05074550 -0.07018461 -0.07431763
v -0.05057226 -0.09707053 0.07429194
v 0.06432552 -0.07222618 -0.06303244
v -0.07504127 -0.09256436 0.04937732
v -0.06405483 -0.09503044 0.06300580
v 0.06432552 -0.07222618 -0.06303244
v -0.06405483 -0.09503044 0.06300580
v 0.05091287 -0.07901551 0.08131146
v 0.06455417 -0.06831827 0.07288902
v 0.06455434 -0.06677117 0.07815909
v 0.05091478 -0.07789673 0.08472615
v -0.08333478 -0.05154892 -0.03261590
v -0.08816490 -0.05779632 -0.01607555
v -0.08816418 -0.03539695 -0.01436471
v -0.08333389 -0.02595221 -0.03072685
v 0.07563687 -0.08261670 0.04960668
v 0.08369882 -0.07676591 0.03411746
v 0.08369888 -0.06407322 0.03528434
v 0.07563687 -0.07291813 0.05060595
v -0.06435207 -0.04051657 -0.06181079
v -0.07531557 -0.04568961 -0.04811877
v -0.07531468 -0.01709610 -0.04606193
v -0.06435112 -0.00927630 -0.05960530
v 0.06455376 -0.08781208 0.06335848
v 0.06455376 -0.08077170 0.06420892
v -0.05079840 -0.03620370 -0.07322621
v -0.06435207 -0.04051657 -0.06181079
v -0.06435112 -0.00927630 -0.05960530
v -0.05079774 -0.00275680 -0.07089710
v 0.05090709 -0.09211393 0.07474446
v 0.06455376 -0.08781208 0.06335848
v 0.06455376 -0.08077170 0.06420892
v 0.05090727 -0.08727505 0.07547163
v -0.03512750 -0.03295036 -0.08183693
v -0.03496347 0.00172640 -0.07813924
v 0.03516288 -0.09534283 0.08329063
v 0.03516318 -0.09215553 0.08392524
v -0.01795260 -0.03092095 -0.08720833
v -0.01795183 0.00522880 -0.08472788
v 0.01794459 -0.09733303 0.08855783
v 0.01794459 -0.09516444 0.08913546
v 0.01793255 -0.03088536 -0.08730286
v -0.00000532 -0.03024240 -0.08900380
v -0.00000489 0.00625449 -0.08650392
v 0.01793326 0.00528249 -0.08482140
v -0.01791261 -0.09731175 0.08850181
v -0.00000259 -0.09801026 0.09035080
v -0.00000217 -0.09618815 0.09090900
v -0.01791249 -0.09513177 0.08908003
v 0.03508485 -0.03287299 -0.08204323
v 0.03508587 0.00227800 -0.07961881
v -0.03500006 -0.09529735 0.08316898
v -0.03500001 -0.09208633 0.08380484
v 0.05074592 -0.03607227 -0.07357549
v 0.05074693 -0.00255840 -0.07124263
v -0.05057226 -0.09208192 0.07466125
v -0.05057226 -0.08722587 0.07538932
v 0.06432636 -0.04032590 -0.06231862
v 0.06432719 -0.00898860 -0.06010735
v -0.08306817 -0.07692094 0.03453904
v -0.07504133 -0.08269264 0.04980880
v -0.07504145 -0.07303144 0.05080533
v -0.08306823 -0.06430711 0.03570151
v -0.06405495 -0.08782925 0.06340318
v -0.06405506 -0.08079697 0.06425285
v 0.07538171 -0.04547240 -0.04869854
v 0.06432636 -0.04032590 -0.06231862
v 0.06432719 -0.00898860 -0.06010735
v 0.07538260 -0.01676860 -0.04663503
v -0.06405495 -0.08782925 0.06340318
v -0.06405506 -0.08079697 0.06425285
v 0.08348156 -0.05126722 -0.03336364
v 0.08348240 -0.02552840 -0.03146576
v -0.08802227 -0.07072057 0.01812446
v -0.08802209 -0.05493315 0.01946425
v 0.08847613 -0.05750259 -0.01686096
v 0.08847679 -0.03495439 -0.01514208
v -0.08976249 -0.06424327 0.00098667
v -0.08976207 -0.04514273 0.00251228
v -0.01786069 -0.09069665 0.09489965
v 0.00005958 -0.09252091 0.09560275
v 0.00009717 -0.09227194 0.09753435
v -0.01782910 -0.09044124 0.09720051
v -0.03509805 0.06829819 -0.03451484
v -0.05076162 0.06020850 -0.02814537
v -0.05074958 0.06693520 -0.00061807
v -0.03508900 0.07534830 -0.00558436
v 0.03517522 -0.08704742 0.08763325
v 0.05091287 -0.07901551 0.08131146
v 0.05091478 -0.07789673 0.08472615
v 0.03517951 -0.08625008 0.08965533
v -0.01793061 0.07334709 -0.03848809
v -0.01792316 0.08059970 -0.00868249
v 0.01796247 -0.09200158 0.09152948
v 0.01796825 -0.09140314 0.09269320
v 0.01795216 0.07343210 -0.03855818
v 0.00001366 0.07504159 -0.03981626
v 0.00001984 0.08236340 -0.00971806
v 0.01795895 0.08068720 -0.00873703
v -0.01789729 -0.09194441 0.09148800
v 0.00001595 -0.09367831 0.09285575
v 0.00002199 -0.09314592 0.09372729
v -0.01789222 -0.09134336 0.09266084
v 0.03511031 0.06848329 -0.03466767
v 0.03511799 0.07553920 -0.00570363
v 0.08370007 -0.04084154 0.05125844
v 0.08860303 -0.02522530 0.03896898
v 0.08860607 -0.02195250 0.05171132
v 0.08370049 -0.03819479 0.06129342
v -0.03499202 -0.08692451 0.08754295
v -0.03498928 -0.08612050 0.08958476
v 0.05077763 0.06050999 -0.02840358
v 0.05078818 0.06724329 -0.00081953
v -0.05057196 -0.07891019 0.08124989
v -0.05057178 -0.07778175 0.08467817
v 0.06433381 0.04966229 -0.02012032
v 0.06437553 0.05621150 0.00567299
v -0.08307085 -0.04111727 0.05157083
v -0.07504467 -0.05550690 0.06286531
v -0.07504574 -0.05343118 0.07034325
v -0.08307175 -0.03845795 0.06153678
v -0.06406013 -0.06830497 0.07292133
v -0.06406180 -0.06674631 0.07818406
v 0.07542099 0.03708149 -0.01000154
v 0.06433381 0.04966229 -0.02012032
v 0.06437553 0.05621150 0.00567299
v 0.07543380 0.04286680 0.01352804
v -0.07527474 0.03661610 -0.00957304
v -0.08329455 0.02205400 0.00189370
v -0.08328150 0.02725570 0.02280277
v -0.07526145 0.04239869 0.01386255
v -0.06406013 -0.06830497 0.07292133
v -0.06406180 -0.06674631 0.07818406
v 0.08351780 0.02264000 0.00134158
v 0.08352966 0.02784109 0.02237308
v -0.08801499 -0.02566500 0.03942734
v -0.08801261 -0.02238110 0.05206865
v 0.08850433 0.00710490 0.01354897
v 0.08851356 0.01167850 0.03189158
v -0.08974371 -0.00954930 0.02675122
v -0.08973763 -0.00561860 0.04218477
v 0.09023948 -0.00908040 0.02628082
v 0.09024562 -0.00515700 0.04181838
v -0.08813463 0.00650910 0.01412969
v -0.08812479 0.01108740 0.03234452
v 0.07563509 -0.05539479 0.06271648
v 0.07563455 -0.05333080 0.07022750
v -0.06430934 0.04948600 -0.01970100
v -0.06429545 0.05578440 0.00596595
v -0.06430934 0.04948600 -0.01970100
v -0.06429545 0.05578440 0.00596595
v -0.06408278 -0.06513038 0.09266775
v -0.07505927 -0.05144985 0.09021294
v 0.03516920 0.07898000 0.03004992
v 0.01799889 0.08421549 0.02805018
v 0.01803888 0.08589889 0.06545513
v 0.03521986 0.08061931 0.06640475
v 0.08370305 -0.03674163 0.07421964
v 0.08862485 -0.02024410 0.06790226
v 0.08864368 -0.01951240 0.08437961
v 0.08370561 -0.03612806 0.08737975
v -0.03497145 -0.08538015 0.09287154
v -0.03495465 -0.08507450 0.09623724
v 0.05085255 0.07053229 0.03327006
v 0.05091638 0.07208979 0.06793391
v 0.01800437 -0.09076388 0.09492099
v 0.01804049 -0.09051492 0.09721064
v -0.05057065 -0.07688470 0.08963680
v -0.05056922 -0.07649418 0.09470129
v 0.06445069 0.05929460 0.03755033
v 0.06452585 0.06073990 0.06996661
v -0.08307729 -0.03682287 0.07438093
v -0.07505247 -0.05208446 0.08018594
v -0.08308277 -0.03602679 0.08745712
v -0.06407229 -0.06563856 0.08535522
v -0.06408278 -0.06513038 0.09266775
v 0.07551355 0.04570480 0.04272902
v 0.06445069 0.05929460 0.03755033
v 0.06452585 0.06073990 0.06996661
v 0.07559324 0.04701799 0.07242602
v -0.07517860 0.04535359 0.04295015
v -0.08319990 0.02999420 0.04884374
v -0.08311830 0.03133839 0.07532918
v -0.07509581 0.04678680 0.07253122
v -0.06407229 -0.06563856 0.08535522
v 0.08360315 0.03040260 0.04856050
v 0.08367665 0.03156629 0.07519549
v -0.08799789 -0.02045570 0.06813782
v -0.08798317 -0.01950530 0.08449149
v 0.08857078 0.01395109 0.05483615
v 0.08862800 0.01496260 0.07817578
v -0.08969955 -0.00342441 0.06162220
v -0.08966152 -0.00234680 0.08139777
v 0.09028364 -0.00315800 0.06137984
v 0.09032167 -0.00227790 0.08128291
v -0.08806346 0.01357420 0.05513477
v -0.08800212 0.01480331 0.07831758
v 0.07563085 -0.05210754 0.08010983
v 0.07562723 -0.05159612 0.09017705
v -0.06420890 0.05894859 0.03774344
v -0.06412236 0.06047800 0.07005888
v 0.06455525 -0.06575246 0.08533895
v 0.06455613 -0.06533225 0.09266030
v -0.05067460 0.07026140 0.03340286
v -0.06420890 0.05894859 0.03774344
v -0.06412236 0.06047800 0.07005888
v -0.05059938 0.07185860 0.06799703
v 0.05092652 -0.07704450 0.08966845
v 0.06455525 -0.06575246 0.08533895
v 0.06455613 -0.06533225 0.09266030
v 0.05093832 -0.07669623 0.09471631
v -0.03503017 0.07879920 0.03012830
v -0.03497140 0.08045051 0.06644243
v 0.03520484 -0.08552487 0.09291821
v 0.03523023 -0.08523406 0.09625965
v -0.01787893 0.08413249 0.02808618
v -0.01783423 0.08582130 0.06547224
v 0.00005832 0.08593450 0.02740347
v 0.00009680 0.08764639 0.06514799
v -0.05063401 0.02408549 -0.06316804
v -0.06433717 0.01619619 -0.05325204
v -0.06432329 0.03653450 -0.04017961
v -0.05077366 0.04633960 -0.05009919
v 0.06455393 -0.07548149 0.06575107
v 0.07563629 -0.06541678 0.05267632
v 0.07563568 -0.05932667 0.05663341
v 0.06455405 -0.07114275 0.06858271
v -0.07530133 0.00617430 -0.04023492
v -0.07528804 0.02476770 -0.02828294
v 0.08369924 -0.05408277 0.03795003
v 0.08369971 -0.04602011 0.04317373
v -0.08332078 -0.00517111 -0.02549618
v -0.08815435 -0.01727580 -0.00976986
v -0.08814452 -0.00276160 -0.00043952
v -0.08330766 0.01145080 -0.01481240
v 0.08859695 -0.04192277 0.02215582
v 0.09022726 -0.02935690 0.00584716
v 0.09023340 -0.01698481 0.01383358
v 0.08859999 -0.03174271 0.02873826
v -0.08975593 -0.02977270 0.00645167
v -0.08974985 -0.01743950 0.01438570
v 0.08848597 -0.01675580 -0.01051652
v 0.08849515 -0.00218800 -0.00112182
v -0.08801971 -0.04232110 0.02274477
v -0.08801738 -0.03217341 0.02927649
v 0.08349420 -0.00466760 -0.02620649
v 0.08350600 0.01201090 -0.01546174
v -0.08306912 -0.05434354 0.03835093
v -0.08307001 -0.04629590 0.04354035
v 0.07539542 0.00656779 -0.04078567
v 0.07540823 0.02520920 -0.02878654
v -0.07504252 -0.06553586 0.05286800
v -0.06405673 -0.07549455 0.06579315
v -0.06405840 -0.07114263 0.06862092
v -0.07504360 -0.05944546 0.05680841
v 0.06433923 0.01654620 -0.05373466
v 0.06421037 0.03585830 -0.04036206
v -0.05057226 -0.08374287 0.07649701
v -0.05057214 -0.08083375 0.07840394
v 0.05014892 0.02352341 -0.06392455
v 0.05076713 0.04662050 -0.05040276
v -0.05057226 -0.08374287 0.07649701
v -0.03499708 -0.08997704 0.08458548
v -0.03499482 -0.08815791 0.08579629
v -0.05057214 -0.08083375 0.07840394
v 0.00000387 -0.09523471 0.09141373
v 0.01795061 -0.09392543 0.08970904
v 0.01795669 -0.09279694 0.09047907
v 0.00000991 -0.09433241 0.09203702
v 0.05014892 0.02352341 -0.06392455
v 0.03509380 0.03099760 -0.07248800
v 0.03510220 0.05390760 -0.05776077
v 0.05076713 0.04662050 -0.05040276
v -0.01790742 -0.09388317 0.08965581
v -0.01790206 -0.09274639 0.09043037
v 0.01793964 0.03484960 -0.07748842
v 0.01794608 0.05843140 -0.06233084
v 0.00000129 0.03609879 -0.07910555
v -0.01794491 0.03478190 -0.07739853
v -0.01793776 0.05835290 -0.06224822
v 0.00000747 0.05990081 -0.06380879
v 0.03516723 -0.09006889 0.08470129
v 0.03517086 -0.08826794 0.08590227
v -0.03511737 0.03085029 -0.07229173
v -0.03510795 0.05373670 -0.05758130
v 0.05090876 -0.08381386 0.07657617
v 0.05091102 -0.08092501 0.07847625
v -0.05063401 0.02408549 -0.06316804
v -0.05077366 0.04633960 -0.05009919
v 0.05090876 -0.08381386 0.07657617
v 0.05091102 -0.08092501 0.07847625
v -0.05076162 0.06020850 -0.02814537
v -0.05057196 -0.07891019 0.08124989
v 0.05077763 0.06050999 -0.02840358
v -0.05057214 -0.08083375 0.07840394
v -0.03499482 -0.08815791 0.08579629
v 0.00000991 -0.09433241 0.09203702
v 0.01795669 -0.09279694 0.09047907
v 0.05076713 0.04662050 -0.05040276
v 0.03510220 0.05390760 -0.05776077
v -0.01790206 -0.09274639 0.09043037
v 0.01794608 0.05843140 -0.06233084
v 0.00000747 0.05990081 -0.06380879
v -0.01793776 0.05835290 -0.06224822
v 0.03517086 -0.08826794 0.08590227
v -0.03510795 0.05373670 -0.05758130
v 0.05091102 -0.08092501 0.07847625
v -0.05077366 0.04633960 -0.05009919
v 0.06455393 -0.07548149 0.06575107
v 0.06433923 0.01654620 -0.05373466
v -0.06405673 -0.07549455 0.06579315
v -0.06433717 0.01619619 -0.05325204
v 0.06455434 -0.06677117 0.07815909
v 0.08882726 0.01475440 0.12998460
v 0.00022801 -0.09213884 0.12998280
v -0.08793179 -0.01894780 0.12998280
v -0.02926503 -0.11433859 0.93095100
v -0.04234670 -0.11433859 0.92374051
v -0.04263125 -0.11433859 0.92415458
v -0.02946226 -0.11433859 0.93141317
v -0.01489536 -0.09084423 0.78831363
v -0.01489536 -0.08792652 0.78831363
v 0.00005501 -0.08792652 0.78676528
v 0.00005501 -0.09084423 0.78676528
v 0.02934379 -0.11433877 0.93112361
v 0.02934374 -0.09084447 0.93112361
v 0.01502592 -0.09084423 0.93552792
v 0.01502598 -0.11433859 0.93552792
v 0.06992443 -0.11434008 0.83385289
v 0.06992443 -0.09084536 0.83385289
v 0.07401020 -0.09084572 0.84776390
v 0.07401026 -0.11434008 0.84776390
v -0.02915905 -0.11433895 0.79277909
v -0.02915905 -0.09084513 0.79277903
v -0.01489530 -0.11433859 0.78831363
v 0.04241646 -0.11433859 0.92403311
v 0.04241640 -0.09084417 0.92403311
v 0.00005505 -0.11433859 0.78676528
v 0.01503636 -0.09084423 0.78826672
v 0.01503642 -0.11433859 0.78826672
v -0.04215745 -0.11433859 0.79990339
v -0.04215745 -0.09084423 0.79990327
v 0.05375225 -0.11433859 0.91460681
v 0.05375225 -0.09084417 0.91460681
v -0.06928287 -0.11433859 0.83350062
v -0.06928287 -0.09084417 0.83350062
v -0.06258259 -0.09084536 0.82071358
v -0.06258253 -0.11434008 0.82071382
v -0.05341122 -0.11434003 0.80933011
v -0.05341122 -0.09084530 0.80933011
v 0.06298108 -0.11433859 0.90320170
v 0.06298102 -0.09084417 0.90320170
v 0.05375225 -0.09084417 0.91460681
v 0.05375225 -0.11433859 0.91460681
v -0.06281225 -0.11433859 0.90271658
v -0.06281231 -0.09084417 0.90271658
v -0.06950627 -0.09084572 0.88973403
v -0.06950627 -0.11434008 0.88973403
v -0.05341122 -0.09084530 0.80933011
v -0.05341122 -0.11434003 0.80933011
v 0.06974245 -0.11433871 0.89036059
v 0.06974239 -0.09084447 0.89036059
v -0.07341842 -0.11434008 0.84724522
v -0.07341848 -0.09084566 0.84724522
v 0.07391174 -0.11433859 0.87654167
v 0.07391174 -0.09084417 0.87654167
v -0.07487128 -0.11433859 0.86159658
v -0.07487134 -0.09084417 0.86159658
v 0.07536824 -0.11433859 0.86212921
v 0.07536824 -0.09084417 0.86212921
v -0.07353792 -0.11433859 0.87588412
v -0.07353798 -0.09084417 0.87588412
v 0.06319488 -0.11433859 0.82088339
v 0.06319482 -0.09084423 0.82088339
v -0.05366061 -0.11433859 0.91418159
v -0.05366061 -0.09084417 0.91418159
v 0.05394329 -0.11433859 0.80936790
v 0.05394323 -0.09084423 0.80936790
v -0.04234670 -0.11433859 0.92374051
v -0.04234670 -0.09084417 0.92374051
v -0.05366061 -0.09084417 0.91418159
v -0.05366061 -0.11433859 0.91418159
v 0.04255171 -0.11433859 0.79983371
v 0.04255171 -0.09084423 0.79983371
v 0.05394323 -0.09084423 0.80936790
v 0.05394329 -0.11433859 0.80936790
v -0.02926503 -0.11433859 0.93095100
v -0.02926503 -0.09084417 0.93095088
v 0.02940924 -0.11433859 0.79267728
v 0.02940924 -0.09084423 0.79267728
v -0.01492862 -0.11433859 0.93544888
v -0.01492868 -0.09084417 0.93544888
v 0.00005272 -0.09084417 0.93695217
v 0.00005276 -0.11433859 0.93695217
v -0.05321656 0.05035730 0.77323627
v -0.05321656 0.05035730 0.77659762
v -0.04196225 0.05978830 0.77659869
v -0.04196225 0.05978830 0.77323741
v 0.06317617 -0.04355593 0.77323753
v 0.06317617 -0.04355593 0.77659869
v 0.05394782 -0.05496600 0.77659869
v 0.05394782 -0.05496600 0.77323753
v -0.06261716 -0.04307057 0.77323753
v -0.06261716 -0.04307057 0.77659869
v -0.06931112 -0.03008230 0.77659720
v -0.06931112 -0.03008230 0.77323592
v -0.06238745 0.03896870 0.77323627
v -0.06238745 0.03896870 0.77659750
v -0.05321656 0.05035730 0.77659762
v -0.05321656 0.05035730 0.77323627
v 0.06993749 -0.03070911 0.77323723
v 0.06993749 -0.03070911 0.77659851
v -0.07322333 0.01242539 0.77323598
v -0.07322333 0.01242539 0.77659732
v -0.06908772 0.02617610 0.77659869
v -0.06908772 0.02617610 0.77323741
v 0.07410682 -0.01688420 0.77323741
v 0.07410682 -0.01688420 0.77659869
v -0.07467619 -0.00193231 0.77323741
v -0.07467619 -0.00193231 0.77659869
v 0.07556332 -0.00246510 0.77323741
v 0.07556332 -0.00246510 0.77659869
v -0.07334283 -0.01622620 0.77323741
v -0.07334283 -0.01622620 0.77659869
v 0.07420535 0.01190650 0.77323592
v 0.07420535 0.01190650 0.77659720
v 0.06338997 0.03879890 0.77323741
v 0.06338997 0.03879890 0.77659869
v 0.07011951 0.02582359 0.77659750
v 0.07011951 0.02582359 0.77323622
v -0.05346541 -0.05454059 0.77323753
v -0.05346541 -0.05454059 0.77659869
v 0.05413808 0.05031940 0.77323741
v 0.05413808 0.05031940 0.77659869
v -0.04215173 -0.06410380 0.77323753
v -0.04215173 -0.06410380 0.77659869
v -0.05346541 -0.05454059 0.77659869
v -0.05346541 -0.05454059 0.77323753
v 0.04274650 0.05985799 0.77323741
v 0.04274650 0.05985799 0.77659869
v 0.05413808 0.05031940 0.77659869
v 0.05413808 0.05031940 0.77323741
v -0.02907030 -0.07131745 0.77323753
v -0.02907030 -0.07131745 0.77659869
v 0.02960433 0.06701750 0.77323741
v 0.02960433 0.06701750 0.77659869
v -0.01473306 -0.07581730 0.77323753
v -0.01473306 -0.07581730 0.77659869
v 0.01523102 0.07143010 0.77323741
v 0.01523102 0.07143010 0.77659869
v 0.01522155 -0.07589646 0.77323741
v 0.01522155 -0.07589646 0.77659857
v 0.00024785 -0.07732190 0.77659869
v 0.00024785 -0.07732190 0.77323753
v -0.01469986 0.07138310 0.77323741
v -0.01469986 0.07138310 0.77659869
v 0.00025014 0.07293209 0.77659869
v 0.00025014 0.07293209 0.77323741
v 0.02953936 -0.07149042 0.77323723
v 0.02953936 -0.07149042 0.77659827
v -0.02896349 0.06691569 0.77323699
v -0.02896349 0.06691569 0.77659822
v 0.04261203 -0.06439646 0.77323753
v 0.04261203 -0.06439646 0.77659869
v 0.05394782 -0.05496600 0.77323753
v 0.05394782 -0.05496600 0.77659869
v 0.06974239 -0.08792652 0.89036059
v 0.06974239 -0.06508365 0.89025778
v 0.06298102 -0.06276168 0.90309072
v 0.06298102 -0.08792652 0.90320170
v 0.02934374 -0.08792652 0.93112361
v 0.01502592 -0.08792652 0.93552792
v 0.06992443 -0.08792730 0.83385289
v 0.07401020 -0.08792807 0.84776390
v -0.02915905 -0.08792664 0.79277903
v 0.04241640 -0.08792652 0.92403311
v 0.01503636 -0.08792652 0.78826672
v -0.04215745 -0.08792652 0.79990327
v 0.05375225 -0.08792652 0.91460681
v -0.06928287 -0.08792652 0.83350062
v -0.06258259 -0.08792730 0.82071358
v -0.05341122 -0.08792724 0.80933011
v 0.05375225 -0.08792652 0.91460681
v -0.06281231 -0.08792652 0.90271658
v -0.06950627 -0.08792807 0.88973403
v -0.05341122 -0.08792724 0.80933011
v -0.07341848 -0.08792807 0.84724522
v 0.07391174 -0.08792652 0.87654167
v -0.07487134 -0.08792652 0.86159658
v 0.07536824 -0.08792652 0.86212921
v -0.07353798 -0.08792652 0.87588412
v 0.06319482 -0.08792652 0.82088339
v -0.05366061 -0.08792652 0.91418159
v 0.05394323 -0.08792652 0.80936790
v -0.04234670 -0.08792652 0.92374051
v -0.05366061 -0.08792652 0.91418159
v 0.04255171 -0.08792652 0.79983371
v 0.05394323 -0.08792652 0.80936790
v -0.02926503 -0.08792652 0.93095088
v 0.02940924 -0.08792652 0.79267728
v -0.01492868 -0.08792652 0.93544888
v 0.00005272 -0.08792652 0.93695217
v 0.07401038 -0.05925025 0.84726048
v 0.07401056 -0.04597439 0.84613663
v 0.07536889 -0.03779348 0.86030078
v 0.07536853 -0.05383785 0.86158001
v -0.07341848 -0.07288046 0.84717011
v -0.06928287 -0.07536389 0.83343399
v 0.07391168 -0.06758191 0.87644780
v -0.07487134 -0.07028432 0.86151212
v 0.07536818 -0.07018788 0.86204422
v -0.07353792 -0.06770076 0.87579048
v 0.07401020 -0.07278700 0.84768862
v -0.06950627 -0.06519814 0.88963199
v 0.06319482 -0.07764514 0.82082480
v 0.06992443 -0.07530172 0.83378607
v -0.05366061 -0.06077643 0.91406357
v -0.06281231 -0.06284937 0.90260589
v 0.05394323 -0.07972719 0.80931681
v -0.04234670 -0.05904813 0.92361641
v -0.05366061 -0.06077643 0.91406357
v 0.04255171 -0.08145131 0.79978848
v 0.05394323 -0.07972719 0.80931681
v -0.02926503 -0.05774446 0.93082231
v 0.02940924 -0.08274491 0.79263681
v -0.01492868 -0.05693122 0.93531728
v 0.01503636 -0.08354236 0.78822893
v 0.01502592 -0.05691697 0.93539637
v 0.00005272 -0.05665942 0.93681967
v -0.01489536 -0.08353390 0.78827578
v 0.00005501 -0.08381380 0.78672850
v 0.02934374 -0.05771353 0.93099493
v -0.02915905 -0.08272697 0.79273838
v 0.04241640 -0.05899526 0.92390871
v -0.04215745 -0.08143844 0.79985809
v 0.05375225 -0.06069954 0.91448838
v -0.06258259 -0.07767697 0.82065541
v -0.05341122 -0.07973560 0.80927908
v 0.05375225 -0.06069954 0.91448838
v -0.05341122 -0.07973560 0.80927908
v 0.04255654 -0.06636717 0.79399872
v 0.04255803 -0.06543328 0.79114830
v 0.05394359 -0.05614628 0.79663002
v 0.05394359 -0.05743732 0.80102921
v -0.06950549 -0.04343964 0.88909870
v -0.06950478 -0.02207300 0.88752192
v -0.07353679 -0.02995690 0.87386388
v -0.07353739 -0.04865457 0.87529171
v 0.06319482 -0.06937285 0.82046390
v 0.06319476 -0.06127699 0.81962979
v 0.06992448 -0.05389424 0.83241922
v 0.06992443 -0.06448932 0.83339310
v -0.05365978 -0.03423049 0.91346872
v -0.05365852 -0.00815290 0.91162783
v -0.06281076 -0.01468040 0.90032262
v -0.06281153 -0.03854861 0.90203989
v 0.05394323 -0.07371004 0.80898458
v 0.05394323 -0.06783314 0.80827481
v -0.04234616 -0.03063037 0.92299771
v -0.04234515 -0.00271080 0.92105353
v -0.05365852 -0.00815290 0.91162783
v -0.05365978 -0.03423049 0.91346872
v 0.04255177 -0.07730092 0.79948032
v 0.04255195 -0.07326182 0.79887342
v 0.05394323 -0.06783314 0.80827481
v 0.05394323 -0.07371004 0.80898458
v -0.02926485 -0.02791460 0.93018538
v -0.02912782 0.00103150 0.92709887
v 0.02940948 -0.07999642 0.79234660
v 0.02940972 -0.07733567 0.79181677
v -0.01492778 -0.02622060 0.93466908
v -0.01492755 0.00395490 0.93259859
v 0.01503642 -0.08165784 0.78794968
v 0.01503653 -0.07984717 0.78746760
v 0.01502676 -0.02619090 0.93474811
v 0.01502718 0.00399990 0.93267667
v 0.00005344 0.00481120 0.93408120
v 0.00005308 -0.02565430 0.93616778
v -0.01489458 -0.08163978 0.78799647
v -0.01489435 -0.07982005 0.78751391
v 0.00005571 -0.08070197 0.78598708
v 0.00005536 -0.08222319 0.78645313
v 0.02934469 -0.02785010 0.93035769
v 0.02934517 0.00149199 0.92833388
v -0.02915893 -0.07995875 0.79244810
v -0.02915875 -0.07727821 0.79191732
v 0.04241748 -0.03052064 0.92328918
v 0.04241784 -0.00254521 0.92134190
v -0.04215745 -0.07727422 0.79954982
v -0.04215745 -0.07322116 0.79894209
v 0.05375339 -0.03407134 0.91389281
v 0.05375363 -0.00791280 0.91204721
v -0.06928293 -0.06461872 0.83304161
v -0.06928299 -0.05408944 0.83207119
v -0.06258271 -0.06137200 0.81946301
v -0.06258259 -0.06943704 0.82029510
v -0.05341128 -0.07372476 0.80894732
v -0.05341188 -0.06785406 0.80823821
v 0.06298174 -0.03836729 0.90252340
v 0.06298251 -0.01440700 0.90080100
v 0.05375363 -0.00791280 0.91204721
v 0.05375339 -0.03407134 0.91389281
v -0.05341188 -0.06785406 0.80823821
v -0.05341128 -0.07372476 0.80894732
v 0.06974306 -0.04320450 0.88972282
v 0.06974376 -0.02171920 0.88813889
v -0.07341830 -0.05944301 0.84674352
v -0.07341817 -0.04626461 0.84562510
v 0.07391221 -0.04840942 0.87594718
v 0.07391275 -0.02958750 0.87451237
v -0.07487092 -0.05403622 0.86104912
v -0.07487063 -0.03809215 0.85977560
v -0.01485149 -0.07611789 0.78265601
v -0.01482503 -0.07590474 0.78073537
v 0.00013863 -0.07743331 0.78045672
v 0.00010726 -0.07764073 0.78206909
v -0.02924065 0.05660179 0.89068371
v -0.02923278 0.06248680 0.86653417
v -0.04230527 0.05546400 0.86238867
v -0.04231499 0.04984890 0.88536680
v 0.02941991 -0.07307180 0.78872162
v 0.02942331 -0.07240583 0.78703368
v 0.04255803 -0.06543328 0.79114830
v 0.04255654 -0.06636717 0.79399872
v -0.01490943 0.06081630 0.89400041
v -0.01490346 0.06687030 0.86912042
v 0.01505150 -0.07720723 0.78546929
v 0.01505597 -0.07670756 0.78449768
v 0.01504321 0.06088720 0.89405882
v 0.01504846 0.06694330 0.86916590
v 0.00007409 0.06834240 0.86998481
v 0.00006893 0.06223060 0.89510912
v -0.01488207 -0.07715948 0.78550392
v -0.01487778 -0.07665773 0.78452480
v 0.00007588 -0.07816293 0.78363460
v 0.00007084 -0.07860686 0.78436220
v 0.02936555 0.05675630 0.89081132
v 0.02937241 0.06264609 0.86663377
v 0.06992550 -0.03450175 0.81908512
v 0.06992580 -0.03229244 0.81070852
v 0.07402069 -0.01873430 0.81870711
v 0.07401813 -0.02146630 0.82934338
v -0.02915178 -0.07296939 0.78879702
v -0.02914897 -0.07229849 0.78709251
v 0.04244352 0.05010059 0.88558251
v 0.04245253 0.05572119 0.86255682
v -0.04215674 -0.06627925 0.79404998
v -0.04215674 -0.06533726 0.79118818
v 0.05375965 0.04104550 0.87866801
v 0.05379434 0.04651250 0.85713720
v -0.06928519 -0.03473188 0.81882429
v -0.06928597 -0.03251209 0.81050497
v -0.06258629 -0.04501082 0.80315417
v -0.06258539 -0.04674359 0.80939639
v -0.05341564 -0.05742665 0.80100232
v -0.05341713 -0.05612554 0.79660922
v 0.06301458 0.03054389 0.87022161
v 0.06302531 0.03537309 0.85057992
v 0.05379434 0.04651250 0.85713720
v 0.05375965 0.04104550 0.87866801
v -0.06277744 0.03015541 0.86986381
v -0.06276635 0.03498229 0.85030079
v -0.06946097 0.02234180 0.84283781
v -0.06947193 0.01799980 0.86029202
v -0.05341713 -0.05612554 0.79660922
v -0.05341564 -0.05742665 0.80100232
v 0.06977333 0.01848900 0.86075282
v 0.06978322 0.02283050 0.84319699
v -0.07341228 -0.02183330 0.82896090
v -0.07341031 -0.01909200 0.81840891
v 0.07393582 0.00552119 0.85056251
v 0.07394345 0.00933900 0.83525151
v -0.07485531 -0.00838080 0.83954233
v -0.07485018 -0.00509980 0.82665902
v 0.07538421 -0.00798940 0.83993500
v 0.07538928 -0.00471440 0.82696509
v -0.07351212 0.00502379 0.85007763
v -0.07350389 0.00884540 0.83487332
v 0.06319327 -0.04664996 0.80952060
v 0.06319280 -0.04492708 0.80325079
v -0.05362371 0.04089840 0.87831801
v -0.05361257 0.04615590 0.85689259
v -0.05361257 0.04615590 0.85689259
v -0.05362371 0.04089840 0.87831801
v -0.05343501 -0.05477663 0.78451908
v -0.06259755 -0.04335697 0.78656822
v 0.02941461 0.06551830 0.83678871
v 0.02945681 0.06688669 0.80644190
v 0.01511485 0.07129380 0.80723453
v 0.01508160 0.06988859 0.83845812
v 0.06992794 -0.03107937 0.79991841
v 0.06993009 -0.03056719 0.78893322
v 0.07405211 -0.01669750 0.79143751
v 0.07403637 -0.01730821 0.80519181
v -0.02913503 -0.07168021 0.78434902
v -0.02912031 -0.07142486 0.78153938
v 0.04250629 0.05846660 0.83410090
v 0.04255958 0.05976690 0.80516541
v 0.01511629 -0.07596632 0.78072691
v 0.01508613 -0.07617368 0.78263831
v -0.04215542 -0.06458851 0.78704917
v -0.04215501 -0.06426211 0.78282171
v 0.05385716 0.04908600 0.83052778
v 0.05391951 0.05029249 0.80346859
v -0.06929056 -0.03114726 0.79978383
v -0.06929515 -0.03048267 0.78886861
v -0.06259194 -0.04388668 0.79493809
v -0.05342619 -0.05520089 0.79062313
v -0.05343501 -0.05477663 0.78451908
v 0.06309183 0.03774209 0.82620472
v 0.06315834 0.03883830 0.80141568
v 0.05391951 0.05029249 0.80346859
v 0.05385716 0.04908600 0.83052778
v -0.06269721 0.03744900 0.82602048
v -0.06262807 0.03864530 0.80132782
v -0.06932477 0.02574989 0.79899228
v -0.06939290 0.02462780 0.82110071
v -0.05342619 -0.05520089 0.79062313
v 0.06984455 0.02496870 0.82133698
v 0.06990595 0.02594011 0.79910392
v -0.07339797 -0.01748480 0.80499518
v -0.07338563 -0.01669140 0.79134411
v 0.07399125 0.01123589 0.81609869
v 0.07403905 0.01208019 0.79661620
v -0.07481841 -0.00326811 0.81043410
v -0.07478670 -0.00236849 0.79392660
v 0.07542105 -0.00304571 0.81063592
v 0.07545282 -0.00231110 0.79402250
v -0.07345269 0.01092140 0.81584942
v -0.07340154 0.01194730 0.79649782
v 0.06318976 -0.04390593 0.79500180
v 0.06318672 -0.04347910 0.78659821
v -0.05354033 0.04879721 0.83036637
v -0.05346809 0.05007389 0.80339158
v 0.05394448 -0.05529596 0.79063672
v 0.05394514 -0.05494513 0.78452528
v -0.04224263 0.05824050 0.83398992
v -0.04218010 0.05957380 0.80511272
v -0.05346809 0.05007389 0.80339158
v -0.05354033 0.04879721 0.83036637
v 0.04256804 -0.06472160 0.78702271
v 0.04257764 -0.06443115 0.78280902
v 0.05394514 -0.05494513 0.78452528
v 0.05394448 -0.05529596 0.79063672
v -0.02918361 0.06536750 0.83672303
v -0.02913467 0.06674580 0.80641037
v 0.02944447 -0.07180102 0.78430998
v 0.02946563 -0.07155825 0.78152072
v -0.01486675 0.06981939 0.83842802
v -0.01482956 0.07122900 0.80722022
v 0.00013833 0.07275249 0.80749100
v 0.00010621 0.07132350 0.83899802
v -0.04220877 0.01969559 0.91460180
v -0.04232536 0.03827199 0.90369260
v -0.05363576 0.03008720 0.89541268
v -0.05364738 0.01311000 0.90632451
v 0.05394335 -0.06341715 0.80698752
v 0.05394347 -0.05979546 0.80462390
v 0.06319381 -0.04993208 0.81459850
v 0.06319429 -0.05501577 0.81790131
v -0.06278853 0.02026500 0.88548172
v -0.06279967 0.00474429 0.89545852
v 0.06992514 -0.03882458 0.82583338
v 0.06992478 -0.04555478 0.83019382
v -0.06949380 -0.00472610 0.88315541
v -0.06948290 0.00914879 0.87423772
v -0.07352034 -0.00271490 0.86223960
v -0.07352857 -0.01483040 0.87002802
v 0.07401312 -0.03540428 0.84337831
v 0.07401564 -0.02690660 0.83788341
v 0.07537908 -0.01458750 0.85032523
v 0.07537403 -0.02491500 0.85699189
v -0.07486037 -0.01496710 0.84986401
v -0.07486549 -0.02526210 0.85648698
v 0.07392814 -0.00223610 0.86280918
v 0.07392044 -0.01439640 0.87065130
v -0.07341425 -0.02726610 0.83743411
v -0.07341621 -0.03573682 0.84288669
v 0.06976349 0.00961640 0.87477922
v 0.06975361 -0.00430579 0.88374829
v -0.06928448 -0.03905471 0.82552731
v -0.06928370 -0.04577239 0.82985932
v 0.06300392 0.02063350 0.88590211
v 0.06299318 0.00507280 0.89591843
v -0.06258360 -0.05511512 0.81774122
v -0.06258450 -0.05003126 0.81445229
v -0.05341420 -0.05979534 0.80459189
v -0.05341283 -0.06342765 0.80695242
v 0.05365659 0.02952279 0.89556479
v 0.05376418 0.01340230 0.90672761
v -0.04215674 -0.06788488 0.79642558
v -0.04215679 -0.07031299 0.79801738
v 0.04243536 0.03850640 0.90394610
v 0.04191883 0.01922640 0.91523331
v -0.04215679 -0.07031299 0.79801738
v -0.04215674 -0.06788488 0.79642558
v -0.02915410 -0.07399912 0.79025501
v -0.02915643 -0.07551731 0.79126561
v 0.00006075 -0.07990600 0.78556591
v 0.00006580 -0.07915248 0.78504550
v 0.01504673 -0.07787104 0.78634608
v 0.01504184 -0.07881309 0.78698891
v 0.04191883 0.01922640 0.91523331
v 0.04243536 0.03850640 0.90394610
v 0.02935876 0.04458930 0.91008812
v 0.02935196 0.02546540 0.92238152
v -0.01488630 -0.07782848 0.78638673
v -0.01489005 -0.07877805 0.78703332
v 0.01503785 0.04836550 0.91390288
v 0.01503200 0.02868070 0.92655551
v 0.00005860 0.02972350 0.92790538
v 0.00006376 0.04959209 0.91513658
v -0.01491545 0.04830000 0.91383427
v -0.01492153 0.02862430 0.92648041
v 0.02941610 -0.07409104 0.79016638
v 0.02941306 -0.07559420 0.79116893
v -0.02924846 0.04444660 0.90993822
v -0.02925597 0.02534240 0.92221761
v 0.04255505 -0.06796111 0.79636532
v 0.04255350 -0.07037254 0.79795140
v -0.04232536 0.03827199 0.90369260
v -0.04220877 0.01969559 0.91460180
v 0.04255350 -0.07037254 0.79795140
v 0.04255505 -0.06796111 0.79636532
v -0.04231499 0.04984890 0.88536680
v -0.04215674 -0.06627925 0.79404998
v 0.04244352 0.05010059 0.88558251
v -0.04215674 -0.06788488 0.79642558
v -0.02915410 -0.07399912 0.79025501
v 0.00006580 -0.07915248 0.78504550
v 0.01504673 -0.07787104 0.78634608
v 0.04243536 0.03850640 0.90394610
v 0.02935876 0.04458930 0.91008812
v -0.01488630 -0.07782848 0.78638673
v 0.01503785 0.04836550 0.91390288
v 0.00006376 0.04959209 0.91513658
v -0.01491545 0.04830000 0.91383427
v 0.02941610 -0.07409104 0.79016638
v -0.02924846 0.04444660 0.90993822
v 0.04255505 -0.06796111 0.79636532
v -0.04232536 0.03827199 0.90369260
v 0.05394335 -0.06341715 0.80698752
v 0.05376418 0.01340230 0.90672761
v -0.05341283 -0.06342765 0.80695242
v -0.05364738 0.01311000 0.90632451
v 0.05394359 -0.05614628 0.79663002
v 0.01512552 -0.11433859 0.93602091
v 0.00005209 -0.11433859 0.93745470
v 0.00005209 -0.11683859 0.93745470
v 0.01512552 -0.11683865 0.93602091
v 0.02940924 -0.11433859 0.79267728
v 0.04255171 -0.11433859 0.79983371
v 0.04283543 -0.11433859 0.79941851
v 0.02960457 -0.11433859 0.79221427
v -0.01492862 -0.11433859 0.93544888
v -0.01502953 -0.11433859 0.93594122
v 0.01503642 -0.11433859 0.78826672
v 0.01513590 -0.11433859 0.78777409
v 0.01502598 -0.11433859 0.93552792
v 0.00005276 -0.11433859 0.93695217
v 0.00005209 -0.11433859 0.93745470
v 0.01512552 -0.11433859 0.93602091
v -0.01489530 -0.11433859 0.78831363
v 0.00005505 -0.11433859 0.78676528
v 0.00005439 -0.11433859 0.78626281
v -0.01499555 -0.11433859 0.78782141
v 0.02934379 -0.11433877 0.93112361
v 0.02953960 -0.11433877 0.93158710
v 0.06992443 -0.11434008 0.83385289
v 0.07401026 -0.11434008 0.84776390
v 0.07450451 -0.11434008 0.84766948
v 0.07039137 -0.11434008 0.83366537
v -0.02915905 -0.11433895 0.79277909
v -0.02935515 -0.11433895 0.79231668
v 0.04241646 -0.11433859 0.92403311
v 0.04269977 -0.11433859 0.92444903
v -0.04215745 -0.11433859 0.79990339
v -0.04244016 -0.11433859 0.79948872
v 0.05375225 -0.11433859 0.91460681
v 0.05411096 -0.11433859 0.91495973
v -0.06928287 -0.11433859 0.83350062
v -0.06258253 -0.11434008 0.82071382
v -0.06300233 -0.11434008 0.82043833
v -0.06974749 -0.11433859 0.83331072
v -0.05341122 -0.11434003 0.80933011
v -0.05376993 -0.11434003 0.80897862
v 0.06298108 -0.11433859 0.90320170
v 0.06340147 -0.11433859 0.90347838
v -0.06281225 -0.11433859 0.90271658
v -0.06950627 -0.11434008 0.88973403
v -0.06997237 -0.11434008 0.88992047
v -0.06323359 -0.11433859 0.90298998
v 0.06974245 -0.11433871 0.89036059
v 0.07020808 -0.11433871 0.89055133
v -0.07341842 -0.11434008 0.84724522
v -0.06928287 -0.11433859 0.83350062
v -0.06974749 -0.11433859 0.83331072
v -0.07391075 -0.11434008 0.84714741
v 0.07391174 -0.11433859 0.87654167
v 0.06974245 -0.11433871 0.89036059
v 0.07020808 -0.11433871 0.89055133
v 0.07440532 -0.11433859 0.87663990
v -0.07487128 -0.11433859 0.86159658
v -0.07537333 -0.11433859 0.86159468
v 0.07536824 -0.11433859 0.86212921
v 0.07587155 -0.11433859 0.86213088
v -0.07353792 -0.11433859 0.87588412
v -0.07487128 -0.11433859 0.86159658
v -0.07537333 -0.11433859 0.86159468
v -0.07403103 -0.11433859 0.87597787
v 0.06319488 -0.11433859 0.82088339
v 0.06361676 -0.11433859 0.82060921
v -0.05366061 -0.11433859 0.91418159
v -0.06281225 -0.11433859 0.90271658
v -0.06323359 -0.11433859 0.90298998
v -0.05402021 -0.11433859 0.91453159
v 0.05394329 -0.11433859 0.80936790
v 0.05430324 -0.11433859 0.80901670
v 0.05394329 -0.11433859 0.80936790
v 0.05430324 -0.11433859 0.80901670
v 0.05411096 -0.11683859 0.91495973
v 0.04269977 -0.11683859 0.92444903
v 0.04192747 -0.11683859 0.92331320
v 0.05313195 -0.11683859 0.91399610
v -0.01502953 -0.11433859 0.93594122
v -0.01502953 -0.11683859 0.93594122
v -0.01499555 -0.11433859 0.78782141
v 0.00005439 -0.11433859 0.78626281
v 0.00005439 -0.11683859 0.78626281
v -0.01499555 -0.11683859 0.78782141
v 0.02953960 -0.11433877 0.93158710
v 0.02953960 -0.11683883 0.93158710
v 0.07039137 -0.11434008 0.83366537
v 0.07450451 -0.11434008 0.84766948
v 0.07450451 -0.11684014 0.84766948
v 0.07039137 -0.11683972 0.83366537
v -0.02935515 -0.11433895 0.79231668
v -0.02935515 -0.11683955 0.79231668
v 0.04269977 -0.11433859 0.92444903
v 0.04269977 -0.11683859 0.92444903
v 0.01513590 -0.11433859 0.78777409
v 0.01513590 -0.11683859 0.78777409
v -0.04244016 -0.11433859 0.79948872
v -0.04244016 -0.11683859 0.79948872
v 0.05411096 -0.11433859 0.91495973
v 0.05411096 -0.11683859 0.91495973
v -0.06974749 -0.11433859 0.83331072
v -0.06300233 -0.11434008 0.82043833
v -0.06300233 -0.11683972 0.82043833
v -0.06974749 -0.11683859 0.83331072
v -0.05376993 -0.11434003 0.80897862
v -0.05376993 -0.11683972 0.80897862
v 0.06340147 -0.11433859 0.90347838
v 0.05411096 -0.11433859 0.91495973
v 0.05411096 -0.11683859 0.91495973
v 0.06340147 -0.11683859 0.90347838
v -0.06323359 -0.11433859 0.90298998
v -0.06997237 -0.11434008 0.88992047
v -0.06997237 -0.11684014 0.88992047
v -0.06323359 -0.11683859 0.90298998
v -0.05376993 -0.11434003 0.80897862
v -0.05376993 -0.11683972 0.80897862
v 0.07020808 -0.11433871 0.89055133
v 0.07020808 -0.11683883 0.89055133
v -0.07391075 -0.11434008 0.84714741
v -0.07391075 -0.11684002 0.84714741
v 0.07440532 -0.11433859 0.87663990
v 0.07440532 -0.11683859 0.87663990
v -0.07537333 -0.11433859 0.86159468
v -0.07537333 -0.11683859 0.86159468
v 0.07587155 -0.11433859 0.86213088
v 0.07587155 -0.11683859 0.86213088
v -0.07403103 -0.11433859 0.87597787
v -0.07403103 -0.11683859 0.87597787
v 0.06361676 -0.11433859 0.82060921
v 0.06361676 -0.11683859 0.82060921
v -0.05402021 -0.11433859 0.91453159
v -0.05402021 -0.11683859 0.91453159
v 0.05430324 -0.11433859 0.80901670
v 0.05430324 -0.11683859 0.80901670
v -0.04263125 -0.11433859 0.92415458
v -0.05402021 -0.11433859 0.91453159
v -0.05402021 -0.11683859 0.91453159
v -0.04263125 -0.11683859 0.92415458
v 0.04283543 -0.11433859 0.79941851
v 0.05430324 -0.11433859 0.80901670
v 0.05430324 -0.11683859 0.80901670
v 0.04283543 -0.11683859 0.79941851
v -0.02946226 -0.11433859 0.93141317
v -0.02946226 -0.11683859 0.93141317
v 0.02960457 -0.11433859 0.79221427
v 0.02960457 -0.11683859 0.79221427
v 0.07305748 -0.11683859 0.87637192
v 0.06893643 -0.11683883 0.89003062
v 0.06893643 -0.11713882 0.89003062
v 0.07305748 -0.11713858 0.87637192
v -0.06974749 -0.11683859 0.83331072
v -0.06300233 -0.11683972 0.82043833
v -0.06185547 -0.11683972 0.82119042
v -0.06847862 -0.11683859 0.83382928
v -0.05376993 -0.11683972 0.80897862
v -0.04244016 -0.11683859 0.79948872
v -0.04166690 -0.11683859 0.80062097
v -0.05279128 -0.11683972 0.80993873
v 0.06340147 -0.11683859 0.90347838
v 0.06225337 -0.11683859 0.90272307
v -0.06323359 -0.11683859 0.90298998
v -0.06997237 -0.11684014 0.88992047
v -0.06869946 -0.11684008 0.88941127
v -0.06208293 -0.11683859 0.90224349
v 0.07020808 -0.11683883 0.89055133
v 0.06893643 -0.11683883 0.89003062
v -0.07391075 -0.11684002 0.84714741
v -0.07256636 -0.11684002 0.84741461
v 0.07440532 -0.11683859 0.87663990
v 0.07305748 -0.11683859 0.87637192
v -0.07537333 -0.11683859 0.86159468
v -0.07400236 -0.11683859 0.86159980
v 0.07587155 -0.11683859 0.86213088
v 0.07449711 -0.11683859 0.86212611
v -0.07403103 -0.11683859 0.87597787
v -0.07268445 -0.11683859 0.87572181
v 0.07450451 -0.11684014 0.84766948
v 0.07315488 -0.11684008 0.84792727
v 0.06361676 -0.11683859 0.82060921
v 0.07039137 -0.11683972 0.83366537
v 0.06911636 -0.11683972 0.83417737
v 0.06246467 -0.11683859 0.82135820
v -0.05402021 -0.11683859 0.91453159
v -0.05303721 -0.11683859 0.91357583
v 0.05430324 -0.11683859 0.80901670
v 0.05332030 -0.11683859 0.80997610
v -0.04263125 -0.11683859 0.92415458
v -0.05402021 -0.11683859 0.91453159
v -0.05303721 -0.11683859 0.91357583
v -0.04185460 -0.11683859 0.92302412
v 0.04283543 -0.11683859 0.79941851
v 0.05430324 -0.11683859 0.80901670
v 0.05332030 -0.11683859 0.80997610
v 0.04206051 -0.11683859 0.80055213
v -0.02946226 -0.11683859 0.93141317
v -0.02892433 -0.11683859 0.93015093
v 0.02960457 -0.11683859 0.79221427
v 0.02907039 -0.11683859 0.79347873
v -0.01502953 -0.11683859 0.93594122
v -0.01475398 -0.11683859 0.93459672
v 0.01513590 -0.11683859 0.78777409
v 0.01486398 -0.11683859 0.78911912
v 0.01512552 -0.11683865 0.93602091
v 0.00005209 -0.11683859 0.93745470
v 0.00005392 -0.11683859 0.93608272
v 0.01485397 -0.11683865 0.93467492
v -0.01502953 -0.11683859 0.93594122
v -0.01475398 -0.11683859 0.93459672
v -0.01499555 -0.11683859 0.78782141
v 0.00005439 -0.11683859 0.78626281
v 0.00005618 -0.11683859 0.78763521
v -0.01472102 -0.11683859 0.78916562
v 0.02953960 -0.11683883 0.93158710
v 0.01512552 -0.11683865 0.93602091
v 0.01485397 -0.11683865 0.93467492
v 0.02900602 -0.11683883 0.93032157
v -0.02935515 -0.11683955 0.79231668
v -0.01499555 -0.11683859 0.78782141
v -0.01472102 -0.11683859 0.78916562
v -0.02881954 -0.11683955 0.79357922
v -0.07400236 -0.11683859 0.86159980
v -0.07256636 -0.11684002 0.84741461
v -0.07256636 -0.11714007 0.84741461
v -0.07400236 -0.11713858 0.86159980
v 0.07449711 -0.11683859 0.86212611
v 0.07449711 -0.11713858 0.86212611
v -0.07268445 -0.11683859 0.87572181
v -0.07268445 -0.11713858 0.87572181
v 0.07315488 -0.11684008 0.84792727
v 0.07315488 -0.11714013 0.84792727
v -0.06869946 -0.11684008 0.88941127
v -0.06869946 -0.11714013 0.88941127
v 0.06246467 -0.11683859 0.82135820
v 0.06911636 -0.11683972 0.83417737
v 0.06911636 -0.11713977 0.83417737
v 0.06246467 -0.11713858 0.82135820
v -0.05303721 -0.11683859 0.91357583
v -0.06208293 -0.11683859 0.90224349
v -0.06208293 -0.11713858 0.90224349
v -0.05303721 -0.11713858 0.91357583
v 0.05332030 -0.11683859 0.80997610
v 0.05332030 -0.11713858 0.80997610
v -0.04185460 -0.11683859 0.92302412
v -0.05303721 -0.11683859 0.91357583
v -0.05303721 -0.11713858 0.91357583
v -0.04185460 -0.11713858 0.92302412
v 0.04206051 -0.11683859 0.80055213
v 0.05332030 -0.11683859 0.80997610
v 0.05332030 -0.11713858 0.80997610
v 0.04206051 -0.11713858 0.80055213
v -0.02892433 -0.11683859 0.93015093
v -0.02892433 -0.11713858 0.93015093
v 0.02907039 -0.11683859 0.79347873
v 0.02907039 -0.11713858 0.79347873
v -0.01475398 -0.11683859 0.93459672
v -0.01475398 -0.11713858 0.93459672
v 0.01486398 -0.11683859 0.78911912
v 0.01486398 -0.11713858 0.78911912
v 0.01485397 -0.11683865 0.93467492
v 0.00005392 -0.11683859 0.93608272
v 0.00005392 -0.11713858 0.93608272
v 0.01485397 -0.11713864 0.93467492
v -0.01472102 -0.11683859 0.78916562
v 0.00005618 -0.11683859 0.78763521
v 0.00005618 -0.11713858 0.78763521
v -0.01472102 -0.11713858 0.78916562
v 0.02900602 -0.11683883 0.93032157
v 0.02900602 -0.11713888 0.93032157
v -0.02881954 -0.11683955 0.79357922
v -0.02881954 -0.11713954 0.79357922
v 0.04192747 -0.11683859 0.92331320
v 0.04192747 -0.11713858 0.92331320
v -0.04166690 -0.11683859 0.80062097
v -0.04166690 -0.11713858 0.80062097
v 0.05313195 -0.11683859 0.91399610
v 0.05313195 -0.11713858 0.91399610
v -0.06847862 -0.11683859 0.83382928
v -0.06185547 -0.11683972 0.82119042
v -0.06185547 -0.11713971 0.82119042
v -0.06847862 -0.11713858 0.83382928
v -0.05279128 -0.11683972 0.80993873
v -0.05279128 -0.11713971 0.80993873
v 0.06225337 -0.11683859 0.90272307
v 0.05313195 -0.11683859 0.91399610
v 0.05313195 -0.11713858 0.91399610
v 0.06225337 -0.11713858 0.90272307
v -0.05279128 -0.11683972 0.80993873
v -0.05279128 -0.11713971 0.80993873
v 0.01816614 -0.09043135 0.11198290
v 0.03531845 -0.08515270 0.11198320
v 0.05097927 -0.07665463 0.11198280
v 0.06455929 -0.06535723 0.11198280
v 0.08371450 -0.03629805 0.11198310
v 0.07561452 -0.05168815 0.11198280
v 0.08870925 -0.01973600 0.11198280
v 0.08882726 0.01475440 0.11198470
v 0.09045405 -0.00246251 0.11198280
v 0.08393253 0.03142680 0.11198430
v -0.08283434 0.03184900 0.11198280
v 0.07587070 0.04697080 0.11198280
v 0.06478752 0.06077209 0.11198280
v 0.05114074 0.07219900 0.11198280
v 0.03539635 0.08077599 0.11198280
v 0.01817800 0.08606219 0.11198280
v 0.00023075 0.08786160 0.11198280
v -0.01767896 0.08600590 0.11198280
v -0.03476653 0.08065410 0.11198340
v -0.05033855 0.07211560 0.11198280
v -0.06382106 0.06081749 0.11198410
v -0.07480750 0.04717430 0.11198420
v -0.08778868 0.01537600 0.11198460
v -0.08793179 -0.01894780 0.11198280
v -0.08952914 -0.00182410 0.11198280
v -0.07508276 -0.05110677 0.11198280
v -0.05056564 -0.07630427 0.11198280
v -0.03489439 -0.08494599 0.11198280
v -0.01771931 -0.09033700 0.11198280
v 0.03531845 -0.08515270 0.12998310
v 0.01816614 -0.09043135 0.12998280
v -0.01771931 -0.09033700 0.12998280
v -0.03489439 -0.08494599 0.12998280
v -0.05056564 -0.07630427 0.12998280
v -0.06411926 -0.06484755 0.12998280
v -0.07508276 -0.05110677 0.12998280
v -0.08310197 -0.03554710 0.12998460
v -0.08952914 -0.00182410 0.12998280
v -0.08778868 0.01537600 0.12998439
v -0.08283434 0.03184900 0.12998280
v -0.07480750 0.04717430 0.12998420
v -0.06382106 0.06081749 0.12998410
v -0.05033855 0.07211560 0.12998280
v -0.03476653 0.08065410 0.12998340
v 0.01817800 0.08606219 0.12998280
v -0.01767896 0.08600590 0.12998280
v 0.00023075 0.08786160 0.12998280
v 0.03539635 0.08077599 0.12998280
v 0.05114074 0.07219900 0.12998280
v 0.06478752 0.06077209 0.12998280
v 0.08393253 0.03142680 0.12998420
v 0.07587070 0.04697080 0.12998280
v 0.09045405 -0.00246251 0.12998280
v 0.08870925 -0.01973600 0.12998280
v 0.08371450 -0.03629805 0.12998310
v 0.07561452 -0.05168815 0.12998280
v 0.06455929 -0.06535723 0.12998280
v 0.05097927 -0.07665463 0.12998280
v 0.07420535 0.01190650 0.77273142
v 0.00024785 -0.07732190 0.77273291
v -0.07334283 -0.01622620 0.77273291
v -0.01473306 -0.07581730 0.77323753
v -0.02907030 -0.07131745 0.77323753
v -0.02907030 -0.07131745 0.77273291
v -0.01473306 -0.07581730 0.77273291
v 0.01523102 0.07143010 0.77323741
v 0.02960433 0.06701750 0.77323741
v 0.02960433 0.06701750 0.77273291
v 0.01523102 0.07143010 0.77273291
v 0.01522155 -0.07589646 0.77323741
v 0.00024785 -0.07732190 0.77323753
v 0.00024785 -0.07732190 0.77273291
v 0.01522155 -0.07589646 0.77273279
v -0.01469986 0.07138310 0.77323741
v 0.00025014 0.07293209 0.77323741
v 0.00025014 0.07293209 0.77273291
v -0.01469986 0.07138310 0.77273291
v 0.02953936 -0.07149042 0.77323723
v 0.01522155 -0.07589646 0.77323741
v 0.01522155 -0.07589646 0.77273279
v 0.02953936 -0.07149042 0.77273262
v 0.07011951 0.02582359 0.77323622
v 0.07420535 0.01190650 0.77323592
v 0.07420535 0.01190650 0.77273142
v 0.07011951 0.02582359 0.77273172
v -0.02896349 0.06691569 0.77323699
v -0.02896349 0.06691569 0.77273238
v 0.04261203 -0.06439646 0.77323753
v 0.04261203 -0.06439646 0.77273291
v 0.00025014 0.07293209 0.77323741
v 0.00025014 0.07293209 0.77273291
v -0.04196225 0.05978830 0.77323741
v -0.04196225 0.05978830 0.77273291
v 0.05394782 -0.05496600 0.77323753
v 0.05394782 -0.05496600 0.77273291
v -0.06908772 0.02617610 0.77323741
v -0.06238745 0.03896870 0.77323627
v -0.06238745 0.03896870 0.77273172
v -0.06908772 0.02617610 0.77273291
v -0.05321656 0.05035730 0.77323627
v -0.05321656 0.05035730 0.77273178
v 0.06317617 -0.04355593 0.77323753
v 0.06317617 -0.04355593 0.77273291
v -0.06261716 -0.04307057 0.77323753
v -0.06931112 -0.03008230 0.77323592
v -0.06931112 -0.03008230 0.77273142
v -0.06261716 -0.04307057 0.77273291
v 0.06993749 -0.03070911 0.77323723
v 0.06993749 -0.03070911 0.77273268
v -0.07322333 0.01242539 0.77323598
v -0.07322333 0.01242539 0.77273142
v 0.07410682 -0.01688420 0.77323741
v 0.07410682 -0.01688420 0.77273291
v -0.07467619 -0.00193231 0.77323741
v -0.07467619 -0.00193231 0.77273291
v 0.07556332 -0.00246510 0.77323741
v 0.07556332 -0.00246510 0.77273291
v -0.07334283 -0.01622620 0.77323741
v -0.07334283 -0.01622620 0.77273291
v 0.07420535 0.01190650 0.77323592
v 0.07420535 0.01190650 0.77273142
v -0.07334283 -0.01622620 0.77323741
v -0.07334283 -0.01622620 0.77273291
v 0.06338997 0.03879890 0.77323741
v 0.06338997 0.03879890 0.77273291
v -0.05346541 -0.05454059 0.77323753
v -0.05346541 -0.05454059 0.77273291
v 0.05413808 0.05031940 0.77323741
v 0.05413808 0.05031940 0.77273291
v -0.04215173 -0.06410380 0.77323753
v -0.04215173 -0.06410380 0.77273291
v 0.04274650 0.05985799 0.77323741
v 0.04274650 0.05985799 0.77273291
v 0.02953936 -0.07149042 0.77273262
v 0.01522155 -0.07589646 0.77273279
v -0.01473306 -0.07581730 0.77273291
v -0.02907030 -0.07131745 0.77273291
v -0.04215173 -0.06410380 0.77273291
v -0.05346541 -0.05454059 0.77273291
v -0.06261716 -0.04307057 0.77273291
v -0.06931112 -0.03008230 0.77273142
v -0.07467619 -0.00193231 0.77273291
v -0.07322333 0.01242539 0.77273142
v -0.06908772 0.02617610 0.77273291
v -0.06238745 0.03896870 0.77273172
v -0.05321656 0.05035730 0.77273178
v -0.04196225 0.05978830 0.77273291
v -0.02896349 0.06691569 0.77273238
v 0.01523102 0.07143010 0.77273291
v -0.01469986 0.07138310 0.77273291
v 0.00025014 0.07293209 0.77273291
v 0.02960433 0.06701750 0.77273291
v 0.04274650 0.05985799 0.77273291
v 0.05413808 0.05031940 0.77273291
v 0.07011951 0.02582359 0.77273172
v 0.06338997 0.03879890 0.77273291
v 0.07556332 -0.00246510 0.77273291
v 0.07410682 -0.01688420 0.77273291
v 0.06993749 -0.03070911 0.77273268
v 0.06317617 -0.04355593 0.77273291
v 0.05394782 -0.05496600 0.77273291
v 0.04261203 -0.06439646 0.77273291
v 0.01689924 -0.13103840 -0.08827954
v 0.06277866 -0.13103837 -0.06446695
v 0.09005744 -0.13103838 -0.00011969
v -0.08800797 -0.13103846 -0.01802664
v -0.08986280 -0.13103846 -0.00011696
v -0.08986286 -0.13015173 -0.00011696
v -0.08800797 -0.13015173 -0.01802664
v 0.09005744 -0.13103838 -0.00011969
v 0.08825631 -0.13103838 -0.01806700
v 0.08825631 -0.13015166 -0.01806700
v 0.09005744 -0.13015166 -0.00011969
v 0.08835114 -0.13103846 0.01781845
v 0.08835114 -0.13015173 0.01781845
v -0.08806423 -0.13103846 0.01783031
v -0.08278040 -0.13103846 0.03504872
v -0.08278040 -0.13015173 0.03504872
v -0.08806423 -0.13015173 0.01783031
v 0.08286799 -0.13103838 -0.03524208
v 0.08286799 -0.13015166 -0.03524208
v -0.07420728 -0.13103846 0.05079305
v -0.07420728 -0.13015173 0.05079305
v 0.07423009 -0.13103837 -0.05091339
v 0.07423009 -0.13015164 -0.05091339
v -0.06278537 -0.13103846 0.06443983
v -0.06278537 -0.13015173 0.06443983
v 0.06277866 -0.13103837 -0.06446695
v 0.06277866 -0.13015164 -0.06446695
v -0.06278537 -0.13103846 0.06443983
v -0.04899017 -0.13103846 0.07552301
v -0.04899017 -0.13015173 0.07552301
v -0.06278537 -0.13015173 0.06443983
v 0.06277866 -0.13103837 -0.06446695
v 0.04904385 -0.13103838 -0.07543045
v 0.04904385 -0.13015166 -0.07543045
v 0.06277866 -0.13015164 -0.06446695
v -0.03345315 -0.13103984 0.08358490
v -0.03345309 -0.13015312 0.08358490
v 0.03349121 -0.13104023 -0.08344966
v 0.01689924 -0.13103840 -0.08827954
v 0.01689924 -0.13015169 -0.08827954
v 0.03349121 -0.13015351 -0.08344966
v -0.01678793 -0.13104027 0.08847957
v 0.00042117 -0.13103843 0.09010642
v 0.00042117 -0.13015172 0.09010642
v -0.01678793 -0.13015357 0.08847957
v -0.00021682 -0.13103840 -0.08987683
v -0.00021682 -0.13015169 -0.08987683
v 0.01768680 -0.13103843 0.08836156
v 0.01768680 -0.13015172 0.08836156
v -0.01740907 -0.13104017 -0.08813637
v -0.01740907 -0.13015343 -0.08813637
v 0.03424175 -0.13103874 0.08336681
v 0.03424175 -0.13015200 0.08336681
v -0.03387503 -0.13103841 -0.08318203
v -0.03387503 -0.13015170 -0.08318203
v 0.04962511 -0.13103841 0.07526689
v 0.04962505 -0.13015169 0.07526689
v -0.04919354 -0.13103978 -0.07515525
v -0.06283073 -0.13103972 -0.06416875
v -0.06283073 -0.13015300 -0.06416875
v -0.04919354 -0.13015307 -0.07515525
v 0.06328810 -0.13103840 0.06421160
v 0.06328810 -0.13015167 0.06421160
v -0.06283073 -0.13103972 -0.06416875
v -0.07412377 -0.13103843 -0.05068624
v -0.07412377 -0.13015170 -0.05068624
v -0.06283073 -0.13015300 -0.06416875
v 0.06328810 -0.13103840 0.06421160
v 0.07458050 -0.13103840 0.05063158
v 0.07458050 -0.13015167 0.05063158
v 0.06328810 -0.13015167 0.06421160
v -0.08265857 -0.13103901 -0.03511470
v -0.08265857 -0.13015229 -0.03511470
v 0.08307482 -0.13103874 0.03497076
v 0.08307482 -0.13015200 0.03497076
v 0.08835114 -0.13103846 0.01781845
v 0.08307482 -0.13103874 0.03497076
v 0.07458050 -0.13103840 0.05063158
v 0.06328810 -0.13103840 0.06421160
v 0.03424175 -0.13103874 0.08336681
v 0.04962511 -0.13103841 0.07526689
v 0.01768680 -0.13103843 0.08836156
v -0.01678793 -0.13104027 0.08847957
v 0.00042117 -0.13103843 0.09010642
v -0.03345315 -0.13103984 0.08358490
v -0.04899017 -0.13103846 0.07552301
v -0.06278537 -0.13103846 0.06443983
v -0.07420728 -0.13103846 0.05079305
v -0.08278040 -0.13103846 0.03504872
v -0.08806423 -0.13103846 0.01783031
v -0.08986280 -0.13103846 -0.00011696
v -0.08800797 -0.13103846 -0.01802664
v -0.03387503 -0.13103841 -0.08318203
v -0.08265857 -0.13103901 -0.03511470
v -0.07412377 -0.13103843 -0.05068624
v -0.06283073 -0.13103972 -0.06416875
v -0.04919354 -0.13103978 -0.07515525
v -0.01740907 -0.13104017 -0.08813637
v -0.00021682 -0.13103840 -0.08987683
v 0.03349121 -0.13104023 -0.08344966
v 0.04904385 -0.13103838 -0.07543045
v 0.07423009 -0.13103837 -0.05091339
v 0.08286799 -0.13103838 -0.03524208
v 0.08825631 -0.13103838 -0.01806700
v 0.01692368 0.07462449 0.82695502
v 0.00539001 0.07635060 0.82386070
v 0.00185134 0.07620580 0.83182228
v 0.01187791 0.07525089 0.83411860
v -0.02229337 0.07234760 0.84193861
v -0.01463507 0.07460830 0.83571959
v -0.01951800 0.07385640 0.82778847
v -0.03149799 0.06933689 0.83514762
v -0.02827905 0.06940740 0.85233063
v -0.03915481 0.06481020 0.84410357
v -0.02983109 0.06745610 0.86326188
v -0.04552625 0.05892070 0.85917741
v 0.02131517 0.07288630 0.84038132
v 0.02762355 0.07129170 0.83187032
v 0.02780898 0.07003489 0.84984118
v 0.03567428 0.06738690 0.83874297
v 0.03035386 0.06770881 0.86155111
v 0.04290332 0.06224179 0.85031778
v 0.04776086 0.05641420 0.86628890
v 0.02827938 0.06673640 0.87288398
v -0.02701328 0.06665939 0.87466902
v -0.04848085 0.05360980 0.87387413
v -0.00634043 0.07623559 0.82404667
v -0.00634633 0.07590389 0.83253461
v 0.02216746 0.06679520 0.88252503
v 0.03236122 0.06119519 0.88694358
v 0.01240529 0.06725600 0.88942641
v 0.01313008 0.06311619 0.89957058
v -0.00117336 0.06747620 0.89200437
v -0.00099240 0.06331210 0.90186602
v 0.04929258 0.05269450 0.87634909
v 0.03359021 0.05625620 0.89697617
v 0.01364334 0.05716109 0.90941632
v -0.00080317 0.05771260 0.91096210
v 0.04983790 0.04852040 0.88633239
v 0.04929258 0.05269450 0.87634909
v 0.03359021 0.05625620 0.89697617
v 0.03393836 0.04977040 0.90656042
v 0.03393836 0.04977040 0.90656042
v 0.01370968 0.04945129 0.91793293
v -0.00064923 0.05049990 0.91885561
v 0.04925151 0.04365490 0.89600158
v 0.03308273 0.04212490 0.91474801
v 0.01370968 0.04945129 0.91793293
v 0.01331319 0.04062660 0.92439032
v 0.01331319 0.04062660 0.92439032
v 0.01370968 0.04945129 0.91793293
v -0.00064923 0.05049990 0.91885561
v -0.00050773 0.04185840 0.92516643
v 0.04743011 0.03792740 0.90502852
v 0.03126593 0.03372049 0.92125177
v 0.01261629 0.03112760 0.92916417
v 0.01261629 0.03112760 0.92916417
v -0.00034313 0.03226200 0.92991138
v 0.04435069 0.03135669 0.91308200
v 0.02863516 0.02488300 0.92634201
v 0.02863516 0.02488300 0.92634201
v 0.03126593 0.03372049 0.92125177
v 0.01163031 0.02136590 0.93257302
v -0.00018018 0.02208570 0.93334383
v 0.04016091 0.02413079 0.91999161
v 0.02548648 0.01596409 0.93030602
v 0.02548648 0.01596409 0.93030602
v 0.01044114 0.01152790 0.93510377
v -0.00002262 0.01165229 0.93577522
v 0.03508021 0.01652420 0.92572498
v 0.04016091 0.02413079 0.91999161
v 0.02188702 0.00700040 0.93338692
v 0.00908985 0.00159431 0.93693852
v 0.00015437 0.00105080 0.93752372
v 0.02937992 0.00847510 0.93038237
v 0.01806976 -0.00204301 0.93575162
v 0.00767018 -0.00838250 0.93826991
v 0.00035267 -0.00959750 0.93874371
v 0.02332981 0.00028720 0.93401289
v 0.01708980 -0.00815890 0.93675160
v 0.01061917 -0.01668880 0.93868482
v 0.00055893 -0.02027850 0.93963861
v -0.02981637 0.00966519 0.92977577
v -0.02342699 0.00098200 0.93374461
v -0.01626543 -0.00861160 0.93688411
v -0.01702766 -0.00236140 0.93599612
v -0.00885342 -0.01791270 0.93894488
v -0.00680612 -0.00880470 0.93834871
v -0.03534923 0.01751450 0.92505991
v -0.02086155 0.00670530 0.93361962
v -0.00859771 0.00116250 0.93698841
v -0.03974072 0.02421910 0.91996330
v -0.02410571 0.01528320 0.93081462
v -0.01009659 0.01095080 0.93517590
v -0.04318283 0.03006880 0.91448432
v -0.02679328 0.02348900 0.92746800
v -0.01137255 0.02057000 0.93282300
v -0.04583631 0.03534099 0.90846908
v -0.04318283 0.03006880 0.91448432
v -0.02679328 0.02348900 0.92746800
v -0.02912776 0.03150460 0.92324388
v -0.02912776 0.03150460 0.92324388
v -0.01250283 0.03003630 0.92956281
v -0.04778264 0.04024810 0.90163970
v -0.03101466 0.03937151 0.91780519
v -0.03101466 0.03937151 0.91780519
v -0.01344846 0.03925140 0.92509907
v -0.04900000 0.04498230 0.89353228
v -0.03229831 0.04699239 0.91063070
v -0.03229831 0.04699239 0.91063070
v -0.01430152 0.04802890 0.91889220
v -0.04928706 0.04936060 0.88437963
v -0.03273711 0.05375670 0.90168321
v -0.03273711 0.05375670 0.90168321
v -0.03229831 0.04699239 0.91063070
v -0.01430152 0.04802890 0.91889220
v -0.01469837 0.05582000 0.91069382
v -0.04848085 0.05360980 0.87387413
v -0.03232084 0.05938059 0.89109862
v -0.03232084 0.05938059 0.89109862
v -0.01483254 0.06205469 0.90070182
v -0.02084498 0.06680700 0.88336903
v -0.01220630 0.06722790 0.88929272
v 0.00435700 0.07545049 0.81835842
v 0.01770587 0.07344879 0.82142198
v 0.01788093 0.07068840 0.81653601
v 0.00315918 0.07279500 0.81355941
v 0.03012074 0.06913690 0.82752752
v 0.03168602 0.06567569 0.82371449
v 0.03012074 0.06913690 0.82752752
v 0.03919829 0.06434250 0.83575571
v 0.04127164 0.05992220 0.83322263
v 0.03168602 0.06567569 0.82371449
v 0.04658968 0.05827861 0.84897387
v 0.04867835 0.05312470 0.84779900
v 0.05057127 0.05231179 0.86428827
v 0.05227334 0.04761060 0.86230540
v 0.05199428 0.04831050 0.87481070
v 0.05359180 0.04343180 0.87316918
v 0.05244954 0.04414320 0.88464451
v 0.05382152 0.03929999 0.88272047
v 0.05185856 0.03955430 0.89369512
v 0.05316354 0.03507940 0.89096582
v 0.04956366 0.03276840 0.90412199
v 0.05041529 0.02733670 0.90262151
v 0.04650350 0.02648450 0.91155142
v 0.04750736 0.02146120 0.90932220
v 0.04235150 0.01947300 0.91804659
v 0.04366023 0.01479320 0.91543430
v 0.03734769 0.01180780 0.92376661
v 0.03873922 0.00724059 0.92109692
v 0.03162624 0.00340100 0.92878407
v 0.03359074 -0.00148240 0.92654872
v 0.02530785 -0.00562920 0.93304157
v 0.02599497 -0.01128791 0.93071377
v 0.01833208 -0.01529860 0.93615222
v 0.01839764 -0.02205680 0.93395573
v 0.01833208 -0.01529860 0.93615222
v 0.01101674 -0.02295140 0.93820113
v 0.01068796 -0.02867650 0.93546951
v 0.01839764 -0.02205680 0.93395573
v 0.00116326 -0.02608071 0.93922770
v 0.00165667 -0.03119071 0.93631542
v -0.00769905 -0.02445540 0.93867117
v -0.00592111 -0.03035809 0.93603492
v -0.01609747 -0.01731930 0.93677342
v -0.01474450 -0.02558800 0.93451518
v -0.02340339 -0.00772230 0.93375969
v -0.02206681 -0.01613810 0.93194580
v -0.04540716 0.02537300 0.91264242
v -0.04859726 0.03166060 0.90561372
v -0.05011390 0.02774870 0.90212059
v -0.04654537 0.02071241 0.91026700
v -0.05037479 0.03606750 0.89949721
v -0.05159895 0.03151681 0.89682770
v -0.05164103 0.04084980 0.89134848
v -0.05290858 0.03624959 0.88878632
v -0.03644888 0.01104820 0.92416263
v -0.04104660 0.01805669 0.91913700
v -0.04138718 0.01203039 0.91776788
v -0.03664950 0.00477530 0.92264801
v -0.03049372 0.00231150 0.92927438
v -0.03005944 -0.00480691 0.92767251
v -0.03049372 0.00231150 0.92927438
v -0.03005944 -0.00480691 0.92767251
v -0.00787375 0.07509120 0.81885731
v -0.00910715 0.07225020 0.81434059
v -0.02134095 0.07224190 0.82291877
v -0.02248899 0.06920740 0.81860781
v -0.03364168 0.06722750 0.83060777
v -0.03470085 0.06382349 0.82654732
v -0.04221980 0.06192110 0.84064758
v -0.03364168 0.06722750 0.83060777
v -0.03470085 0.06382349 0.82654732
v -0.04362742 0.05761500 0.83752352
v -0.04834096 0.05532330 0.85626978
v -0.04985640 0.05089410 0.85343981
v -0.05115549 0.04964840 0.87137932
v -0.05266164 0.04511090 0.86881948
v -0.05194829 0.04529239 0.88208199
v -0.05332218 0.04069480 0.87957311
v 0.02020086 0.06985150 0.87091470
v 0.02214433 0.07048640 0.86306411
v 0.02110542 0.07172211 0.85515022
v -0.01875989 0.07270810 0.84776682
v -0.01836918 0.07292420 0.84853071
v -0.01240079 0.07457490 0.84278321
v -0.01261334 0.07441710 0.84197593
v -0.00466953 0.07565790 0.83947718
v -0.00484727 0.07552250 0.83868903
v 0.00370689 0.07575960 0.83937532
v 0.00348141 0.07565440 0.83847648
v -0.02254561 0.07089300 0.85562807
v -0.02187465 0.07124810 0.85607231
v -0.02322332 0.06959839 0.86425811
v -0.02244304 0.07003810 0.86441833
v -0.02071611 0.06900820 0.87269878
v -0.01996539 0.06947730 0.87248671
v -0.01539342 0.06898610 0.87956971
v -0.01473598 0.06943800 0.87913692
v -0.00795947 0.06918021 0.88400978
v -0.00740961 0.06962420 0.88334912
v 0.00067608 0.06925520 0.88552010
v 0.00092752 0.06966920 0.88475960
v 0.00951250 0.06916019 0.88359302
v 0.00917049 0.06958410 0.88290918
v 0.01686169 0.06898330 0.87866801
v 0.01621987 0.06943309 0.87822372
v 0.02181084 0.06908430 0.87142658
v 0.02104278 0.06955379 0.87128073
v 0.02382965 0.06977710 0.86288118
v 0.02306099 0.07021099 0.86308092
v 0.02258660 0.07119110 0.85424483
v 0.02194132 0.07153210 0.85485291
v 0.01843549 0.07299450 0.84658539
v 0.01811947 0.07317270 0.84740269
v 0.01157792 0.07476589 0.84154952
v 0.01153572 0.07481539 0.84258491
v -0.03990279 0.02345359 0.91986060
v -0.04345916 0.02948560 0.91425538
v -0.04932843 0.04446900 0.89326102
v -0.04961757 0.04885539 0.88409418
v -0.04881285 0.05311769 0.87356430
v -0.04587595 0.05847390 0.85881621
v -0.03953502 0.06445140 0.84367442
v -0.03953502 0.06445140 0.84367442
v -0.03176467 0.06907490 0.83458382
v -0.04221980 0.06192110 0.84064758
v -0.01974438 0.07365580 0.82718360
v -0.00653086 0.07609360 0.82340223
v 0.00526174 0.07623890 0.82317722
v -0.02342413 -0.00009911 0.93374628
v -0.02990053 0.00875190 0.92971349
v -0.03548549 0.01671129 0.92494851
v -0.03644888 0.01104820 0.92416263
v -0.03548549 0.01671129 0.92494851
v -0.04810427 0.03972881 0.90137362
v -0.04617904 0.03488390 0.90811437
v -0.01624457 -0.00969310 0.93687022
v -0.00871007 -0.01872530 0.93891102
v 0.00063400 -0.02099910 0.93958771
v 0.01066883 -0.01746670 0.93862468
v 0.01724423 -0.00904571 0.93667710
v 0.02357556 -0.00044779 0.93389231
v 0.02530785 -0.00562920 0.93304157
v 0.02965886 0.00784490 0.93018389
v 0.02357556 -0.00044779 0.93389231
v 0.03536208 0.01593840 0.92548168
v 0.04043306 0.02355219 0.91975009
v 0.04461856 0.03075171 0.91289192
v 0.04769457 0.03728659 0.90491581
v 0.04957534 0.04314549 0.89571512
v 0.05016233 0.04797679 0.88612270
v 0.04962827 0.05214989 0.87615800
v 0.04811002 0.05590470 0.86604053
v 0.04336144 0.06174959 0.85015100
v 0.03611244 0.06700879 0.83837199
v 0.02793379 0.07102410 0.83133090
v 0.03611244 0.06700879 0.83837199
v 0.03919829 0.06434250 0.83575571
v 0.01702042 0.07447840 0.82626772
v 0.00090054 0.06991310 0.88380039
v 0.00880106 0.06984600 0.88203400
v 0.01557184 0.06972000 0.87756002
v 0.01741387 0.07331699 0.84804487
v 0.01108361 0.07482220 0.84339118
v 0.00353010 0.07571229 0.84029913
v -0.00446145 0.07562490 0.84043729
v -0.00711100 0.06985120 0.88249522
v -0.01411823 0.06971909 0.87843359
v -0.01914952 0.06977740 0.87207103
v -0.02153240 0.07032500 0.86434311
v -0.02098517 0.07147640 0.85634261
v -0.01760660 0.07306069 0.84911001
v -0.01186935 0.07461859 0.84360021
v 0.03567428 0.06738690 0.83874297
v 0.04290332 0.06224179 0.85031778
v 0.04776086 0.05641420 0.86628890
v 0.03508021 0.01652420 0.92572498
v 0.02937992 0.00847510 0.93038237
v 0.02332981 0.00028720 0.93401289
v -0.03534923 0.01751450 0.92505991
v -0.03974072 0.02421910 0.91996330
v -0.04552625 0.05892070 0.85917741
v -0.03915481 0.06481020 0.84410357
v 0.02020521 0.08988900 0.04183048
v 0.01416047 0.09063950 0.03324872
v 0.00214894 0.09178349 0.03599917
v 0.00638820 0.09195690 0.04553753
v -0.02677582 0.08716139 0.02388054
v -0.03780279 0.08355460 0.03201586
v -0.02345095 0.08896880 0.04083210
v -0.01760195 0.08986960 0.03133070
v -0.03394697 0.08363910 0.01143074
v -0.04697506 0.07813179 0.02128690
v -0.03580532 0.08130139 -0.00166410
v -0.05460815 0.07107630 0.00322896
v 0.03302349 0.08589640 0.03594172
v 0.02546616 0.08780679 0.02574622
v 0.04266812 0.08121860 0.02770859
v 0.03324569 0.08439080 0.01441293
v 0.05132801 0.07505490 0.01384240
v 0.03629405 0.08160430 0.00038545
v 0.05714734 0.06807370 -0.00529051
v 0.03380932 0.08043930 -0.01319122
v -0.03242973 0.08034700 -0.01532948
v -0.05814777 0.06471400 -0.01437681
v -0.00766454 0.09181920 0.04531461
v -0.00767164 0.09142169 0.03514587
v 0.03869856 0.07380100 -0.03003424
v 0.02648742 0.08050969 -0.02474087
v 0.01566054 0.07610239 -0.04516083
v 0.01479216 0.08106180 -0.03300863
v -0.00125776 0.07633699 -0.04791069
v -0.00147454 0.08132550 -0.03609699
v 0.05898209 0.06361730 -0.01734215
v 0.04017134 0.06788430 -0.04205316
v 0.01627560 0.06896830 -0.05695599
v -0.00103102 0.06962900 -0.05880779
v 0.05963571 0.05861700 -0.02930212
v 0.04058839 0.06011440 -0.05353426
v 0.04017134 0.06788430 -0.04205316
v 0.05898209 0.06361730 -0.01734215
v 0.04058839 0.06011440 -0.05353426
v 0.01635547 0.05973230 -0.06715869
v -0.00084668 0.06098840 -0.06826412
v 0.05893321 0.05278809 -0.04088521
v 0.03956391 0.05095530 -0.06334322
v 0.01588024 0.04916039 -0.07489454
v 0.01635547 0.05973230 -0.06715869
v 0.01588024 0.04916039 -0.07489454
v -0.00067716 0.05063599 -0.07582420
v -0.00084668 0.06098840 -0.06826412
v 0.01635547 0.05973230 -0.06715869
v 0.05675079 0.04592671 -0.05169934
v 0.03738696 0.04088719 -0.07113456
v 0.01504512 0.03778079 -0.08061343
v 0.01504512 0.03778079 -0.08061343
v -0.00047998 0.03913970 -0.08150863
v 0.05306269 0.03805541 -0.06134688
v 0.03423543 0.03029990 -0.07723259
v 0.03423543 0.03029990 -0.07723259
v 0.01386346 0.02608640 -0.08469712
v 0.03738696 0.04088719 -0.07113456
v -0.00028477 0.02694871 -0.08562046
v 0.04804279 0.02939880 -0.06962502
v 0.03046323 0.01961529 -0.08198130
v 0.03046323 0.01961529 -0.08198130
v 0.01243980 0.01430079 -0.08772897
v -0.00009601 0.01445000 -0.08853322
v 0.04195650 0.02028629 -0.07649338
v 0.02615143 0.00887710 -0.08567214
v 0.04804279 0.02939880 -0.06962502
v 0.01082046 0.00240059 -0.08992695
v 0.00011602 0.00174960 -0.09062802
v 0.03512837 0.01064369 -0.08207291
v 0.02157802 -0.00195681 -0.08850502
v 0.00911983 -0.00955130 -0.09152191
v 0.00035358 -0.01100680 -0.09208947
v 0.02787985 0.00083479 -0.08642220
v 0.02040787 -0.00928281 -0.08970296
v 0.01265283 -0.01952350 -0.09202420
v 0.00060067 -0.02380240 -0.09316170
v -0.03578822 0.01206949 -0.08134621
v -0.02046762 -0.00233810 -0.08879786
v -0.01955442 -0.00982580 -0.08986163
v -0.02813391 0.00166720 -0.08610063
v -0.00822244 -0.01005710 -0.09161633
v -0.01067463 -0.02096820 -0.09233063
v -0.04241602 0.02147260 -0.07569670
v -0.02506033 0.00852349 -0.08595097
v -0.01036851 0.00188340 -0.08998674
v -0.04767732 0.02950460 -0.06959104
v -0.02894692 0.01879969 -0.08259063
v -0.01216404 0.01360950 -0.08781540
v -0.05180089 0.03651240 -0.06302726
v -0.03216664 0.02863000 -0.07858145
v -0.01369278 0.02513300 -0.08499664
v -0.05497930 0.04282829 -0.05582118
v -0.03496323 0.03823240 -0.07352113
v -0.03216664 0.02863000 -0.07858145
v -0.05180089 0.03651240 -0.06302726
v -0.03496323 0.03823240 -0.07352113
v -0.01504664 0.03647339 -0.08109104
v -0.05731128 0.04870690 -0.04763936
v -0.03722374 0.04765689 -0.06700581
v -0.03722374 0.04765689 -0.06700581
v -0.01617978 0.04751290 -0.07574373
v -0.05877028 0.05437841 -0.03792721
v -0.03876154 0.05678649 -0.05841094
v -0.03876154 0.05678649 -0.05841094
v -0.01720176 0.05802819 -0.06830775
v -0.05911306 0.05962349 -0.02696233
v -0.03928773 0.06488980 -0.04769194
v -0.03928773 0.06488980 -0.04769194
v -0.01767717 0.06736180 -0.05848640
v -0.01720176 0.05802819 -0.06830775
v -0.03876154 0.05678649 -0.05841094
v -0.05814777 0.06471400 -0.01437681
v -0.03878854 0.07162720 -0.03501147
v -0.03878854 0.07162720 -0.03501147
v -0.01783852 0.07483080 -0.04651618
v -0.02504067 0.08052380 -0.02575165
v -0.01469217 0.08102810 -0.03284806
v 0.00515075 0.09087850 0.05212903
v 0.00371577 0.08769730 0.05787771
v 0.02135183 0.08517350 0.05431205
v 0.02114226 0.08848059 0.04845887
v 0.03789015 0.07916860 0.04571259
v 0.03601499 0.08331500 0.04114449
v 0.03601499 0.08331500 0.04114449
v 0.03789015 0.07916860 0.04571259
v 0.04937352 0.07227600 0.03432208
v 0.04688944 0.07757139 0.03128755
v 0.05824639 0.06413271 0.01685971
v 0.05574496 0.07030709 0.01545244
v 0.06255366 0.05752690 -0.00051844
v 0.06051482 0.06315900 -0.00289369
v 0.06413270 0.05252101 -0.01353240
v 0.06221898 0.05836560 -0.01549935
v 0.06440813 0.04757109 -0.02497512
v 0.06276442 0.05337320 -0.02728009
v 0.06361974 0.04251499 -0.03485280
v 0.06205614 0.04787579 -0.03812253
v 0.06032689 0.03323939 -0.04881608
v 0.05930711 0.03974640 -0.05061352
v 0.05684371 0.02620091 -0.05684316
v 0.05564119 0.03221861 -0.05951339
v 0.05223550 0.01821260 -0.06416541
v 0.05066730 0.02381900 -0.06729495
v 0.04634012 0.00916469 -0.07094919
v 0.04467268 0.01463620 -0.07414728
v 0.04070623 -0.00155650 -0.07738435
v 0.03844072 0.00443490 -0.08034300
v 0.03221573 -0.01278320 -0.08197450
v 0.03078176 -0.00614690 -0.08525854
v 0.02184601 -0.02708330 -0.08647304
v 0.02190484 -0.01819370 -0.08914965
v 0.02190484 -0.01819370 -0.08914965
v 0.02184601 -0.02708330 -0.08647304
v 0.01272519 -0.03391852 -0.08820509
v 0.01310815 -0.02719370 -0.09153592
v 0.00191571 -0.03687497 -0.08918046
v 0.00132455 -0.03075327 -0.09266930
v -0.00716226 -0.03587754 -0.08884441
v -0.00929217 -0.02880630 -0.09200280
v -0.01773242 -0.03016301 -0.08702403
v -0.01935331 -0.02025740 -0.08972918
v -0.02650438 -0.01884230 -0.08394575
v -0.02810566 -0.00876040 -0.08611869
v -0.05446599 0.03088690 -0.06082046
v -0.05582909 0.02530360 -0.05797511
v -0.06010363 0.03373289 -0.04821544
v -0.05828772 0.03841940 -0.05240041
v -0.06188355 0.03824700 -0.04187518
v -0.06041698 0.04369870 -0.04507303
v -0.06345210 0.04391679 -0.03224182
v -0.06193356 0.04942770 -0.03531122
v -0.04373370 0.01372620 -0.07462185
v -0.04397468 0.00621140 -0.07280731
v -0.04964958 0.01490280 -0.06696099
v -0.04924128 0.02212220 -0.06860113
v -0.03659962 0.00325979 -0.08074551
v -0.03607933 -0.00526780 -0.07882654
v -0.03607933 -0.00526780 -0.07882654
v -0.03659962 0.00325979 -0.08074551
v -0.00950150 0.09044820 0.05153125
v -0.01097904 0.08704470 0.05694228
v -0.02563469 0.08703479 0.04666543
v -0.02700970 0.08339940 0.05183029
v -0.04037122 0.08102770 0.03745406
v -0.04163961 0.07694970 0.04231894
v -0.05064718 0.07467070 0.02542716
v -0.05233316 0.06951210 0.02916944
v -0.04163961 0.07694970 0.04231894
v -0.04037122 0.08102770 0.03745406
v -0.05798028 0.06676669 0.00671202
v -0.05979590 0.06146060 0.01010239
v -0.06135176 0.05996829 -0.01138854
v -0.06315629 0.05453250 -0.00832212
v -0.06230156 0.05474980 -0.02421015
v -0.06394772 0.04924209 -0.02120459
v 0.02413119 0.08417110 -0.01083207
v 0.02079244 0.08832259 0.01656538
v 0.02521438 0.08641219 0.00805336
v 0.02645947 0.08493170 -0.00142723
v -0.02254252 0.08759320 0.01689863
v -0.01517943 0.08964060 0.02383548
v -0.01492451 0.08982970 0.02286881
v -0.02207480 0.08785209 0.01598346
v -0.00587575 0.09096490 0.02777338
v -0.00566290 0.09112699 0.02682924
v 0.00410171 0.09112290 0.02802795
v 0.00437196 0.09124890 0.02695125
v -0.02707861 0.08541879 0.00748080
v -0.02627460 0.08584420 0.00694859
v -0.02788989 0.08386780 -0.00285763
v -0.02695529 0.08439469 -0.00304943
v -0.02488629 0.08316080 -0.01296937
v -0.02398686 0.08372280 -0.01271528
v -0.01851044 0.08313429 -0.02120018
v -0.01772223 0.08367570 -0.02068161
v -0.00960414 0.08336700 -0.02651971
v -0.00894563 0.08389880 -0.02572816
v 0.00074101 0.08345680 -0.02832895
v 0.00104224 0.08395270 -0.02741760
v 0.01132638 0.08334279 -0.02602005
v 0.01091708 0.08385080 -0.02520108
v 0.02013065 0.08313100 -0.02012026
v 0.01936246 0.08366990 -0.01958793
v 0.02605994 0.08325189 -0.01144528
v 0.02514030 0.08381459 -0.01127058
v 0.02847834 0.08408190 -0.00120801
v 0.02755721 0.08460180 -0.00144726
v 0.02698983 0.08577600 0.00913805
v 0.02621622 0.08618440 0.00840950
v 0.02201636 0.08793630 0.01831382
v 0.02163781 0.08814991 0.01733464
v 0.01380153 0.09005840 0.02434659
v 0.01375039 0.09011769 0.02310645
v -0.04788230 0.02853720 -0.06946134
v -0.05215011 0.03577530 -0.06273812
v -0.05918477 0.05372970 -0.03758448
v -0.05953131 0.05898489 -0.02660197
v -0.05856721 0.06409210 -0.01398563
v -0.05504988 0.07051159 0.00368535
v -0.04745606 0.07767829 0.02182942
v -0.04745606 0.07767829 0.02182942
v -0.05064718 0.07467070 0.02542716
v -0.03813980 0.08322349 0.03272861
v -0.02373717 0.08871540 0.04159653
v -0.00790529 0.09163959 0.04612869
v 0.00622602 0.09181559 0.04640126
v -0.02812980 0.00030079 -0.08610302
v -0.03589413 0.01091510 -0.08126753
v -0.04373370 0.01372620 -0.07462185
v -0.04258905 0.02045760 -0.07555586
v -0.04258905 0.02045760 -0.07555586
v -0.05771826 0.04805070 -0.04730314
v -0.05541317 0.04225060 -0.05537307
v -0.01952813 -0.01119270 -0.08984428
v -0.01049362 -0.02199530 -0.09228765
v 0.00069554 -0.02471320 -0.09309715
v 0.01271315 -0.02053090 -0.09195876
v 0.02061374 -0.01040130 -0.08960890
v 0.02819152 -0.00009380 -0.08626973
v 0.03078176 -0.00614690 -0.08525854
v 0.03549178 0.00984719 -0.08182203
v 0.03844072 0.00443490 -0.08034300
v 0.04231228 0.01954579 -0.07618600
v 0.03549178 0.00984719 -0.08182203
v 0.04838653 0.02866760 -0.06931966
v 0.05340059 0.03729060 -0.06110692
v 0.05708558 0.04511699 -0.05155718
v 0.05934240 0.05214430 -0.04052335
v 0.06004519 0.05792990 -0.02903676
v 0.05940665 0.06292920 -0.01710087
v 0.05758871 0.06742969 -0.00497651
v 0.05190684 0.07443281 0.01405340
v 0.04322143 0.08074071 0.02817744
v 0.03341551 0.08555810 0.03662389
v 0.04688944 0.07757139 0.03128755
v 0.04322143 0.08074071 0.02817744
v 0.02032800 0.08970450 0.04269886
v 0.00100992 0.08424480 -0.02626878
v 0.01047434 0.08416450 -0.02415215
v 0.01858635 0.08401360 -0.01879251
v 0.01320918 0.09012599 0.02214050
v 0.00416006 0.09119220 0.02584463
v -0.00541351 0.09108759 0.02567917
v -0.00858776 0.08417070 -0.02470517
v -0.01698242 0.08401240 -0.01983958
v -0.02300958 0.08408220 -0.01221728
v -0.02586381 0.08473840 -0.00295931
v -0.02520875 0.08611770 0.00662506
v -0.02116148 0.08801579 0.01528900
v -0.01428811 0.08988200 0.02188992
v 0.04266812 0.08121860 0.02770859
v 0.05132801 0.07505490 0.01384240
v 0.05714734 0.06807370 -0.00529051
v 0.04195650 0.02028629 -0.07649338
v 0.03512837 0.01064369 -0.08207291
v 0.02819152 -0.00009380 -0.08626973
v 0.02787985 0.00083479 -0.08642220
v -0.04241602 0.02147260 -0.07569670
v -0.04767732 0.02950460 -0.06959104
v -0.05460815 0.07107630 0.00322896
v -0.04697506 0.07813179 0.02128690
vn -0.98236540 -0.18697087 0.00034985
vn -0.92884465 -0.37046930 0.00035061
vn -0.92884415 -0.37047055 0.00034973
vn -0.98236421 -0.18697709 0.00035013
vn -0.56700254 -0.82371597 0.00035827
vn -0.39314389 -0.91947689 0.00036776
vn -0.39314916 -0.91947463 0.00037207
vn -0.56699311 -0.82372246 0.00034703
vn 0.92791779 0.37278473 0.00035352
vn 0.83781019 0.54596150 0.00034582
vn 0.83781654 0.54595176 0.00035224
vn 0.92792079 0.37277725 0.00035410
vn -0.83937044 -0.54355970 0.00034657
vn -0.78166204 -0.62370213 0.00032787
vn -0.78167017 -0.62369193 0.00034002
vn -0.83937723 -0.54354921 0.00035194
vn 0.98202663 0.18874208 0.00035194
vn 0.98202570 0.18874690 0.00035153
vn 0.64199223 0.76671107 0.00033822
vn 0.56295715 0.82648601 0.00034504
vn 0.56295483 0.82648759 0.00034222
vn 0.64198806 0.76671456 0.00033309
vn -0.64555850 -0.76371074 0.00034116
vn -0.64555111 -0.76371700 0.00033206
vn 0.38789590 0.92170312 0.00034871
vn 0.38789256 0.92170453 0.00034547
vn -0.20071261 -0.97965011 0.00033386
vn -0.20072075 -0.97964844 0.00034532
vn 0.19759607 0.98028346 0.00035550
vn 0.19758887 0.98028491 0.00035156
vn -0.00165840 0.99999856 0.00035487
vn -0.20198440 0.97938868 0.00035144
vn -0.20198112 0.97938935 0.00035478
vn -0.00165850 0.99999856 0.00035479
vn -0.00259009 -0.99999659 0.00033808
vn -0.00258092 -0.99999661 0.00032996
vn 0.38745590 -0.92188818 0.00032348
vn 0.47692721 -0.87894273 0.00035189
vn 0.47694786 -0.87893153 0.00032973
vn 0.38745749 -0.92188751 0.00032322
vn -0.39176328 0.92006598 0.00034675
vn -0.48080059 0.87682990 0.00034731
vn -0.48080199 0.87682913 0.00034580
vn -0.39176147 0.92006675 0.00034847
vn 0.63955025 -0.76874921 0.00036126
vn 0.71197534 -0.70220437 0.00036706
vn 0.71197296 -0.70220678 0.00036832
vn 0.63955750 -0.76874318 0.00035244
vn -0.64229057 0.76646116 0.00033779
vn -0.71398595 0.70015995 0.00033715
vn -0.71399396 0.70015178 0.00033385
vn -0.64228414 0.76646654 0.00034560
vn 0.83521349 -0.54992573 0.00035314
vn 0.83521105 -0.54992943 0.00035836
vn -0.83633953 0.54821170 0.00035350
vn -0.83634034 0.54821046 0.00034772
vn 0.92540722 -0.37897407 0.00035436
vn 0.92540723 -0.37897406 0.00035416
vn -0.92592085 0.37771742 0.00034939
vn -0.98075624 0.19523597 0.00034997
vn -0.98075613 0.19523650 0.00034994
vn -0.92592047 0.37771837 0.00035112
vn 0.98070016 -0.19551747 0.00035281
vn 0.98069997 -0.19551842 0.00035335
vn 0.99999471 -0.00323372 0.00035135
vn 0.99999473 -0.00322774 0.00035175
vn -0.99999228 0.00391293 0.00035103
vn -0.99999226 0.00391977 0.00035117
vn 0.19543691 -0.98071621 0.00034879
vn 0.19544006 -0.98071558 0.00035106
vn 0.77969071 0.62616474 0.00032893
vn 0.77969777 0.62615595 0.00033949
vn -0.00001848 0.00000151 -1.00000000
vn 0.00000203 0.00000921 -1.00000000
vn -0.00001705 -0.00002186 -1.00000000
vn 0.00008016 0.00009654 0.99999999
vn -0.00004484 -0.00008430 1.00000000
vn -0.00000256 -0.00000650 1.00000000
vn 0.19546024 -0.98071163 0.00000000
vn 0.38744760 -0.92189173 0.00000000
vn 0.38744725 -0.92189187 0.00000000
vn 0.19546167 -0.98071134 0.00000000
vn 0.98202662 0.18874247 0.00000000
vn 0.92791761 0.37278534 0.00000000
vn 0.92791991 0.37277961 0.00000000
vn 0.98202575 0.18874700 0.00000000
vn -0.20198322 0.97938898 0.00000000
vn -0.39175464 0.92006973 0.00000000
vn -0.39175463 0.92006973 0.00000000
vn -0.20198516 0.97938858 0.00000000
vn 0.56095185 -0.82784843 0.00000000
vn 0.56095068 -0.82784922 0.00000000
vn 0.19759217 0.98028431 0.00000000
vn 0.09976056 0.99501147 0.00000000
vn 0.09976056 0.99501147 0.00000000
vn 0.19759217 0.98028431 0.00000000
vn -0.56424118 0.82561001 0.00000000
vn -0.56424340 0.82560850 0.00000000
vn 0.71197952 -0.70220023 0.00000000
vn 0.71197952 -0.70220023 0.00000000
vn -0.83634805 0.54819881 0.00000000
vn -0.92592688 0.37770281 0.00000000
vn -0.92592749 0.37770132 0.00000000
vn -0.83634547 0.54820274 0.00000000
vn -0.71397627 0.70016990 0.00000000
vn -0.71397951 0.70016660 0.00000000
vn 0.83521501 -0.54992353 0.00000000
vn 0.83521572 -0.54992245 0.00000000
vn -0.92884502 -0.37046852 0.00000000
vn -0.83937368 -0.54355481 0.00000000
vn -0.83937721 -0.54354935 0.00000000
vn -0.92884506 -0.37046843 0.00000000
vn 0.92540659 -0.37897577 0.00000000
vn 0.92540666 -0.37897561 0.00000000
vn -0.98075637 0.19523561 0.00000000
vn -0.98075638 0.19523558 0.00000000
vn 0.98070008 -0.19551816 0.00000000
vn 0.98069987 -0.19551922 0.00000000
vn -0.99491936 0.10067504 0.00000000
vn -0.99491936 0.10067504 0.00000000
vn 0.99493718 -0.10049882 0.00000000
vn 0.99493718 -0.10049882 0.00000000
vn -0.99567732 -0.09287986 0.00000000
vn -0.98236546 -0.18697084 0.00000000
vn -0.98236431 -0.18697688 0.00000000
vn -0.99567732 -0.09287986 0.00000000
vn 0.99556569 0.09406893 0.00000000
vn 0.99556569 0.09406893 0.00000000
vn 0.83781441 0.54595514 0.00000000
vn 0.83781698 0.54595120 0.00000000
vn -0.71704300 -0.69702893 0.00000000
vn -0.71704300 -0.69702893 0.00000000
vn 0.71431538 0.69982393 0.00000000
vn 0.71431538 0.69982393 0.00000000
vn -0.56699190 -0.82372337 0.00000000
vn -0.56699190 -0.82372337 0.00000000
vn 0.56295326 0.82648873 0.00000000
vn 0.56295326 0.82648873 0.00000000
vn -0.39314225 -0.91947766 0.00000000
vn -0.39314225 -0.91947766 0.00000000
vn 0.38789356 0.92170417 0.00000000
vn 0.38789356 0.92170417 0.00000000
vn -0.29947908 -0.95410287 0.00000000
vn -0.29947908 -0.95410287 0.00000000
vn -0.00257970 -0.99999667 0.00000000
vn -0.00257934 -0.99999667 0.00000000
vn -0.09989396 -0.99499809 0.00000000
vn -0.09989396 -0.99499809 0.00000000
vn -0.10306252 0.99467488 0.00000000
vn -0.10306252 0.99467488 0.00000000
vn 0.00003188 -0.00010252 -0.99999999
vn 0.00000064 0.00005438 -1.00000000
vn 0.00000000 0.00000000 -1.00000000
vn 0.00000000 0.00000000 -1.00000000
vn 0.00000000 0.00000000 -1.00000000
vn 0.00004484 0.00008430 -1.00000000
vn 0.00041020 0.00032729 -0.99999986
vn -0.00007574 -0.00009003 -0.99999999
vn 0.00050785 0.00004737 -0.99999987
vn -0.00048107 0.00005150 -0.99999988
vn -0.00004770 0.00001654 -1.00000000
vn -0.00030050 0.00024198 -0.99999993
vn -0.00029713 0.00023977 -0.99999993
vn -0.00002153 0.00002531 -1.00000000
vn -0.00001762 0.00008018 -1.00000000
vn 0.00000248 -0.00001446 -1.00000000
vn 0.00000014 -0.00009050 -1.00000000
vn 0.00000000 0.00000000 -1.00000000
vn 0.00000000 0.00000000 -1.00000000
vn -0.00002361 -0.00004970 -1.00000000
vn -0.00008861 -0.00010199 -0.99999999
vn -0.00000428 -0.00002870 -1.00000000
vn -0.00029325 -0.00023549 -0.99999993
vn -0.00050469 0.00005098 -0.99999987
vn -0.00023475 0.00005006 -0.99999997
vn -0.00003022 0.00003027 -1.00000000
vn -0.00009255 0.00007485 -0.99999999
vn -0.00002772 0.00003212 -1.00000000
vn -0.00000294 0.00000612 -1.00000000
vn -0.00000064 -0.00005438 1.00000000
vn -0.00003188 0.00010252 0.99999999
vn 0.00000178 -0.00000312 1.00000000
vn 0.00002156 -0.00002498 1.00000000
vn 0.00003196 -0.00003092 1.00000000
vn 0.00007198 -0.00005822 1.00000000
vn 0.00024849 -0.00005313 0.99999997
vn 0.00002206 -0.00000129 1.00000000
vn 0.00053568 -0.00005411 0.99999986
vn 0.00000744 0.00003523 1.00000000
vn 0.00005075 -0.00001870 1.00000000
vn 0.00029662 0.00023820 0.99999993
vn 0.00008963 0.00010316 0.99999999
vn 0.00002388 0.00005027 1.00000000
vn 0.00000000 0.00000000 1.00000000
vn -0.00000238 0.00001464 1.00000000
vn 0.00000000 0.00000000 1.00000000
vn -0.00000017 0.00011077 0.99999999
vn 0.00002156 -0.00009813 0.99999999
vn 0.00002218 -0.00002761 1.00000000
vn 0.00030055 -0.00024253 0.99999993
vn 0.00030395 -0.00024476 0.99999992
vn 0.00051060 -0.00005466 0.99999987
vn 0.00002395 0.00002542 1.00000000
vn -0.00053903 -0.00005028 0.99999985
vn -0.00041020 -0.00032729 0.99999986
vn 0.00000000 0.00000000 1.00000000
vn 0.00000000 0.00000000 1.00000000
vn 0.00000000 0.00000000 1.00000000
vn -0.97940719 0.00000000 -0.20189492
vn -0.99999862 0.00000000 -0.00165858
vn -0.99999862 0.00000000 -0.00165858
vn -0.97940760 0.00000000 -0.20189291
vn 0.99999664 -0.00000011 -0.00259090
vn 0.97966550 -0.00000887 -0.20063774
vn 0.97966433 -0.00000908 -0.20064345
vn 0.99999664 0.00000000 -0.00259102
vn 0.98072989 0.00000000 0.19536856
vn 0.98073012 0.00000000 0.19536742
vn -0.98030098 0.00000031 0.19750946
vn -0.92176444 0.00001725 0.38775033
vn -0.92176654 0.00001745 0.38774535
vn -0.98030098 0.00000000 0.19750948
vn 0.91954219 0.00000000 -0.39299129
vn 0.91954217 -0.00000032 -0.39299133
vn -0.82660314 0.00000000 0.56278526
vn -0.82660316 0.00000051 0.56278523
vn 0.82383996 0.00000000 -0.56682248
vn 0.82383994 0.00000000 -0.56682251
vn -0.76684896 0.00000000 0.64182760
vn -0.76684896 0.00000000 0.64182760
vn 0.76385767 0.00000000 -0.64538474
vn 0.76385767 0.00000000 -0.64538474
vn -0.62631381 0.00000000 0.77957104
vn -0.54611882 0.00000000 0.83770773
vn -0.54612302 0.00000000 0.83770499
vn -0.62631381 0.00000000 0.77957104
vn 0.62384987 0.00000000 -0.78154420
vn 0.54371544 0.00000000 -0.83926963
vn 0.54372094 0.00000000 -0.83926607
vn 0.62384987 0.00000000 -0.78154420
vn -0.37291834 0.00000000 0.92786416
vn -0.37292456 0.00000000 0.92786167
vn 0.37061047 0.00000000 -0.92878839
vn 0.18705534 0.00000000 -0.98234938
vn 0.18704912 0.00000000 -0.98235056
vn 0.37061042 0.00000000 -0.92878841
vn -0.18882575 0.00000000 0.98201061
vn 0.00322853 0.00000000 0.99999479
vn 0.00323540 0.00000000 0.99999477
vn -0.18882090 0.00000000 0.98201154
vn -0.00392300 0.00000000 -0.99999231
vn -0.00391664 0.00000000 -0.99999233
vn 0.19560091 0.00000000 0.98068358
vn 0.19559984 0.00000000 0.98068379
vn -0.19531580 0.00000000 -0.98074040
vn -0.19531580 0.00000000 -0.98074040
vn 0.37911285 0.00000000 0.92535045
vn 0.37911287 0.00000000 0.92535044
vn -0.37784578 0.00000000 -0.92586855
vn -0.37784709 0.00000000 -0.92586801
vn 0.55008930 0.00000000 0.83510584
vn 0.55009026 0.00000000 0.83510521
vn -0.54836754 0.00000000 -0.83623743
vn -0.70031582 0.00000000 -0.71383314
vn -0.70031929 0.00000000 -0.71382974
vn -0.54836349 0.00000000 -0.83624008
vn 0.70235624 0.00000000 0.71182562
vn 0.70235626 0.00000000 0.71182560
vn -0.76660590 0.00000000 -0.64211789
vn -0.76660590 0.00000000 -0.64211789
vn 0.76889711 0.00000000 0.63937253
vn 0.76889711 0.00000000 0.63937253
vn -0.87691767 0.00000000 -0.48064062
vn -0.92012966 0.00000000 -0.39161386
vn -0.92012963 0.00000000 -0.39161393
vn -0.87691767 0.00000000 -0.48064062
vn 0.87902446 0.00000000 0.47677667
vn 0.92195171 0.00000000 0.38730486
vn 0.92195166 0.00000000 0.38730496
vn 0.87902446 0.00000000 0.47677667
vn 0.37328658 -0.88822293 0.26780057
vn 0.54044645 -0.79758638 0.26790597
vn 0.54899331 -0.81019049 0.20542084
vn 0.37918918 -0.90223385 0.20540118
vn 0.92791754 0.37278551 0.00000000
vn 0.83781430 0.54595530 0.00000000
vn 0.83781569 0.54595318 0.00000000
vn 0.92791833 0.37278354 -0.00001404
vn -0.37748456 0.88653093 0.26752255
vn -0.54367184 0.79552518 0.26750819
vn -0.55225224 0.80806039 0.20507527
vn -0.38343281 0.90049735 0.20514338
vn 0.61636776 -0.74090550 0.26673923
vn 0.62603641 -0.75250171 0.20449839
vn -0.00165954 0.99999862 0.00000000
vn -0.20198305 0.97938902 0.00000000
vn -0.20198409 0.97938880 0.00000000
vn -0.00165954 0.99999862 0.00000000
vn -0.68796255 0.67467191 0.26744223
vn -0.69880408 0.68529545 0.20504393
vn 0.74934454 -0.60605905 0.26678678
vn 0.80466733 -0.52981303 0.26797133
vn 0.81738712 -0.53819923 0.20547479
vn 0.76107872 -0.61557049 0.20452909
vn -0.95762702 0.28801125 0.00000000
vn -0.98075637 0.19523561 0.00000000
vn -0.98075637 0.19523559 0.00000000
vn -0.95762702 0.28801125 0.00000000
vn -0.80589613 0.52822872 0.26740577
vn -0.81858517 0.53654645 0.20502738
vn 0.89157357 -0.36512002 0.26792524
vn 0.90567177 -0.37089265 0.20541979
vn -0.83937368 -0.54355481 0.00000000
vn -0.71704300 -0.69702893 0.00000000
vn -0.71704300 -0.69702893 0.00000000
vn -0.83937544 -0.54355208 0.00000000
vn -0.92307255 0.27764597 0.26617621
vn -0.94506469 0.18813090 0.26731908
vn -0.95994100 0.19109177 0.20493219
vn -0.93747449 0.28197307 0.20404107
vn 0.94483870 -0.18836843 0.26794993
vn 0.95978186 -0.19134932 0.20543667
vn -0.85389075 0.44721659 0.26621027
vn -0.86721688 0.45419881 0.20405471
vn 0.96341925 -0.00312497 0.26798056
vn 0.97865650 -0.00317180 0.20547847
vn -0.96359211 0.00375878 0.26735016
vn -0.94662054 -0.18015740 0.26730667
vn -0.96151763 -0.18299449 0.20493137
vn -0.97875872 0.00382537 0.20497982
vn 0.94612904 0.18183342 0.26791126
vn 0.96108768 0.18471532 0.20540380
vn -0.89502993 -0.35698314 0.26736577
vn -0.90912255 -0.36260110 0.20497959
vn 0.89399366 0.35917121 0.26790179
vn 0.80717139 0.52599974 0.26795263
vn 0.81993196 0.53431725 0.20546693
vn 0.90812826 0.36484443 0.20540596
vn -0.80877968 -0.52375561 0.26749857
vn -0.69092059 -0.67162811 0.26747788
vn -0.70179859 -0.68221644 0.20508406
vn -0.82152480 -0.53201015 0.20509072
vn 0.68820862 0.67424813 0.26787750
vn 0.61875607 0.73895718 0.26661433
vn 0.62844034 0.75051902 0.20441121
vn 0.69908207 0.68490342 0.20540585
vn -0.54632272 -0.79371465 0.26748557
vn -0.46541853 -0.84403863 0.26642894
vn -0.47270540 -0.85722803 0.20422956
vn -0.55493878 -0.80619962 0.20514662
vn 0.46107331 0.84638390 0.26654400
vn 0.37372644 0.88804376 0.26778132
vn 0.37961565 0.90206761 0.20534357
vn 0.46827597 0.85962020 0.20437885
vn -0.28865840 -0.91959101 0.26651210
vn -0.19340023 -0.94388317 0.26773292
vn -0.19645931 -0.95877382 0.20532048
vn -0.29314968 -0.93399210 0.20425969
vn 0.19037702 0.94450880 0.26769331
vn 0.19338715 0.95941020 0.20526440
vn -0.00159712 0.96347910 0.26777876
vn -0.19461907 0.94366090 0.26763318
vn -0.19768886 0.95853923 0.20523563
vn -0.00162314 0.97869438 0.20531605
vn -0.00249063 -0.96348989 0.26773313
vn -0.00254599 -0.97871372 0.20521447
vn -0.00257952 -0.99999667 0.00000000
vn 0.19546042 -0.98071159 0.00000000
vn 0.19546095 -0.98071148 0.00000000
vn -0.00257952 -0.99999667 0.00000000
vn -0.20073069 -0.97964646 0.00000000
vn -0.20073069 -0.97964646 0.00000000
vn 0.98202665 0.18874229 0.00000000
vn 0.98202633 0.18874397 -0.00000052
vn 0.19759217 0.98028431 0.00000000
vn 0.19759115 0.98028452 -0.00000304
vn -0.83634805 0.54819881 0.00000000
vn -0.88584826 0.46397507 0.00000000
vn -0.88584826 0.46397507 0.00000000
vn -0.83634563 0.54820250 0.00001457
vn -0.92884509 -0.37046835 0.00000000
vn -0.92884507 -0.37046839 0.00000000
vn 0.00008260 0.00009947 0.99999999
vn -0.00004620 -0.00008687 1.00000000
vn -0.00000325 -0.00000342 1.00000000
vn 0.71431538 0.69982393 0.00000000
vn 0.64199275 0.76671070 0.00000000
vn 0.64199275 0.76671070 0.00000000
vn 0.71431538 0.69982393 0.00000000
vn -0.56699190 -0.82372337 0.00000000
vn -0.48288512 -0.87568371 0.00000000
vn -0.48288512 -0.87568371 0.00000000
vn -0.56699190 -0.82372337 0.00000000
vn 0.47838519 0.87815010 0.00000000
vn 0.38789356 0.92170417 0.00000000
vn 0.38789377 0.92170409 -0.00000015
vn 0.47838519 0.87815010 0.00000000
vn -0.29947908 -0.95410287 0.00000000
vn -0.29947908 -0.95410287 0.00000000
vn 0.18830126 -0.94487823 0.26785774
vn 0.19127707 -0.95980343 0.20540316
vn 0.38744743 -0.92189180 0.00000000
vn 0.38744743 -0.92189180 0.00000000
vn -0.39175464 0.92006973 0.00000000
vn -0.39175463 0.92006973 0.00000000
vn 0.56095170 -0.82784853 0.00000000
vn 0.56095127 -0.82784882 0.00000000
vn -0.56424132 0.82560991 0.00000000
vn -0.56424236 0.82560921 0.00000000
vn 0.63953996 -0.76875785 0.00000000
vn 0.63953996 -0.76875785 0.00000000
vn -0.71397614 0.70017003 0.00000000
vn -0.71397849 0.70016764 0.00000059
vn 0.77752896 -0.62884713 0.00000000
vn 0.83521511 -0.54992337 0.00000000
vn 0.83521550 -0.54992278 -0.00001259
vn 0.77752819 -0.62884808 -0.00000084
vn 0.92540666 -0.37897560 0.00000000
vn 0.92540666 -0.37897561 0.00000000
vn 0.98070008 -0.19551816 0.00000000
vn 0.98069998 -0.19551868 0.00000000
vn -0.99999234 0.00391311 0.00000000
vn -0.99999233 0.00391597 0.00000000
vn 0.99999477 -0.00323351 0.00000000
vn 0.99999478 -0.00323027 0.00000000
vn -0.98236550 -0.18697066 0.00000000
vn -0.98236491 -0.18697377 0.00000000
vn 0.19541779 -0.98063860 0.01264187
vn -0.00260725 -0.99991680 0.01263292
vn -0.00259248 -0.99654246 0.08304461
vn 0.19475783 -0.97732280 0.08312362
vn 0.38743067 -0.92181217 0.01264128
vn 0.38611212 -0.91869944 0.08311898
vn 0.56091788 -0.82777489 0.01264372
vn 0.55900700 -0.82498512 0.08313074
vn 0.63948669 -0.76869915 0.01258481
vn 0.63733633 -0.76613029 0.08274528
vn 0.83514784 -0.54988005 0.01264956
vn 0.77746533 -0.62879979 0.01258875
vn 0.77486071 -0.62669264 0.08274787
vn 0.83232084 -0.54802207 0.08314938
vn 0.92533244 -0.37894583 0.01264684
vn 0.92220405 -0.37766294 0.08312882
vn 0.98062122 -0.19550463 0.01264791
vn 0.97730478 -0.19484280 0.08313632
vn 0.99991477 -0.00322999 0.01265020
vn 0.99653148 -0.00322229 0.08315422
vn 0.98194752 0.18873041 0.01264546
vn 0.97862800 0.18809050 0.08312155
vn 0.83774373 0.54591707 0.01264918
vn 0.92784403 0.37275401 0.01264558
vn 0.92470688 0.37149379 0.08312370
vn 0.83490463 0.54407789 0.08314752
vn 0.71425731 0.69976896 0.01264481
vn 0.71183923 0.69740624 0.08312312
vn 0.64195302 0.76664075 0.01258110
vn 0.63980768 0.76407149 0.08270969
vn 0.38785716 0.92163282 0.01264023
vn 0.47834315 0.87808292 0.01257864
vn 0.47674064 0.87514589 0.08269238
vn 0.38653917 0.91852202 0.08309491
vn 0.19757279 0.98020679 0.01263499
vn 0.19690895 0.97689683 0.08306295
vn -0.20196099 0.97931207 0.01263422
vn -0.00165631 0.99991876 0.01263812
vn -0.00164679 0.99654094 0.08308701
vn -0.20128549 0.97600528 0.08305325
vn -0.39173316 0.91999221 0.01262783
vn -0.39041501 0.91688875 0.08301295
vn -0.56420348 0.82553925 0.01262459
vn -0.56229918 0.82275897 0.08298978
vn -0.71391757 0.70011597 0.01262274
vn -0.71151077 0.69775891 0.08297548
vn -0.83628005 0.54815724 0.01262183
vn -0.83346436 0.54630915 0.08296671
vn -0.98067861 0.19521861 0.01261599
vn -0.95755128 0.28798924 0.01255984
vn -0.95435646 0.28703395 0.08255459
vn -0.97737882 0.19456122 0.08292508
vn -0.99991271 0.00391513 0.01261913
vn -0.99654626 0.00389977 0.08294780
vn -0.98228701 -0.18695730 0.01261703
vn -0.97898214 -0.18632436 0.08292892
vn -0.92877065 -0.37044007 0.01261879
vn -0.92564474 -0.36919093 0.08294504
vn -0.71697807 -0.69698138 0.01262586
vn -0.83930549 -0.54351346 0.01262577
vn -0.83647826 -0.54167888 0.08299461
vn -0.71456742 -0.69462656 0.08298999
vn -0.56694340 -0.82365993 0.01262938
vn -0.56503215 -0.82088222 0.08301235
vn -0.48285045 -0.87561262 0.01256916
vn -0.48122493 -0.87269432 0.08262677
vn -0.20070628 -0.97956995 0.01263730
vn -0.29944194 -0.95403170 0.01257152
vn -0.29844047 -0.95084333 0.08264526
vn -0.20003076 -0.97626051 0.08308501
vn -0.88577635 0.46394231 0.01256159
vn -0.88282554 0.46238795 0.08256183
vn -0.00255111 -0.99097189 0.13404552
vn 0.19371179 -0.97186229 0.13401284
vn 0.38397252 -0.91357290 0.13397636
vn 0.55589905 -0.82036545 0.13407748
vn 0.63382029 -0.76188253 0.13344228
vn 0.77056835 -0.62322036 0.13349459
vn 0.82767364 -0.54495311 0.13409867
vn 0.91704704 -0.37555130 0.13411169
vn 0.97183953 -0.19374924 0.13412370
vn 0.99096029 -0.00321014 0.13411712
vn 0.97315736 0.18702573 0.13411241
vn 0.91953775 0.36942239 0.13407992
vn 0.83025041 0.54102178 0.13408832
vn 0.70787809 0.69349627 0.13405798
vn 0.63625539 0.75985876 0.13339324
vn 0.47411279 0.87031177 0.13332101
vn 0.38440717 0.91338848 0.13398737
vn 0.19581432 0.97144820 0.13395946
vn -0.00163912 0.99098034 0.13399733
vn -0.20014378 0.97057270 0.13390708
vn -0.38821928 0.91179195 0.13387020
vn -0.55915533 0.81817858 0.13389972
vn -0.70754810 0.69387231 0.13385403
vn -0.82882209 0.54326746 0.13384472
vn -0.94909077 0.28545733 0.13319467
vn -0.97193537 0.19347862 0.13381953
vn -0.99100016 0.00387440 0.13380463
vn -0.97353287 -0.18528483 0.13380312
vn -0.92048542 -0.36714478 0.13383309
vn -0.83181265 -0.53867096 0.13387051
vn -0.71059027 -0.69075604 0.13385649
vn -0.56187983 -0.81632139 0.13382992
vn -0.47857574 -0.86786591 0.13331922
vn -0.29681104 -0.94557737 0.13336659
vn -0.19891668 -0.97081938 0.13394729
vn -0.87795498 0.45983122 0.13323028
vn 0.19545044 -0.98071353 0.00032108
vn -0.00259803 -0.99999657 0.00032046
vn -0.99999227 0.00391897 0.00032005
vn -0.98075614 0.19523651 0.00032007
vn -0.39176242 0.92006636 0.00032039
vn -0.20198779 0.97938799 0.00032026
vn 0.71430839 0.69983099 0.00032085
vn 0.83780982 0.54596208 0.00032086
vn 0.38744620 -0.92189226 0.00032177
vn 0.98202592 0.18874585 0.00032087
vn 0.99999474 -0.00322724 0.00032098
vn -0.98236424 -0.18697699 0.00031999
vn 0.98070005 -0.19551807 0.00032084
vn -0.88583488 0.46400051 0.00031939
vn -0.83633785 0.54821428 0.00032093
vn 0.92540729 -0.37897393 0.00032074
vn -0.95762634 0.28801337 0.00031864
vn 0.83521394 -0.54992506 0.00032087
vn -0.71398502 0.70016090 0.00032044
vn 0.77752422 -0.62885291 0.00031939
vn -0.56425498 0.82560052 0.00032023
vn 0.63954350 -0.76875484 0.00031908
vn 0.56094736 -0.82785141 0.00032130
vn -0.00165929 0.99999857 0.00032036
vn 0.19759531 0.98028363 0.00032046
vn -0.20071074 -0.97965050 0.00032008
vn 0.38789838 0.92170209 0.00032086
vn -0.29943609 -0.95411631 0.00031781
vn 0.47839019 0.87814733 0.00031946
vn -0.56700792 -0.82371228 0.00032026
vn -0.71703893 -0.69703305 0.00032036
vn 0.64199625 0.76670771 0.00031936
vn -0.83937075 -0.54355923 0.00032021
vn -0.92884484 -0.37046883 0.00032011
vn 0.92791993 0.37277941 0.00032083
vn -0.48290957 -0.87567017 0.00031837
vn -0.00002120 0.00005537 1.00000000
vn -0.00002902 0.00009462 1.00000000
vn 0.00000261 -0.00000543 1.00000000
vn 0.00002462 -0.00002852 1.00000000
vn 0.00003305 -0.00003169 1.00000000
vn 0.00008217 -0.00006646 0.99999999
vn 0.00026287 -0.00005477 0.99999996
vn 0.00002240 -0.00000488 1.00000000
vn 0.00055197 -0.00005575 0.99999985
vn 0.00000849 0.00003254 1.00000000
vn 0.00005441 -0.00002114 1.00000000
vn 0.00033942 0.00027257 0.99999991
vn 0.00010257 0.00011805 0.99999999
vn 0.00002733 0.00005752 1.00000000
vn 0.00000000 0.00000000 1.00000000
vn -0.00000279 0.00001675 1.00000000
vn 0.00000000 0.00000000 1.00000000
vn -0.00000018 0.00011660 0.99999999
vn 0.00002270 -0.00010330 0.99999999
vn 0.00002517 -0.00003053 1.00000000
vn 0.00034393 -0.00027754 0.99999990
vn 0.00034795 -0.00028017 0.99999990
vn 0.00052612 -0.00005632 0.99999986
vn 0.00002468 0.00002620 1.00000000
vn -0.00055543 -0.00005181 0.99999984
vn -0.00042268 -0.00033725 0.99999985
vn 0.00000000 0.00000000 1.00000000
vn 0.00000000 0.00000000 1.00000000
vn 0.00000000 0.00000000 1.00000000
vn -0.20189798 -0.00000169 0.97940656
vn -0.00165724 -0.00000139 0.99999863
vn -0.00163752 -0.00446286 0.99998870
vn -0.20196944 -0.00423150 0.97938268
vn 0.38730505 0.00000214 -0.92195163
vn 0.19536558 0.00000083 -0.98073049
vn 0.19536548 0.00000042 -0.98073051
vn 0.38730544 0.00000129 -0.92195146
vn 0.92786430 0.00000183 0.37291801
vn 0.98201063 0.00000278 0.18882565
vn 0.98201114 0.00000130 0.18882301
vn 0.92786310 0.00000080 0.37292100
vn -0.39161543 -0.00000303 0.92012899
vn -0.20189328 -0.00000538 0.97940753
vn -0.39161708 -0.00000077 0.92012829
vn 0.56078525 0.00000202 -0.82796129
vn 0.56078511 0.00000081 -0.82796139
vn -0.00165774 -0.00000215 0.99999863
vn 0.19750878 -0.00000075 0.98030112
vn 0.19750910 -0.00000037 0.98030105
vn -0.56408340 -0.00000228 0.82571782
vn -0.56408096 -0.00000156 0.82571949
vn 0.63937253 0.00000184 -0.76889711
vn 0.63937253 0.00000092 -0.76889711
vn -0.92586936 -0.00000611 0.37784380
vn -0.83623633 -0.00001091 0.54836922
vn -0.83623644 -0.00000603 0.54836905
vn -0.92587027 -0.00000179 0.37784155
vn -0.64211725 -0.00000320 0.76660644
vn -0.64211647 -0.00000203 0.76660709
vn 0.83510603 0.00000349 -0.55008901
vn 0.77739024 0.00000224 -0.62901861
vn 0.77739128 0.00000162 -0.62901732
vn 0.83510610 0.00000200 -0.55008890
vn -0.83926971 -0.00000205 -0.54371532
vn -0.92878822 -0.00000184 -0.37061091
vn -0.92878849 -0.00000099 -0.37061024
vn -0.83926827 -0.00000121 -0.54371754
vn -0.77873719 -0.00000406 0.62735029
vn -0.77873010 -0.00000544 0.62735909
vn 0.92535040 0.00000376 -0.37911296
vn 0.92535031 0.00000177 -0.37911318
vn -0.98074046 -0.00000308 0.19531553
vn -0.98074050 -0.00000145 0.19531531
vn 0.98068354 0.00000306 -0.19560111
vn 0.98068360 0.00000144 -0.19560081
vn -0.99999231 -0.00000283 0.00392268
vn -0.99999232 -0.00000148 0.00392006
vn 0.99999479 0.00000283 -0.00322880
vn 0.99999478 0.00000147 -0.00323166
vn -0.98234938 -0.00000278 -0.18705531
vn -0.98234992 -0.00000130 -0.18705248
vn 0.83770783 0.00000084 0.54611865
vn 0.83770583 0.00000067 0.54612173
vn -0.78154420 -0.00000225 -0.62384987
vn -0.78154420 -0.00000113 -0.62384987
vn 0.77957044 0.00000126 0.62631455
vn 0.77956972 0.00000112 0.62631546
vn -0.56682210 -0.00000051 -0.82384022
vn -0.64538474 -0.00000186 -0.76385767
vn -0.64538346 -0.00000042 -0.76385875
vn -0.56682120 0.00000016 -0.82384084
vn 0.56278471 0.00000169 0.82660351
vn 0.64182760 0.00000185 0.76684896
vn 0.64182752 0.00000096 0.76684903
vn 0.56278596 0.00000031 0.82660267
vn -0.39299128 0.00000121 -0.91954220
vn -0.39299093 0.00000088 -0.91954235
vn 0.38774929 -0.00000156 0.92176488
vn 0.38774922 -0.00000095 0.92176491
vn -0.20064022 0.00000259 -0.97966499
vn -0.20064009 0.00000139 -0.97966502
vn -0.00259085 0.00000293 -0.99999664
vn -0.00259242 0.00000102 -0.99999664
vn -0.64228490 0.76646598 0.00000000
vn -0.56424236 0.82560921 0.00000000
vn -0.56411612 0.82569465 -0.00115895
vn -0.64228461 0.76646552 -0.00104336
vn 0.00008447 0.00010172 0.99999999
vn -0.00004725 -0.00008883 0.99999999
vn -0.00000256 -0.00000705 1.00000000
vn -0.20073069 -0.97964646 0.00000000
vn -0.20073069 -0.97964646 0.00000000
vn -0.39314225 -0.91947766 0.00000000
vn -0.39314225 -0.91947766 0.00000000
vn 0.19759217 0.98028431 0.00000000
vn 0.19759217 0.98028431 0.00000000
vn 0.38789356 0.92170417 0.00000000
vn 0.38789356 0.92170417 0.00000000
vn 0.19546095 -0.98071148 0.00000000
vn 0.19546167 -0.98071134 0.00000000
vn -0.00257936 -0.99999667 0.00000000
vn -0.00257952 -0.99999667 0.00000000
vn -0.20198409 0.97938880 0.00000000
vn -0.20198514 0.97938859 0.00000000
vn -0.00165954 0.99999862 0.00000000
vn -0.00165954 0.99999862 0.00000000
vn 0.38744743 -0.92189180 0.00000000
vn 0.38744727 -0.92189187 0.00000000
vn 0.92791873 0.37278256 0.00000000
vn 0.92791997 0.37277945 0.00000000
vn 0.98202569 0.18874733 0.00000000
vn 0.98202619 0.18874473 0.00000000
vn -0.39175463 0.92006973 0.00000000
vn -0.39175463 0.92006973 0.00000000
vn 0.56095127 -0.82784882 0.00000000
vn 0.56095068 -0.82784922 0.00000000
vn -0.56424339 0.82560850 0.00000000
vn 0.63953996 -0.76875785 0.00000000
vn 0.63953996 -0.76875785 0.00000000
vn -0.92592715 0.37770214 0.00000000
vn -0.92592743 0.37770147 0.00000000
vn -0.83634549 0.54820272 0.00000000
vn -0.83634677 0.54820076 0.00000000
vn -0.64228490 0.76646598 0.00000000
vn 0.83521541 -0.54992292 0.00000000
vn 0.83521570 -0.54992248 0.00000000
vn 0.77752896 -0.62884713 0.00000000
vn 0.77752896 -0.62884713 0.00000000
vn -0.83937544 -0.54355208 0.00000000
vn -0.83937731 -0.54354921 0.00000000
vn -0.92884506 -0.37046843 0.00000000
vn -0.92884507 -0.37046839 0.00000000
vn -0.77886288 0.62719423 0.00000000
vn -0.77886288 0.62719423 0.00000000
vn 0.92540666 -0.37897561 0.00000000
vn 0.92540666 -0.37897561 0.00000000
vn -0.98075637 0.19523559 0.00000000
vn -0.98075638 0.19523558 0.00000000
vn 0.98069998 -0.19551868 0.00000000
vn 0.98069987 -0.19551919 0.00000000
vn -0.99999233 0.00391597 0.00000000
vn -0.99999232 0.00391920 0.00000000
vn 0.99999478 -0.00323027 0.00000000
vn 0.99999479 -0.00322685 0.00000000
vn -0.98236491 -0.18697377 0.00000000
vn -0.98236428 -0.18697704 0.00000000
vn 0.83781569 0.54595318 0.00000000
vn 0.83781716 0.54595091 0.00000000
vn -0.78167631 -0.62368433 0.00000000
vn -0.78167631 -0.62368433 0.00000000
vn 0.77970600 0.62614579 0.00000000
vn 0.77970600 0.62614579 0.00000000
vn -0.56699190 -0.82372337 0.00000000
vn -0.56699190 -0.82372337 0.00000000
vn -0.64555699 -0.76371210 0.00000000
vn -0.64555699 -0.76371210 0.00000000
vn 0.56295326 0.82648873 0.00000000
vn 0.56295326 0.82648873 0.00000000
vn 0.64199275 0.76671070 0.00000000
vn 0.64199275 0.76671070 0.00000000
vn 0.77780525 -0.62850391 -0.00135258
vn 0.83530228 -0.54978720 -0.00203220
vn -0.92909083 -0.36981516 0.00519299
vn -0.83974612 -0.54293535 0.00690400
vn -0.77909674 0.62690371 -0.00008403
vn -0.83622353 0.54838872 0.00016531
vn 0.92543782 -0.37888863 -0.00287108
vn -0.92583389 0.37792972 0.00085524
vn -0.98067308 0.19564646 0.00166589
vn 0.98068356 -0.19557225 -0.00335427
vn -0.99998675 0.00433797 0.00277099
vn 0.99998872 -0.00323257 -0.00348132
vn -0.98244888 -0.18649019 0.00395086
vn 0.98202136 0.18873559 -0.00359641
vn 0.92792697 0.37274378 -0.00368816
vn 0.83786671 0.54586305 -0.00359218
vn -0.78165220 -0.62366509 0.00785484
vn 0.77970126 0.62614198 -0.00348690
vn -0.64546329 -0.76372578 0.01000373
vn -0.56739887 -0.82337360 0.01069710
vn 0.64183859 0.76683301 -0.00321895
vn 0.56301155 0.82644279 -0.00321166
vn -0.39324433 -0.91935417 0.01211676
vn 0.38801278 0.92164934 -0.00292847
vn -0.20060423 -0.97958784 0.01286922
vn 0.19748440 0.98030205 -0.00279385
vn -0.00102928 -0.99990285 0.01390099
vn 0.19634683 -0.98051744 0.00578484
vn -0.00141820 0.99999520 -0.00275519
vn -0.20185006 0.97941425 -0.00207034
vn 0.38819905 -0.92156973 0.00327516
vn -0.39162887 0.92012184 -0.00161845
vn 0.56138084 -0.82755741 0.00052922
vn 0.63953956 -0.76875737 -0.00111812
vn 0.92530385 0.00084870 -0.37922562
vn 0.83504647 0.00120886 -0.55017809
vn 0.83530794 0.00746760 -0.54973165
vn 0.92539739 0.00531441 -0.37896100
vn 0.19534010 0.00207958 -0.98073336
vn 0.38725887 0.00196132 -0.92196894
vn 0.98203964 -0.00046718 0.18867411
vn 0.92792257 -0.00097250 0.37277172
vn -0.39174545 -0.00362319 0.92006651
vn 0.56072563 0.00177311 -0.82799977
vn 0.19761043 -0.00418327 0.98027171
vn -0.56422099 -0.00291397 0.82561866
vn 0.63937997 0.00165854 -0.76888913
vn -0.83633490 -0.00158536 0.54821658
vn -0.92593320 -0.00101799 0.37768595
vn -0.64218468 -0.00245733 0.76654602
vn 0.77739086 0.00136470 -0.62901637
vn -0.92874309 0.00083948 -0.37072304
vn -0.83920705 0.00120654 -0.54381070
vn -0.77872656 -0.00195561 0.62736043
vn -0.98077147 -0.00049776 0.19515911
vn 0.98065729 0.00044675 -0.19573214
vn -0.99999289 -0.00001149 0.00376965
vn 0.99999430 0.00000578 -0.00337747
vn -0.98232429 0.00043756 -0.18718653
vn 0.83779827 -0.00152739 0.54597777
vn -0.78155127 0.00136879 -0.62383952
vn 0.77961673 -0.00188972 0.62625409
vn -0.64538219 0.00166170 -0.76385801
vn -0.56676170 0.00177658 -0.82387986
vn 0.64182566 -0.00239320 0.76684686
vn 0.56292933 -0.00283598 0.82650016
vn -0.39294512 0.00196509 -0.91955983
vn 0.38789154 -0.00355859 0.92169815
vn -0.20061526 0.00208183 -0.97966789
vn -0.00259340 0.00211959 -0.99999439
vn 0.98288086 -0.01116213 0.18390383
vn 0.99998813 -0.00030809 -0.00486349
vn 0.99995994 -0.00062288 -0.00892881
vn 0.98504415 -0.03052188 0.16957725
vn -0.92672046 -0.00822102 0.37566154
vn -0.98102693 -0.00381671 0.19383395
vn 0.98063777 0.00282394 -0.19581008
vn -0.99999516 -0.00020418 0.00310525
vn 0.99999219 -0.00009735 -0.00394982
vn -0.98230228 0.00282076 -0.18728127
vn 0.98225358 -0.00352601 0.18752459
vn -0.92883766 0.00537643 -0.37044798
vn 0.92860148 -0.00768438 0.37099898
vn 0.83925668 -0.01316189 0.54357611
vn -0.83947493 0.00758433 -0.54334548
vn -0.78222086 0.00900567 -0.62293613
vn 0.78154004 -0.01688600 0.62362652
vn -0.64597127 0.00972925 -0.76329972
vn -0.56725378 0.01085227 -0.82347154
vn 0.64352126 -0.02467590 0.76503038
vn 0.56672488 -0.03240868 0.82326945
vn -0.39337818 0.01190161 -0.91929971
vn 0.39271400 -0.05049085 0.91827359
vn -0.20087132 0.01254064 -0.97953736
vn 0.20181210 -0.07455631 0.97658242
vn -0.00260887 0.01273128 -0.99991555
vn 0.19556422 0.01249798 -0.98061126
vn -0.00096904 -0.08904026 0.99602756
vn -0.20530304 -0.07568906 0.97576730
vn 0.38766077 0.01182294 -0.92172629
vn -0.39634075 -0.05191638 0.91663444
vn 0.56118926 0.01075085 -0.82761769
vn -0.56816883 -0.03383971 0.82221594
vn 0.64005828 0.00963226 -0.76826598
vn -0.83798171 -0.01394787 0.54552003
vn -0.64533259 -0.02581717 0.76346533
vn 0.77795007 0.00886071 -0.62826362
vn -0.77994407 -0.01798022 0.62559089
vn 0.69474996 -0.65175457 0.30420137
vn 0.76667453 -0.58369311 0.26741824
vn 0.75960798 -0.63273279 0.15048237
vn 0.67902069 -0.69774190 0.22822609
vn -0.92998808 0.01766598 -0.36716493
vn -0.98253404 0.00904229 -0.18586311
vn -0.98334217 0.02736346 -0.17969257
vn -0.93427605 0.05475037 -0.35232181
vn 0.84373607 -0.03931046 0.53531686
vn 0.93077765 -0.02370232 0.36481663
vn 0.93766111 -0.06163578 0.34204193
vn 0.85663158 -0.09551055 0.50701091
vn -0.78612271 0.03134615 -0.61727506
vn -0.84186341 0.02543563 -0.53909093
vn -0.85116697 0.08106012 -0.51859815
vn -0.80154018 0.10332462 -0.58894598
vn 0.78778935 -0.04958315 0.61394580
vn 0.80149370 -0.11049941 0.58770548
vn -0.57112054 0.03764468 -0.82000256
vn -0.64979115 0.03265247 -0.75941114
vn -0.66591265 0.10601242 -0.73845901
vn -0.56148146 0.14795815 -0.81415414
vn 0.57623078 -0.09027244 0.81228626
vn 0.65092349 -0.07037222 0.75587457
vn 0.67070072 -0.15818623 0.72466382
vn 0.59701993 -0.18148223 0.78142907
vn -0.39264185 0.05361140 -0.91812755
vn -0.42005757 0.14374207 -0.89604121
vn 0.40310350 -0.13614887 0.90497019
vn 0.42230386 -0.24640523 0.87232099
vn -0.20901385 0.05112834 -0.97657519
vn -0.23820268 0.14541993 -0.96026691
vn 0.20959707 -0.19592477 0.95795749
vn 0.22192156 -0.33020405 0.91745087
vn 0.19745146 0.04437524 -0.97930780
vn -0.00265069 0.04520941 -0.99897402
vn -0.00277836 0.15726695 -0.98755222
vn 0.20587837 0.15378814 -0.96641777
vn -0.21171098 -0.19571820 0.95753478
vn 0.00002848 -0.23042108 0.97309102
vn -0.00000951 -0.37995021 0.92500694
vn -0.22407051 -0.32759232 0.91786474
vn 0.39096878 0.04179642 -0.91945444
vn 0.40542521 0.14309419 -0.90285904
vn -0.40617770 -0.13597704 0.90362045
vn -0.42503025 -0.24345335 0.87182553
vn 0.56502687 0.03771509 -0.82421005
vn 0.58782225 0.13888217 -0.79697977
vn -0.57758859 -0.09061317 0.81128335
vn -0.59779924 -0.17982299 0.78121684
vn 0.64404557 0.03280354 -0.76428348
vn 0.65527222 0.11730474 -0.74622913
vn -0.92901755 -0.02424238 0.36924071
vn -0.84260066 -0.03979646 0.53706644
vn -0.85528001 -0.09536482 0.50931489
vn -0.93591158 -0.06207848 0.34672146
vn -0.65453069 -0.07081295 0.75271183
vn -0.67376030 -0.15689220 0.72210241
vn 0.83774241 0.02558340 -0.54546598
vn 0.78172177 0.03138618 -0.62283705
vn 0.79730146 0.10381323 -0.59458657
vn 0.84724674 0.08176248 -0.52486938
vn -0.78497471 -0.05016281 0.61749364
vn -0.79843885 -0.11025159 0.59189525
vn 0.92662043 0.01793639 -0.37557006
vn 0.93111668 0.05569151 -0.36044442
vn -0.98172584 -0.01162529 0.18994535
vn -0.98397652 -0.03117811 0.17555095
vn 0.98091163 0.00936656 -0.19422831
vn 0.98180529 0.02826639 -0.18777480
vn -0.99999783 -0.00066430 0.00197595
vn -0.99999645 -0.00133393 -0.00230465
vn -0.21339122 -0.95818432 0.19064889
vn -0.00381147 -0.97527200 0.22097509
vn -0.00243770 -0.99699656 0.07740745
vn -0.20473416 -0.97652682 0.06692754
vn -0.43614148 0.82825076 -0.35182565
vn -0.57608819 0.76826899 -0.27907912
vn -0.58569861 0.79915961 -0.13528137
vn -0.40986672 0.89926216 -0.15276399
vn 0.44333220 -0.79051783 0.42253772
vn 0.53761849 -0.75389156 0.37764253
vn 0.56847205 -0.80265416 0.18051546
vn 0.42013312 -0.86882081 0.26198962
vn -0.22654836 0.89582506 -0.38232617
vn -0.21083080 0.96363309 -0.16419997
vn 0.23051233 -0.82537675 0.51538072
vn 0.21864287 -0.90876628 0.35544219
vn 0.22080834 0.89701350 -0.38289746
vn -0.00285687 0.91955264 -0.39295646
vn -0.00264814 0.98574753 -0.16821056
vn 0.20554096 0.96470483 -0.16461320
vn -0.23792037 -0.82217255 0.51713266
vn -0.00378414 -0.81974439 0.57271705
vn -0.00501164 -0.90789940 0.41915815
vn -0.22729841 -0.90536986 0.35866537
vn 0.43032537 0.83076548 -0.35305635
vn 0.40433988 0.90161689 -0.15361067
vn 0.94662143 -0.29526272 0.12933596
vn 0.98762153 -0.14358231 0.06314936
vn 0.98459814 -0.17200356 0.03132542
vn 0.93657503 -0.34444195 0.06470668
vn -0.44879611 -0.78651243 0.42424079
vn -0.42620841 -0.86466695 0.26588995
vn 0.57296347 0.77027455 -0.27998211
vn 0.58152060 0.80180310 -0.13764292
vn -0.59688073 -0.73390793 0.32421065
vn -0.59757681 -0.77734403 0.19656606
vn 0.67547612 0.71562531 -0.17779887
vn 0.65975624 0.74168906 -0.12090921
vn -0.94545888 -0.29789144 0.13178846
vn -0.87331262 -0.44446265 0.19944426
vn -0.85457518 -0.50865177 0.10475993
vn -0.93553745 -0.34655086 0.06835343
vn -0.67846871 -0.70360314 0.21124117
vn -0.67011608 -0.72260007 0.16968671
vn 0.86174236 0.46784388 -0.19627076
vn 0.77954755 0.54867604 -0.30209306
vn 0.79537566 0.59571988 -0.11178278
vn 0.84707930 0.52392270 -0.08922819
vn -0.86634342 0.46109501 -0.19193872
vn -0.94138592 0.31182784 -0.12866993
vn -0.93375465 0.35305833 -0.05875425
vn -0.85020785 0.51918967 -0.08711318
vn -0.78705126 -0.54790376 0.28346391
vn -0.80064188 -0.58647466 0.12255630
vn 0.93897741 0.31774495 -0.13175569
vn 0.93130300 0.35903579 -0.06138420
vn -0.98689327 -0.14734262 0.06581661
vn -0.98386912 -0.17548585 0.03473140
vn 0.98374264 0.16621528 -0.06799197
vn 0.98204211 0.18594319 -0.03191287
vn -0.99997625 0.00689134 -0.00003525
vn -0.99999458 0.00245302 0.00219816
vn 0.99993201 0.01133531 -0.00273501
vn 0.99997678 0.00676405 -0.00083184
vn -0.98489597 0.16051162 -0.06493031
vn -0.98319841 0.18021096 -0.02906719
vn 0.87401502 -0.44399889 0.19738978
vn 0.85498348 -0.50876664 0.10079560
vn -0.78700542 0.54796635 -0.28347019
vn -0.79919049 0.59125444 -0.10822542
vn -0.67585888 0.71587946 -0.17530364
vn -0.66448354 0.73817002 -0.11647599
vn -0.78256475 -0.62195707 0.02760088
vn -0.83997629 -0.54208920 0.02406533
vn 0.39221918 0.91752257 -0.06569966
vn 0.19880490 0.97756154 -0.06964230
vn 0.19677472 0.98013096 -0.02496012
vn 0.38843111 0.92116288 -0.02408784
vn 0.93036240 -0.36546002 0.02940731
vn 0.98260021 -0.18525223 0.01335787
vn 0.98177604 -0.19003675 0.00135650
vn 0.92775601 -0.37312510 0.00681496
vn -0.40737082 -0.90215417 0.14201007
vn -0.39664845 -0.91640424 0.05360296
vn 0.56692320 0.82163352 -0.05929964
vn 0.56275682 0.82632520 -0.02216796
vn 0.20669387 -0.96084494 0.18453902
vn 0.19829674 -0.97844170 0.05770818
vn -0.57883020 -0.80892043 0.10297248
vn -0.56947348 -0.82094517 0.04182090
vn 0.64594977 0.76155425 -0.05276384
vn 0.64209136 0.76637184 -0.01982158
vn -0.93021174 -0.36542397 0.03422625
vn -0.84399978 -0.53374802 0.05270129
vn -0.92854094 -0.37083228 0.01717993
vn -0.65317782 -0.75219211 0.08698136
vn -0.64641450 -0.76209243 0.03692456
vn 0.83933471 0.54211634 -0.04033742
vn 0.78364547 0.61934043 -0.04813741
vn 0.78002597 0.62545782 -0.01902631
vn 0.83685264 0.54718569 -0.01629342
vn -0.84154368 0.53887368 -0.03767471
vn -0.92938071 0.36825324 -0.02531894
vn -0.92749763 0.37377896 -0.00611908
vn -0.83827865 0.54512861 -0.01112239
vn -0.78804714 -0.61244114 0.06243034
vn 0.92778005 0.37203705 -0.02850636
vn 0.92668070 0.37564654 -0.01235148
vn -0.98233781 -0.18626051 0.01787324
vn -0.98196766 -0.18873113 0.01095791
vn 0.98142607 0.19120781 -0.01557062
vn 0.98123164 0.19266426 -0.00805954
vn -0.99999668 0.00084981 0.00243430
vn -0.99998738 0.00152657 0.00478723
vn 0.99999488 0.00279332 -0.00155962
vn 0.99999286 0.00129236 -0.00355135
vn -0.98210371 0.18795725 -0.01201533
vn -0.98146754 0.19162642 -0.00088700
vn 0.84345766 -0.53509688 0.04743946
vn 0.83843521 -0.54485133 0.01278387
vn -0.78580647 0.61678681 -0.04563141
vn -0.78148123 0.62376383 -0.01434495
vn 0.78520423 -0.61661276 0.05694747
vn 0.77986403 -0.62575727 0.01548980
vn -0.57134417 0.81867919 -0.05770806
vn -0.65030043 0.75795547 -0.05111610
vn -0.64512842 0.76389350 -0.01661470
vn -0.56657184 0.82378806 -0.01922475
vn 0.57554147 -0.81205194 0.09655909
vn 0.65302741 -0.75308514 0.08011228
vn 0.64297806 -0.76553270 0.02321415
vn 0.56518264 -0.82446100 0.02885548
vn -0.39725549 0.91542819 -0.06464751
vn -0.39332947 0.91913087 -0.02214425
vn 0.40175106 -0.90559077 0.13602000
vn 0.39096839 -0.91944652 0.04197386
vn -0.20369345 0.97658672 -0.06919074
vn -0.20190625 0.97910090 -0.02439848
vn -0.00242837 0.99747720 -0.07094600
vn -0.00211784 0.99967380 -0.02545197
vn -0.68951332 0.38017471 -0.61647268
vn -0.77928669 0.29281102 -0.55405230
vn -0.77088944 0.44802821 -0.45276947
vn -0.71718771 0.48372929 -0.50164505
vn 0.78839521 -0.28064033 0.54742488
vn 0.87537524 -0.19764064 0.44119879
vn 0.88587290 -0.32857783 0.32751460
vn 0.78395112 -0.43877574 0.43919984
vn -0.86798977 0.19410083 -0.45707617
vn -0.87700960 0.34138758 -0.33809566
vn 0.94737303 -0.12998642 0.29255404
vn 0.95257680 -0.21585448 0.21448611
vn -0.94227309 0.13016610 -0.30850966
vn -0.98518370 0.06591844 -0.15832827
vn -0.98615822 0.11801821 -0.11646314
vn -0.94651573 0.22936758 -0.22693276
vn 0.98784539 -0.06381713 0.14173520
vn 0.99992655 0.00233740 -0.01189277
vn 0.99991076 0.00925635 -0.00963276
vn 0.98927970 -0.10378995 0.10272938
vn -0.99998144 0.00070610 -0.00605092
vn -0.99996744 0.00607407 -0.00531180
vn 0.98387036 0.06807577 -0.16542310
vn 0.98502524 0.12216812 -0.12165616
vn -0.98696600 -0.06527932 0.14709427
vn -0.98855888 -0.10656201 0.10675149
vn 0.93955950 0.13246362 -0.31572351
vn 0.94415369 0.23373613 -0.23225253
vn -0.94583912 -0.13106585 0.29700186
vn -0.95131648 -0.21794041 0.21794250
vn 0.86331345 0.20009590 -0.46330499
vn 0.86669036 0.35181683 -0.35365623
vn -0.87405901 -0.19761432 0.44381237
vn -0.78721532 -0.27994755 0.54947375
vn -0.78379366 -0.43758842 0.44066300
vn -0.88486895 -0.32900854 0.32978829
vn 0.77844007 0.29546315 -0.55383444
vn 0.77368874 0.44994663 -0.44604233
vn -0.70682850 -0.38778130 0.59162415
vn -0.71423142 -0.49108389 0.49870843
vn 0.65494841 0.36865086 -0.65965076
vn 0.72487910 0.48687611 -0.48734171
vn -0.59733292 -0.31362700 0.73812701
vn -0.44760729 -0.40286072 0.79834263
vn -0.45717827 -0.49213350 0.74080541
vn -0.54771966 -0.45865790 0.69974003
vn -0.00086459 -0.51795252 0.85540893
vn 0.23217033 -0.48050195 0.84570374
vn 0.23700323 -0.54854031 0.80183103
vn -0.00137856 -0.56823314 0.82286645
vn 0.59713170 0.28656781 -0.74920799
vn 0.45597980 0.35859760 -0.81454907
vn 0.45012437 0.47127674 -0.75847630
vn 0.53779162 0.41517503 -0.73376418
vn -0.23551809 -0.47600327 0.84732055
vn -0.24111998 -0.54540498 0.80274191
vn 0.22196078 0.38832041 -0.89439403
vn 0.22654276 0.52660588 -0.81936843
vn -0.00297943 0.39867454 -0.91708764
vn -0.22789874 0.38780415 -0.89312379
vn -0.23252829 0.52590636 -0.81814002
vn -0.00301607 0.54066072 -0.84123534
vn 0.44443820 -0.40742005 0.79779922
vn 0.45339061 -0.49535495 0.74098612
vn -0.45882586 0.33611429 -0.82249985
vn -0.44640114 0.48395486 -0.75267105
vn 0.59631299 -0.31697859 0.73751976
vn 0.54484733 -0.46146524 0.70013657
vn -0.58457963 0.27063334 -0.76486878
vn -0.56457324 0.43465757 -0.70166220
vn 0.70699648 -0.38859435 0.59088950
vn 0.71334789 -0.49367484 0.49741325
vn -0.70780421 0.59739503 -0.37700447
vn -0.70735072 -0.58639438 0.39471077
vn 0.71930348 0.57851887 -0.38460164
vn -0.54663906 -0.69298445 0.47006201
vn -0.45761553 -0.72554151 0.51398205
vn -0.00340348 -0.78163270 0.62372970
vn 0.23546973 -0.77613178 0.58495595
vn 0.54143300 0.71084968 -0.44893545
vn 0.43836172 0.76001996 -0.47980065
vn -0.24236069 -0.77225533 0.58726740
vn 0.22542375 0.82390645 -0.51996374
vn -0.00297559 0.84568305 -0.53367717
vn -0.23134395 0.82275724 -0.51918254
vn 0.45253686 -0.72989694 0.51230932
vn -0.44431302 0.75760477 -0.47814324
vn 0.54524614 -0.69545335 0.46802916
vn -0.54747886 0.70760875 -0.44671776
vn 0.68015854 -0.20753930 0.70307311
vn 0.63206803 0.18735823 -0.75192214
vn -0.68219574 -0.20416338 0.70208709
vn -0.66116653 0.20069398 -0.72289747
vn 0.65858610 -0.74505494 0.10562896
vn -0.00001996 0.00000213 -1.00000000
vn 0.00000148 0.00001042 -1.00000000
vn -0.00001764 -0.00002383 -1.00000000
vn 0.00000000 1.00000000 0.00000000
vn 0.00000000 1.00000000 0.00000000
vn 0.00000000 1.00000000 0.00000000
vn 0.00000000 1.00000000 0.00000000
vn -0.20189969 -0.00000052 -0.97940620
vn -0.20196981 -0.00423426 -0.97938259
vn -0.00163677 -0.00445761 -0.99998873
vn -0.00165553 -0.00000002 -0.99999863
vn 0.38730228 0.00000087 0.92195279
vn 0.38730222 0.00000046 0.92195281
vn 0.19536468 0.00000023 0.98073067
vn 0.19536532 0.00000046 0.98073054
vn 0.92786425 0.00000079 -0.37291812
vn 0.92786300 0.00000037 -0.37292124
vn 0.98201077 0.00000085 -0.18882491
vn 0.98201013 0.00000167 -0.18882826
vn -0.39161565 -0.00000180 -0.92012890
vn -0.39161347 -0.00000153 -0.92012982
vn -0.20190131 -0.00000048 -0.97940587
vn 0.56078570 0.00000143 0.82796099
vn 0.56078502 0.00000048 0.82796145
vn -0.00165551 0.00000003 -0.99999863
vn 0.19750876 0.00000023 -0.98030112
vn 0.19750929 0.00000026 -0.98030102
vn -0.56408942 -0.00000347 -0.82571371
vn -0.56408847 -0.00000147 -0.82571435
vn 0.63937496 0.00000111 0.76889509
vn 0.63937361 0.00000000 0.76889622
vn -0.92586961 -0.00000227 -0.37784316
vn -0.92587038 -0.00000040 -0.37784130
vn -0.83623004 -0.00000271 -0.54837882
vn -0.83622850 -0.00000498 -0.54838115
vn -0.64213676 -0.00000251 -0.76659010
vn -0.64213984 0.00000000 -0.76658752
vn 0.83509867 0.00000148 0.55010018
vn 0.83509902 0.00000106 0.55009966
vn 0.77737579 0.00000064 0.62903647
vn 0.77737416 0.00000000 0.62903849
vn -0.83927062 -0.00000140 0.54371392
vn -0.83926887 -0.00000074 0.54371663
vn -0.92878854 -0.00000037 0.37061011
vn -0.92878845 -0.00000079 0.37061033
vn -0.77871029 -0.00000269 -0.62738368
vn -0.77871721 0.00000000 -0.62737509
vn 0.92534977 0.00000235 0.37911450
vn 0.92534912 0.00000078 0.37911609
vn -0.98074016 -0.00000169 -0.19531701
vn -0.98073991 -0.00000124 -0.19531825
vn 0.98068339 0.00000079 0.19560185
vn 0.98068319 0.00000000 0.19560286
vn -0.99999231 -0.00000254 -0.00392189
vn -0.99999232 -0.00000127 -0.00391869
vn 0.99999479 0.00000000 0.00322908
vn 0.99999478 0.00000041 0.00323060
vn -0.98234935 -0.00000249 0.18705547
vn -0.98234964 -0.00000085 0.18705396
vn 0.83770969 0.00000139 -0.54611581
vn 0.83770722 0.00000106 -0.54611960
vn -0.78154497 -0.00000128 0.62384890
vn -0.78154370 0.00000000 0.62385050
vn 0.77957288 0.00000198 -0.62631153
vn 0.77957288 0.00000099 -0.62631153
vn -0.56681605 0.00000000 0.82384438
vn -0.56681369 0.00000071 0.82384601
vn -0.64537574 0.00000000 0.76386527
vn -0.64537574 0.00000000 0.76386527
vn 0.56278463 0.00000052 -0.82660357
vn 0.56278532 0.00000000 -0.82660310
vn 0.64182125 0.00000029 -0.76685428
vn 0.64181963 0.00000163 -0.76685563
vn -0.39299232 0.00000324 0.91954176
vn -0.39299373 0.00000144 0.91954115
vn 0.38774961 0.00000000 -0.92176474
vn 0.38774917 0.00000012 -0.92176493
vn -0.20064122 0.00000129 0.97966479
vn -0.20064413 -0.00000024 0.97966419
vn -0.00258710 0.00000001 0.99999665
vn -0.00258707 -0.00000004 0.99999665
vn -0.64228858 0.76646291 0.00000000
vn -0.64228828 0.76646244 0.00104333
vn -0.56411518 0.82569529 0.00115793
vn -0.56424237 0.82560920 0.00000000
vn 0.83521531 -0.54992307 0.00000000
vn 0.83530143 -0.54978849 0.00203397
vn 0.77779992 -0.62851050 0.00135497
vn 0.77752362 -0.62885374 0.00000000
vn -0.83937652 -0.54355042 0.00000000
vn -0.83974539 -0.54293646 -0.00690455
vn -0.92908962 -0.36981818 -0.00519450
vn -0.92884408 -0.37047087 0.00000000
vn -0.83634589 0.54820210 0.00000000
vn -0.83622395 0.54838807 -0.00016547
vn -0.77909666 0.62690381 0.00008393
vn -0.77886282 0.62719432 0.00000000
vn 0.92540744 -0.37897371 0.00000000
vn 0.92543853 -0.37888691 0.00287045
vn -0.98075615 0.19523672 0.00000000
vn -0.98067287 0.19564750 -0.00166670
vn -0.92583401 0.37792943 -0.00085578
vn -0.92592756 0.37770115 0.00000000
vn 0.98069943 -0.19552141 0.00000000
vn 0.98068309 -0.19557464 0.00335381
vn -0.99999231 0.00392051 0.00000000
vn -0.99998675 0.00433837 -0.00277025
vn 0.99999479 -0.00322681 0.00000000
vn 0.99998872 -0.00323233 0.00348096
vn -0.98236399 -0.18697858 0.00000000
vn -0.98244879 -0.18649073 -0.00394816
vn 0.98202540 0.18874882 0.00000000
vn 0.98202107 0.18873706 0.00359574
vn 0.83781347 0.54595658 0.00000000
vn 0.83786275 0.54586912 0.00359329
vn 0.92792714 0.37274338 0.00368741
vn 0.92792023 0.37277882 0.00000000
vn -0.78167487 -0.62368614 0.00000000
vn -0.78165074 -0.62366690 -0.00785593
vn 0.77969581 0.62615848 0.00000000
vn 0.77969106 0.62615467 0.00348945
vn -0.56699089 -0.82372406 0.00000000
vn -0.56739653 -0.82337523 -0.01069605
vn -0.64545937 -0.76372909 -0.01000435
vn -0.64555274 -0.76371570 0.00000000
vn 0.56295672 0.82648638 0.00000000
vn 0.56301334 0.82644158 0.00320911
vn 0.64184336 0.76682903 0.00321617
vn 0.64199419 0.76670950 0.00000000
vn -0.39313192 -0.91948208 0.00000000
vn -0.39324180 -0.91935517 -0.01212255
vn 0.38789244 0.92170465 0.00000000
vn 0.38801215 0.92164960 0.00292950
vn -0.20073676 -0.97964522 0.00000000
vn -0.20060686 -0.97958655 -0.01292610
vn 0.19758773 0.98028521 0.00000000
vn 0.19748012 0.98030291 0.00279361
vn 0.19545668 -0.98071234 0.00000000
vn 0.19634599 -0.98051760 -0.00578683
vn -0.00104019 -0.99990233 -0.01393756
vn -0.00259401 -0.99999664 0.00000000
vn -0.20198575 0.97938846 0.00000000
vn -0.20185028 0.97941420 0.00206976
vn -0.00141706 0.99999520 0.00275488
vn -0.00165818 0.99999863 0.00000000
vn 0.38744694 -0.92189200 0.00000000
vn 0.38819897 -0.92156981 -0.00326375
vn -0.39175307 0.92007040 0.00000000
vn -0.39162741 0.92012247 0.00161669
vn 0.56095975 -0.82784307 0.00000000
vn 0.56138882 -0.82755201 -0.00051916
vn 0.63954286 -0.76875544 0.00000000
vn 0.63954246 -0.76875496 0.00112019
vn 0.92530291 0.00084657 0.37922792
vn 0.92539864 0.00531607 0.37895791
vn 0.83529756 0.00746437 0.54974747
vn 0.83503851 0.00120680 0.55019018
vn 0.38725585 0.00196033 0.92197021
vn 0.19533868 0.00207914 0.98073364
vn 0.92792286 -0.00097436 -0.37277100
vn 0.98203928 -0.00046577 -0.18867601
vn -0.39174140 -0.00363185 -0.92006820
vn 0.56072597 0.00177362 0.82799954
vn 0.19761126 -0.00418460 -0.98027153
vn -0.56423010 -0.00291519 -0.82561244
vn 0.63938147 0.00166022 0.76888789
vn -0.92593289 -0.00101836 -0.37768671
vn -0.83632849 -0.00158366 -0.54822637
vn -0.64220784 -0.00245845 -0.76652661
vn 0.77737542 0.00136664 0.62903545
vn -0.83920754 0.00120581 0.54380994
vn -0.92874315 0.00083869 0.37072289
vn -0.77870730 -0.00195684 -0.62738434
vn -0.98077094 -0.00049696 -0.19516178
vn 0.98065703 0.00044758 0.19573347
vn -0.99999290 -0.00001131 -0.00376855
vn 0.99999430 0.00000732 0.00337616
vn -0.98232405 0.00043674 0.18718781
vn 0.83780046 -0.00153405 -0.54597439
vn -0.78155047 0.00136821 0.62384052
vn 0.77961600 -0.00188915 -0.62625500
vn -0.56675379 0.00177657 0.82388530
vn -0.64537485 0.00166168 0.76386422
vn 0.56293057 -0.00284047 -0.82649931
vn 0.64181978 -0.00238566 -0.76685180
vn -0.39294925 0.00196406 0.91955806
vn 0.38788936 -0.00355272 -0.92169910
vn -0.20061845 0.00208189 0.97966724
vn -0.00258792 0.00212004 0.99999440
vn 0.98288159 -0.01116366 -0.18389985
vn 0.98504455 -0.03052287 -0.16957472
vn 0.99995991 -0.00062447 0.00893206
vn 0.99998812 -0.00030819 0.00486467
vn -0.98102683 -0.00381389 -0.19383451
vn -0.92672029 -0.00821988 -0.37566201
vn 0.98063836 0.00282700 0.19580706
vn -0.99999516 -0.00020230 -0.00310501
vn 0.99999220 -0.00009550 0.00394830
vn -0.98230180 0.00282145 0.18728377
vn 0.98225412 -0.00352614 -0.18752174
vn -0.92883753 0.00537553 0.37044831
vn 0.83925364 -0.01316366 -0.54358077
vn 0.92860343 -0.00769097 -0.37099397
vn -0.78221626 0.00900340 0.62294194
vn -0.83947505 0.00758082 0.54334535
vn 0.78153550 -0.01688473 -0.62363223
vn -0.56724903 0.01085026 0.82347484
vn -0.64596406 0.00973089 0.76330580
vn 0.56672459 -0.03241339 -0.82326946
vn 0.64352390 -0.02468739 -0.76502779
vn -0.39337953 0.01189942 0.91929916
vn 0.39271136 -0.05048933 -0.91827481
vn -0.20087077 0.01254285 0.97953745
vn 0.20181868 -0.07458995 -0.97657850
vn 0.19555875 0.01249516 0.98061238
vn -0.00260691 0.01273264 0.99991554
vn -0.20530628 -0.07568508 -0.97576693
vn -0.00096742 -0.08908461 -0.99602359
vn 0.38766006 0.01181734 0.92172666
vn -0.39633117 -0.05195057 -0.91663665
vn 0.56119381 0.01074571 0.82761467
vn -0.56818151 -0.03384148 -0.82220711
vn 0.64006064 0.00962716 0.76826408
vn -0.83797586 -0.01394878 -0.54552900
vn -0.64535470 -0.02581947 -0.76344657
vn 0.77792051 0.00884832 0.62830039
vn -0.77992701 -0.01798132 -0.62561212
vn 0.69475459 -0.65174357 -0.30421436
vn 0.67902166 -0.69773423 -0.22824666
vn 0.75960348 -0.63274332 -0.15046079
vn 0.76667799 -0.58368646 -0.26742284
vn -0.92998942 0.01766229 0.36716172
vn -0.93427595 0.05475405 0.35232151
vn -0.98334216 0.02736410 0.17969255
vn -0.98253435 0.00904064 0.18586157
vn 0.84373316 -0.03930421 -0.53532189
vn 0.85663360 -0.09552015 -0.50700569
vn 0.93766068 -0.06163676 -0.34204292
vn 0.93077745 -0.02370280 -0.36481710
vn -0.78610946 0.03135416 0.61729153
vn -0.80152791 0.10332706 0.58896224
vn -0.85116004 0.08106753 0.51860837
vn -0.84185955 0.02543668 0.53909691
vn 0.78779221 -0.04959099 -0.61394150
vn 0.80149166 -0.11049316 -0.58770944
vn -0.57112266 0.03764576 0.82000104
vn -0.56148434 0.14795492 0.81415274
vn -0.66591811 0.10601086 0.73845431
vn -0.64979746 0.03265295 0.75940572
vn 0.57622493 -0.09026438 -0.81229131
vn 0.59702367 -0.18150041 -0.78142199
vn 0.67069689 -0.15817645 -0.72466950
vn 0.65092160 -0.07037342 -0.75587608
vn -0.39263582 0.05361292 0.91813004
vn -0.42005527 0.14374258 0.89604221
vn 0.40310708 -0.13616218 -0.90496660
vn 0.42231019 -0.24644167 -0.87230763
vn -0.20900706 0.05112939 0.97657659
vn -0.23820396 0.14541909 0.96026671
vn 0.20958705 -0.19591621 -0.95796143
vn 0.22191327 -0.33017910 -0.91746186
vn 0.19744441 0.04437289 0.97930932
vn 0.20587944 0.15379271 0.96641681
vn -0.00278110 0.15726694 0.98755221
vn -0.00265675 0.04520704 0.99897411
vn -0.21170512 -0.19568116 -0.95754364
vn -0.22406401 -0.32758365 -0.91786942
vn -0.00001169 -0.37986574 -0.92504163
vn 0.00003156 -0.23047227 -0.97307889
vn 0.39097355 0.04179477 0.91945249
vn 0.40542803 0.14309707 0.90285732
vn -0.40617687 -0.13598539 -0.90361957
vn -0.42502057 -0.24345815 -0.87182891
vn 0.56503344 0.03771255 0.82420566
vn 0.58782294 0.13888158 0.79697936
vn -0.57760261 -0.09061623 -0.81127303
vn -0.59780573 -0.17974760 -0.78122923
vn 0.64404356 0.03279636 0.76428548
vn 0.65526349 0.11730315 0.74623704
vn -0.92901955 -0.02424238 -0.36923566
vn -0.93591394 -0.06208142 -0.34671456
vn -0.85527505 -0.09536938 -0.50932236
vn -0.84259717 -0.03980735 -0.53707112
vn -0.65455090 -0.07082806 -0.75269284
vn -0.67376072 -0.15686146 -0.72210870
vn 0.83774360 0.02558831 0.54546393
vn 0.84724136 0.08175937 0.52487854
vn 0.79729326 0.10380486 0.59459903
vn 0.78172186 0.03139089 0.62283669
vn -0.79842172 -0.11024403 -0.59191977
vn -0.78496066 -0.05018549 -0.61750965
vn 0.92662014 0.01793575 0.37557081
vn 0.93111668 0.05569141 0.36044443
vn -0.98172603 -0.01162446 -0.18994440
vn -0.98397670 -0.03118054 -0.17554951
vn 0.98091226 0.00936737 0.19422510
vn 0.98180603 0.02826624 0.18777099
vn -0.99999783 -0.00066468 -0.00197675
vn -0.99999645 -0.00133532 0.00230446
vn -0.21338937 -0.95818672 -0.19063888
vn -0.20473757 -0.97652274 -0.06697661
vn -0.00243500 -0.99700249 -0.07733120
vn -0.00380669 -0.97527037 -0.22098239
vn -0.43614723 0.82824706 0.35182723
vn -0.40986303 0.89926417 0.15276204
vn -0.58570384 0.79915551 0.13528297
vn -0.57610367 0.76825572 0.27908370
vn 0.44334279 -0.79042257 -0.42270478
vn 0.42014684 -0.86880760 -0.26201142
vn 0.56846867 -0.80265134 -0.18053861
vn 0.53763746 -0.75386957 -0.37765942
vn -0.22653653 0.89582905 0.38232382
vn -0.21082410 0.96363421 0.16420206
vn 0.23051840 -0.82536281 -0.51540032
vn 0.21863553 -0.90872731 -0.35554631
vn 0.22080659 0.89701448 0.38289617
vn 0.20553307 0.96470640 0.16461383
vn -0.00264717 0.98574730 0.16821195
vn -0.00285606 0.91955286 0.39295595
vn -0.23790322 -0.82224087 -0.51703192
vn -0.22729613 -0.90536975 -0.35866710
vn -0.00500398 -0.90794903 -0.41905073
vn -0.00377516 -0.81996704 -0.57239829
vn 0.43032517 0.83076590 0.35305562
vn 0.40434041 0.90161665 0.15361074
vn 0.94662173 -0.29526069 -0.12933840
vn 0.93657492 -0.34444178 -0.06470913
vn 0.98459833 -0.17200251 -0.03132527
vn 0.98762147 -0.14358199 -0.06315095
vn -0.44881563 -0.78649033 -0.42426112
vn -0.42618293 -0.86468706 -0.26586537
vn 0.57296706 0.77027186 0.27998216
vn 0.58152595 0.80179943 0.13764173
vn -0.59688774 -0.73391589 -0.32417974
vn -0.59759512 -0.77732841 -0.19657216
vn 0.67547572 0.71562487 0.17780213
vn 0.65975994 0.74168601 0.12090775
vn -0.94545883 -0.29789206 -0.13178739
vn -0.93553657 -0.34655365 -0.06835119
vn -0.85456991 -0.50866088 -0.10475867
vn -0.87330691 -0.44447091 -0.19945085
vn -0.67847633 -0.70360085 -0.21122433
vn -0.67011652 -0.72260361 -0.16966990
vn 0.86174075 0.46784605 0.19627266
vn 0.84707783 0.52392538 0.08922639
vn 0.79537194 0.59572492 0.11178241
vn 0.77954511 0.54867982 0.30209249
vn -0.86633745 0.46110650 0.19193808
vn -0.85020842 0.51918830 0.08711568
vn -0.93375482 0.35305815 0.05875270
vn -0.94138570 0.31183015 0.12866591
vn -0.80062303 -0.58650517 -0.12253349
vn -0.78704269 -0.54791400 -0.28346790
vn 0.93897758 0.31774486 0.13175469
vn 0.93130307 0.35903585 0.06138274
vn -0.98689322 -0.14734340 -0.06581559
vn -0.98386994 -0.17548091 -0.03473327
vn 0.98374283 0.16621471 0.06799055
vn 0.98204197 0.18594418 0.03191119
vn -0.99997624 0.00689343 0.00003582
vn -0.99999457 0.00245410 -0.00219914
vn 0.99993202 0.01133499 0.00273423
vn 0.99997678 0.00676404 0.00083124
vn -0.98489636 0.16051013 0.06492810
vn -0.98319849 0.18021053 0.02906698
vn 0.87401308 -0.44400077 -0.19739417
vn 0.85498020 -0.50877220 -0.10079533
vn -0.78699555 0.54798278 0.28346584
vn -0.79919225 0.59125030 0.10823509
vn -0.66448771 0.73816568 0.11647967
vn -0.67586439 0.71587181 0.17531364
vn -0.78256259 -0.62195975 -0.02760189
vn -0.83997558 -0.54209015 -0.02406856
vn 0.39221672 0.91752382 0.06569697
vn 0.38842393 0.92116590 0.02408814
vn 0.19677287 0.98013134 0.02495997
vn 0.19880262 0.97756205 0.06964167
vn 0.93036225 -0.36546041 -0.02940711
vn 0.92775609 -0.37312492 -0.00681467
vn 0.98177571 -0.19003844 -0.00135597
vn 0.98260010 -0.18525289 -0.01335689
vn -0.40739982 -0.90213102 -0.14207398
vn -0.39665783 -0.91639593 -0.05367550
vn 0.56692363 0.82163315 0.05930063
vn 0.56275890 0.82632384 0.02216601
vn 0.19829208 -0.97844935 -0.05759454
vn 0.20670084 -0.96084950 -0.18450748
vn -0.57883236 -0.80891772 -0.10298168
vn -0.56947715 -0.82094316 -0.04181036
vn 0.64595665 0.76154842 0.05276380
vn 0.64211419 0.76635275 0.01981985
vn -0.93021241 -0.36542207 -0.03422852
vn -0.92854124 -0.37083148 -0.01718090
vn -0.84399827 -0.53375029 -0.05270249
vn -0.65316501 -0.75220590 -0.08695830
vn -0.64641107 -0.76209533 -0.03692471
vn 0.83933245 0.54212004 0.04033484
vn 0.83684550 0.54719660 0.01629409
vn 0.78001336 0.62547356 0.01902584
vn 0.78364195 0.61934523 0.04813286
vn -0.84154311 0.53887455 0.03767527
vn -0.83827821 0.54512930 0.01112171
vn -0.92749729 0.37377980 0.00611844
vn -0.92938167 0.36825071 0.02532057
vn -0.78803772 -0.61245458 -0.06241749
vn 0.92778012 0.37203684 0.02850671
vn 0.92668040 0.37564726 0.01235155
vn -0.98233842 -0.18625702 -0.01787591
vn -0.98196821 -0.18872836 -0.01095619
vn 0.98142617 0.19120718 0.01557193
vn 0.98123187 0.19266306 0.00806016
vn -0.99999668 0.00084920 -0.00243351
vn -0.99998738 0.00152426 -0.00478663
vn 0.99999488 0.00279276 0.00156110
vn 0.99999286 0.00129141 0.00355205
vn -0.98210377 0.18795685 0.01201712
vn -0.98146750 0.19162660 0.00088709
vn 0.84345735 -0.53509761 -0.04743671
vn 0.83843426 -0.54485286 -0.01278083
vn -0.78580290 0.61679138 0.04563106
vn -0.78148113 0.62376395 0.01434524
vn 0.78520196 -0.61661600 -0.05694383
vn 0.77985959 -0.62576268 -0.01549474
vn -0.57134804 0.81867636 0.05770992
vn -0.56657566 0.82378542 0.01922492
vn -0.64513525 0.76388770 0.01661565
vn -0.65030059 0.75795535 0.05111585
vn 0.57554566 -0.81204918 -0.09655740
vn 0.56518561 -0.82445969 -0.02883477
vn 0.64297439 -0.76553574 -0.02321566
vn 0.65302036 -0.75309126 -0.08011215
vn -0.39725755 0.91542722 0.06464869
vn -0.39332705 0.91913196 0.02214205
vn 0.40174312 -0.90560598 -0.13594215
vn 0.39096280 -0.91944938 -0.04196334
vn -0.20369001 0.97658734 0.06919215
vn -0.20190484 0.97910122 0.02439733
vn -0.00211736 0.99967381 0.02545159
vn -0.00242566 0.99747710 0.07094747
vn -0.68951042 0.38017362 0.61647660
vn -0.71718385 0.48374006 0.50164019
vn -0.77088728 0.44803334 0.45276807
vn -0.77928725 0.29280273 0.55405591
vn 0.78839386 -0.28063511 -0.54742950
vn 0.78394955 -0.43876122 -0.43921714
vn 0.88587144 -0.32857149 -0.32752492
vn 0.87537177 -0.19764835 -0.44120221
vn -0.87700885 0.34138875 0.33809643
vn -0.86798737 0.19409812 0.45708188
vn 0.95257614 -0.21585383 -0.21448969
vn 0.94737297 -0.12999015 -0.29255260
vn -0.94227382 0.13016361 0.30850848
vn -0.94651563 0.22936670 0.22693407
vn -0.98615884 0.11801517 0.11646095
vn -0.98518402 0.06592103 0.15832517
vn 0.98784583 -0.06381658 -0.14173237
vn 0.98927978 -0.10378914 -0.10272938
vn 0.99991076 0.00925690 0.00963200
vn 0.99992653 0.00233746 0.01189445
vn -0.99996745 0.00607329 0.00531233
vn -0.99998145 0.00070800 0.00604930
vn 0.98502532 0.12216700 0.12165663
vn 0.98386990 0.06807422 0.16542649
vn -0.98855893 -0.10656242 -0.10675057
vn -0.98696619 -0.06528079 -0.14709238
vn 0.94415378 0.23373477 0.23225352
vn 0.93956095 0.13246587 0.31571826
vn -0.95131568 -0.21794376 -0.21794263
vn -0.94583961 -0.13107169 -0.29699772
vn 0.86669097 0.35181611 0.35365547
vn 0.86331588 0.20009572 0.46330054
vn -0.87405194 -0.19761406 -0.44382641
vn -0.88486380 -0.32901001 -0.32980067
vn -0.78378294 -0.43760555 -0.44066505
vn -0.78720595 -0.27995278 -0.54948451
vn 0.77369380 0.44994759 0.44603260
vn 0.77844113 0.29546019 0.55383453
vn -0.71423311 -0.49111506 -0.49867530
vn -0.70683464 -0.38781773 -0.59159294
vn 0.72488518 0.48687747 0.48733130
vn 0.65493633 0.36864578 0.65966559
vn -0.59734181 -0.31353415 -0.73815926
vn -0.54774267 -0.45869246 -0.69969936
vn -0.45717034 -0.49208146 -0.74084487
vn -0.44761332 -0.40283664 -0.79835140
vn -0.00086905 -0.51782725 -0.85548476
vn -0.00138097 -0.56814950 -0.82292420
vn 0.23697605 -0.54852829 -0.80184728
vn 0.23217905 -0.48050986 -0.84569685
vn 0.59712887 0.28656190 0.74921251
vn 0.53777822 0.41517149 0.73377600
vn 0.45011941 0.47127787 0.75847854
vn 0.45597520 0.35859698 0.81455191
vn -0.24115539 -0.54528809 -0.80281067
vn -0.23547712 -0.47597128 -0.84734991
vn 0.22653907 0.52660306 0.81937126
vn 0.22195190 0.38831859 0.89439702
vn -0.00297752 0.39867273 0.91708843
vn -0.00300605 0.54065765 0.84123735
vn -0.23252871 0.52589731 0.81814572
vn -0.22790189 0.38779988 0.89312484
vn 0.45339564 -0.49540590 -0.74094897
vn 0.44444105 -0.40747368 -0.79777024
vn -0.44640396 0.48394602 0.75267507
vn -0.45881709 0.33611781 0.82250331
vn 0.54484919 -0.46142241 -0.70016336
vn 0.59632459 -0.31699237 -0.73750446
vn -0.56456334 0.43465759 0.70167017
vn -0.58457051 0.27063623 0.76487473
vn 0.70699175 -0.38854157 -0.59092987
vn 0.71335031 -0.49363752 -0.49744681
vn -0.70780580 0.59740023 0.37699327
vn -0.70735031 -0.58641385 -0.39468259
vn 0.71930511 0.57852297 0.38459242
vn -0.54665333 -0.69299284 -0.47003304
vn -0.45762482 -0.72550250 -0.51402883
vn -0.00340437 -0.78179069 -0.62353165
vn 0.23546557 -0.77615381 -0.58492840
vn 0.54142824 0.71085409 0.44893421
vn 0.43835611 0.76002091 0.47980428
vn -0.24236134 -0.77239874 -0.58707850
vn 0.22542189 0.82390638 0.51996465
vn -0.00297188 0.84568495 0.53367419
vn -0.23133830 0.82275874 0.51918267
vn 0.45252481 -0.72980389 -0.51245251
vn -0.44431918 0.75759893 0.47814676
vn 0.54526975 -0.69542898 -0.46803786
vn -0.54747277 0.70761756 0.44671127
vn 0.68015934 -0.20754067 -0.70307193
vn 0.63205293 0.18734771 0.75193745
vn -0.68218584 -0.20409810 -0.70211569
vn -0.66116663 0.20068272 0.72290050
vn 0.65858120 -0.74506193 -0.10561025
vn 0.19536114 0.00000000 0.98073137
vn -0.00259142 0.00000000 0.99999664
vn -0.00259130 0.00000000 0.99999664
vn 0.19536203 0.00000000 0.98073119
vn 0.00000000 1.00000000 0.00000000
vn 0.00000000 1.00000000 0.00000000
vn 0.00000000 1.00000000 0.00000000
vn 0.00000000 1.00000000 0.00000000
vn 0.00000000 1.00000000 0.00000000
vn 0.00000000 1.00000000 0.00000000
vn 0.00000000 1.00000000 0.00000000
vn 0.00000000 1.00000000 0.00000000
vn 0.00000593 1.00000000 -0.00000120
vn 0.00000000 1.00000000 0.00000000
vn 0.00000000 1.00000000 0.00000000
vn 0.00000594 1.00000000 -0.00000123
vn -0.00001186 1.00000000 0.00000242
vn 0.00000000 1.00000000 0.00000000
vn 0.00000000 1.00000000 0.00000000
vn -0.00001181 1.00000000 0.00000246
vn -0.00000005 1.00000000 0.00000005
vn -0.00000008 1.00000000 0.00000006
vn 0.00001909 1.00000000 0.00004755
vn -0.00000946 1.00000000 -0.00005060
vn -0.00000968 1.00000000 -0.00005065
vn 0.00001929 1.00000000 0.00004742
vn 0.00000017 1.00000000 -0.00000012
vn 0.00000012 1.00000000 -0.00000011
vn -0.00000503 1.00000000 0.00000340
vn -0.00000500 1.00000000 0.00000341
vn -0.00003072 1.00000000 0.00002100
vn -0.00003054 1.00000000 0.00002109
vn 0.00000000 1.00000000 0.00000000
vn 0.00000000 1.00000000 0.00000000
vn 0.00003934 0.99999999 -0.00009516
vn 0.00002751 1.00000000 -0.00004194
vn 0.00002729 1.00000000 -0.00004201
vn 0.00003897 0.99999999 -0.00009534
vn -0.00003561 1.00000000 0.00003606
vn -0.00003545 1.00000000 0.00003619
vn 0.00000230 1.00000000 -0.00000350
vn 0.00000229 1.00000000 -0.00000351
vn -0.00005508 0.99999999 -0.00008563
vn -0.00000006 1.00000000 0.00000040
vn -0.00000011 1.00000000 0.00000035
vn -0.00005544 0.99999999 -0.00008543
vn 0.00000319 1.00000000 -0.00000769
vn 0.00000316 1.00000000 -0.00000770
vn -0.00000019 1.00000000 -0.00000011
vn -0.00003946 0.99999999 0.00009654
vn -0.00003901 0.99999999 0.00009666
vn -0.00000021 1.00000000 -0.00000013
vn -0.00000083 1.00000000 0.00000410
vn -0.00000319 1.00000000 0.00000780
vn -0.00000316 1.00000000 0.00000781
vn -0.00000082 1.00000000 0.00000410
vn 0.00000080 0.99999999 -0.00010307
vn 0.00000039 0.99999999 -0.00010310
vn 0.00000017 1.00000000 -0.00005188
vn -0.00000006 1.00000000 -0.00005185
vn 0.00000969 1.00000000 0.00005098
vn 0.00000000 1.00000000 0.00000000
vn 0.00000000 1.00000000 0.00000000
vn 0.00000991 1.00000000 0.00005089
vn 0.00002753 1.00000000 0.00004274
vn 0.00002776 1.00000000 0.00004272
vn 0.00000000 1.00000000 0.00000000
vn 0.00000000 1.00000000 0.00000000
vn 0.00000000 1.00000000 0.00000000
vn 0.00000000 1.00000000 0.00000000
vn 0.00000000 1.00000000 0.00000000
vn 0.00000000 1.00000000 0.00000000
vn 0.00000000 1.00000000 0.00000000
vn 0.00000000 1.00000000 0.00000000
vn 0.00000000 -1.00000000 0.00000000
vn 0.00000682 -1.00000000 -0.00000452
vn 0.00000680 -1.00000000 -0.00000462
vn 0.00000000 -1.00000000 0.00000000
vn -0.20064229 0.00000000 0.97966457
vn -0.20064229 0.00000000 0.97966457
vn -0.20189160 0.00000000 -0.97940787
vn -0.00166016 0.00000000 -0.99999862
vn -0.00166016 0.00000000 -0.99999862
vn -0.20189434 0.00000000 -0.97940731
vn 0.38730187 0.00000000 0.92195296
vn 0.38730175 0.00000000 0.92195301
vn 0.92786109 0.00000000 -0.37292599
vn 0.98201188 0.00000000 -0.18881912
vn 0.98201084 0.00000000 -0.18882453
vn 0.92786347 0.00000000 -0.37292007
vn -0.39161747 0.00000000 -0.92012812
vn -0.39161745 0.00000000 -0.92012813
vn 0.56079515 0.00000000 0.82795459
vn 0.56079442 0.00000000 0.82795508
vn 0.19750939 0.00000000 -0.98030099
vn 0.19750939 0.00000000 -0.98030099
vn -0.56408231 0.00000000 -0.82571856
vn -0.56408452 0.00000000 -0.82571706
vn 0.63938767 0.00000000 0.76888452
vn 0.63938767 0.00000000 0.76888452
vn -0.92586925 0.00000000 -0.37784405
vn -0.83623553 0.00000000 -0.54837045
vn -0.83623250 0.00000000 -0.54837506
vn -0.92586950 0.00000000 -0.37784343
vn -0.64211585 0.00000000 -0.76660762
vn -0.64211585 0.00000000 -0.76660762
vn 0.83509841 0.00000000 0.55010057
vn 0.77737442 0.00000000 0.62903816
vn 0.77737442 0.00000000 0.62903816
vn 0.83509884 0.00000000 0.55009993
vn -0.83925943 0.00000000 0.54373119
vn -0.92878925 0.00000000 0.37060833
vn -0.92878922 0.00000000 0.37060840
vn -0.83926298 0.00000000 0.54372572
vn -0.77872170 0.00000000 -0.62736952
vn -0.77872170 0.00000000 -0.62736952
vn 0.92534947 0.00000000 0.37911523
vn 0.92534947 0.00000000 0.37911523
vn -0.98074020 0.00000000 -0.19531683
vn -0.98074020 0.00000000 -0.19531680
vn 0.98068362 0.00000000 0.19560069
vn 0.98068347 0.00000000 0.19560144
vn -0.99999233 0.00000000 -0.00391556
vn -0.99999231 0.00000000 -0.00392178
vn 0.99999477 0.00000000 0.00323533
vn 0.99999479 0.00000000 0.00322881
vn -0.98235027 0.00000000 0.18705065
vn -0.98234908 0.00000000 0.18705689
vn 0.83770409 0.00000000 -0.54612439
vn 0.83770717 0.00000000 -0.54611967
vn -0.78152581 0.00000000 0.62387291
vn -0.78152581 0.00000000 0.62387291
vn 0.77957091 0.00000000 -0.62631397
vn 0.77957091 0.00000000 -0.62631397
vn -0.56682944 0.00000000 0.82383517
vn -0.64540184 0.00000000 0.76384322
vn -0.64540184 0.00000000 0.76384322
vn -0.56682944 0.00000000 0.82383517
vn 0.56278087 0.00000000 -0.82660613
vn 0.64182806 0.00000000 -0.76684858
vn 0.64182806 0.00000000 -0.76684858
vn 0.56278087 0.00000000 -0.82660613
vn -0.39299111 0.00000000 0.91954227
vn -0.39299111 0.00000000 0.91954227
vn 0.38774690 0.00000000 -0.92176588
vn 0.38774690 0.00000000 -0.92176588
vn 0.98068318 0.00000000 0.19560294
vn 0.92534895 0.00000000 0.37911651
vn 0.92534894 0.00000000 0.37911652
vn 0.98068297 0.00000000 0.19560395
vn 0.00000334 -1.00000000 -0.00000943
vn -0.00002142 -1.00000000 0.00003266
vn -0.00002106 -1.00000000 0.00003289
vn 0.00000326 -1.00000000 -0.00000943
vn 0.00002766 -1.00000000 -0.00002752
vn 0.00000436 -1.00000000 -0.00000346
vn 0.00000429 -1.00000000 -0.00000344
vn 0.00002739 -1.00000000 -0.00002792
vn -0.00000454 -1.00000000 0.00000691
vn -0.00000446 -1.00000000 0.00000695
vn 0.00002890 -1.00000000 0.00004321
vn 0.00003983 -1.00000000 -0.00001552
vn 0.00003991 -1.00000000 -0.00001552
vn 0.00002824 -1.00000000 0.00004352
vn -0.00000013 -1.00000000 0.00000004
vn -0.00000013 -1.00000000 0.00000007
vn 0.00000080 -1.00000000 -0.00000089
vn 0.00000077 -1.00000000 -0.00000106
vn 0.00000175 -1.00000000 -0.00000826
vn 0.00000165 -1.00000000 -0.00000830
vn -0.00000079 -1.00000000 0.00005024
vn -0.00000019 -1.00000000 0.00005038
vn -0.00000019 -1.00000000 0.00005359
vn -0.00000085 -1.00000000 0.00005361
vn -0.00001001 -1.00000000 -0.00005265
vn -0.00000936 -1.00000000 -0.00005279
vn -0.00003471 -1.00000000 0.00004559
vn -0.00003441 -1.00000000 0.00004528
vn -0.00002099 -1.00000000 -0.00003316
vn -0.00002029 -1.00000000 -0.00004729
vn -0.00001948 -1.00000000 -0.00004737
vn -0.00002140 -1.00000000 -0.00003292
vn 0.00000000 -1.00000000 0.00000000
vn 0.00000000 -1.00000000 0.00000000
vn 0.00000000 -1.00000000 0.00000000
vn 0.00000000 -1.00000000 0.00000000
vn 0.00000000 -1.00000000 0.00000000
vn 0.00000000 -1.00000000 0.00000000
vn 0.00000000 -1.00000000 0.00000000
vn 0.00000000 -1.00000000 0.00000000
vn 0.00000000 -1.00000000 0.00000000
vn 0.00000000 -1.00000000 0.00000000
vn 0.00000000 -1.00000000 0.00000000
vn 0.00000000 -1.00000000 0.00000000
vn 0.00000000 -1.00000000 0.00000000
vn 0.00000000 -1.00000000 0.00000000
vn 0.00000000 -1.00000000 0.00000000
vn 0.00000000 -1.00000000 0.00000000
vn 0.00000000 -1.00000000 0.00000000
vn 0.00000000 -1.00000000 0.00000000
vn 0.00000000 -1.00000000 0.00000000
vn 0.00000000 -1.00000000 0.00000000
vn -0.00000395 -1.00000000 0.00000075
vn -0.00000198 -1.00000000 -0.00000000
vn -0.00000198 -1.00000000 0.00000002
vn -0.00000395 -1.00000000 0.00000080
vn 0.00000000 -1.00000000 0.00000000
vn 0.00000000 -1.00000000 0.00000000
vn 0.00000000 -1.00000000 0.00000000
vn 0.00000000 -1.00000000 0.00000000
vn 0.00000000 -1.00000000 0.00000000
vn 0.00000000 -1.00000000 0.00000000
vn 0.00000178 -1.00000000 -0.00000083
vn -0.00001180 -1.00000000 0.00000238
vn -0.00001177 -1.00000000 0.00000251
vn 0.00000173 -1.00000000 -0.00000083
vn 0.00000042 -1.00000000 0.00000025
vn 0.00006285 -1.00000000 -0.00001284
vn 0.00006270 -1.00000000 -0.00001353
vn 0.00000039 -1.00000000 0.00000022
vn -0.99999234 0.00000000 -0.00391420
vn -0.98073978 0.00000000 -0.19531892
vn -0.98073979 0.00000000 -0.19531889
vn -0.99999231 0.00000000 -0.00392054
vn 0.99999477 0.00000000 0.00323509
vn 0.99999479 0.00000000 0.00322846
vn -0.98235024 0.00000000 0.18705080
vn -0.98234903 0.00000000 0.18705716
vn 0.98201134 0.00000000 -0.18882194
vn 0.98201040 0.00000000 -0.18882683
vn -0.92878791 0.00000000 0.37061168
vn -0.92878788 0.00000000 0.37061175
vn 0.83770527 0.00000000 -0.54612259
vn 0.92785991 0.00000000 -0.37292892
vn 0.92786234 0.00000000 -0.37292290
vn 0.83770804 0.00000000 -0.54611834
vn -0.78154611 0.00000000 0.62384748
vn -0.83926660 0.00000000 0.54372012
vn -0.83927021 0.00000000 0.54371455
vn -0.78154611 0.00000000 0.62384748
vn 0.77957459 0.00000000 -0.62630940
vn 0.77957459 0.00000000 -0.62630940
vn -0.56681693 0.00000000 0.82384378
vn -0.64538802 0.00000000 0.76385490
vn -0.64538802 0.00000000 0.76385490
vn -0.56681693 0.00000000 0.82384378
vn 0.56278448 0.00000000 -0.82660367
vn 0.64182333 0.00000000 -0.76685254
vn 0.64182333 0.00000000 -0.76685254
vn 0.56278448 0.00000000 -0.82660367
vn -0.39298733 0.00000000 0.91954389
vn -0.39298733 0.00000000 0.91954389
vn 0.38775074 0.00000000 -0.92176427
vn 0.38775074 0.00000000 -0.92176427
vn -0.20064400 0.00000000 0.97966422
vn -0.20064400 0.00000000 0.97966422
vn 0.19750842 0.00000000 -0.98030119
vn 0.19750842 0.00000000 -0.98030119
vn 0.19536579 0.00000000 0.98073045
vn -0.00259072 0.00000000 0.99999664
vn -0.00259047 0.00000000 0.99999664
vn 0.19536696 0.00000000 0.98073021
vn -0.20189436 0.00000000 -0.97940730
vn -0.00165964 0.00000000 -0.99999862
vn -0.00165964 0.00000000 -0.99999862
vn -0.20189843 0.00000000 -0.97940647
vn 0.38730002 0.00000000 0.92195374
vn 0.38729978 0.00000000 0.92195384
vn -0.39161859 0.00000000 -0.92012764
vn -0.39161856 0.00000000 -0.92012766
vn 0.56078327 0.00000000 0.82796263
vn 0.56078232 0.00000000 0.82796328
vn -0.56408071 0.00000000 -0.82571966
vn -0.56408135 0.00000000 -0.82571922
vn 0.63937537 0.00000000 0.76889475
vn 0.63937537 0.00000000 0.76889475
vn -0.92586330 0.00000000 -0.37785863
vn -0.83623825 0.00000000 -0.54836629
vn -0.83623554 0.00000000 -0.54837042
vn -0.92586385 0.00000000 -0.37785730
vn -0.64211172 0.00000000 -0.76661108
vn -0.64211172 0.00000000 -0.76661108
vn 0.83510647 0.00000000 0.55008835
vn 0.77739207 0.00000000 0.62901635
vn 0.77739207 0.00000000 0.62901635
vn 0.83510704 0.00000000 0.55008747
vn -0.77874274 0.00000000 -0.62734340
vn -0.77874274 0.00000000 -0.62734340
vn 0.00000016 -0.00005838 1.00000000
vn -0.00003185 0.00010238 0.99999999
vn 0.00000159 -0.00000262 1.00000000
vn 0.00002053 -0.00002379 1.00000000
vn 0.00003357 -0.00003274 1.00000000
vn 0.00006856 -0.00005545 1.00000000
vn 0.00025563 -0.00005596 0.99999997
vn 0.00002292 -0.00000437 1.00000000
vn 0.00056446 -0.00005702 0.99999984
vn 0.00000848 0.00003421 1.00000000
vn 0.00005183 -0.00001960 1.00000000
vn 0.00033875 0.00027204 0.99999991
vn 0.00010236 0.00011782 0.99999999
vn 0.00002727 0.00005741 1.00000000
vn 0.00000000 0.00000000 1.00000000
vn -0.00000283 0.00001671 1.00000000
vn 0.00000000 0.00000000 1.00000000
vn -0.00000017 0.00010942 0.99999999
vn 0.00002130 -0.00009694 1.00000000
vn 0.00002193 -0.00002729 1.00000000
vn 0.00029882 -0.00024088 0.99999993
vn 0.00035184 -0.00027568 0.99999990
vn 0.00051060 -0.00005466 0.99999987
vn 0.00002523 0.00002698 1.00000000
vn -0.00053903 -0.00005028 0.99999985
vn -0.00043223 -0.00034487 0.99999985
vn 0.00000000 0.00000000 1.00000000
vn 0.00000000 0.00000000 1.00000000
vn 0.00000000 0.00000000 1.00000000
vn 0.00002333 -0.00007450 -1.00000000
vn -0.00000778 0.00008174 -1.00000000
vn 0.00000000 0.00000000 -1.00000000
vn 0.00000000 0.00000000 -1.00000000
vn 0.00000000 0.00000000 -1.00000000
vn 0.00004484 0.00008430 -1.00000000
vn 0.00041020 0.00032729 -0.99999986
vn -0.00008016 -0.00009654 -0.99999999
vn 0.00047667 0.00004446 -0.99999989
vn -0.00045153 0.00004834 -0.99999990
vn -0.00004690 0.00001723 -1.00000000
vn -0.00035184 0.00027568 -0.99999990
vn -0.00029882 0.00024088 -0.99999993
vn -0.00002190 0.00002715 -1.00000000
vn -0.00002104 0.00009574 -1.00000000
vn 0.00000261 -0.00001563 -1.00000000
vn 0.00000017 -0.00010806 -0.99999999
vn 0.00000000 0.00000000 -1.00000000
vn 0.00000000 0.00000000 -1.00000000
vn -0.00002551 -0.00005369 -1.00000000
vn -0.00009574 -0.00011020 -0.99999999
vn -0.00000490 -0.00003006 -1.00000000
vn -0.00031684 -0.00025444 -0.99999992
vn -0.00053568 0.00005411 -0.99999986
vn -0.00024558 0.00005312 -0.99999997
vn -0.00003191 0.00003099 -1.00000000
vn -0.00006856 0.00005545 -1.00000000
vn -0.00002053 0.00002379 -1.00000000
vn -0.00000218 0.00000453 -1.00000000
vn 0.00001997 -0.00000332 -1.00000000
vn -0.00000209 -0.00000769 -1.00000000
vn 0.00001738 0.00002314 -1.00000000
vn -0.20073676 -0.97964522 0.00000000
vn -0.39313192 -0.91948208 0.00000000
vn -0.39313192 -0.91948208 0.00000000
vn -0.20073676 -0.97964522 0.00000000
vn 0.19758773 0.98028521 0.00000000
vn 0.38789244 0.92170465 0.00000000
vn 0.38789244 0.92170465 0.00000000
vn 0.19758773 0.98028521 0.00000000
vn 0.09476789 -0.99549940 0.00000000
vn -0.00259450 -0.99999663 0.00000000
vn -0.00259401 -0.99999664 0.00000000
vn 0.09476789 -0.99549940 0.00000000
vn -0.20198401 0.97938882 0.00000000
vn -0.10305972 0.99467517 0.00000000
vn -0.10305972 0.99467517 0.00000000
vn -0.20198600 0.97938841 0.00000000
vn 0.38744742 -0.92189180 0.00000000
vn 0.29411991 -0.95576853 0.00000000
vn 0.29411991 -0.95576853 0.00000000
vn 0.38744694 -0.92189200 0.00000000
vn 0.92791789 0.37278465 0.00000000
vn 0.95950391 0.28169529 0.00000000
vn 0.95950391 0.28169529 0.00000000
vn 0.92792023 0.37277882 0.00000000
vn -0.39175308 0.92007039 0.00000000
vn -0.39175306 0.92007040 0.00000000
vn 0.56096080 -0.82784237 0.00000000
vn 0.56095975 -0.82784307 0.00000000
vn 0.09976045 0.99501148 0.00000000
vn 0.09976045 0.99501148 0.00000000
vn -0.56423984 0.82561093 0.00000000
vn -0.56424216 0.82560934 0.00000000
vn 0.71197786 -0.70220191 0.00000000
vn 0.71197786 -0.70220191 0.00000000
vn -0.92592707 0.37770234 0.00000000
vn -0.83634858 0.54819801 0.00000000
vn -0.83634589 0.54820210 0.00000000
vn -0.92592756 0.37770115 0.00000000
vn -0.71397784 0.70016830 0.00000000
vn -0.71398129 0.70016477 0.00000000
vn 0.83521461 -0.54992414 0.00000000
vn 0.83521524 -0.54992318 0.00000000
vn -0.83937274 -0.54355625 0.00000000
vn -0.92884393 -0.37047127 0.00000000
vn -0.92884399 -0.37047111 0.00000000
vn -0.83937638 -0.54355064 0.00000000
vn 0.92540725 -0.37897417 0.00000000
vn 0.92540734 -0.37897395 0.00000000
vn -0.98075614 0.19523675 0.00000000
vn -0.98075615 0.19523672 0.00000000
vn 0.98069958 -0.19552066 0.00000000
vn 0.98069941 -0.19552153 0.00000000
vn -0.99999234 0.00391437 0.00000000
vn -0.99999231 0.00392064 0.00000000
vn 0.99999477 -0.00323323 0.00000000
vn 0.99999479 -0.00322681 0.00000000
vn -0.99567747 -0.09287829 0.00000000
vn -0.99567747 -0.09287829 0.00000000
vn 0.99556549 0.09407097 0.00000000
vn 0.99556549 0.09407097 0.00000000
vn -0.96017944 -0.27938403 0.00000000
vn -0.96017944 -0.27938403 0.00000000
vn 0.83781066 0.54596090 0.00000000
vn 0.83781347 0.54595658 0.00000000
vn -0.71704025 -0.69703176 0.00000000
vn -0.71704025 -0.69703176 0.00000000
vn 0.71431034 0.69982908 0.00000000
vn 0.71431034 0.69982908 0.00000000
vn -0.56699089 -0.82372406 0.00000000
vn -0.56699089 -0.82372406 0.00000000
vn 0.56295672 0.82648638 0.00000000
vn 0.56295672 0.82648638 0.00000000
vn -0.00002847 0.00009190 -1.00000000
vn -0.00000593 -0.00002130 -1.00000000
vn 0.00000000 0.00000000 -1.00000000
vn 0.00000000 0.00000000 -1.00000000
vn 0.00000000 0.00000000 -1.00000000
vn -0.00004439 -0.00008347 -1.00000000
vn -0.00040612 -0.00032403 -0.99999987
vn 0.00007937 0.00009558 -0.99999999
vn -0.00053368 -0.00004978 -0.99999986
vn 0.00050553 -0.00005412 -0.99999987
vn 0.00005092 -0.00001794 -1.00000000
vn 0.00034962 -0.00027630 -0.99999990
vn 0.00031211 -0.00025169 -0.99999992
vn 0.00002299 -0.00002877 -1.00000000
vn 0.00002268 -0.00010323 -0.99999999
vn -0.00000262 0.00001594 -1.00000000
vn -0.00000018 0.00011651 -0.99999999
vn 0.00000000 0.00000000 -1.00000000
vn 0.00000000 0.00000000 -1.00000000
vn 0.00002601 0.00005474 -1.00000000
vn 0.00009762 0.00011235 -0.99999999
vn 0.00000546 0.00002908 -1.00000000
vn 0.00032300 0.00025940 -0.99999991
vn 0.00053035 -0.00005357 -0.99999986
vn 0.00024128 -0.00005258 -0.99999997
vn 0.00003156 -0.00003073 -1.00000000
vn 0.00006570 -0.00005313 -1.00000000
vn 0.00001968 -0.00002280 -1.00000000
vn 0.00000169 -0.00000303 -1.00000000
vn -0.00001300 -1.00000000 0.00003204
vn 0.00000379 -1.00000000 0.00000141
vn 0.00000184 -1.00000000 -0.00000346
vn -0.97940687 -0.00000105 -0.20189648
vn -0.99999862 -0.00006617 -0.00165700
vn -0.99999863 -0.00006617 -0.00165698
vn -0.97940725 0.00000000 -0.20189460
vn 0.99999664 0.00000000 -0.00259270
vn 0.97966468 0.00000000 -0.20064174
vn 0.97966468 0.00000000 -0.20064174
vn 0.99999664 0.00000000 -0.00259296
vn 0.98072989 0.00000000 0.19536858
vn 0.98073014 0.00000000 0.19536734
vn -0.98030139 0.00000000 0.19750745
vn -0.92176524 0.00000000 0.38774843
vn -0.92176524 0.00000000 0.38774843
vn -0.98030138 -0.00000105 0.19750750
vn 0.91954277 0.00000000 -0.39298995
vn 0.91954275 0.00000000 -0.39299000
vn -0.82660232 0.00000000 0.56278647
vn -0.82660232 0.00000000 0.56278647
vn 0.82384078 0.00000000 -0.56682128
vn 0.82384075 0.00000000 -0.56682133
vn -0.76684896 0.00000000 0.64182760
vn -0.76684896 0.00000000 0.64182760
vn 0.76385767 0.00000000 -0.64538474
vn 0.76385767 0.00000000 -0.64538474
vn -0.62631381 0.00000000 0.77957104
vn -0.54611886 0.00000050 0.83770770
vn -0.54612304 0.00000000 0.83770497
vn -0.62631381 0.00000000 0.77957104
vn 0.62384987 0.00000000 -0.78154420
vn 0.54371542 0.00000000 -0.83926965
vn 0.54372106 0.00000000 -0.83926600
vn 0.62384987 0.00000000 -0.78154420
vn -0.37292263 0.00002476 0.92786244
vn -0.37292150 0.00002457 0.92786290
vn 0.37061047 0.00000000 -0.92878839
vn 0.18705533 0.00000000 -0.98234938
vn 0.18704903 0.00000000 -0.98235058
vn 0.37061047 0.00000000 -0.92878839
vn -0.18882532 0.00000000 0.98201069
vn 0.00322845 0.00000000 0.99999479
vn 0.00323510 0.00000000 0.99999477
vn -0.18882043 0.00000031 0.98201163
vn -0.00392311 0.00000000 -0.99999230
vn -0.00391681 0.00000000 -0.99999233
vn 0.19560135 0.00000000 0.98068349
vn 0.19560031 0.00000000 0.98068370
vn -0.19531584 0.00000000 -0.98074040
vn -0.19531582 0.00000000 -0.98074040
vn 0.37911328 0.00000051 0.92535027
vn 0.37911338 0.00000000 0.92535023
vn -0.37783904 0.00000000 -0.92587130
vn -0.37784028 0.00000000 -0.92587079
vn 0.55009069 0.00003629 0.83510492
vn 0.55008585 0.00003647 0.83510811
vn -0.54836868 0.00000000 -0.83623668
vn -0.62736369 0.00000000 -0.77872639
vn -0.62736369 0.00000000 -0.77872639
vn -0.54836474 0.00000000 -0.83623927
vn 0.62901861 0.00000000 0.77739024
vn 0.62901856 0.00000136 0.77739028
vn -0.76660757 0.00000000 -0.64211590
vn -0.82571858 0.00000000 -0.56408228
vn -0.82572003 0.00000000 -0.56408017
vn -0.76660757 0.00000000 -0.64211590
vn 0.76889711 0.00000000 0.63937253
vn 0.82796213 0.00000000 0.56078401
vn 0.82796147 0.00000000 0.56078499
vn 0.76889711 0.00000000 0.63937253
vn -0.92012966 0.00000000 -0.39161386
vn -0.92012961 0.00000000 -0.39161397
vn 0.92195171 0.00000000 0.38730486
vn 0.92195162 0.00000000 0.38730506
vn 0.00005824 -1.00000000 0.00000142
vn -0.00008797 -1.00000000 -0.00002768
vn 0.00000484 -1.00000000 0.00000211
vn 0.00002717 -1.00000000 0.00002334
vn 0.00003187 -1.00000000 0.00003235
vn 0.00005913 -1.00000000 0.00007181
vn 0.00005447 -0.99999997 0.00025318
vn -0.00000064 -1.00000000 0.00000104
vn 0.00005548 -0.99999985 0.00054901
vn -0.00002214 -1.00000000 -0.00001767
vn -0.00025189 -0.99999992 0.00031352
vn -0.00010909 -0.99999999 0.00009474
vn -0.00000976 -1.00000000 -0.00000455
vn 0.00000000 -1.00000000 0.00000000
vn 0.00000038 -1.00000000 0.00000052
vn 0.00000000 -1.00000000 0.00000000
vn -0.00010012 -0.99999999 -0.00000016
vn 0.00002060 -1.00000000 0.00005563
vn 0.00009273 -1.00000000 0.00001989
vn 0.00002686 -1.00000000 0.00002149
vn 0.00024182 -0.99999993 0.00029927
vn 0.00026405 -0.99999991 0.00033313
vn 0.00005376 -0.99999987 0.00049931
vn 0.00004947 -0.99999986 -0.00053007
vn -0.00023260 -0.99999987 0.00045696
vn 0.00033343 -0.99999986 -0.00041635
vn 0.00000033 -1.00000000 -0.00000040
vn -0.00000267 -1.00000000 0.00000055
vn 0.00000000 -1.00000000 0.00000000
vn 0.24538219 0.96798078 -0.05292245
vn 0.09151144 0.99310934 -0.07320852
vn 0.02015367 0.99877119 0.04527633
vn 0.14684872 0.98842551 0.03808499
vn -0.28514608 0.95598210 0.06920944
vn -0.18034683 0.98178874 0.05971516
vn -0.29010284 0.95332483 -0.08373833
vn -0.45913776 0.88692247 -0.05060689
vn -0.37094778 0.92389052 0.09393647
vn -0.51845970 0.85490924 0.01815871
vn -0.42030795 0.89596846 0.14346337
vn -0.50678764 0.84632072 0.16403515
vn 0.27015542 0.96130260 0.05397561
vn 0.39038175 0.91850375 -0.06287248
vn 0.36743151 0.92628791 0.08357506
vn 0.46787128 0.88354087 -0.02126046
vn 0.41788332 0.89876267 0.13266199
vn 0.47850257 0.86957425 0.12196682
vn 0.51229297 0.83822418 0.18691210
vn 0.42706034 0.87504910 0.22783445
vn -0.40297668 0.89392844 0.19621860
vn -0.51433800 0.83394355 0.19998642
vn -0.09344664 0.99211903 -0.08347194
vn -0.08000273 0.99522624 0.05589546
vn 0.31933185 0.91041949 0.26298958
vn 0.44808890 0.85178492 0.27143835
vn 0.18343389 0.93216754 0.31211485
vn 0.20859059 0.87826086 0.43028807
vn -0.01653322 0.94155017 0.33646683
vn -0.01728188 0.88739266 0.46069036
vn 0.54942377 0.80193154 0.23460459
vn 0.40099421 0.81543873 0.41744858
vn 0.22112315 0.78534517 0.57821926
vn -0.01219488 0.79821746 0.60224594
vn 0.74133469 0.61040243 0.27898341
vn 0.81147402 0.56557628 0.14708294
vn 0.59614143 0.69205911 0.40702528
vn 0.54560277 0.62792098 0.55500708
vn 0.35349883 0.75993909 0.54546416
vn 0.20579550 0.72569157 0.65652111
vn -0.01430789 0.73470331 0.67823767
vn 0.73962639 0.54112979 0.40016416
vn 0.47707488 0.54606114 0.68863400
vn 0.34075882 0.57909835 0.74062712
vn 0.32383671 0.48423841 0.81279945
vn 0.09295254 0.51618772 0.85141651
vn 0.09448552 0.58511754 0.80542532
vn -0.00048599 0.58909312 0.80806501
vn -0.00432936 0.52098375 0.85355562
vn 0.72474702 0.45401509 0.51827796
vn 0.46993249 0.41883174 0.77700928
vn 0.30758101 0.40916499 0.85905642
vn 0.16284670 0.36276481 0.91754163
vn -0.00288251 0.38488799 0.92295879
vn 0.67909974 0.35722988 0.64125686
vn 0.49525530 0.26288480 0.82801798
vn 0.29131445 0.35478828 0.88840372
vn 0.30913532 0.40389157 0.86099184
vn 0.17019421 0.27312219 0.94680420
vn -0.00234879 0.27706170 0.96084926
vn 0.63674521 0.25076310 0.72915938
vn 0.48240429 0.20788699 0.85092250
vn 0.32684565 0.23003849 0.91665381
vn 0.14646614 0.19885409 0.96902256
vn -0.00487654 0.19695370 0.98040066
vn 0.38090362 0.33664541 0.86115173
vn 0.38013003 0.38126880 0.84269524
vn 0.28982015 0.16360630 0.94299377
vn 0.12407482 0.14295080 0.98192184
vn -0.00406567 0.14039904 0.99008665
vn 0.30475329 0.27253695 0.91260563
vn 0.22177220 0.13730129 0.96538358
vn 0.09810081 0.10169157 0.98996720
vn 0.00274585 0.09724975 0.99525622
vn 0.25640176 0.18997224 0.94771762
vn 0.27977050 0.05655299 0.95839983
vn 0.19869313 0.00285359 0.98005760
vn 0.00745083 -0.00753012 0.99994389
vn -0.25989531 0.33366184 0.90615904
vn 0.23916423 0.52594892 0.81619741
vn -0.27382980 0.05515016 0.96019566
vn -0.22735511 0.14801698 0.96249708
vn -0.21016739 -0.01851391 0.97749010
vn -0.09867725 0.10782013 0.98926115
vn -0.20871369 0.46078940 0.86261910
vn -0.33070985 0.13986886 0.93331008
vn -0.14080934 0.13387649 0.98094333
vn -0.19988739 0.58293747 0.78754615
vn -0.37523511 0.19775638 0.90558877
vn -0.16446618 0.18525980 0.96882903
vn -0.36879738 0.43273687 0.82263436
vn -0.39110372 0.26858016 0.88028551
vn -0.18750186 0.25580334 0.94837108
vn -0.64574587 0.47383557 0.59874212
vn -0.61433080 0.40976497 0.67430730
vn -0.56872685 0.30848444 0.76248746
vn -0.61650977 0.27178880 0.73894963
vn -0.26868786 0.45180556 0.85069300
vn -0.21080769 0.35328908 0.91145320
vn -0.68575921 0.53918509 0.48889033
vn -0.64403001 0.38526369 0.66090637
vn -0.29812362 0.56791291 0.76720091
vn -0.23300413 0.47728909 0.84729227
vn -0.71138428 0.59441405 0.37497244
vn -0.65358738 0.51426709 0.55529532
vn -0.32700118 0.58739125 0.74029842
vn -0.25817425 0.54467157 0.79792164
vn -0.72026072 0.64090564 0.26545142
vn -0.63679866 0.63961277 0.43056123
vn -0.32666074 0.79861536 0.50547628
vn -0.31079885 0.75079690 0.58284482
vn -0.24076802 0.70894717 0.66289115
vn -0.25552196 0.75890058 0.59898117
vn -0.79177374 0.59373584 0.14342977
vn -0.62174352 0.70152104 0.34828612
vn -0.39946353 0.85549464 0.32948111
vn -0.24702359 0.85812299 0.45011586
vn -0.30105232 0.91499080 0.26862489
vn -0.17862059 0.93214223 0.31496911
vn 0.09196182 0.93111541 -0.35294067
vn 0.33632163 0.88659784 -0.31754061
vn 0.35434112 0.81665992 -0.45553151
vn 0.06341600 0.86231113 -0.50239221
vn 0.48143180 0.83279436 -0.27327087
vn 0.48841815 0.74391234 -0.45611637
vn 0.69594057 0.63542399 -0.33451917
vn 0.74364450 0.62617359 -0.23430641
vn 0.78469536 0.54999082 -0.28594280
vn 0.69444698 0.65121169 -0.30605020
vn 0.82735033 0.55086458 -0.10972535
vn 0.89778216 0.41139961 -0.15728181
vn 0.88804393 0.45974166 -0.00394719
vn 0.93359584 0.35634488 -0.03764475
vn 0.91444358 0.39725315 0.07734900
vn 0.95282664 0.29928272 0.05050984
vn 0.92708541 0.33649061 0.16518688
vn 0.96486922 0.22941317 0.12805068
vn 0.92447251 0.25872404 0.28002224
vn 0.96279733 0.14741133 0.22647561
vn 0.89980898 0.16553439 0.40366096
vn 0.93156505 0.05010145 0.36010610
vn 0.85282192 0.08298137 0.51556655
vn 0.88996564 -0.02013830 0.45558272
vn 0.79746313 0.00940337 0.60329440
vn 0.83475897 -0.07292248 0.54576531
vn 0.74029407 -0.03282611 0.67148130
vn 0.80363787 -0.09884991 0.58685166
vn 0.63253798 -0.04123455 0.77343094
vn 0.65186656 -0.10042306 0.75165498
vn 0.65627206 -0.14739509 0.73998762
vn 0.65066648 -0.20737623 0.73049862
vn 0.64468149 -0.23062514 0.72883319
vn 0.64162014 -0.22916175 0.73198941
vn 0.36911983 -0.09158302 0.92485842
vn 0.35363795 -0.26374452 0.89742912
vn 0.31924717 -0.40462367 0.85694862
vn 0.40960160 -0.27838089 0.86875233
vn 0.04603981 -0.30571850 0.95100817
vn 0.07266871 -0.48166951 0.87333484
vn -0.25103211 -0.27775427 0.92727312
vn -0.20968980 -0.46871914 0.85809822
vn -0.46918056 -0.17142835 0.86630360
vn -0.48235033 -0.34720483 0.80423067
vn -0.57460513 -0.12578889 0.80870644
vn -0.65356079 -0.26731959 0.70809500
vn -0.84880640 0.06301682 0.52493483
vn -0.88977030 0.13892694 0.43475064
vn -0.93138529 0.04209570 0.36159286
vn -0.88241723 -0.02652984 0.46971906
vn -0.91468969 0.21525754 0.34206281
vn -0.95606909 0.09769362 0.27638350
vn -0.92691710 0.28830022 0.24022421
vn -0.96954168 0.16342517 0.18243119
vn -0.76893372 -0.08236276 0.63400104
vn -0.79206553 -0.00554130 0.61041091
vn -0.81583238 -0.08981923 0.57127054
vn -0.76465497 -0.13884325 0.62930544
vn -0.75288226 -0.17379931 0.63479296
vn -0.75344871 -0.18776551 0.63012630
vn -0.59796487 -0.04132421 0.80045632
vn -0.70840342 -0.21111413 0.67349493
vn -0.16383689 0.92449522 -0.34418898
vn -0.20685758 0.84940085 -0.48551842
vn -0.40206856 0.85957173 -0.31540025
vn -0.44932867 0.77817149 -0.43880847
vn -0.55056559 0.79894447 -0.24200263
vn -0.58266030 0.69120972 -0.42747643
vn -0.81137818 0.55445977 -0.18504002
vn -0.73624952 0.60072432 -0.31155568
vn -0.74927993 0.57901683 -0.32143288
vn -0.84312079 0.46781955 -0.26512675
vn -0.86665204 0.49616139 -0.05232707
vn -0.91607131 0.38463007 -0.11345956
vn -0.90701422 0.41857567 0.04603920
vn -0.95006526 0.31204782 -0.00146915
vn -0.92395679 0.35598187 0.13993124
vn -0.96747680 0.23642030 0.08996715
vn 0.21541565 0.96496174 0.14981633
vn 0.24341803 0.96132181 0.12887222
vn 0.21827080 0.96931776 0.11305278
vn -0.31466741 0.94898052 0.02050321
vn -0.33557444 0.94196396 0.00967987
vn -0.22972848 0.97250000 -0.03832203
vn -0.20881349 0.97790124 -0.01030034
vn -0.08484801 0.99451703 -0.06112844
vn -0.08297945 0.99629461 -0.02261555
vn 0.07754878 0.99544131 -0.05552285
vn 0.04727309 0.99874753 -0.01638982
vn -0.38618452 0.91977332 0.06984669
vn -0.39692611 0.91521306 0.06953215
vn -0.40505532 0.90379261 0.13816333
vn -0.41332433 0.89828838 0.14913412
vn -0.36454813 0.90586977 0.21564928
vn -0.36873248 0.89977793 0.23331531
vn -0.27708781 0.91704486 0.28679448
vn -0.27306398 0.90970756 0.31283897
vn -0.14725494 0.92994514 0.33692434
vn -0.12972652 0.92557193 0.35565100
vn 0.00906265 0.93118075 0.36444518
vn 0.02428228 0.92354032 0.38273182
vn 0.16636136 0.92586686 0.33925574
vn 0.16374867 0.92076723 0.35408204
vn 0.29216194 0.91372270 0.28240438
vn 0.28921400 0.90921827 0.29946184
vn 0.37817518 0.90150981 0.21038917
vn 0.37913028 0.89816353 0.22262637
vn 0.40744397 0.90382275 0.13074345
vn 0.41543355 0.89933651 0.13641410
vn 0.37427243 0.92531610 0.06091190
vn 0.38651556 0.92026212 0.06101929
vn 0.28271333 0.95898042 0.02072989
vn 0.32800816 0.94466084 -0.00515240
vn 0.16577975 0.98598614 0.01866539
vn 0.18015913 0.98360304 0.00823088
vn -0.75200280 0.07460583 0.65492424
vn -0.80163605 0.15399408 0.57763783
vn -0.86835027 0.40168670 0.29088761
vn -0.86679330 0.46316246 0.18479693
vn -0.84881242 0.52153124 0.08673316
vn -0.78503278 0.61944930 0.00246775
vn -0.68600985 0.72758794 -0.00250550
vn -0.60768499 0.78610866 -0.11292532
vn -0.52360448 0.84042756 -0.13971350
vn -0.61300956 0.78234306 -0.11026616
vn -0.33769380 0.92467998 -0.17586879
vn -0.12262359 0.97670727 -0.17608623
vn 0.08933861 0.98022919 -0.17654841
vn -0.46857558 -0.00074102 0.88342310
vn -0.59160447 -0.00069747 0.80622805
vn -0.64567249 0.00379097 0.76360505
vn -0.64562777 0.00481063 0.76363711
vn -0.72322195 0.03377405 0.68978934
vn -0.85681825 0.32770038 0.39808911
vn -0.83475675 0.24317715 0.49401017
vn -0.34763118 -0.01718286 0.93747390
vn -0.19736641 -0.06810964 0.97796093
vn 0.01560923 -0.06681349 0.99764338
vn 0.23327856 -0.05918266 0.97060730
vn 0.36118870 -0.01676297 0.93234206
vn 0.41486848 -0.00983438 0.90982824
vn 0.41805977 -0.00937666 0.90837113
vn 0.58075102 0.00436070 0.81406955
vn 0.49626351 0.02217007 0.86788883
vn 0.67939925 0.02533392 0.73333134
vn 0.75404724 0.08362378 0.65147512
vn 0.80704271 0.17802679 0.56301734
vn 0.85249264 0.27132701 0.44680864
vn 0.87107294 0.36780855 0.32549777
vn 0.87344642 0.44109730 0.20621475
vn 0.86319109 0.49327382 0.10762012
vn 0.83065196 0.55635872 0.02196137
vn 0.72745486 0.68478227 -0.04338971
vn 0.64461281 0.76357195 -0.03784433
vn 0.45937152 0.87139447 -0.17219026
vn 0.55114167 0.81520315 -0.17800755
vn 0.54888985 0.82086241 -0.15781264
vn 0.28438076 0.94434449 -0.16535134
vn 0.00646898 0.98061710 0.19582708
vn 0.09221055 0.97717532 0.19137816
vn 0.16632486 0.97052687 0.17439506
vn 0.19950967 0.97593974 0.08796319
vn 0.11167435 0.98880996 0.09891261
vn 0.03141768 0.99529269 0.09168097
vn -0.05130919 0.99503398 0.08529214
vn -0.07556910 0.98008903 0.18361592
vn -0.15541993 0.97203129 0.17606767
vn -0.21350974 0.96461251 0.15471362
vn -0.24326904 0.96098799 0.13161402
vn -0.23568564 0.96524093 0.11297005
vn -0.19445733 0.97581888 0.09981912
vn -0.13163993 0.98743834 0.08738683
vn 0.63381467 0.77214365 -0.04553185
vn 0.72042414 0.69045814 -0.06524279
vn 0.82909986 0.55883701 0.01716472
vn 0.68360749 0.02709919 0.72934658
vn 0.58586076 0.00561752 0.81039226
vn 0.49244816 0.02191347 0.87006587
vn -0.73378893 0.03151036 0.67864638
vn -0.77046396 0.07934452 0.63252646
vn -0.78582085 0.61845249 -0.00145098
vn -0.68392011 0.72954573 -0.00403955
vn 0.24541294 0.96797814 0.05282818
vn 0.14685080 0.98842529 -0.03808269
vn 0.02014827 0.99877135 -0.04527518
vn 0.09150522 0.99310348 0.07329582
vn -0.28514218 0.95598321 -0.06921006
vn -0.45915685 0.88691582 0.05055015
vn -0.29010874 0.95333479 0.08360445
vn -0.18035588 0.98178727 -0.05971193
vn -0.37096349 0.92388308 -0.09394753
vn -0.51840314 0.85494099 -0.01827792
vn -0.42031284 0.89596490 -0.14347128
vn -0.50677801 0.84632603 -0.16403747
vn 0.39046644 0.91846647 0.06289116
vn 0.27015045 0.96130406 -0.05397443
vn 0.46793778 0.88350323 0.02136070
vn 0.36744033 0.92628415 -0.08357798
vn 0.47850460 0.86957291 -0.12196845
vn 0.41787666 0.89876594 -0.13266078
vn 0.51229663 0.83822003 -0.18692068
vn 0.42705404 0.87505317 -0.22783065
vn -0.40297951 0.89392745 -0.19621731
vn -0.51433227 0.83394698 -0.19998690
vn -0.09350250 0.99210670 0.08355589
vn -0.08000051 0.99522631 -0.05589737
vn 0.44808831 0.85178467 -0.27144013
vn 0.31932989 0.91041871 -0.26299468
vn 0.20858793 0.87826246 -0.43028609
vn 0.18343338 0.93217020 -0.31210721
vn -0.01727762 0.88739451 -0.46068694
vn -0.01653630 0.94154613 -0.33647799
vn 0.54942943 0.80192279 -0.23462127
vn 0.40099379 0.81544212 -0.41744237
vn 0.22112426 0.78535041 -0.57821172
vn -0.01219178 0.79822289 -0.60223881
vn 0.74156070 0.61017787 -0.27887398
vn 0.54560015 0.62793724 -0.55499126
vn 0.59614388 0.69205141 -0.40703479
vn 0.81128755 0.56580549 -0.14722995
vn 0.35350882 0.75992768 -0.54547359
vn 0.20580214 0.72569982 -0.65650990
vn -0.01431130 0.73470586 -0.67823484
vn 0.73964006 0.54109634 -0.40018412
vn 0.47709086 0.54605902 -0.68862461
vn 0.32383789 0.48422859 -0.81280483
vn 0.34076362 0.57909967 -0.74062388
vn 0.09294510 0.51618230 -0.85142060
vn -0.00433020 0.52098204 -0.85355665
vn -0.00049376 0.58908419 -0.80807152
vn 0.09448238 0.58511377 -0.80542843
vn 0.72451267 0.45423011 -0.51841721
vn 0.46993758 0.41882711 -0.77700871
vn 0.30758139 0.40915397 -0.85906153
vn 0.16284501 0.36275887 -0.91754428
vn -0.00288030 0.38488375 -0.92296056
vn 0.67927808 0.35706272 -0.64116106
vn 0.49525940 0.26287698 -0.82801801
vn 0.29130872 0.35478495 -0.88840693
vn 0.17018870 0.27312519 -0.94680433
vn 0.30913235 0.40389200 -0.86099271
vn -0.00234796 0.27705999 -0.96084975
vn 0.63683988 0.25067038 -0.72910858
vn 0.48240785 0.20787386 -0.85092369
vn 0.32683833 0.23004800 -0.91665404
vn 0.14646760 0.19885818 -0.96902150
vn -0.00487585 0.19695973 -0.98039946
vn 0.38088740 0.33666234 -0.86115228
vn 0.28980725 0.16361272 -0.94299663
vn 0.38011837 0.38128084 -0.84269505
vn 0.12407599 0.14294945 -0.98192189
vn -0.00406422 0.14040070 -0.99008642
vn 0.30470726 0.27258844 -0.91260563
vn 0.22171570 0.13737201 -0.96538649
vn 0.09807838 0.10185518 -0.98995260
vn 0.00269646 0.09729280 -0.99525215
vn 0.25635832 0.19011375 -0.94770099
vn 0.27791775 0.05816995 -0.95884200
vn 0.19366443 0.00871639 -0.98102911
vn 0.00727957 -0.00762332 -0.99994444
vn -0.25998846 0.33359364 -0.90615743
vn -0.22736184 0.14801032 -0.96249651
vn -0.27368667 0.05523394 -0.96023165
vn 0.23909441 0.52595231 -0.81621567
vn -0.09867755 0.10782420 -0.98926068
vn -0.20984154 -0.01848707 -0.97756062
vn -0.20869473 0.46079236 -0.86262211
vn -0.33071291 0.13986594 -0.93330943
vn -0.14080911 0.13387698 -0.98094330
vn -0.19988252 0.58294489 -0.78754189
vn -0.37523630 0.19775322 -0.90558897
vn -0.16446163 0.18526317 -0.96882915
vn -0.36879429 0.43274292 -0.82263256
vn -0.39110465 0.26857832 -0.88028566
vn -0.18749719 0.25580525 -0.94837149
vn -0.64545453 0.47410692 -0.59884145
vn -0.61652240 0.27177869 -0.73894281
vn -0.56873330 0.30848622 -0.76248193
vn -0.61425742 0.40981482 -0.67434385
vn -0.26868506 0.45179832 -0.85069772
vn -0.21080345 0.35328261 -0.91145669
vn -0.68558075 0.53933294 -0.48897751
vn -0.64404602 0.38524138 -0.66090378
vn -0.29812102 0.56791039 -0.76720378
vn -0.23299984 0.47728890 -0.84729356
vn -0.71156679 0.59424340 -0.37489664
vn -0.65358726 0.51426831 -0.55529433
vn -0.32699451 0.58739780 -0.74029617
vn -0.25816729 0.54468110 -0.79791738
vn -0.72005677 0.64110825 -0.26551547
vn -0.63682062 0.63959389 -0.43055680
vn -0.32665454 0.79862207 -0.50546968
vn -0.25552119 0.75889849 -0.59898414
vn -0.24077070 0.70894173 -0.66289599
vn -0.31079023 0.75080083 -0.58284436
vn -0.79180926 0.59368234 -0.14345515
vn -0.62173258 0.70154014 -0.34826718
vn -0.39946522 0.85549732 -0.32947213
vn -0.24702920 0.85812238 -0.45011394
vn -0.30106095 0.91498936 -0.26862012
vn -0.17862767 0.93214146 -0.31496739
vn 0.09194180 0.93112304 0.35292576
vn 0.06342117 0.86229709 0.50241566
vn 0.35434095 0.81664135 0.45556492
vn 0.33631284 0.88659306 0.31756327
vn 0.48841669 0.74391583 0.45611224
vn 0.48148210 0.83276557 0.27327002
vn 0.69593740 0.63543417 0.33450642
vn 0.69444387 0.65121963 0.30604036
vn 0.78469128 0.55000997 0.28591717
vn 0.74363643 0.62618266 0.23430778
vn 0.89780688 0.41131860 0.15735250
vn 0.82737207 0.55083124 0.10972878
vn 0.93361259 0.35630010 0.03765334
vn 0.88806263 0.45970595 0.00389962
vn 0.95283245 0.29926483 -0.05050632
vn 0.91445060 0.39723339 -0.07736758
vn 0.96486672 0.22942028 -0.12805678
vn 0.92706702 0.33652089 -0.16522844
vn 0.96278679 0.14742734 -0.22651001
vn 0.92446682 0.25872961 -0.28003587
vn 0.93158323 0.05006724 -0.36006382
vn 0.89982652 0.16548844 -0.40364069
vn 0.88997712 -0.02012541 -0.45556085
vn 0.85282527 0.08297062 -0.51556274
vn 0.83475242 -0.07288818 -0.54577991
vn 0.79743914 0.00942843 -0.60332572
vn 0.81305498 -0.08915787 -0.57531946
vn 0.75222200 -0.02331037 -0.65849730
vn 0.67876117 -0.11492697 -0.72531032
vn 0.67842026 -0.04855336 -0.73306788
vn 0.64933035 -0.20977402 -0.73100271
vn 0.67848382 -0.20257787 -0.70613165
vn 0.63348142 -0.22747133 -0.73956615
vn 0.63271303 -0.22709859 -0.74033807
vn 0.34499377 -0.07754352 -0.93539634
vn 0.37105075 -0.26997782 -0.88850060
vn 0.31402167 -0.41145584 -0.85562520
vn 0.34486463 -0.26528095 -0.90038570
vn 0.06794880 -0.48438001 -0.87221498
vn 0.04106402 -0.30463724 -0.95158284
vn -0.20968177 -0.46873476 -0.85809165
vn -0.25100895 -0.27773089 -0.92728640
vn -0.48235413 -0.34720516 -0.80422824
vn -0.46906881 -0.17136148 -0.86637734
vn -0.65356629 -0.26731969 -0.70808988
vn -0.57457165 -0.12576987 -0.80873318
vn -0.84879522 0.06300258 -0.52495461
vn -0.88242304 -0.02654958 -0.46970703
vn -0.93140567 0.04193524 -0.36155900
vn -0.88978251 0.13887367 -0.43474267
vn -0.95607404 0.09767094 -0.27637441
vn -0.91468913 0.21527496 -0.34205335
vn -0.96954019 0.16343681 -0.18242872
vn -0.92691553 0.28830939 -0.24021927
vn -0.76894095 -0.08233006 -0.63399651
vn -0.76463848 -0.13880156 -0.62933467
vn -0.81583168 -0.08977920 -0.57127783
vn -0.79204723 -0.00554248 -0.61043466
vn -0.75285497 -0.17379277 -0.63482711
vn -0.75342211 -0.18777266 -0.63015597
vn -0.70840285 -0.21111610 -0.67349491
vn -0.59797704 -0.04132113 -0.80044739
vn -0.16385752 0.92450767 0.34414572
vn -0.20685634 0.84940044 0.48551967
vn -0.40208828 0.85956893 0.31538274
vn -0.44932508 0.77816825 0.43881789
vn -0.55055944 0.79895780 0.24197262
vn -0.58265074 0.69120632 0.42749495
vn -0.81139927 0.55444554 0.18499019
vn -0.84313455 0.46778339 0.26514680
vn -0.74929900 0.57898266 0.32144998
vn -0.73626727 0.60069436 0.31157150
vn -0.86663478 0.49619523 0.05229198
vn -0.91606140 0.38465470 0.11345600
vn -0.90700960 0.41858446 -0.04605048
vn -0.95005666 0.31207407 0.00145256
vn -0.92395163 0.35599443 -0.13993339
vn -0.96746674 0.23645714 -0.08997844
vn 0.21831726 0.96407403 -0.15132366
vn 0.20186430 0.97563779 -0.08591686
vn 0.22166760 0.96871126 -0.11163319
vn 0.24346733 0.96130857 -0.12887781
vn -0.31469652 0.94897181 -0.02046000
vn -0.20882830 0.97789803 0.01030414
vn -0.22972608 0.97249988 0.03833946
vn -0.33570283 0.94191944 -0.00955922
vn -0.08297037 0.99629626 0.02257598
vn -0.08485170 0.99451741 0.06111721
vn 0.04727160 0.99874770 0.01638365
vn 0.07755505 0.99544123 0.05551547
vn -0.38615462 0.91978458 -0.06986372
vn -0.39686107 0.91523870 -0.06956592
vn -0.40513131 0.90375651 -0.13817665
vn -0.41334910 0.89827578 -0.14914134
vn -0.36454926 0.90586920 -0.21564980
vn -0.36869196 0.89979842 -0.23330033
vn -0.27704757 0.91707622 -0.28673308
vn -0.27303033 0.90973283 -0.31279486
vn -0.14724675 0.92995694 -0.33689536
vn -0.12971235 0.92560075 -0.35558115
vn 0.00907707 0.93120996 -0.36437015
vn 0.02428870 0.92357872 -0.38263875
vn 0.16640350 0.92581777 -0.33936903
vn 0.16378736 0.92072200 -0.35418173
vn 0.29222025 0.91367733 -0.28249081
vn 0.28929163 0.90916680 -0.29954314
vn 0.37831675 0.90143625 -0.21044979
vn 0.37923840 0.89810742 -0.22266858
vn 0.40742766 0.90382909 -0.13075048
vn 0.41542332 0.89934283 -0.13640358
vn 0.37415296 0.92536034 -0.06097385
vn 0.38636328 0.92032283 -0.06106809
vn 0.28273626 0.95897438 -0.02069642
vn 0.32802159 0.94465618 0.00515204
vn 0.16577662 0.98598601 -0.01870046
vn 0.18014856 0.98360510 -0.00821617
vn -0.75192309 0.07458446 -0.65501819
vn -0.80158666 0.15396617 -0.57771382
vn -0.86848829 0.40145107 -0.29080084
vn -0.86665929 0.46337472 -0.18489334
vn -0.84885442 0.52145728 -0.08676683
vn -0.78515689 0.61929181 -0.00251045
vn -0.68604426 0.72755602 0.00234892
vn -0.60765870 0.78614940 0.11278312
vn -0.61302424 0.78233191 0.11026359
vn -0.52366637 0.84039464 0.13967959
vn -0.33779425 0.92465464 0.17580910
vn -0.12275917 0.97666888 0.17620466
vn 0.08928419 0.98021505 0.17665445
vn -0.46854615 -0.00072398 -0.88343873
vn -0.59166291 -0.00076905 -0.80618510
vn -0.64562704 0.00478571 -0.76363788
vn -0.64546985 0.00404944 -0.76377502
vn -0.72310062 0.03382286 -0.68991413
vn -0.85668163 0.32791563 -0.39820588
vn -0.83456448 0.24345536 -0.49419796
vn -0.34751108 -0.01716175 -0.93751881
vn -0.19728439 -0.06823427 -0.97796879
vn 0.01509232 -0.06683498 -0.99764989
vn 0.22438302 -0.04895815 -0.97327045
vn 0.35117442 -0.00739559 -0.93628085
vn 0.42964218 0.01843418 -0.90281104
vn 0.42071274 0.02476437 -0.90685584
vn 0.49217782 0.04188013 -0.86948666
vn 0.50237358 0.03766225 -0.86383004
vn 0.68040784 0.03235004 -0.73211929
vn 0.56646722 0.02949866 -0.82355614
vn 0.75407779 0.08354099 -0.65145037
vn 0.80708311 0.17784054 -0.56301830
vn 0.85225966 0.27160218 -0.44708581
vn 0.87106429 0.36779087 -0.32554091
vn 0.87357888 0.44087310 -0.20613309
vn 0.86306798 0.49345149 -0.10779286
vn 0.83061742 0.55640372 -0.02212712
vn 0.72745345 0.68479979 0.04313614
vn 0.64475751 0.76345556 0.03772746
vn 0.45947393 0.87136748 0.17205353
vn 0.54901602 0.82078072 0.15779863
vn 0.55125175 0.81514833 0.17791770
vn 0.28442712 0.94435551 0.16520858
vn 0.00630295 0.98096248 -0.19409505
vn 0.09105031 0.97725903 -0.19150622
vn 0.16872008 0.96969063 -0.17673035
vn 0.11270189 0.98889710 -0.09685454
vn 0.03030018 0.99526276 -0.09237936
vn -0.05102054 0.99489122 -0.08711125
vn -0.07478715 0.98056738 -0.18136842
vn -0.15337146 0.97278995 -0.17365746
vn -0.21006060 0.96571281 -0.15255596
vn -0.24403168 0.96076882 -0.13180215
vn -0.23135745 0.96610595 -0.11451214
vn -0.19163171 0.97617370 -0.10179485
vn -0.13035811 0.98742667 -0.08941661
vn 0.63428349 0.77175312 0.04562434
vn 0.72058658 0.69029004 0.06522762
vn 0.82911486 0.55881317 -0.01721634
vn 0.68383153 0.02724075 -0.72913125
vn 0.58116717 0.01034883 -0.81371839
vn 0.49493092 0.01979424 -0.86870684
vn 0.49206172 0.02226104 -0.87027565
vn -0.73333151 0.03198409 -0.67911849
vn -0.77024863 0.07951372 -0.63276743
vn -0.78594813 0.61829083 0.00140916
vn -0.68368760 0.72976457 0.00386542
vt 0.56763548 0.87124211
vt 0.56763822 0.86102837
vt 0.57966417 0.86103040
vt 0.57966149 0.87124342
vt 0.65837830 0.97488219
vt 0.65837657 0.96438748
vt 0.67040253 0.96438622
vt 0.67040420 0.97488022
vt 0.37884641 0.78417099
vt 0.37884781 0.77483022
vt 0.39087370 0.77483279
vt 0.39087239 0.78417301
vt 0.56763917 0.85167623
vt 0.56764197 0.84366381
vt 0.57966810 0.84366697
vt 0.57966518 0.85167891
vt 0.37884501 0.79442781
vt 0.39087111 0.79442900
vt 0.97408909 0.07475858
vt 0.97408682 0.06539583
vt 0.98611271 0.06539380
vt 0.98611510 0.07475584
vt 0.65838051 0.98421937
vt 0.67040652 0.98421669
vt 0.97408509 0.05488049
vt 0.98611110 0.05487972
vt 0.65837568 0.95315272
vt 0.67040169 0.95315218
vt 0.97408432 0.04363662
vt 0.98611033 0.04363638
vt 0.97408420 0.03214782
vt 0.97408509 0.02091014
vt 0.98611110 0.02091133
vt 0.98611033 0.03214818
vt 0.65837568 0.94166350
vt 0.67040169 0.94166398
vt 0.65837842 0.91988790
vt 0.65838051 0.91052163
vt 0.67040652 0.91052431
vt 0.67040437 0.91988993
vt 0.97408712 0.01041162
vt 0.97408909 0.00107276
vt 0.98611510 0.00107551
vt 0.98611307 0.01041322
vt 0.37885049 0.85476142
vt 0.37884769 0.84674042
vt 0.39087370 0.84673780
vt 0.39087650 0.85475802
vt 0.56764197 0.93134421
vt 0.56764001 0.92332733
vt 0.57966608 0.92332470
vt 0.57966810 0.93134087
vt 0.37884539 0.83737642
vt 0.39087150 0.83737433
vt 0.56763792 0.91398281
vt 0.57966387 0.91398078
vt 0.37884420 0.82710880
vt 0.39087021 0.82710749
vt 0.56763548 0.90376008
vt 0.56763589 0.89300507
vt 0.57966202 0.89300472
vt 0.57966149 0.90375888
vt 0.37884310 0.81629521
vt 0.39086920 0.81629473
vt 0.37884310 0.80523658
vt 0.39086920 0.80523711
vt 0.56763470 0.88199329
vt 0.57966071 0.88199377
vt 0.65837657 0.93040991
vt 0.67040271 0.93041122
vt 0.37885061 0.76678538
vt 0.39087650 0.76678860
vt 0.76979351 0.41815251
vt 0.77067339 0.41874361
vt 0.77018487 0.41946951
vt 0.77382022 0.41820151
vt 0.77402842 0.41836810
vt 0.77418661 0.41887769
vt 0.95833832 0.08645278
vt 0.95833862 0.07380402
vt 0.97193861 0.07380402
vt 0.97193837 0.08645278
vt 0.96879268 0.21298701
vt 0.96879232 0.20072420
vt 0.98239249 0.20072420
vt 0.98239279 0.21298701
vt 0.96908218 0.34867030
vt 0.96908277 0.33604181
vt 0.98268288 0.33604181
vt 0.98268253 0.34867030
vt 0.95833820 0.06046015
vt 0.97193837 0.06046015
vt 0.96879119 0.13675261
vt 0.96879119 0.12709481
vt 0.98239142 0.12709481
vt 0.98239142 0.13675269
vt 0.96908218 0.32273939
vt 0.98268253 0.32273939
vt 0.95833820 0.04697167
vt 0.97193837 0.04697167
vt 0.96908343 0.29618961
vt 0.96908218 0.28397980
vt 0.98268253 0.28397980
vt 0.98268348 0.29618961
vt 0.96908331 0.30930829
vt 0.98268348 0.30930829
vt 0.95833820 0.03380954
vt 0.97193837 0.03380954
vt 0.14917959 0.95067710
vt 0.14917821 0.93757212
vt 0.16277830 0.93757212
vt 0.16277979 0.95067710
vt 0.95833850 0.02154237
vt 0.97193861 0.02154237
vt 0.96908373 0.27300689
vt 0.98268378 0.27300689
vt 0.95833832 0.01052647
vt 0.97193837 0.01052647
vt 0.96908218 0.26355961
vt 0.98268253 0.26355961
vt 0.95833832 0.00107276
vt 0.97193837 0.00107276
vt 0.14917821 0.97386289
vt 0.14917821 0.96288341
vt 0.16277841 0.96288341
vt 0.16277841 0.97386289
vt 0.96879119 0.22401020
vt 0.98239142 0.22401020
vt 0.96879119 0.18761750
vt 0.98239142 0.18761750
vt 0.14917821 0.92414987
vt 0.16277830 0.92414987
vt 0.96879119 0.17410231
vt 0.98239142 0.17410231
vt 0.14917821 0.91085720
vt 0.16277830 0.91085720
vt 0.96879119 0.16077331
vt 0.98239142 0.16077331
vt 0.14917821 0.89823550
vt 0.16277830 0.89823550
vt 0.96879119 0.14813641
vt 0.98239142 0.14813641
vt 0.14917821 0.88683760
vt 0.16277830 0.88683760
vt 0.95833820 0.09781992
vt 0.97193837 0.09781992
vt 0.95833820 0.10748010
vt 0.97193837 0.10748010
vt 0.96908218 0.36006740
vt 0.98268253 0.36006740
vt 0.77059340 0.41848239
vt 0.77064669 0.41860870
vt 0.77067351 0.41888139
vt 0.77064568 0.41901600
vt 0.77059197 0.41914171
vt 0.77051550 0.41925341
vt 0.77041942 0.41934720
vt 0.77030742 0.41942009
vt 0.77005613 0.41949481
vt 0.76992410 0.41949481
vt 0.76979518 0.41946971
vt 0.76967257 0.41942051
vt 0.76956052 0.41934749
vt 0.76946431 0.41925371
vt 0.76938760 0.41914201
vt 0.76930588 0.41874391
vt 0.76933378 0.41901630
vt 0.76930600 0.41888160
vt 0.76933289 0.41860899
vt 0.76938587 0.41848281
vt 0.76946223 0.41837040
vt 0.76967049 0.41820249
vt 0.76955861 0.41827571
vt 0.76992297 0.41812700
vt 0.77005547 0.41812700
vt 0.77018517 0.41815221
vt 0.77030832 0.41820201
vt 0.77042061 0.41827539
vt 0.77051687 0.41837001
vt 0.77416003 0.41901281
vt 0.77410680 0.41913900
vt 0.77403021 0.41925159
vt 0.77393413 0.41934600
vt 0.77369869 0.41946951
vt 0.77382177 0.41941971
vt 0.77356911 0.41949481
vt 0.77330703 0.41946921
vt 0.77343643 0.41949490
vt 0.77318400 0.41941941
vt 0.77330798 0.41815209
vt 0.77307212 0.41934630
vt 0.77297568 0.41925171
vt 0.77289933 0.41913930
vt 0.77284610 0.41901299
vt 0.77281910 0.41887820
vt 0.77281910 0.41874051
vt 0.77284688 0.41860580
vt 0.77290058 0.41848001
vt 0.77297729 0.41836831
vt 0.77307338 0.41827440
vt 0.77318537 0.41820151
vt 0.77343702 0.41812709
vt 0.77369791 0.41815209
vt 0.77356893 0.41812700
vt 0.77393228 0.41827431
vt 0.77410501 0.41847980
vt 0.77415872 0.41860551
vt 0.77418661 0.41874000
vt 0.99155247 0.32795841
vt 0.99155182 0.31448871
vt 0.99254560 0.31448871
vt 0.99254620 0.32795841
vt 0.99053210 0.53502661
vt 0.99053210 0.52125412
vt 0.99152583 0.52125412
vt 0.99152583 0.53502661
vt 0.99053317 0.54851842
vt 0.99152690 0.54851842
vt 0.99155182 0.30071649
vt 0.99155241 0.28723630
vt 0.99254620 0.28723630
vt 0.99254549 0.30071649
vt 0.99053317 0.50778842
vt 0.99152690 0.50778842
vt 0.99155372 0.27462929
vt 0.99254727 0.27462929
vt 0.99053538 0.49521130
vt 0.99152911 0.49521130
vt 0.99155551 0.26340210
vt 0.99254930 0.26340210
vt 0.99053848 0.48402321
vt 0.99153221 0.48402321
vt 0.20730481 0.75609571
vt 0.20730449 0.74645728
vt 0.20829821 0.74645722
vt 0.20829859 0.75609553
vt 0.71513438 0.91518468
vt 0.71513402 0.90558648
vt 0.71612757 0.90558648
vt 0.71612811 0.91518468
vt 0.20730311 0.73526579
vt 0.20829681 0.73526567
vt 0.71513218 0.89438242
vt 0.71513343 0.88214558
vt 0.71612710 0.88214558
vt 0.71612591 0.89438242
vt 0.20730250 0.72297662
vt 0.20730381 0.71002543
vt 0.20829751 0.71002543
vt 0.20829619 0.72297651
vt 0.71513331 0.86926389
vt 0.71612698 0.86926383
vt 0.20730381 0.69677502
vt 0.20829751 0.69677490
vt 0.71513200 0.85606939
vt 0.71612573 0.85606939
vt 0.20730370 0.68381780
vt 0.20829740 0.68381763
vt 0.71513343 0.84318191
vt 0.71612710 0.84318191
vt 0.20730419 0.67151439
vt 0.20829789 0.67151427
vt 0.71513259 0.83093172
vt 0.71513301 0.81973320
vt 0.71612668 0.81973320
vt 0.71612632 0.83093172
vt 0.20730449 0.66029340
vt 0.20829821 0.66029340
vt 0.71513450 0.81012481
vt 0.71612811 0.81012481
vt 0.20730481 0.65068150
vt 0.20829859 0.65068138
vt 0.99155557 0.35173181
vt 0.99155331 0.34054071
vt 0.99254698 0.34054071
vt 0.99254930 0.35173181
vt 0.99053848 0.57236731
vt 0.99053508 0.56113487
vt 0.99152881 0.56113487
vt 0.99153221 0.57236731
vt 0.33765030 0.46063250
vt 0.32519001 0.46008250
vt 0.32824540 0.43668839
vt 0.33954379 0.43718711
vt 0.13853540 0.48069721
vt 0.12733820 0.47993639
vt 0.12733820 0.46399280
vt 0.13853540 0.46475369
vt 0.04721719 0.46178970
vt 0.03400415 0.46151021
vt 0.03587085 0.43806669
vt 0.04785192 0.43832019
vt 0.31409550 0.45929539
vt 0.31818551 0.43597451
vt 0.07433062 0.48033759
vt 0.06085062 0.48061991
vt 0.06085062 0.46467659
vt 0.07433062 0.46439430
vt 0.02168405 0.46097121
vt 0.02469933 0.43757820
vt 0.21329500 0.46111241
vt 0.20213351 0.46187559
vt 0.19917420 0.43847620
vt 0.20929471 0.43778431
vt 0.31169951 0.47798249
vt 0.30227929 0.47893411
vt 0.30227929 0.46299019
vt 0.31169951 0.46203861
vt 0.01064527 0.46019709
vt 0.01469004 0.43687639
vt 0.18989520 0.46239200
vt 0.18807720 0.43894449
vt 0.25275579 0.48047400
vt 0.23958699 0.48020381
vt 0.23958699 0.46426001
vt 0.25275579 0.46453020
vt 0.31140259 0.45916960
vt 0.30203581 0.46011579
vt 0.29805940 0.43679059
vt 0.30655271 0.43593249
vt 0.17700630 0.46265531
vt 0.17639010 0.43918300
vt 0.00137329 0.45922720
vt 0.00628269 0.43599701
vt 0.16382520 0.46265659
vt 0.16443831 0.43918431
vt 0.29105479 0.46086559
vt 0.27895769 0.46137720
vt 0.27713320 0.43793410
vt 0.28810230 0.43747029
vt 0.15094160 0.46239159
vt 0.15275620 0.43894401
vt 0.26608309 0.46164161
vt 0.26545921 0.43817380
vt 0.13871621 0.46187499
vt 0.12758259 0.46111849
vt 0.13157550 0.43778989
vt 0.14167079 0.43847570
vt 0.25279340 0.46164700
vt 0.23969939 0.46137851
vt 0.24153569 0.43793491
vt 0.25340870 0.43817869
vt 0.11799370 0.46013689
vt 0.11039220 0.45897189
vt 0.11598810 0.43584391
vt 0.12288080 0.43689999
vt 0.22723851 0.46084481
vt 0.21593350 0.46006021
vt 0.21998601 0.43673930
vt 0.23023680 0.43745100
vt 0.10759820 0.45913070
vt 0.09811520 0.46014991
vt 0.09400343 0.43683240
vt 0.10260210 0.43590811
vt 0.39068970 0.46007529
vt 0.37810931 0.46063331
vt 0.37622979 0.43718860
vt 0.38763711 0.43668291
vt 0.08682227 0.46095470
vt 0.08376365 0.43756229
vt 0.07421535 0.46151280
vt 0.06081151 0.46179339
vt 0.06017839 0.43832320
vt 0.07233238 0.43806851
vt 0.36468071 0.46091381
vt 0.36405349 0.43744281
vt 0.36471909 0.47974011
vt 0.35096070 0.47974351
vt 0.35096070 0.46380031
vt 0.36471909 0.46379691
vt 0.37822440 0.47945800
vt 0.37822440 0.46351480
vt 0.15083060 0.48121661
vt 0.15083060 0.46527311
vt 0.08700948 0.47977641
vt 0.08700948 0.46383300
vt 0.01039761 0.47901449
vt 0.00107276 0.47803921
vt 0.00107276 0.46209571
vt 0.01039761 0.46307120
vt 0.26612130 0.48046851
vt 0.26612130 0.46452460
vt 0.80458552 0.41819111
vt 0.80475909 0.41833010
vt 0.80489111 0.41875520
vt 0.11769460 0.47894919
vt 0.11004960 0.47777760
vt 0.11004960 0.46183410
vt 0.11769460 0.46300560
vt 0.22705500 0.47966719
vt 0.21568540 0.47887820
vt 0.21568540 0.46293429
vt 0.22705500 0.46372339
vt 0.10790400 0.47794199
vt 0.09836691 0.47896701
vt 0.09836691 0.46302360
vt 0.10790400 0.46199861
vt 0.39087650 0.47889701
vt 0.39087650 0.46295369
vt 0.35100040 0.46091709
vt 0.35164890 0.43744561
vt 0.33753440 0.47945711
vt 0.33753440 0.46351391
vt 0.04717814 0.48061630
vt 0.04717814 0.46467289
vt 0.32500300 0.47890401
vt 0.32500300 0.46296090
vt 0.03388983 0.48033509
vt 0.03388983 0.46439180
vt 0.31384510 0.47811249
vt 0.31384510 0.46216920
vt 0.02149945 0.47979310
vt 0.02149945 0.46384969
vt 0.21353979 0.47993019
vt 0.20231470 0.48069781
vt 0.20231470 0.46475419
vt 0.21353979 0.46398669
vt 0.19000660 0.48121721
vt 0.19000660 0.46527359
vt 0.17704390 0.48148191
vt 0.17704390 0.46553841
vt 0.29123551 0.47968811
vt 0.29123551 0.46374431
vt 0.16378760 0.48148319
vt 0.16378760 0.46553981
vt 0.27906939 0.48020259
vt 0.27906939 0.46425879
vt 0.35210821 0.36539799
vt 0.36360911 0.36539519
vt 0.36372870 0.41393980
vt 0.35198471 0.41394281
vt 0.34088510 0.36515859
vt 0.34052429 0.41369811
vt 0.33040991 0.36469629
vt 0.32982779 0.41322610
vt 0.32108301 0.36403450
vt 0.32030371 0.41255030
vt 0.19707790 0.36647969
vt 0.20646100 0.36583811
vt 0.20722321 0.41435620
vt 0.19764170 0.41501129
vt 0.18678930 0.36691391
vt 0.18713561 0.41545460
vt 0.17595370 0.36713511
vt 0.17607111 0.41568059
vt 0.16487271 0.36713639
vt 0.16475581 0.41568169
vt 0.15404169 0.36691350
vt 0.15369600 0.41545421
vt 0.13440409 0.36584330
vt 0.14376400 0.36647919
vt 0.14320110 0.41501081
vt 0.13364330 0.41436151
vt 0.12634280 0.36501801
vt 0.12541179 0.41351891
vt 0.11995240 0.36403871
vt 0.11888630 0.41251880
vt 0.09109044 0.36489329
vt 0.09906262 0.36403650
vt 0.10001450 0.41253421
vt 0.09187388 0.41340911
vt 0.08159667 0.36556980
vt 0.08217948 0.41410011
vt 0.05973029 0.36627501
vt 0.07099831 0.36603901
vt 0.07135707 0.41457930
vt 0.05985093 0.41482019
vt 0.04830116 0.36627200
vt 0.04818058 0.41481721
vt 0.03719300 0.36603689
vt 0.03683722 0.41457710
vt 0.02683568 0.36558381
vt 0.02626127 0.41411451
vt 0.01755595 0.36493301
vt 0.01678520 0.41345009
vt 0.29524189 0.36484209
vt 0.30311641 0.36404669
vt 0.30404061 0.41254899
vt 0.29599959 0.41336119
vt 0.28601030 0.36547241
vt 0.28657290 0.41400489
vt 0.27584049 0.36590239
vt 0.27618811 0.41444409
vt 0.26501709 0.36612481
vt 0.26513600 0.41467100
vt 0.24283670 0.36590350
vt 0.25384471 0.36612940
vt 0.25372741 0.41467571
vt 0.24248680 0.41444510
vt 0.23236109 0.36545491
vt 0.23178980 0.41398701
vt 0.22285710 0.36479530
vt 0.22208489 0.41331330
vt 0.37489831 0.36515930
vt 0.38547441 0.36469039
vt 0.38605601 0.41322029
vt 0.37525639 0.41369909
vt 0.00976121 0.36411759
vt 0.00882572 0.41261739
vt 0.36471909 0.46235049
vt 0.35096070 0.46235389
vt 0.33753440 0.46206760
vt 0.32500300 0.46151450
vt 0.31384510 0.46072280
vt 0.21353979 0.46254030
vt 0.20231470 0.46330789
vt 0.19000660 0.46382740
vt 0.17704390 0.46409199
vt 0.16378760 0.46409330
vt 0.15083060 0.46382681
vt 0.13853540 0.46330729
vt 0.12733820 0.46254650
vt 0.11769460 0.46155930
vt 0.11004960 0.46038771
vt 0.10790400 0.46055230
vt 0.09836685 0.46157730
vt 0.08700948 0.46238661
vt 0.07433062 0.46294799
vt 0.06085062 0.46323031
vt 0.04717814 0.46322650
vt 0.03388983 0.46294540
vt 0.02149945 0.46240339
vt 0.01039761 0.46162489
vt 0.31169951 0.46059230
vt 0.30227929 0.46154380
vt 0.29123551 0.46229789
vt 0.27906939 0.46281239
vt 0.26612130 0.46307829
vt 0.25275579 0.46308389
vt 0.23958699 0.46281359
vt 0.22705500 0.46227711
vt 0.21568540 0.46148789
vt 0.39087650 0.46150741
vt 0.37822440 0.46206841
vt 0.00107276 0.46064940
vt 0.35212019 0.00243342
vt 0.36359760 0.00243056
vt 0.28595600 0.00249565
vt 0.29516891 0.00186658
vt 0.04831326 0.00330365
vt 0.05971843 0.00330675
vt 0.12643249 0.00205016
vt 0.13447741 0.00287378
vt 0.34091991 0.00219464
vt 0.15407500 0.00394166
vt 0.16488390 0.00416404
vt 0.27580699 0.00292474
vt 0.17594241 0.00416297
vt 0.00985134 0.00115377
vt 0.01763010 0.00196743
vt 0.18675600 0.00394207
vt 0.30302739 0.00107282
vt 0.19702350 0.00350881
vt 0.02689141 0.00261688
vt 0.20638759 0.00286853
vt 0.03722763 0.00306904
vt 0.32115799 0.00107282
vt 0.33046600 0.00173312
vt 0.07096374 0.00307131
vt 0.08154052 0.00260305
vt 0.37486380 0.00219524
vt 0.09101498 0.00192779
vt 0.38541839 0.00172728
vt 0.09897094 0.00107282
vt 0.23241600 0.00247818
vt 0.24287049 0.00292563
vt 0.12005510 0.00107282
vt 0.25385600 0.00315118
vt 0.26500571 0.00314665
vt 0.14381810 0.00350833
vt 0.22293150 0.00181985
vt 0.80486888 0.41886780
vt 0.80482447 0.41897321
vt 0.80476081 0.41906700
vt 0.80468041 0.41914591
vt 0.80448419 0.41924879
vt 0.80458683 0.41920719
vt 0.80437601 0.41926989
vt 0.80415738 0.41924870
vt 0.80426538 0.41927001
vt 0.80405480 0.41920701
vt 0.80415827 0.41815001
vt 0.80396140 0.41914609
vt 0.80388099 0.41906700
vt 0.80381727 0.41897330
vt 0.80377293 0.41886809
vt 0.80375028 0.41875559
vt 0.80375028 0.41864070
vt 0.80377358 0.41852841
vt 0.80381840 0.41842350
vt 0.80388242 0.41833019
vt 0.80396259 0.41825199
vt 0.80405599 0.41819111
vt 0.80426568 0.41812900
vt 0.80448341 0.41815001
vt 0.80437583 0.41812891
vt 0.80467898 0.41825190
vt 0.80482322 0.41842330
vt 0.80486792 0.41852811
vt 0.80489111 0.41864029
vt 0.69069451 0.76070333
vt 0.69066042 0.77438283
vt 0.68799198 0.77438259
vt 0.68802607 0.76070321
vt 0.73352212 0.42388549
vt 0.74660730 0.42398450
vt 0.74660611 0.43975529
vt 0.73352093 0.43965629
vt 0.65623701 0.72258091
vt 0.64351171 0.72240442
vt 0.64351332 0.70664650
vt 0.65623850 0.70682287
vt 0.70656377 0.74764508
vt 0.70646530 0.76070440
vt 0.69079310 0.74764401
vt 0.72158301 0.42372799
vt 0.72158188 0.43949881
vt 0.70643121 0.77438402
vt 0.70646417 0.78808337
vt 0.69069350 0.78808230
vt 0.70672011 0.73573607
vt 0.69094938 0.73573488
vt 0.71123868 0.42351931
vt 0.71123749 0.43928990
vt 0.46718889 0.61267120
vt 0.47888380 0.61253601
vt 0.47888699 0.62830770
vt 0.46719211 0.62844288
vt 0.70692849 0.72541612
vt 0.69115782 0.72541487
vt 0.59280407 0.72287291
vt 0.58237338 0.72326881
vt 0.58237499 0.70751083
vt 0.59280562 0.70711499
vt 0.40387481 0.61255711
vt 0.41575161 0.61268491
vt 0.41575471 0.62845659
vt 0.40387800 0.62832880
vt 0.48929429 0.61235338
vt 0.48929760 0.62812507
vt 0.60454869 0.72258341
vt 0.60455030 0.70682561
vt 0.45461750 0.61275393
vt 0.45462069 0.62852550
vt 0.61718827 0.72240502
vt 0.61718982 0.70664710
vt 0.44149041 0.61278641
vt 0.44149369 0.62855810
vt 0.63037151 0.72234350
vt 0.63037288 0.70658559
vt 0.42842120 0.61276299
vt 0.42842439 0.62853462
vt 0.66810161 0.72287011
vt 0.66810310 0.70711219
vt 0.39338550 0.61237919
vt 0.39338881 0.62815088
vt 0.67863673 0.72326881
vt 0.67863822 0.70751083
vt 0.79911798 0.42373291
vt 0.80949157 0.42352420
vt 0.80949050 0.43929479
vt 0.79911667 0.43950361
vt 0.70671880 0.81322050
vt 0.70692849 0.82361442
vt 0.69115782 0.82361323
vt 0.69094801 0.81321931
vt 0.78713328 0.42388979
vt 0.78713220 0.43966049
vt 0.70656133 0.80121827
vt 0.69079047 0.80121732
vt 0.77400768 0.42398679
vt 0.77400649 0.43975750
vt 0.76029998 0.42401791
vt 0.76029891 0.43978861
vt 0.72462982 0.13152340
vt 0.73435599 0.13154300
vt 0.73435009 0.13461760
vt 0.72462392 0.13459800
vt 0.77733320 0.41820151
vt 0.77754122 0.41836810
vt 0.77769947 0.41887769
vt 0.92889482 0.64131367
vt 0.93332350 0.64131367
vt 0.93332350 0.65443498
vt 0.92889482 0.65443498
vt 0.78589058 0.13164130
vt 0.78589910 0.12721270
vt 0.79927570 0.12723830
vt 0.79926729 0.13166679
vt 0.92889482 0.61391342
vt 0.93332350 0.61391342
vt 0.93332350 0.62760770
vt 0.92889482 0.62760770
vt 0.75856960 0.13158920
vt 0.75857812 0.12716059
vt 0.77213591 0.12718651
vt 0.77212751 0.13161510
vt 0.92889500 0.60082382
vt 0.93332362 0.60082382
vt 0.71169537 0.60021847
vt 0.71612400 0.60021889
vt 0.71612233 0.61275941
vt 0.71169370 0.61275911
vt 0.74580801 0.13156439
vt 0.74581653 0.12713590
vt 0.92889458 0.58887738
vt 0.93332332 0.58887738
vt 0.73436439 0.12711450
vt 0.92889458 0.57852358
vt 0.93332320 0.57852358
vt 0.52233708 0.73544282
vt 0.52676570 0.73544192
vt 0.52676761 0.74700892
vt 0.52233899 0.74700981
vt 0.72463822 0.12709489
vt 0.71168947 0.66390932
vt 0.71611810 0.66390967
vt 0.71611887 0.67473191
vt 0.71169031 0.67473149
vt 0.52232277 0.67198932
vt 0.52675152 0.67198843
vt 0.52675670 0.68399799
vt 0.52232808 0.68399888
vt 0.52676761 0.75724328
vt 0.52233899 0.75724423
vt 0.71168959 0.65188050
vt 0.71611822 0.65188092
vt 0.52233690 0.72294909
vt 0.52676541 0.72294819
vt 0.71168977 0.63906932
vt 0.71611851 0.63906962
vt 0.52233320 0.70984751
vt 0.52676177 0.70984662
vt 0.71169078 0.62583220
vt 0.71611941 0.62583238
vt 0.52233022 0.69674963
vt 0.52675891 0.69674867
vt 0.71169662 0.58865237
vt 0.71612531 0.58865291
vt 0.52231872 0.66131997
vt 0.52674723 0.66131908
vt 0.71169943 0.57852387
vt 0.71612811 0.57852417
vt 0.92889488 0.66641229
vt 0.93332362 0.66641229
vt 0.93332362 0.67677653
vt 0.92889500 0.67677653
vt 0.81168008 0.13169061
vt 0.81168860 0.12726210
vt 0.82264119 0.12728290
vt 0.82263267 0.13171160
vt 0.70861572 0.67473131
vt 0.70861501 0.66390902
vt 0.51925361 0.68399948
vt 0.51924831 0.67198998
vt 0.51926440 0.75724500
vt 0.51926440 0.74701053
vt 0.70861512 0.65188020
vt 0.51926249 0.73544341
vt 0.51926231 0.72294980
vt 0.70861518 0.63906908
vt 0.51925862 0.70984823
vt 0.70861620 0.62583178
vt 0.51925558 0.69675022
vt 0.70861918 0.61275887
vt 0.70862091 0.60021830
vt 0.70862210 0.58865219
vt 0.51924407 0.66132063
vt 0.70862490 0.57852358
vt 0.92582041 0.67677653
vt 0.92582041 0.66641229
vt 0.82262689 0.13478610
vt 0.81167418 0.13476519
vt 0.92582029 0.65443498
vt 0.79926139 0.13474140
vt 0.92582029 0.64131367
vt 0.78588468 0.13471590
vt 0.92582017 0.62760770
vt 0.92582017 0.61391342
vt 0.77212161 0.13468960
vt 0.75856382 0.13466381
vt 0.92582041 0.60082382
vt 0.74580222 0.13463899
vt 0.92582011 0.58887738
vt 0.92582011 0.57852358
vt 0.60455048 0.70415932
vt 0.59280592 0.70444882
vt 0.59290957 0.68145591
vt 0.60464662 0.68328780
vt 0.74660587 0.44242370
vt 0.73352081 0.44232461
vt 0.64351350 0.70398033
vt 0.65623879 0.70415658
vt 0.68812472 0.74764389
vt 0.72158158 0.44216719
vt 0.68802512 0.78808212
vt 0.68828088 0.73573470
vt 0.71123731 0.44195840
vt 0.47888750 0.63097632
vt 0.46719271 0.63111150
vt 0.68848932 0.72541481
vt 0.58237523 0.70484447
vt 0.41575530 0.63112509
vt 0.40387851 0.63099730
vt 0.48929819 0.63079369
vt 0.45462129 0.63119411
vt 0.61719012 0.70398092
vt 0.44149420 0.63122672
vt 0.63037318 0.70391941
vt 0.42842501 0.63120317
vt 0.66810340 0.70444590
vt 0.39338940 0.63081938
vt 0.67863852 0.70484447
vt 0.80949032 0.44196329
vt 0.79911661 0.44217211
vt 0.68848932 0.82361311
vt 0.68827951 0.81321919
vt 0.78713202 0.44232890
vt 0.68812221 0.80121708
vt 0.77400631 0.44242600
vt 0.76029873 0.44245699
vt 0.64397651 0.67777783
vt 0.63087839 0.67277288
vt 0.63204992 0.65811318
vt 0.64500570 0.66564763
vt 0.46725580 0.64259958
vt 0.45469269 0.64495492
vt 0.61727780 0.68539232
vt 0.44157481 0.64736050
vt 0.63045228 0.68771178
vt 0.42851430 0.64969927
vt 0.64358371 0.69014591
vt 0.41585290 0.65191120
vt 0.65630090 0.69262028
vt 0.66815788 0.69505221
vt 0.40398431 0.65393001
vt 0.39350221 0.65564781
vt 0.67868602 0.69735318
vt 0.80948871 0.46678770
vt 0.79911488 0.46857670
vt 0.68099070 0.82361269
vt 0.68235737 0.81321877
vt 0.78713018 0.46992570
vt 0.68338323 0.80121690
vt 0.77400452 0.47076631
vt 0.68401551 0.78808188
vt 0.76029688 0.47104591
vt 0.74660408 0.47077700
vt 0.68423069 0.77438247
vt 0.68400872 0.76070303
vt 0.73351902 0.46994999
vt 0.68336910 0.74764371
vt 0.72157991 0.46862030
vt 0.68234730 0.73573452
vt 0.71123570 0.46685299
vt 0.47894281 0.64035010
vt 0.68099689 0.72541428
vt 0.58248580 0.67996770
vt 0.48934621 0.63828528
vt 0.69270092 0.68563688
vt 0.68626881 0.67698759
vt 0.69029272 0.67580831
vt 0.69530833 0.68478382
vt 0.41634470 0.67180932
vt 0.42897400 0.66711688
vt 0.43028340 0.68421572
vt 0.41779101 0.69134879
vt 0.66848868 0.68749392
vt 0.65666151 0.68274152
vt 0.65755320 0.67306077
vt 0.66925251 0.68009681
vt 0.39405110 0.67992401
vt 0.40450659 0.67615288
vt 0.40608189 0.69798011
vt 0.39574000 0.70377147
vt 0.67899013 0.69185531
vt 0.67964011 0.68648571
vt 0.79911393 0.49454960
vt 0.80948770 0.49104941
vt 0.80949003 0.51485550
vt 0.79911637 0.52003777
vt 0.67855561 0.81321949
vt 0.67548102 0.82361323
vt 0.67009127 0.82361478
vt 0.67484832 0.81322098
vt 0.78712940 0.49718940
vt 0.78701007 0.52359122
vt 0.68086338 0.80121768
vt 0.67841882 0.80121922
vt 0.77400362 0.49883521
vt 0.77400661 0.52638382
vt 0.68228579 0.78808278
vt 0.68061948 0.78808433
vt 0.74660331 0.49886021
vt 0.76029611 0.49938419
vt 0.76029909 0.52719742
vt 0.74660617 0.52642250
vt 0.68227053 0.76070392
vt 0.68276978 0.77438343
vt 0.68136841 0.77438492
vt 0.68059587 0.76070529
vt 0.73351812 0.49724451
vt 0.73352093 0.52403182
vt 0.68083078 0.74764448
vt 0.67836809 0.74764591
vt 0.72157902 0.49464509
vt 0.72158158 0.52018440
vt 0.67853260 0.73573512
vt 0.67481250 0.73573643
vt 0.71123481 0.49119011
vt 0.71123707 0.51507008
vt 0.46761689 0.65242600
vt 0.47927371 0.64788592
vt 0.48003629 0.65526080
vt 0.46850640 0.66205490
vt 0.67549312 0.72541481
vt 0.67010921 0.72541630
vt 0.59343058 0.65916681
vt 0.58303308 0.65563750
vt 0.58472371 0.63173652
vt 0.59500831 0.63727438
vt 0.48965079 0.64378208
vt 0.49030060 0.64915061
vt 0.60513783 0.66329688
vt 0.60658842 0.64366591
vt 0.45508549 0.65724319
vt 0.45611101 0.66929471
vt 0.61773717 0.66787440
vt 0.61905128 0.65067691
vt 0.44200131 0.66221899
vt 0.44316909 0.67679948
vt 0.92027962 0.64142132
vt 0.92081642 0.62773591
vt 0.92229128 0.62770742
vt 0.92203641 0.64139742
vt 0.74594897 0.23899481
vt 0.73441488 0.23410940
vt 0.73413831 0.21309040
vt 0.74565679 0.21690440
vt 0.91473120 0.60093057
vt 0.90990412 0.58892512
vt 0.91251141 0.58892512
vt 0.91627520 0.60092860
vt 0.75878060 0.24205311
vt 0.75847822 0.21929450
vt 0.91770631 0.61406678
vt 0.91859478 0.61406320
vt 0.78611970 0.24215880
vt 0.77237028 0.24309330
vt 0.77206421 0.22011110
vt 0.78581661 0.21938831
vt 0.91767460 0.64144748
vt 0.91871887 0.62776762
vt 0.91938442 0.62776363
vt 0.91857022 0.64144450
vt 0.79943961 0.23921371
vt 0.79914618 0.21709760
vt 0.66975170 0.65534270
vt 0.66036862 0.64325547
vt 0.67009801 0.64076000
vt 0.67741412 0.65332478
vt 0.91466242 0.65450692
vt 0.91622150 0.65450591
vt 0.81177378 0.23445430
vt 0.81149572 0.21339190
vt 0.90985751 0.66641372
vt 0.91247511 0.66641498
vt 0.82264119 0.22815029
vt 0.82239330 0.20845529
vt 0.48062700 0.67975491
vt 0.48924720 0.66863668
vt 0.49495730 0.67022002
vt 0.48823729 0.68178338
vt 0.90349817 0.67672682
vt 0.90751660 0.67673010
vt 0.62298340 0.59620363
vt 0.61526012 0.58700550
vt 0.63495511 0.58201063
vt 0.64095038 0.59179240
vt 0.43395111 0.73897600
vt 0.44270590 0.72798961
vt 0.45867211 0.73195690
vt 0.45184651 0.74338633
vt 0.49692139 0.65868503
vt 0.50094002 0.65987408
vt 0.63164240 0.60692841
vt 0.64770132 0.60296237
vt 0.47135839 0.69163382
vt 0.48101091 0.69413871
vt 0.64096171 0.61859888
vt 0.65496719 0.61511147
vt 0.46168220 0.70396638
vt 0.47346741 0.70696449
vt 0.65068132 0.63088220
vt 0.66254532 0.62789053
vt 0.45204759 0.71620059
vt 0.46595579 0.71969253
vt 0.67850059 0.66673279
vt 0.68423581 0.66515923
vt 0.42621779 0.74862212
vt 0.44581681 0.75342578
vt 0.72462332 0.22764300
vt 0.72436613 0.20804439
vt 0.51199931 0.66110569
vt 0.51012909 0.67172968
vt 0.79907018 0.18979780
vt 0.78572971 0.19129920
vt 0.78573310 0.16273880
vt 0.79908228 0.16203910
vt 0.68728387 0.65221721
vt 0.68246073 0.63945740
vt 0.69504201 0.63889980
vt 0.69733238 0.65174991
vt 0.91873121 0.65449369
vt 0.92130101 0.65448081
vt 0.81143510 0.18736270
vt 0.81145912 0.16089509
vt 0.92029577 0.61403650
vt 0.92204398 0.61400920
vt 0.91626132 0.66641539
vt 0.92012823 0.66641498
vt 0.82234770 0.18411510
vt 0.82238221 0.15936400
vt 0.49804431 0.68302971
vt 0.50247288 0.67124671
vt 0.50802869 0.68363541
vt 0.91299212 0.67673957
vt 0.91857570 0.67674828
vt 0.66324693 0.58962673
vt 0.65929532 0.57965851
vt 0.68404669 0.57855552
vt 0.68592173 0.58862412
vt 0.47405651 0.74563622
vt 0.47855571 0.73404193
vt 0.49877879 0.73506260
vt 0.49664330 0.74672413
vt 0.50641572 0.66071868
vt 0.66769701 0.60100788
vt 0.68803388 0.60011941
vt 0.49328080 0.69560558
vt 0.50576770 0.69632828
vt 0.67248660 0.61337757
vt 0.69030768 0.61260557
vt 0.48830870 0.70863593
vt 0.50340861 0.70945477
vt 0.67748177 0.62636578
vt 0.69267857 0.62569427
vt 0.48335761 0.72158623
vt 0.50105888 0.72251987
vt 0.69178158 0.66422677
vt 0.69946831 0.66383761
vt 0.47008130 0.75583482
vt 0.49475560 0.75699568
vt 0.69577497 0.67503178
vt 0.70136517 0.67471170
vt 0.73408377 0.18711370
vt 0.72432500 0.18378030
vt 0.72436398 0.15910640
vt 0.73411387 0.16069929
vt 0.91628522 0.58891732
vt 0.91297930 0.57852632
vt 0.91856962 0.57852608
vt 0.92013937 0.58890867
vt 0.74558640 0.18963550
vt 0.74560410 0.16190830
vt 0.91876662 0.60091013
vt 0.92131788 0.60089111
vt 0.75839448 0.19121960
vt 0.75840098 0.16267350
vt 0.77197462 0.19176669
vt 0.77197587 0.16294689
vt 0.39302221 0.72901428
vt 0.40059489 0.72321528
vt 0.41057920 0.73873872
vt 0.40300441 0.74600267
vt 0.68081802 0.68245101
vt 0.67083400 0.67437601
vt 0.67385560 0.66973120
vt 0.68298042 0.67914188
vt 0.41053459 0.71574283
vt 0.41966340 0.72993451
vt 0.65958941 0.66544110
vt 0.66357863 0.65929210
vt 0.42178819 0.70721149
vt 0.43379501 0.69804800
vt 0.44092140 0.70912611
vt 0.42994800 0.71989822
vt 0.64752960 0.65598983
vt 0.63507771 0.64634621
vt 0.64117670 0.63691032
vt 0.65255648 0.64822572
vt 0.44617951 0.68853188
vt 0.45223960 0.69794530
vt 0.62258452 0.63679671
vt 0.62975872 0.62568611
vt 0.45861769 0.67892182
vt 0.46360680 0.68666720
vt 0.61060607 0.62775522
vt 0.61881131 0.61503458
vt 0.47053120 0.66966039
vt 0.47449490 0.67580301
vt 0.59947622 0.61947560
vt 0.60863948 0.60525799
vt 0.48161259 0.66098237
vt 0.49147749 0.65319812
vt 0.49363729 0.65651947
vt 0.48462179 0.66563100
vt 0.58959132 0.61226088
vt 0.59980351 0.59753698
vt 0.49964669 0.64667839
vt 0.50110310 0.64889848
vt 0.58181381 0.60744792
vt 0.59214002 0.58981031
vt 0.67213321 0.73573887
vt 0.67674363 0.74764973
vt 0.67533290 0.74765438
vt 0.66987783 0.73574328
vt 0.68063158 0.77439058
vt 0.67966348 0.78808999
vt 0.67878813 0.78809619
vt 0.67993122 0.77439660
vt 0.72205240 0.53995919
vt 0.73352861 0.54582322
vt 0.73355317 0.56304061
vt 0.72160852 0.55734152
vt 0.67963201 0.76071042
vt 0.67874992 0.76071608
vt 0.74661559 0.54885727
vt 0.74664241 0.56657958
vt 0.76030892 0.54984248
vt 0.77401543 0.54880792
vt 0.77404159 0.56652230
vt 0.76033610 0.56773031
vt 0.67681158 0.80122387
vt 0.67541498 0.80122972
vt 0.78713870 0.54571497
vt 0.78716230 0.56291473
vt 0.67218632 0.81322467
vt 0.66994601 0.81323028
vt 0.79900658 0.54038543
vt 0.79914051 0.55713248
vt 0.68908513 0.68929642
vt 0.69053608 0.68709278
vt 0.41976941 0.75658607
vt 0.50327653 0.65036649
vt 0.60893828 0.57921791
vt 0.90768450 0.66641128
vt 0.91332883 0.65450728
vt 0.91809380 0.62777132
vt 0.91690421 0.61407012
vt 0.81240690 0.25125301
vt 0.80010593 0.25684771
vt 0.91686708 0.64145029
vt 0.78680700 0.26031181
vt 0.77306420 0.26141411
vt 0.75946712 0.26019689
vt 0.91340947 0.60093212
vt 0.74661368 0.25660861
vt 0.90773940 0.58892387
vt 0.73504567 0.25087360
vt 0.66602480 0.82361811
vt 0.71124041 0.53444457
vt 0.66603351 0.72541821
vt 0.80949157 0.53418273
vt 0.90749723 0.57852560
vt 0.78033292 0.41815251
vt 0.78121221 0.41874409
vt 0.78072351 0.41946959
vt 0.06763720 0.98711562
vt 0.07564252 0.98368943
vt 0.07578319 0.98394662
vt 0.06772434 0.98739570
vt 0.80648071 0.88664383
vt 0.80425322 0.88664401
vt 0.80422473 0.87522531
vt 0.80645221 0.87522513
vt 0.01967591 0.60760820
vt 0.01967442 0.58967441
vt 0.03059679 0.58959162
vt 0.03059822 0.60752553
vt 0.78039658 0.57910007
vt 0.78040010 0.59701931
vt 0.76977909 0.59716767
vt 0.76977581 0.57924861
vt 0.82449681 0.89754331
vt 0.80656302 0.89754450
vt 0.82441449 0.88664252
vt 0.00971049 0.60773969
vt 0.00970906 0.58980602
vt 0.82438612 0.87522388
vt 0.80647987 0.86378938
vt 0.82441360 0.86378819
vt 0.82462722 0.90748370
vt 0.80669338 0.90748501
vt 0.00107652 0.60791421
vt 0.00107503 0.58998042
vt 0.78019458 0.83171761
vt 0.78019422 0.81378257
vt 0.78995907 0.81389338
vt 0.78995907 0.83182842
vt 0.82480109 0.91609728
vt 0.80686742 0.91609859
vt 0.72744453 0.57886243
vt 0.72744781 0.59678161
vt 0.71873790 0.59645218
vt 0.71873450 0.57853287
vt 0.72734600 0.83182478
vt 0.72734582 0.81388992
vt 0.73725730 0.81378102
vt 0.73725760 0.83171582
vt 0.79865271 0.81404382
vt 0.79865283 0.83197868
vt 0.73725033 0.57910281
vt 0.73725379 0.59702200
vt 0.76969910 0.83165097
vt 0.76969880 0.81371611
vt 0.74780238 0.57925057
vt 0.74780589 0.59716982
vt 0.75874078 0.83162618
vt 0.75874060 0.81369132
vt 0.75880742 0.57930058
vt 0.75881070 0.59721982
vt 0.74783200 0.83164817
vt 0.74783170 0.81371337
vt 0.79029840 0.57885742
vt 0.79030192 0.59677660
vt 0.71859348 0.83197522
vt 0.71859342 0.81404030
vt 0.79908949 0.57852358
vt 0.79909301 0.59644282
vt 0.07443213 0.60773528
vt 0.07443076 0.58980137
vt 0.08309108 0.58997571
vt 0.08309245 0.60790950
vt 0.82462603 0.84280431
vt 0.80669230 0.84280550
vt 0.80686742 0.83412832
vt 0.82480109 0.83412713
vt 0.06442749 0.60760438
vt 0.06442606 0.58967048
vt 0.82449460 0.85282350
vt 0.80656081 0.85282469
vt 0.05347049 0.60752350
vt 0.05346906 0.58958960
vt 0.04202646 0.58956391
vt 0.04202795 0.60749757
vt 0.58207202 0.83384299
vt 0.58206677 0.83127642
vt 0.59018570 0.83125949
vt 0.59019089 0.83382601
vt 0.82668871 0.63283563
vt 0.82412219 0.63283610
vt 0.82411897 0.62380242
vt 0.82668549 0.62380189
vt 0.82620901 0.77742231
vt 0.82364249 0.77742231
vt 0.82364231 0.76739752
vt 0.82620871 0.76739752
vt 0.82620913 0.71479970
vt 0.82364267 0.71479970
vt 0.82364422 0.70625651
vt 0.82621068 0.70625651
vt 0.82669193 0.64287663
vt 0.82412553 0.64287710
vt 0.82620752 0.73488420
vt 0.82364112 0.73488420
vt 0.82364070 0.72445518
vt 0.82620710 0.72445518
vt 0.82669449 0.65357071
vt 0.82412797 0.65357113
vt 0.82620639 0.74582052
vt 0.82363993 0.74582052
vt 0.82669687 0.66462028
vt 0.82413042 0.66462082
vt 0.82620668 0.75675398
vt 0.82364023 0.75675398
vt 0.82669979 0.67553288
vt 0.82413340 0.67553341
vt 0.82670081 0.69565570
vt 0.82413441 0.69565612
vt 0.82413453 0.68600148
vt 0.82670099 0.68600100
vt 0.82621068 0.78632849
vt 0.82364422 0.78632849
vt 0.82670099 0.70411050
vt 0.82413453 0.70411092
vt 0.96664560 0.13574630
vt 0.96407920 0.13574630
vt 0.96407920 0.12709489
vt 0.96664560 0.12709489
vt 0.65473658 0.83369702
vt 0.65473151 0.83113062
vt 0.66387397 0.83111233
vt 0.66387922 0.83367872
vt 0.96664548 0.14574429
vt 0.96407920 0.14574429
vt 0.64437503 0.83371782
vt 0.64436990 0.83115119
vt 0.96664548 0.15669701
vt 0.96407902 0.15669701
vt 0.63320887 0.83374012
vt 0.63320392 0.83117360
vt 0.96664542 0.17956939
vt 0.96407902 0.17956939
vt 0.96407902 0.16813810
vt 0.96664542 0.16813810
vt 0.61040300 0.83378547
vt 0.61039788 0.83121908
vt 0.62171513 0.83119649
vt 0.62172031 0.83376300
vt 0.96664560 0.19049570
vt 0.96407920 0.19049570
vt 0.59975040 0.83380717
vt 0.59974521 0.83124077
vt 0.96664530 0.20046790
vt 0.96407890 0.20046780
vt 0.96664530 0.20911060
vt 0.96407872 0.20911060
vt 0.73725420 0.59924769
vt 0.73733592 0.61666989
vt 0.72753668 0.61820030
vt 0.72744823 0.59900713
vt 0.01967436 0.58744693
vt 0.03059661 0.58736420
vt 0.78040057 0.59924477
vt 0.76977962 0.59939331
vt 0.80433547 0.89754462
vt 0.00970888 0.58757848
vt 0.80425233 0.86378962
vt 0.80446601 0.90748513
vt 0.00107491 0.58775288
vt 0.78019422 0.81155521
vt 0.78995907 0.81166589
vt 0.80463982 0.91609871
vt 0.71873838 0.59867781
vt 0.72734571 0.81166232
vt 0.73725742 0.81155342
vt 0.79865259 0.81181622
vt 0.76969892 0.81148851
vt 0.74780607 0.59939528
vt 0.75874072 0.81146371
vt 0.75881118 0.59944540
vt 0.74783158 0.81148583
vt 0.79030222 0.59900230
vt 0.71859342 0.81181270
vt 0.79909348 0.59866840
vt 0.07443058 0.58757401
vt 0.08309090 0.58774823
vt 0.80446482 0.84280562
vt 0.80463982 0.83412838
vt 0.06442588 0.58744311
vt 0.80433339 0.85282493
vt 0.05346888 0.58736217
vt 0.04202646 0.58733630
vt 0.77016801 0.62126571
vt 0.77102822 0.63139111
vt 0.76021463 0.63768160
vt 0.75923550 0.62544459
vt 0.76975602 0.80000180
vt 0.78024513 0.80196542
vt 0.74788100 0.61491197
vt 0.75880492 0.79799622
vt 0.75887871 0.61297458
vt 0.74790293 0.79604632
vt 0.76983941 0.61094153
vt 0.73733503 0.79420233
vt 0.79034871 0.60684371
vt 0.78045332 0.60887468
vt 0.71868330 0.79108751
vt 0.72743011 0.79251927
vt 0.79913348 0.60492182
vt 0.07442909 0.56553292
vt 0.08308947 0.56702632
vt 0.79952133 0.84280580
vt 0.79838037 0.83412868
vt 0.06442433 0.56440699
vt 0.80037773 0.85282511
vt 0.05346727 0.56370533
vt 0.80090541 0.86378968
vt 0.03059506 0.56369650
vt 0.04202485 0.56347197
vt 0.80089980 0.88664412
vt 0.80108500 0.87522542
vt 0.01967281 0.56438702
vt 0.80036581 0.89754492
vt 0.00970739 0.56549710
vt 0.79951280 0.90748531
vt 0.00107354 0.56697232
vt 0.79000342 0.80384111
vt 0.79838562 0.91609901
vt 0.71883267 0.61944348
vt 0.79869151 0.80556262
vt 0.81082970 0.61470062
vt 0.81300628 0.61541241
vt 0.80882400 0.62290508
vt 0.80546492 0.62192112
vt 0.73774213 0.77759248
vt 0.73894578 0.76128191
vt 0.74937361 0.76723373
vt 0.74828362 0.78150702
vt 0.79062527 0.61315280
vt 0.79126340 0.61932743
vt 0.78150022 0.62520182
vt 0.78075498 0.61712110
vt 0.71913707 0.77082300
vt 0.72054261 0.75091612
vt 0.72917289 0.75574851
vt 0.72786188 0.77396899
vt 0.79938811 0.60951102
vt 0.79993099 0.61399323
vt 0.07442820 0.54385221
vt 0.07443040 0.52257621
vt 0.08309054 0.52690208
vt 0.08308857 0.54677391
vt 0.79634768 0.84280533
vt 0.79325312 0.84280407
vt 0.78928232 0.83412713
vt 0.79378128 0.83412832
vt 0.06442356 0.54164881
vt 0.06432425 0.51961011
vt 0.79827422 0.85282439
vt 0.79623359 0.85282308
vt 0.05346632 0.54027498
vt 0.05346912 0.51727921
vt 0.79946160 0.86378902
vt 0.79807073 0.86378777
vt 0.03059417 0.54025441
vt 0.03059691 0.51724690
vt 0.04202646 0.51660007
vt 0.04202419 0.53981692
vt 0.79944891 0.88664341
vt 0.79805088 0.88664222
vt 0.79869568 0.87522340
vt 0.79986560 0.87522459
vt 0.01967203 0.54160321
vt 0.01967442 0.51924270
vt 0.79824698 0.89754421
vt 0.79619128 0.89754307
vt 0.00970662 0.54377288
vt 0.00970888 0.52245432
vt 0.79632860 0.90748483
vt 0.79322320 0.90748370
vt 0.00107276 0.54665720
vt 0.00107473 0.52672350
vt 0.78054452 0.79376292
vt 0.78128541 0.78572512
vt 0.79091370 0.79139429
vt 0.79027832 0.79755062
vt 0.79379141 0.91609871
vt 0.78929722 0.91609758
vt 0.72797340 0.63680577
vt 0.72929209 0.65508020
vt 0.72070438 0.65970403
vt 0.71929133 0.63975292
vt 0.79948622 0.79649270
vt 0.79894471 0.80097407
vt 0.73774773 0.63335711
vt 0.73896021 0.64974391
vt 0.77008158 0.78974420
vt 0.77093560 0.77968413
vt 0.74826598 0.62953490
vt 0.74936408 0.64389020
vt 0.75915831 0.78559309
vt 0.76013052 0.77342188
vt 0.95945412 0.15660730
vt 0.96092051 0.15662719
vt 0.96113318 0.16805489
vt 0.95990211 0.16803120
vt 0.59986019 0.74413061
vt 0.59961778 0.76257050
vt 0.59000307 0.76575488
vt 0.59023249 0.74820948
vt 0.95482248 0.19040661
vt 0.95611131 0.19040839
vt 0.95296961 0.20042810
vt 0.95079321 0.20042820
vt 0.61057103 0.74157661
vt 0.61032021 0.76057428
vt 0.95730579 0.17944130
vt 0.95804763 0.17944430
vt 0.63339210 0.74148649
vt 0.63314068 0.76049411
vt 0.62166101 0.75989181
vt 0.62191492 0.74070752
vt 0.95727962 0.15658531
vt 0.95802712 0.15658800
vt 0.95870668 0.16800790
vt 0.95815110 0.16800460
vt 0.64451098 0.74394393
vt 0.64426762 0.76240522
vt 0.79168433 0.63999051
vt 0.79808050 0.64167428
vt 0.79197598 0.65216333
vt 0.78385419 0.65008110
vt 0.95476502 0.14568420
vt 0.95606649 0.14568500
vt 0.65480733 0.74791592
vt 0.65457660 0.76549751
vt 0.95075423 0.13574509
vt 0.95293927 0.13574401
vt 0.66387922 0.75317723
vt 0.66367358 0.76961750
vt 0.79139978 0.77094787
vt 0.79775208 0.76925319
vt 0.80336612 0.77890438
vt 0.79859990 0.78022712
vt 0.94544578 0.12713639
vt 0.94880021 0.12713359
vt 0.75264740 0.68936098
vt 0.76764548 0.69304168
vt 0.76263881 0.70120740
vt 0.74619818 0.69703978
vt 0.75242943 0.72152227
vt 0.76736671 0.71783751
vt 0.77306372 0.72737682
vt 0.75973672 0.73069161
vt 0.80836540 0.78753948
vt 0.80501121 0.78853279
vt 0.75987661 0.68040782
vt 0.77328199 0.68371671
vt 0.78365922 0.76103377
vt 0.79171622 0.75894111
vt 0.76765651 0.67066491
vt 0.77934748 0.67357469
vt 0.77557951 0.75074112
vt 0.78541642 0.74823618
vt 0.77576929 0.66041070
vt 0.78567278 0.66290683
vt 0.76753521 0.74053061
vt 0.77914453 0.73761308
vt 0.79898429 0.63048202
vt 0.80377191 0.63179511
vt 0.74597567 0.71347177
vt 0.76233500 0.70945829
vt 0.58184618 0.76996768
vt 0.58205950 0.75360793
vt 0.81759667 0.78650928
vt 0.81603038 0.77764142
vt 0.64420623 0.78519350
vt 0.64421850 0.80836481
vt 0.63307518 0.80778188
vt 0.63307029 0.78394121
vt 0.80631948 0.64259791
vt 0.81470722 0.64298701
vt 0.81279790 0.65371382
vt 0.80229580 0.65324950
vt 0.95816141 0.14569530
vt 0.96030658 0.14570589
vt 0.65452790 0.78722513
vt 0.65455002 0.80931890
vt 0.96092689 0.17948930
vt 0.95946741 0.17946661
vt 0.95609963 0.13574371
vt 0.95932758 0.13574401
vt 0.66363728 0.78993517
vt 0.66366798 0.81059629
vt 0.80593812 0.76821113
vt 0.81427252 0.76770359
vt 0.80963957 0.77804601
vt 0.95337093 0.12712570
vt 0.95803148 0.12711839
vt 0.78625762 0.69484711
vt 0.80518538 0.69568181
vt 0.80361778 0.70408672
vt 0.78295672 0.70316839
vt 0.78590572 0.71595532
vt 0.80475980 0.71504301
vt 0.80654192 0.72477692
vt 0.78966123 0.72563273
vt 0.81293601 0.78683341
vt 0.78997338 0.68534631
vt 0.80694979 0.68608600
vt 0.80195820 0.75771427
vt 0.81238139 0.75710863
vt 0.79397178 0.67502028
vt 0.80884790 0.67566311
vt 0.79780471 0.74683839
vt 0.81040913 0.74615192
vt 0.79814130 0.66417807
vt 0.81082648 0.66473711
vt 0.79367018 0.73602903
vt 0.80844599 0.73524642
vt 0.81007057 0.63257241
vt 0.81648707 0.63289660
vt 0.78258902 0.70744288
vt 0.80318552 0.70646912
vt 0.81340033 0.62355280
vt 0.81806672 0.62381941
vt 0.58995962 0.78743893
vt 0.58998668 0.80948788
vt 0.58184808 0.81081837
vt 0.58181381 0.79022181
vt 0.95611972 0.20043460
vt 0.95933700 0.20044179
vt 0.95802641 0.20910850
vt 0.95336008 0.20910840
vt 0.59956110 0.78533268
vt 0.59957790 0.80847788
vt 0.95819098 0.19042370
vt 0.96032071 0.19043960
vt 0.61025238 0.78400952
vt 0.61026013 0.80783832
vt 0.62159151 0.80760902
vt 0.62158829 0.78355187
vt 0.71827358 0.72984540
vt 0.72660321 0.71566272
vt 0.73292333 0.72172481
vt 0.72459167 0.73468471
vt 0.80091453 0.61736119
vt 0.80271977 0.62012309
vt 0.79510671 0.62797952
vt 0.79258412 0.62410271
vt 0.74050438 0.72907227
vt 0.73288667 0.74092042
vt 0.78653097 0.63669461
vt 0.78320068 0.63156199
vt 0.74227971 0.74803972
vt 0.74908870 0.73744822
vt 0.75824910 0.74643803
vt 0.75230241 0.75568670
vt 0.77313590 0.63945252
vt 0.77733272 0.64593297
vt 0.76783478 0.65537971
vt 0.76274288 0.64750367
vt 0.76769841 0.75576890
vt 0.76264137 0.76362783
vt 0.75830418 0.66474998
vt 0.75231463 0.65547621
vt 0.77718967 0.76518118
vt 0.77302623 0.77164751
vt 0.74916548 0.67364228
vt 0.74231529 0.66302490
vt 0.78628188 0.77424800
vt 0.78297418 0.77937621
vt 0.74067330 0.68180442
vt 0.73302299 0.66993707
vt 0.79222840 0.78661788
vt 0.79473943 0.78273702
vt 0.80227011 0.79034102
vt 0.80046791 0.79311401
vt 0.73329502 0.68825030
vt 0.72476929 0.67596060
vt 0.80850768 0.79670107
vt 0.80729240 0.79855472
vt 0.72689492 0.69470072
vt 0.71827358 0.67997891
vt 0.79098672 0.90748167
vt 0.78910410 0.90747821
vt 0.79365760 0.89753610
vt 0.79483533 0.89753997
vt 0.79808080 0.87521869
vt 0.79749602 0.87521368
vt 0.79654181 0.86377811
vt 0.79727268 0.86378312
vt 0.01010245 0.50594747
vt 0.00973278 0.49143779
vt 0.01970297 0.48668030
vt 0.01968139 0.50105238
vt 0.79651010 0.88663340
vt 0.79724628 0.88663799
vt 0.03062874 0.48372620
vt 0.03060477 0.49851981
vt 0.04203540 0.49769720
vt 0.04205930 0.48276550
vt 0.05349951 0.48377401
vt 0.05347687 0.49856070
vt 0.79372621 0.85281461
vt 0.79489201 0.85281932
vt 0.06445270 0.48678520
vt 0.06443196 0.50114250
vt 0.78916103 0.84279650
vt 0.79103112 0.84280097
vt 0.07445204 0.49161169
vt 0.07433933 0.50559127
vt 0.80781120 0.61164618
vt 0.80902249 0.61348552
vt 0.74059558 0.70682508
vt 0.81032163 0.79547542
vt 0.74091798 0.70354110
vt 0.94894022 0.13574710
vt 0.95365191 0.14568380
vt 0.95762938 0.16800150
vt 0.95663631 0.17943850
vt 0.65533447 0.73389328
vt 0.64506590 0.72922403
vt 0.95660549 0.15658310
vt 0.63396448 0.72633362
vt 0.62249267 0.72541428
vt 0.61114281 0.72643131
vt 0.95371932 0.19040540
vt 0.60041380 0.72942781
vt 0.94898611 0.20042920
vt 0.59075779 0.73421568
vt 0.78588772 0.83412439
vt 0.00107795 0.51055092
vt 0.78589511 0.91609597
vt 0.08309245 0.51076889
vt 0.94878387 0.20910899
vt 0.71383011 0.77825987
vt 0.71380258 0.76675361
vt 0.71571112 0.76675361
vt 0.71573848 0.77825987
vt 0.20465019 0.96891958
vt 0.19661251 0.97231090
vt 0.19647241 0.97205311
vt 0.20456371 0.96863937
vt 0.05906254 0.98889279
vt 0.05909228 0.98918462
vt 0.21324059 0.96719539
vt 0.21321170 0.96690351
vt 0.04169112 0.98719227
vt 0.05028909 0.98889279
vt 0.05025964 0.98918462
vt 0.04160434 0.98747301
vt 0.23059119 0.96896762
vt 0.22201400 0.96719658
vt 0.22204380 0.96690458
vt 0.23067831 0.96868742
vt 0.03364706 0.98379910
vt 0.03350687 0.98405701
vt 0.12200380 0.96325570
vt 0.11882230 0.97109878
vt 0.11854140 0.97101521
vt 0.12174400 0.96311951
vt 0.23859981 0.97239327
vt 0.23874070 0.97213608
vt 0.02648264 0.97891778
vt 0.02629435 0.97914290
vt 0.24571970 0.97728980
vt 0.24590810 0.97706532
vt 0.02046120 0.97278100
vt 0.02023226 0.97296500
vt 0.25948349 0.99838889
vt 0.25634581 0.99057013
vt 0.25660521 0.99043441
vt 0.25976399 0.99830568
vt 0.25169390 0.98342222
vt 0.25192210 0.98323888
vt 0.01577711 0.96561730
vt 0.01551729 0.96575361
vt 0.35283911 0.98880887
vt 0.35747829 0.98165733
vt 0.35773760 0.98179269
vt 0.35306731 0.98899239
vt 0.01260679 0.95776337
vt 0.01232618 0.95784688
vt 0.32327971 0.97018510
vt 0.32168511 0.96195930
vt 0.32196561 0.96187609
vt 0.32357091 0.97015703
vt 0.11719850 0.98782247
vt 0.11880840 0.99609351
vt 0.11852730 0.99617702
vt 0.11690650 0.98785079
vt 0.32328379 0.97860700
vt 0.32357490 0.97863507
vt 0.11719600 0.97936499
vt 0.11690400 0.97933662
vt 0.36062491 0.97384638
vt 0.36223251 0.96562409
vt 0.36252359 0.96565223
vt 0.36090520 0.97392970
vt 0.12666300 0.95611352
vt 0.12643450 0.95592958
vt 0.08276015 0.97879601
vt 0.08873575 0.97266901
vt 0.08896404 0.97285253
vt 0.08294856 0.97902018
vt 0.13269950 0.94996321
vt 0.13251130 0.94973803
vt 0.18945131 0.97718561
vt 0.18926311 0.97696042
vt 0.24981900 0.97101378
vt 0.25692949 0.97800738
vt 0.25622189 0.97860003
vt 0.24924050 0.97173327
vt 0.71382928 0.75523460
vt 0.71573782 0.75523448
vt 0.21088400 0.78658712
vt 0.21085550 0.77509201
vt 0.21276391 0.77509183
vt 0.21279250 0.78658688
vt 0.71391273 0.78925532
vt 0.71582121 0.78925532
vt 0.21105500 0.71275651
vt 0.21090670 0.70206422
vt 0.21281360 0.70206422
vt 0.21296170 0.71275628
vt 0.21096700 0.79756069
vt 0.21287540 0.79756051
vt 0.71404457 0.79928738
vt 0.71595299 0.79928738
vt 0.21088330 0.76357973
vt 0.21279161 0.76357961
vt 0.21109830 0.80756760
vt 0.21300671 0.80756748
vt 0.71421963 0.80797923
vt 0.71612811 0.80797911
vt 0.38429829 0.87548882
vt 0.38440940 0.86565882
vt 0.38631779 0.86565870
vt 0.38620681 0.87548858
vt 0.21127340 0.81623888
vt 0.21318190 0.81623882
vt 0.21130040 0.65944970
vt 0.21163300 0.65068161
vt 0.21353979 0.65068150
vt 0.21320720 0.65944958
vt 0.38440859 0.92869103
vt 0.38429850 0.91871321
vt 0.38620701 0.91871297
vt 0.38631701 0.92869091
vt 0.38456041 0.85690713
vt 0.38646889 0.85690701
vt 0.21105710 0.66932130
vt 0.21296389 0.66932112
vt 0.38423169 0.88605458
vt 0.38614020 0.88605440
vt 0.21090721 0.67994410
vt 0.21281400 0.67994392
vt 0.38420731 0.89708602
vt 0.38611570 0.89708602
vt 0.21085560 0.69102257
vt 0.21276240 0.69102240
vt 0.38422999 0.90806812
vt 0.38613850 0.90806800
vt 0.21129809 0.72272432
vt 0.21320491 0.72272432
vt 0.38456041 0.93750191
vt 0.38646889 0.93750191
vt 0.21163300 0.73157442
vt 0.21353979 0.73157412
vt 0.71404368 0.73413271
vt 0.71421963 0.72541440
vt 0.71612811 0.72541428
vt 0.71595222 0.73413271
vt 0.21109711 0.74245542
vt 0.21127340 0.73372012
vt 0.21318190 0.73372000
vt 0.21300550 0.74245530
vt 0.71391141 0.74420428
vt 0.71581978 0.74420422
vt 0.21096469 0.75254172
vt 0.21287321 0.75254160
vt 0.99518120 0.02980405
vt 0.99532843 0.01937425
vt 0.99555719 0.01937413
vt 0.99541003 0.02980405
vt 0.04058218 0.99375582
vt 0.03152287 0.99010950
vt 0.03194880 0.98929250
vt 0.04084408 0.99287271
vt 0.02324116 0.98470533
vt 0.01613569 0.97776657
vt 0.01684093 0.97717363
vt 0.02381742 0.98398638
vt 0.24151900 0.96557248
vt 0.24109100 0.96639091
vt 0.08673554 0.98472559
vt 0.07844883 0.99010831
vt 0.07802301 0.98929119
vt 0.08615916 0.98400629
vt 0.23241881 0.96188861
vt 0.23215570 0.96277380
vt 0.05011332 0.99561131
vt 0.05020183 0.99469447
vt 0.22283541 0.96001548
vt 0.22274660 0.96093458
vt 0.05987155 0.99561989
vt 0.05978298 0.99470288
vt 0.21303581 0.96000862
vt 0.21312490 0.96092790
vt 0.06939858 0.99375743
vt 0.06913715 0.99287421
vt 0.20345810 0.96189290
vt 0.20372111 0.96277797
vt 0.18609510 0.97098839
vt 0.19437040 0.96558261
vt 0.19479840 0.96640080
vt 0.18667330 0.97170830
vt 0.09383457 0.97779107
vt 0.09312957 0.97719783
vt 0.17896880 0.97799343
vt 0.17967610 0.97858620
vt 0.36360809 0.98567009
vt 0.35793790 0.99393100
vt 0.35723290 0.99333769
vt 0.36280009 0.98522657
vt 0.11656860 0.95908272
vt 0.12221690 0.95077097
vt 0.12292420 0.95136380
vt 0.11737860 0.95952481
vt 0.36757791 0.97637790
vt 0.36669779 0.97610313
vt 0.11263930 0.96841240
vt 0.11352040 0.96868521
vt 0.36963719 0.96642393
vt 0.36871961 0.96632981
vt 0.11064110 0.97838491
vt 0.11155870 0.97847641
vt 0.32871851 0.95923841
vt 0.33068851 0.96922112
vt 0.32977119 0.96931189
vt 0.32783681 0.95951033
vt 0.33068851 0.97940677
vt 0.32977089 0.97931272
vt 0.11269430 0.99852908
vt 0.11064230 0.98857027
vt 0.11155990 0.98847711
vt 0.11357470 0.99825507
vt 0.26258519 0.98632789
vt 0.26651689 0.99566787
vt 0.26563510 0.99593991
vt 0.26177490 0.98676938
vt 0.01046234 0.96949840
vt 0.00649315 0.96019900
vt 0.00737357 0.95992512
vt 0.01127058 0.96905547
vt 0.99675047 0.71560180
vt 0.99677461 0.70477033
vt 0.99700361 0.70477033
vt 0.99697959 0.71560180
vt 0.99513042 0.04068154
vt 0.99535930 0.04068154
vt 0.99677289 0.72638422
vt 0.99700183 0.72638422
vt 0.99518073 0.05152279
vt 0.99540961 0.05152279
vt 0.99684012 0.73683608
vt 0.99706912 0.73683608
vt 0.99556488 0.07180780
vt 0.99532622 0.06202054
vt 0.99555510 0.06202054
vt 0.99579370 0.07180780
vt 0.99709731 0.75528401
vt 0.99694818 0.74663287
vt 0.99717718 0.74663287
vt 0.99732631 0.75528401
vt 0.99589378 0.08049708
vt 0.99612272 0.08049708
vt 0.67296523 0.91908151
vt 0.67313790 0.91052163
vt 0.67336690 0.91052163
vt 0.67319423 0.91908151
vt 0.99599302 0.58710039
vt 0.99616611 0.57852358
vt 0.99639511 0.57852358
vt 0.99622202 0.58710039
vt 0.67283529 0.92897028
vt 0.67306429 0.92897028
vt 0.99586308 0.59700358
vt 0.99609220 0.59700358
vt 0.67275470 0.93980050
vt 0.67298371 0.93980050
vt 0.99578297 0.60784131
vt 0.99601197 0.60784131
vt 0.67275542 0.96240783
vt 0.67272848 0.95111030
vt 0.67295742 0.95111030
vt 0.67298448 0.96240783
vt 0.99578381 0.63043088
vt 0.99575567 0.61914462
vt 0.99598479 0.61914462
vt 0.99601293 0.63043088
vt 0.67283660 0.97320348
vt 0.67306560 0.97320348
vt 0.99586523 0.64120537
vt 0.99609429 0.64120537
vt 0.67296600 0.98305362
vt 0.67319500 0.98305362
vt 0.99599421 0.65103072
vt 0.99622321 0.65103072
vt 0.67313790 0.99158758
vt 0.67336690 0.99158758
vt 0.99684000 0.69439650
vt 0.99694902 0.68474489
vt 0.99717802 0.68474489
vt 0.99706900 0.69439650
vt 0.99616611 0.65954459
vt 0.99639511 0.65954459
vt 0.99556732 0.00968176
vt 0.99589378 0.00107276
vt 0.99612272 0.00107276
vt 0.99579602 0.00968176
vt 0.99709731 0.67615199
vt 0.99732631 0.67615199
vt 0.77767283 0.41901281
vt 0.77761972 0.41913900
vt 0.77754313 0.41925159
vt 0.77744693 0.41934600
vt 0.77721173 0.41946951
vt 0.77733469 0.41941971
vt 0.77708203 0.41949481
vt 0.77682000 0.41946921
vt 0.77694952 0.41949490
vt 0.77669710 0.41941941
vt 0.77682108 0.41815209
vt 0.77658522 0.41934621
vt 0.77648890 0.41925159
vt 0.77641243 0.41913921
vt 0.77635932 0.41901299
vt 0.77633232 0.41887820
vt 0.77633232 0.41874051
vt 0.77636009 0.41860580
vt 0.77641368 0.41848001
vt 0.77649051 0.41836831
vt 0.77658659 0.41827440
vt 0.77669859 0.41820151
vt 0.77695000 0.41812709
vt 0.77721077 0.41815209
vt 0.77708191 0.41812700
vt 0.77744520 0.41827431
vt 0.77761787 0.41847980
vt 0.77767158 0.41860551
vt 0.77769947 0.41874000
vt 0.78113240 0.41848281
vt 0.78118563 0.41860899
vt 0.78121221 0.41888180
vt 0.78118438 0.41901639
vt 0.78113067 0.41914201
vt 0.78105402 0.41925371
vt 0.78095800 0.41934741
vt 0.78084588 0.41942039
vt 0.78059483 0.41949490
vt 0.78046280 0.41949481
vt 0.78033388 0.41946971
vt 0.78021133 0.41942039
vt 0.78009939 0.41934729
vt 0.78000331 0.41925350
vt 0.77992648 0.41914171
vt 0.77984512 0.41874361
vt 0.77987278 0.41901591
vt 0.77984512 0.41888130
vt 0.77987212 0.41860881
vt 0.77992529 0.41848269
vt 0.78000158 0.41837010
vt 0.78021002 0.41820231
vt 0.78009802 0.41827551
vt 0.78046232 0.41812700
vt 0.78059489 0.41812709
vt 0.78072441 0.41815230
vt 0.78084749 0.41820219
vt 0.78095973 0.41827571
vt 0.78105593 0.41837031
vt 0.79758370 0.41815031
vt 0.79831803 0.41864410
vt 0.79790992 0.41924980
vt 0.99715292 0.50410789
vt 0.99715292 0.51535839
vt 0.99676758 0.51535851
vt 0.99676758 0.50410789
vt 0.99826902 0.06476932
vt 0.99826890 0.05418717
vt 0.99865401 0.05418717
vt 0.99865419 0.06476932
vt 0.99715292 0.48402330
vt 0.99715292 0.49352539
vt 0.99676758 0.49352551
vt 0.99676752 0.48402330
vt 0.99667323 0.84029949
vt 0.99667323 0.84838867
vt 0.99628800 0.84838867
vt 0.99628800 0.84029949
vt 0.99684078 0.10949000
vt 0.99684072 0.09998995
vt 0.99722600 0.09998995
vt 0.99722612 0.10949000
vt 0.99826902 0.01028043
vt 0.99826920 0.00107276
vt 0.99865443 0.00107276
vt 0.99865431 0.01028043
vt 0.99667293 0.83080542
vt 0.99628752 0.83080542
vt 0.99684042 0.11998480
vt 0.99722570 0.11998480
vt 0.99826920 0.07428246
vt 0.99865443 0.07428246
vt 0.99667323 0.82033741
vt 0.99628800 0.82033741
vt 0.99684030 0.13102970
vt 0.99722552 0.13102970
vt 0.99667323 0.78735811
vt 0.99667239 0.79817230
vt 0.99628711 0.79817230
vt 0.99628800 0.78735811
vt 0.99667239 0.80933702
vt 0.99628723 0.80933702
vt 0.99684018 0.14223459
vt 0.99722540 0.14223459
vt 0.99715310 0.54818761
vt 0.99715191 0.55743730
vt 0.99676663 0.55743730
vt 0.99676782 0.54818761
vt 0.99684018 0.15310480
vt 0.99722540 0.15310480
vt 0.99667221 0.77720428
vt 0.99628681 0.77720428
vt 0.99684000 0.16330820
vt 0.99722511 0.16330820
vt 0.99667323 0.76797622
vt 0.99628800 0.76797622
vt 0.99683982 0.17255890
vt 0.99722499 0.17255890
vt 0.99667323 0.76012212
vt 0.99628800 0.76012212
vt 0.99684078 0.18042760
vt 0.99722612 0.18042760
vt 0.99715310 0.56522292
vt 0.99676782 0.56522292
vt 0.99826831 0.02057600
vt 0.99865347 0.02057600
vt 0.99715310 0.53785002
vt 0.99676782 0.53785002
vt 0.99826849 0.03163743
vt 0.99865371 0.03163743
vt 0.99715298 0.52676457
vt 0.99676782 0.52676457
vt 0.99826860 0.04298204
vt 0.99865383 0.04298204
vt 0.79825139 0.41842601
vt 0.79829580 0.41853139
vt 0.79831803 0.41875911
vt 0.79829472 0.41887140
vt 0.79824990 0.41897631
vt 0.79818588 0.41906950
vt 0.79810572 0.41914791
vt 0.79801220 0.41920871
vt 0.79780239 0.41927081
vt 0.79769212 0.41927081
vt 0.79758459 0.41924980
vt 0.79748231 0.41920871
vt 0.79738879 0.41914770
vt 0.79730862 0.41906941
vt 0.79724449 0.41897610
vt 0.79717642 0.41864380
vt 0.79719973 0.41887110
vt 0.79717642 0.41875869
vt 0.79719907 0.41853121
vt 0.79724342 0.41842589
vt 0.79730719 0.41833201
vt 0.79748112 0.41819191
vt 0.79738772 0.41825300
vt 0.79769182 0.41812900
vt 0.79780251 0.41812909
vt 0.79791069 0.41815019
vt 0.79801351 0.41819179
vt 0.79810721 0.41825321
vt 0.79818738 0.41833210
vt 0.78423679 0.41815230
vt 0.78456700 0.41836840
vt 0.78472477 0.41887811
vt 0.98614609 0.61381209
vt 0.98611200 0.62749159
vt 0.98543513 0.62749147
vt 0.98546922 0.61381209
vt 0.98550642 0.31262109
vt 0.98553813 0.32632869
vt 0.98486131 0.32632869
vt 0.98482949 0.31262109
vt 0.98553902 0.29892829
vt 0.98486221 0.29892829
vt 0.98614502 0.64119101
vt 0.98624212 0.65432602
vt 0.98556530 0.65432602
vt 0.98546821 0.64119101
vt 0.98563582 0.33945441
vt 0.98495901 0.33945441
vt 0.98639959 0.66632807
vt 0.98572278 0.66632801
vt 0.98579317 0.35143909
vt 0.98511642 0.35143909
vt 0.98660928 0.67672199
vt 0.98593253 0.67672187
vt 0.98600262 0.36181271
vt 0.98532569 0.36181271
vt 0.35786799 0.68975627
vt 0.35746941 0.70029151
vt 0.35679311 0.70029140
vt 0.35719180 0.68975627
vt 0.98748660 0.68265730
vt 0.98730600 0.69314659
vt 0.98662913 0.69314653
vt 0.98680967 0.68265730
vt 0.35718009 0.71215600
vt 0.35650370 0.71215600
vt 0.98717493 0.70502329
vt 0.98709351 0.71769291
vt 0.98641652 0.71769291
vt 0.98649812 0.70502329
vt 0.35700369 0.72488141
vt 0.35694271 0.73802167
vt 0.35626641 0.73802161
vt 0.35632741 0.72488141
vt 0.98706639 0.73076218
vt 0.98638952 0.73076212
vt 0.35700420 0.75120479
vt 0.35632801 0.75120479
vt 0.98709548 0.74388927
vt 0.98641860 0.74388909
vt 0.35718271 0.76384431
vt 0.35650641 0.76384431
vt 0.98717481 0.75646061
vt 0.98649788 0.75646061
vt 0.35747209 0.77558893
vt 0.35679579 0.77558893
vt 0.98730701 0.76815552
vt 0.98748660 0.77856612
vt 0.98680967 0.77856612
vt 0.98663002 0.76815552
vt 0.35786799 0.78601962
vt 0.35719180 0.78601950
vt 0.98660928 0.57852358
vt 0.98640102 0.58884370
vt 0.98572409 0.58884370
vt 0.98593241 0.57852358
vt 0.98600262 0.26355970
vt 0.98579413 0.27390409
vt 0.98511738 0.27390400
vt 0.98532569 0.26355961
vt 0.98624468 0.60075277
vt 0.98556781 0.60075277
vt 0.98563743 0.28584319
vt 0.98496050 0.28584319
vt 0.78469801 0.41901320
vt 0.78464478 0.41913950
vt 0.78456819 0.41925189
vt 0.78447211 0.41934630
vt 0.78423673 0.41946951
vt 0.78435981 0.41941980
vt 0.78410703 0.41949481
vt 0.78384513 0.41946909
vt 0.78397453 0.41949481
vt 0.78372222 0.41941920
vt 0.78361040 0.41934600
vt 0.78351420 0.41925120
vt 0.78343779 0.41913879
vt 0.78338468 0.41901261
vt 0.78335792 0.41887769
vt 0.78335798 0.41874000
vt 0.78338581 0.41860539
vt 0.78384721 0.41815200
vt 0.78343958 0.41847971
vt 0.78351653 0.41836801
vt 0.78361261 0.41827419
vt 0.78372461 0.41820121
vt 0.78397602 0.41812700
vt 0.78410792 0.41812700
vt 0.78435910 0.41820171
vt 0.78447121 0.41827449
vt 0.78464347 0.41848019
vt 0.78469718 0.41860580
vt 0.78472501 0.41874051
vt 0.89132690 0.06928652
vt 0.88349891 0.07402807
vt 0.87930751 0.06890946
vt 0.88620800 0.06512713
vt 0.85939312 0.06600081
vt 0.86633903 0.06922137
vt 0.86429292 0.07592326
vt 0.85386568 0.07252228
vt 0.85282910 0.05933094
vt 0.84630668 0.06708556
vt 0.84945571 0.05147171
vt 0.83843738 0.05679196
vt 0.89184290 0.05843091
vt 0.89812911 0.06322860
vt 0.89466017 0.04994446
vt 0.90257382 0.05621850
vt 0.89413810 0.04065752
vt 0.90544081 0.04581964
vt 0.90566701 0.03262192
vt 0.89033037 0.03270334
vt 0.84924263 0.04249775
vt 0.83317822 0.04614245
vt 0.87481707 0.07623726
vt 0.87311792 0.07000684
vt 0.88391662 0.02689445
vt 0.89037353 0.02108490
vt 0.87537003 0.02385807
vt 0.87376118 0.01590776
vt 0.86486262 0.02472347
vt 0.86290860 0.01708585
vt 0.90468252 0.02461040
vt 0.88913327 0.01303774
vt 0.87199920 0.00804371
vt 0.86106759 0.00986886
vt 0.37880370 0.54667622
vt 0.38013971 0.55448651
vt 0.36507931 0.54210788
vt 0.36516741 0.53343338
vt 0.88728482 0.00534737
vt 0.87011689 0.00107282
vt 0.85938883 0.00338292
vt 0.37763271 0.53860003
vt 0.36609140 0.52490932
vt 0.35454029 0.52422011
vt 0.35696411 0.51622528
vt 0.13414159 0.92510831
vt 0.13774490 0.92991632
vt 0.13039550 0.93781561
vt 0.12716091 0.93283802
vt 0.37682101 0.53036189
vt 0.36780879 0.51692069
vt 0.36034030 0.50888091
vt 0.12977310 0.92006421
vt 0.12322040 0.92730027
vt 0.37648001 0.52216440
vt 0.37007281 0.50947571
vt 0.13516960 0.90835547
vt 0.14023940 0.91203892
vt 0.12490020 0.91501337
vt 0.11878620 0.92142928
vt 0.37661460 0.51421291
vt 0.37266180 0.50260222
vt 0.12959500 0.90488601
vt 0.11973940 0.91001970
vt 0.11406540 0.91541171
vt 0.13451479 0.90031528
vt 0.14023940 0.90205032
vt 0.12360930 0.90161729
vt 0.11433170 0.90505248
vt 0.10916540 0.90928668
vt 0.12805670 0.89863998
vt 0.11735060 0.89841193
vt 0.10878620 0.90009367
vt 0.10417160 0.90312248
vt 0.12117430 0.89706057
vt 0.11391840 0.89542848
vt 0.10636710 0.89386320
vt 0.09911549 0.89693481
vt 0.09551364 0.92940772
vt 0.09538072 0.92122388
vt 0.09509688 0.91212642
vt 0.09764081 0.91607243
vt 0.09493029 0.90306532
vt 0.10050860 0.90721208
vt 0.09559375 0.93667901
vt 0.09963876 0.92318028
vt 0.10425260 0.91379768
vt 0.09568220 0.94271678
vt 0.10165630 0.92970860
vt 0.10800050 0.92013133
vt 0.09581619 0.94778383
vt 0.10371480 0.93574041
vt 0.11170450 0.92625362
vt 0.92045891 0.06463217
vt 0.92057532 0.07080131
vt 0.91458791 0.08267629
vt 0.91209692 0.07652688
vt 0.10573920 0.94148201
vt 0.11527270 0.93221241
vt 0.92062747 0.05813163
vt 0.90998942 0.06968712
vt 0.10775050 0.94690788
vt 0.11863140 0.93793070
vt 0.92112768 0.05092442
vt 0.90846169 0.06187278
vt 0.10970550 0.95188212
vt 0.12155260 0.94334757
vt 0.92191952 0.04324716
vt 0.90781260 0.05332607
vt 0.83926100 0.02268213
vt 0.83759731 0.01541197
vt 0.84924728 0.00586206
vt 0.85082591 0.01267457
vt 0.92292798 0.03481566
vt 0.90815771 0.04425323
vt 0.84184450 0.03086704
vt 0.85290468 0.02059566
vt 0.85206437 0.03491801
vt 0.85726547 0.02889657
vt 0.88380158 0.07816851
vt 0.89296430 0.07305848
vt 0.89397663 0.07632851
vt 0.88378870 0.08166062
vt 0.90076298 0.06569325
vt 0.90256459 0.06783324
vt 0.38376859 0.58894169
vt 0.38615850 0.58285987
vt 0.39034480 0.58253860
vt 0.38774461 0.58976948
vt 0.38679540 0.57303113
vt 0.39087650 0.57156312
vt 0.38548359 0.56161308
vt 0.38949949 0.56079167
vt 0.38411331 0.55366391
vt 0.38806450 0.55254501
vt 0.38280350 0.54593480
vt 0.38677430 0.54497468
vt 0.38171411 0.53835452
vt 0.38576710 0.53803641
vt 0.38081431 0.52873743
vt 0.38479409 0.52719158
vt 0.38055870 0.52104640
vt 0.38463670 0.52014112
vt 0.38074401 0.51344538
vt 0.38487041 0.51296258
vt 0.38134119 0.50590187
vt 0.38545129 0.50551528
vt 0.38241461 0.49834749
vt 0.38671660 0.49762130
vt 0.38395640 0.49088529
vt 0.38833889 0.48970580
vt 0.38610840 0.48373029
vt 0.39087650 0.48188910
vt 0.11096860 0.89072752
vt 0.10339950 0.89009190
vt 0.09994393 0.88698947
vt 0.10730260 0.88683760
vt 0.09650391 0.89332068
vt 0.09378480 0.89015031
vt 0.09227877 0.89875013
vt 0.08992564 0.89447588
vt 0.09084385 0.90707958
vt 0.08713597 0.90167451
vt 0.09106820 0.91625291
vt 0.08734744 0.91077328
vt 0.92473263 0.07146155
vt 0.92454958 0.06419545
vt 0.92861152 0.06351244
vt 0.92871559 0.07182306
vt 0.92470449 0.05836617
vt 0.92875570 0.05848973
vt 0.92520630 0.05111098
vt 0.92926198 0.05132097
vt 0.92623079 0.08523517
vt 0.92534602 0.07887506
vt 0.92952299 0.08048802
vt 0.93056232 0.08686476
vt 0.92767841 0.09243911
vt 0.93234068 0.09439742
vt 0.09140092 0.92556107
vt 0.08785474 0.92128003
vt 0.87468171 0.08022636
vt 0.87458050 0.08350157
vt 0.86386591 0.07969218
vt 0.86378068 0.08278161
vt 0.85312158 0.07606720
vt 0.85304099 0.07892048
vt 0.92797953 0.01047480
vt 0.92572123 0.00230527
vt 0.92954081 0.00107276
vt 0.93210781 0.01019626
vt 0.92821091 0.02287209
vt 0.93234068 0.02282780
vt 0.92702788 0.03473073
vt 0.93112153 0.03490424
vt 0.92600763 0.04333281
vt 0.93007642 0.04357028
vt 0.88486761 0.03606230
vt 0.88787711 0.04146713
vt 0.88872093 0.04757440
vt 0.86085057 0.06106799
vt 0.86099350 0.06045264
vt 0.86658221 0.06360983
vt 0.86658072 0.06422716
vt 0.87296760 0.06457537
vt 0.87298882 0.06517392
vt 0.87916148 0.06297719
vt 0.87917042 0.06366896
vt 0.85644448 0.05591315
vt 0.85686189 0.05548799
vt 0.85419238 0.04962182
vt 0.85474920 0.04938983
vt 0.85434580 0.04289633
vt 0.85495561 0.04294562
vt 0.85690212 0.03680676
vt 0.85748690 0.03703403
vt 0.86150360 0.03208893
vt 0.86205351 0.03250300
vt 0.86756748 0.02925843
vt 0.86791670 0.02980268
vt 0.87445629 0.02888244
vt 0.87435329 0.02949059
vt 0.88084191 0.03098678
vt 0.88047159 0.03148317
vt 0.88592798 0.03529191
vt 0.88540608 0.03559744
vt 0.88913262 0.04119426
vt 0.88854033 0.04124397
vt 0.88997549 0.04788738
vt 0.88938969 0.04760569
vt 0.88849372 0.05448824
vt 0.88810432 0.05397135
vt 0.88449723 0.05971318
vt 0.88426203 0.05897039
vt 0.92151940 0.07715332
vt 0.92109162 0.07088321
vt 0.92163432 0.05094802
vt 0.92242730 0.04325771
vt 0.92343718 0.03480494
vt 0.92464012 0.02331662
vt 0.92453378 0.01149487
vt 0.84610021 0.06744116
vt 0.85377330 0.07296258
vt 0.84464443 0.06994956
vt 0.86423987 0.07639139
vt 0.87480021 0.07673263
vt 0.88353640 0.07454234
vt 0.09484499 0.92060637
vt 0.09500288 0.92892992
vt 0.09510070 0.93629050
vt 0.09162503 0.93355131
vt 0.92228150 0.08343315
vt 0.92113400 0.05816078
vt 0.92096710 0.06457793
vt 0.09456861 0.91149950
vt 0.09460091 0.90252942
vt 0.09879112 0.89648592
vt 0.10599830 0.89339483
vt 0.11355190 0.89484471
vt 0.12092720 0.89651680
vt 0.11918530 0.89268172
vt 0.37869191 0.49936461
vt 0.38009819 0.49259931
vt 0.37766951 0.50658357
vt 0.37712741 0.51411748
vt 0.37698659 0.52202559
vt 0.37731701 0.53016019
vt 0.37813970 0.53856951
vt 0.37930050 0.54658401
vt 0.38063321 0.55438441
vt 0.38195691 0.56196749
vt 0.38332301 0.57358211
vt 0.38263050 0.58219773
vt 0.89845628 0.06353485
vt 0.90295798 0.05636537
vt 0.90566701 0.05740129
vt 0.89153022 0.06975501
vt 0.86809480 0.03053236
vt 0.87426311 0.03022933
vt 0.88013500 0.03212559
vt 0.88746160 0.05365782
vt 0.88376951 0.05847263
vt 0.87884629 0.06233340
vt 0.87292928 0.06382906
vt 0.86245012 0.03308904
vt 0.85808998 0.03745043
vt 0.85564858 0.04311347
vt 0.85544401 0.04928964
vt 0.85747081 0.05513364
vt 0.86144441 0.05988895
vt 0.86681312 0.06291055
vt 0.38213021 0.58210373
vt 0.38283050 0.57366031
vt 0.38145691 0.56201780
vt 0.37714881 0.50668007
vt 0.37816390 0.49950901
vt 0.37955099 0.49284241
vt 0.92172128 0.08317774
vt 0.92097682 0.07690918
vt 0.92413372 0.02337968
vt 0.92404521 0.01163899
vt 0.28536639 0.80611461
vt 0.27923861 0.81109983
vt 0.27097210 0.80657101
vt 0.27598980 0.80043727
vt 0.24711140 0.81006050
vt 0.24048050 0.80224770
vt 0.25297770 0.79817182
vt 0.25543430 0.80620092
vt 0.23924720 0.81805152
vt 0.23142029 0.80876142
vt 0.23520739 0.82746768
vt 0.22198890 0.82109308
vt 0.29351190 0.81336820
vt 0.28598791 0.81911862
vt 0.29883280 0.82176340
vt 0.28936261 0.82928371
vt 0.30226359 0.83421731
vt 0.28873840 0.84040862
vt 0.30253139 0.85002661
vt 0.28418031 0.84993911
vt 0.23495620 0.83821911
vt 0.21568540 0.83385038
vt 0.26558870 0.79779363
vt 0.26355639 0.80525827
vt 0.28422841 0.86385632
vt 0.27650109 0.85690081
vt 0.26433599 0.87006551
vt 0.26626641 0.86054158
vt 0.25133559 0.86865741
vt 0.25367969 0.85950869
vt 0.30134991 0.85962307
vt 0.28273821 0.87349498
vt 0.26221859 0.87948442
vt 0.24912401 0.87730181
vt 0.56502843 0.66397101
vt 0.54861301 0.67973578
vt 0.54856628 0.66934037
vt 0.56668317 0.65461850
vt 0.28051600 0.88270569
vt 0.25995320 0.88783270
vt 0.24710301 0.88506901
vt 0.56357121 0.67364061
vt 0.54966360 0.68995392
vt 0.53868729 0.70027560
vt 0.53583592 0.69068247
vt 0.53362900 0.89938110
vt 0.52526742 0.89012480
vt 0.52913642 0.88415301
vt 0.53793961 0.89361203
vt 0.56254441 0.68350470
vt 0.55166978 0.69953328
vt 0.54268509 0.70909423
vt 0.52840072 0.90543121
vt 0.52055180 0.89676613
vt 0.56208372 0.69332051
vt 0.55433601 0.70846289
vt 0.53486317 0.91945231
vt 0.52256721 0.91148800
vt 0.54093152 0.91503167
vt 0.51524383 0.90380538
vt 0.56219602 0.70284259
vt 0.55739617 0.71670872
vt 0.52818948 0.92361587
vt 0.51638788 0.91747552
vt 0.50959170 0.91101909
vt 0.53407919 0.92908412
vt 0.52102262 0.92753768
vt 0.54093152 0.92699641
vt 0.50991261 0.92343050
vt 0.50372458 0.91836083
vt 0.52634788 0.93109918
vt 0.51352823 0.93138307
vt 0.50327182 0.92937487
vt 0.49774471 0.92574888
vt 0.51810712 0.93299818
vt 0.50942057 0.93496120
vt 0.50036532 0.93685257
vt 0.49168989 0.93316472
vt 0.48736510 0.89425272
vt 0.48991889 0.91023457
vt 0.48687291 0.91496402
vt 0.48720959 0.90406162
vt 0.49335670 0.92085057
vt 0.48667580 0.92582142
vt 0.48745659 0.88553631
vt 0.49230939 0.90171587
vt 0.49783930 0.91295809
vt 0.48755831 0.87829709
vt 0.49472320 0.89389098
vt 0.50232649 0.90536702
vt 0.48771399 0.87222022
vt 0.49718580 0.88666010
vt 0.50676072 0.89802808
vt 0.37664261 0.62757361
vt 0.36662501 0.61332363
vt 0.36960909 0.60595679
vt 0.37678200 0.62018311
vt 0.49960691 0.87977612
vt 0.51103139 0.89088440
vt 0.37684470 0.63536119
vt 0.36410031 0.62151760
vt 0.50201118 0.87326860
vt 0.51505041 0.88402742
vt 0.37744391 0.64399463
vt 0.36227009 0.63087893
vt 0.50434703 0.86730027
vt 0.51854420 0.87752932
vt 0.37839231 0.65319240
vt 0.36149260 0.64111727
vt 0.22298680 0.86195582
vt 0.23685031 0.87394261
vt 0.23494850 0.88210088
vt 0.22098520 0.87066293
vt 0.37960050 0.66329253
vt 0.36190599 0.65198672
vt 0.22608741 0.85215151
vt 0.23934761 0.86445493
vt 0.23834130 0.84729880
vt 0.24457620 0.85451168
vt 0.27634820 0.79547620
vt 0.27632520 0.79129100
vt 0.28852841 0.79767478
vt 0.28732321 0.80159432
vt 0.29881111 0.80784702
vt 0.29666120 0.81041330
vt 0.57128710 0.61332029
vt 0.57605630 0.61235338
vt 0.57911342 0.62104863
vt 0.57410038 0.62063658
vt 0.57966822 0.63421547
vt 0.57478893 0.63243008
vt 0.57794082 0.64712077
vt 0.57313508 0.64611107
vt 0.57616341 0.65699691
vt 0.57143712 0.65563130
vt 0.57456559 0.66606152
vt 0.56981462 0.66488612
vt 0.57331252 0.67436862
vt 0.56845838 0.67396218
vt 0.57207590 0.68735337
vt 0.56731743 0.68547720
vt 0.57184261 0.69579631
vt 0.56696230 0.69468689
vt 0.57207870 0.70439321
vt 0.56713772 0.70378917
vt 0.57273012 0.71331233
vt 0.56780821 0.71282339
vt 0.57455999 0.72278130
vt 0.56924701 0.72197318
vt 0.57651091 0.73171413
vt 0.57096100 0.73070329
vt 0.57966822 0.74224478
vt 0.57353640 0.73965049
vt 0.50574011 0.94080132
vt 0.50086993 0.94584280
vt 0.49265280 0.94510031
vt 0.49673030 0.94145620
vt 0.48530310 0.94129068
vt 0.48856181 0.93749499
vt 0.48068011 0.93610990
vt 0.48350030 0.93099183
vt 0.47733679 0.92748553
vt 0.48177910 0.92101151
vt 0.47758719 0.91658223
vt 0.48204461 0.91001850
vt 0.38176230 0.61939210
vt 0.38653389 0.61895913
vt 0.38640919 0.62891501
vt 0.38154319 0.62809688
vt 0.38658190 0.63493162
vt 0.38172871 0.63507968
vt 0.38718849 0.64351952
vt 0.38232979 0.64377171
vt 0.38355711 0.60289133
vt 0.38874611 0.60093898
vt 0.38750121 0.60857862
vt 0.38249710 0.61051083
vt 0.38529119 0.59426123
vt 0.39087659 0.59191501
vt 0.47819060 0.90399021
vt 0.48243889 0.89886200
vt 0.26542160 0.79301387
vt 0.26529300 0.78908819
vt 0.25246069 0.79365587
vt 0.25235090 0.78995287
vt 0.23958281 0.79799968
vt 0.23947780 0.79457963
vt 0.38565189 0.69245261
vt 0.39059749 0.69278550
vt 0.38752231 0.70371562
vt 0.38294649 0.70223910
vt 0.38592920 0.67760062
vt 0.39087659 0.67765409
vt 0.38451210 0.66339469
vt 0.38941601 0.66318691
vt 0.38328981 0.65308970
vt 0.38816410 0.65280491
vt 0.27764040 0.84591872
vt 0.28074351 0.82483870
vt 0.28225279 0.83212632
vt 0.28124341 0.83944279
vt 0.24886110 0.81596941
vt 0.25572661 0.81218398
vt 0.25572911 0.81292373
vt 0.24903320 0.81670731
vt 0.26340419 0.81104821
vt 0.26337931 0.81176537
vt 0.27081010 0.81284940
vt 0.27079999 0.81367821
vt 0.24358310 0.82214618
vt 0.24408400 0.82265592
vt 0.24088681 0.82968372
vt 0.24155471 0.82996130
vt 0.24107359 0.83774078
vt 0.24180479 0.83768213
vt 0.24413940 0.84503579
vt 0.24484061 0.84476382
vt 0.24965470 0.85068673
vt 0.25031421 0.85018992
vt 0.25692049 0.85407561
vt 0.25733909 0.85342318
vt 0.26517230 0.85452402
vt 0.26504949 0.85379487
vt 0.27281979 0.85200042
vt 0.27237681 0.85140598
vt 0.27890959 0.84684110
vt 0.27828529 0.84647542
vt 0.28274620 0.83976871
vt 0.28203741 0.83970922
vt 0.28375441 0.83175051
vt 0.28305349 0.83208871
vt 0.28197879 0.82384372
vt 0.28151301 0.82446271
vt 0.27719161 0.81758630
vt 0.27691039 0.81847638
vt 0.37794879 0.61255717
vt 0.37743461 0.62007940
vt 0.37808409 0.64396548
vt 0.37903410 0.65317887
vt 0.38024411 0.66330588
vt 0.38168481 0.67707258
vt 0.38155630 0.69123989
vt 0.23115841 0.80831158
vt 0.22942171 0.80532920
vt 0.24036290 0.80169111
vt 0.25290990 0.79758012
vt 0.26556671 0.79716730
vt 0.27603671 0.79978722
vt 0.48653281 0.90484208
vt 0.48671961 0.89485669
vt 0.48270270 0.88928372
vt 0.48683360 0.88602728
vt 0.37886280 0.60503328
vt 0.37748459 0.63532418
vt 0.37728471 0.62764221
vt 0.48620549 0.91575640
vt 0.48625961 0.92649901
vt 0.49127999 0.93373221
vt 0.49988800 0.93745762
vt 0.50896478 0.93570352
vt 0.51779532 0.93368590
vt 0.51607412 0.93845367
vt 0.52611542 0.93173832
vt 0.52483988 0.93632442
vt 0.56344843 0.71198910
vt 0.56463528 0.72063768
vt 0.56284350 0.70296657
vt 0.56272298 0.69349962
vt 0.56316978 0.68376309
vt 0.56421161 0.67368281
vt 0.56565559 0.66409087
vt 0.56730610 0.65475118
vt 0.56894618 0.64566600
vt 0.57066667 0.63175011
vt 0.56990367 0.62139910
vt 0.29392460 0.81298101
vt 0.30253139 0.82034278
vt 0.29931751 0.82157731
vt 0.28562281 0.80552220
vt 0.25755250 0.85254949
vt 0.26494139 0.85291028
vt 0.27197379 0.85063678
vt 0.27632079 0.81907272
vt 0.27042291 0.81444949
vt 0.26333389 0.81265932
vt 0.25078931 0.84948862
vt 0.24556330 0.84426451
vt 0.24263540 0.83748019
vt 0.24238750 0.83008170
vt 0.24481399 0.82308018
vt 0.24957401 0.81738192
vt 0.25600609 0.81376159
vt 0.56927091 0.62151402
vt 0.57004511 0.63164753
vt 0.56831461 0.64559883
vt 0.56279087 0.71186340
vt 0.56396568 0.72045302
vt 0.56627983 0.72875011
vt 0.56558973 0.72843921
vt 0.37815490 0.60535628
vt 0.37726301 0.61286581
vt 0.38104481 0.67699301
vt 0.38093871 0.69105709
f 1/1/1 2/2/2 3/3/3
f 1/1/1 3/3/3 4/4/4
f 5/5/5 6/6/6 7/7/7
f 5/5/5 7/7/7 8/8/8
f 9/9/9 10/10/10 11/11/11
f 9/9/9 11/11/11 12/12/12
f 13/13/13 14/14/14 15/15/15
f 13/13/13 15/15/15 16/16/16
f 17/17/17 9/9/9 12/12/12
f 17/17/17 12/12/12 18/18/18
f 2/2/2 13/13/13 16/16/16
f 2/2/2 16/16/16 3/3/3
f 19/19/19 20/20/20 21/21/21
f 19/19/19 21/21/21 22/22/22
f 23/23/23 5/5/5 8/8/8
f 23/23/23 8/8/8 24/24/24
f 20/20/20 25/25/25 26/26/26
f 20/20/20 26/26/26 21/21/21
f 6/6/6 27/27/27 28/28/28
f 6/6/6 28/28/28 7/7/7
f 25/25/25 29/29/29 30/30/30
f 25/25/25 30/30/30 26/26/26
f 31/31/31 32/32/32 33/33/33
f 31/31/31 33/33/33 34/34/34
f 27/27/27 35/35/35 36/36/36
f 27/27/27 36/36/36 28/28/28
f 29/29/29 31/31/31 34/34/34
f 29/29/29 34/34/34 30/30/30
f 37/37/37 38/38/38 39/39/39
f 37/37/37 39/39/39 40/40/40
f 41/41/41 42/42/42 43/43/43
f 41/41/41 43/43/43 44/44/44
f 45/45/45 46/46/46 47/47/47
f 45/45/45 47/47/47 48/48/48
f 49/49/49 50/50/50 51/51/51
f 49/49/49 51/51/51 52/52/52
f 46/46/46 53/53/53 54/54/54
f 46/46/46 54/54/54 47/47/47
f 50/50/50 55/55/55 56/56/56
f 50/50/50 56/56/56 51/51/51
f 53/53/53 57/57/57 58/58/58
f 53/53/53 58/58/58 54/54/54
f 59/59/59 60/60/60 61/61/61
f 59/59/59 61/61/61 62/62/62
f 57/57/57 63/63/63 64/64/64
f 57/57/57 64/64/64 58/58/58
f 55/55/55 59/59/59 62/62/62
f 55/55/55 62/62/62 56/56/56
f 63/63/63 65/65/65 66/66/66
f 63/63/63 66/66/66 64/64/64
f 67/67/67 1/1/1 4/4/4
f 67/67/67 4/4/4 68/68/68
f 65/65/65 17/17/17 18/18/18
f 65/65/65 18/18/18 66/66/66
f 69/69/69 37/37/37 40/40/40
f 69/69/69 40/40/40 70/70/70
f 10/10/10 71/71/71 72/72/72
f 10/10/10 72/72/72 11/11/11
f 32/32/32 41/41/41 44/44/44
f 32/32/32 44/44/44 33/33/33
f 60/60/60 67/67/67 68/68/68
f 60/60/60 68/68/68 61/61/61
f 35/35/35 69/69/69 70/70/70
f 35/35/35 70/70/70 36/36/36
f 73/73/73 74/74/74 75/75/75
f 76/76/76 77/77/77 78/78/78
f 79/79/79 80/80/80 81/81/81
f 79/79/79 81/81/81 82/82/82
f 83/83/83 84/84/84 85/85/85
f 83/83/83 85/85/85 86/86/86
f 87/87/87 88/88/88 89/89/89
f 87/87/87 89/89/89 90/90/90
f 80/80/80 91/91/91 92/92/92
f 80/80/80 92/92/92 81/81/81
f 93/93/93 94/94/94 95/95/95
f 93/93/93 95/95/95 96/96/96
f 88/88/88 97/97/97 98/98/98
f 88/88/88 98/98/98 89/89/89
f 91/91/91 99/99/99 100/100/100
f 91/91/91 100/100/100 92/92/92
f 101/101/101 102/102/102 103/103/103
f 101/101/101 103/103/103 104/104/104
f 97/97/97 105/105/105 106/106/106
f 97/97/97 106/106/106 98/98/98
f 99/99/99 107/107/107 108/108/108
f 99/99/99 108/108/108 100/100/100
f 109/109/109 110/110/110 111/111/111
f 109/109/109 111/111/111 112/112/112
f 105/105/105 101/101/101 104/104/104
f 105/105/105 104/104/104 106/106/106
f 107/107/107 113/113/113 114/114/114
f 107/107/107 114/114/114 108/108/108
f 102/102/102 115/115/115 116/116/116
f 102/102/102 116/116/116 103/103/103
f 113/113/113 117/117/117 118/118/118
f 113/113/113 118/118/118 114/114/114
f 115/115/115 119/119/119 120/120/120
f 115/115/115 120/120/120 116/116/116
f 117/117/117 121/121/121 122/122/122
f 117/117/117 122/122/122 118/118/118
f 123/123/123 124/124/124 125/125/125
f 123/123/123 125/125/125 126/126/126
f 127/127/127 83/83/83 86/86/86
f 127/127/127 86/86/86 128/128/128
f 124/124/124 109/109/109 112/112/112
f 124/124/124 112/112/112 125/125/125
f 84/84/84 129/129/129 130/130/130
f 84/84/84 130/130/130 85/85/85
f 110/110/110 131/131/131 132/132/132
f 110/110/110 132/132/132 111/111/111
f 129/129/129 133/133/133 134/134/134
f 129/129/129 134/134/134 130/130/130
f 131/131/131 135/135/135 136/136/136
f 131/131/131 136/136/136 132/132/132
f 133/133/133 137/137/137 138/138/138
f 133/133/133 138/138/138 134/134/134
f 135/135/135 139/139/139 140/140/140
f 135/135/135 140/140/140 136/136/136
f 137/137/137 141/141/141 142/142/142
f 137/137/137 142/142/142 138/138/138
f 139/139/139 143/143/143 144/144/144
f 139/139/139 144/144/144 140/140/140
f 141/141/141 93/93/93 96/96/96
f 141/141/141 96/96/96 142/142/142
f 145/145/145 79/79/79 82/82/82
f 145/145/145 82/82/82 146/146/146
f 147/147/147 145/145/145 146/146/146
f 147/147/147 146/146/146 148/148/148
f 149/149/149 87/87/87 90/90/90
f 149/149/149 90/90/90 150/150/150
f 151/151/151 152/152/152 74/74/74
f 74/74/74 153/153/153 154/154/154
f 154/154/154 155/155/155 74/74/74
f 155/155/155 156/156/156 74/74/74
f 156/156/156 157/157/157 158/158/158
f 158/158/158 75/75/75 74/74/74
f 75/75/75 159/159/159 160/160/160
f 161/161/161 75/75/75 160/160/160
f 161/161/161 162/162/162 163/163/163
f 163/163/163 164/164/164 161/161/161
f 164/164/164 165/165/165 166/166/166
f 161/161/161 164/164/164 166/166/166
f 165/165/165 167/167/167 166/166/166
f 167/167/167 168/168/168 166/166/166
f 166/166/166 169/169/169 170/170/170
f 170/170/170 171/171/171 172/172/172
f 171/171/171 173/173/173 172/172/172
f 172/172/172 73/73/73 75/75/75
f 73/73/73 174/174/174 175/175/175
f 176/176/176 73/73/73 175/175/175
f 176/176/176 177/177/177 178/178/178
f 178/178/178 179/179/179 176/176/176
f 179/179/179 151/151/151 74/74/74
f 176/176/176 179/179/179 74/74/74
f 158/158/158 74/74/74 156/156/156
f 75/75/75 161/161/161 172/172/172
f 172/172/172 166/166/166 170/170/170
f 73/73/73 176/176/176 74/74/74
f 172/172/172 161/161/161 166/166/166
f 78/78/78 180/180/180 181/181/181
f 181/181/181 182/182/182 78/78/78
f 182/182/182 183/183/183 184/184/184
f 78/78/78 182/182/182 184/184/184
f 183/183/183 185/185/185 184/184/184
f 184/184/184 186/186/186 187/187/187
f 186/186/186 188/188/188 187/187/187
f 187/187/187 189/189/189 190/190/190
f 78/78/78 187/187/187 190/190/190
f 189/189/189 191/191/191 192/192/192
f 192/192/192 193/193/193 189/189/189
f 193/193/193 194/194/194 195/195/195
f 195/195/195 196/196/196 197/197/197
f 197/197/197 198/198/198 195/195/195
f 198/198/198 199/199/199 195/195/195
f 199/199/199 200/200/200 190/190/190
f 195/195/195 199/199/199 190/190/190
f 200/200/200 201/201/201 190/190/190
f 190/190/190 202/202/202 203/203/203
f 202/202/202 204/204/204 203/203/203
f 203/203/203 76/76/76 78/78/78
f 76/76/76 205/205/205 77/77/77
f 77/77/77 206/206/206 78/78/78
f 206/206/206 207/207/207 78/78/78
f 207/207/207 208/208/208 78/78/78
f 78/78/78 184/184/184 187/187/187
f 195/195/195 189/189/189 193/193/193
f 195/195/195 190/190/190 189/189/189
f 203/203/203 78/78/78 190/190/190
f 209/209/209 210/210/210 211/211/211
f 209/209/209 211/211/211 212/212/212
f 213/213/213 214/214/214 215/215/215
f 213/213/213 215/215/215 216/216/216
f 217/217/217 213/213/213 216/216/216
f 217/217/217 216/216/216 218/218/218
f 219/219/219 220/220/220 221/221/221
f 219/219/219 221/221/221 222/222/222
f 214/214/214 223/223/223 224/224/224
f 214/214/214 224/224/224 215/215/215
f 220/220/220 225/225/225 226/226/226
f 220/220/220 226/226/226 221/221/221
f 223/223/223 227/227/227 228/228/228
f 223/223/223 228/228/228 224/224/224
f 225/225/225 229/229/229 230/230/230
f 225/225/225 230/230/230 226/226/226
f 227/227/227 231/231/231 232/232/232
f 227/227/227 232/232/232 228/228/228
f 233/233/233 234/234/234 235/235/235
f 233/233/233 235/235/235 236/236/236
f 237/237/237 238/238/238 239/239/239
f 237/237/237 239/239/239 240/240/240
f 234/234/234 241/241/241 242/242/242
f 234/234/234 242/242/242 235/235/235
f 243/243/243 244/244/244 245/245/245
f 243/243/243 245/245/245 246/246/246
f 247/247/247 248/248/248 249/249/249
f 247/247/247 249/249/249 250/250/250
f 244/244/244 251/251/251 252/252/252
f 244/244/244 252/252/252 245/245/245
f 248/248/248 253/253/253 254/254/254
f 248/248/248 254/254/254 249/249/249
f 251/251/251 255/255/255 256/256/256
f 251/251/251 256/256/256 252/252/252
f 253/253/253 257/257/257 258/258/258
f 253/253/253 258/258/258 254/254/254
f 255/255/255 259/259/259 260/260/260
f 255/255/255 260/260/260 256/256/256
f 257/257/257 261/261/261 262/262/262
f 257/257/257 262/262/262 258/258/258
f 263/263/263 264/264/264 265/265/265
f 263/263/263 265/265/265 266/266/266
f 238/238/238 243/243/243 246/246/246
f 238/238/238 246/246/246 239/239/239
f 261/261/261 267/267/267 268/268/268
f 261/261/261 268/268/268 262/262/262
f 264/264/264 269/269/269 270/270/270
f 264/264/264 270/270/270 265/265/265
f 259/259/259 263/263/263 266/266/266
f 259/259/259 266/266/266 260/260/260
f 267/267/267 271/271/271 272/272/272
f 267/267/267 272/272/272 268/268/268
f 273/273/273 274/274/274 275/275/275
f 273/273/273 275/275/275 276/276/276
f 210/210/210 219/219/219 222/222/222
f 210/210/210 222/222/222 211/211/211
f 277/277/277 278/278/278 279/279/279
f 277/277/277 279/279/279 280/280/280
f 274/274/274 209/209/209 212/212/212
f 274/274/274 212/212/212 275/275/275
f 241/241/241 247/247/247 250/250/250
f 241/241/241 250/250/250 242/242/242
f 278/278/278 217/217/217 218/218/218
f 278/278/278 218/218/218 279/279/279
f 281/281/281 282/282/282 283/283/283
f 281/281/281 283/283/283 284/284/284
f 285/285/285 286/286/286 287/287/287
f 285/285/285 287/287/287 288/288/288
f 289/289/289 290/290/290 291/291/291
f 289/289/289 291/291/291 292/292/292
f 282/282/282 293/293/293 294/294/294
f 282/282/282 294/294/294 283/283/283
f 295/295/295 296/296/296 297/297/297
f 295/295/295 297/297/297 298/298/298
f 290/290/290 299/299/299 300/300/300
f 290/290/290 300/300/300 291/291/291
f 301/301/301 302/302/302 303/303/303
f 301/301/301 303/303/303 304/304/304
f 305/305/305 306/306/306 307/307/307
f 305/305/305 307/307/307 308/308/308
f 299/299/299 309/309/309 310/310/310
f 299/299/299 310/310/310 300/300/300
f 302/302/302 311/311/311 312/312/312
f 302/302/302 312/312/312 303/303/303
f 313/313/313 314/314/314 315/315/315
f 313/313/313 315/315/315 316/316/316
f 317/317/317 318/318/318 319/319/319
f 317/317/317 319/319/319 320/320/320
f 311/311/311 321/321/321 322/322/322
f 311/311/311 322/322/322 312/312/312
f 309/309/309 323/323/323 324/324/324
f 309/309/309 324/324/324 310/310/310
f 321/321/321 325/325/325 326/326/326
f 321/321/321 326/326/326 322/322/322
f 327/327/327 328/328/328 329/329/329
f 327/327/327 329/329/329 330/330/330
f 325/325/325 331/331/331 332/332/332
f 325/325/325 332/332/332 326/326/326
f 328/328/328 333/333/333 334/334/334
f 328/328/328 334/334/334 329/329/329
f 335/335/335 336/336/336 337/337/337
f 335/335/335 337/337/337 338/338/338
f 339/339/339 340/340/340 341/341/341
f 339/339/339 341/341/341 342/342/342
f 331/331/331 335/335/335 338/338/338
f 331/331/331 338/338/338 332/332/332
f 333/333/333 339/339/339 342/342/342
f 333/333/333 342/342/342 334/334/334
f 343/343/343 344/344/344 345/345/345
f 343/343/343 345/345/345 346/346/346
f 347/347/347 348/348/348 349/349/349
f 347/347/347 349/349/349 350/350/350
f 351/351/351 352/352/352 353/353/353
f 351/351/351 353/353/353 354/354/354
f 355/355/355 356/356/356 357/357/357
f 355/355/355 357/357/357 358/358/358
f 352/352/352 359/359/359 360/360/360
f 352/352/352 360/360/360 353/353/353
f 361/361/361 362/362/362 363/363/363
f 361/361/361 363/363/363 364/364/364
f 356/356/356 365/365/365 366/366/366
f 356/356/356 366/366/366 357/357/357
f 367/367/367 368/368/368 369/369/369
f 367/367/367 369/369/369 370/370/370
f 359/359/359 361/361/361 364/364/364
f 359/359/359 364/364/364 360/360/360
f 371/371/371 367/367/367 370/370/370
f 371/371/371 370/370/370 372/372/372
f 373/373/373 285/285/285 288/288/288
f 373/373/373 288/288/288 374/374/374
f 375/375/375 295/295/295 298/298/298
f 375/375/375 298/298/298 376/376/376
f 377/377/377 378/378/378 379/379/379
f 377/377/377 379/379/379 380/380/380
f 381/381/381 313/313/313 316/316/316
f 381/381/381 316/316/316 382/382/382
f 383/383/383 384/384/384 385/385/385
f 386/386/386 387/387/387 388/388/388
f 386/386/386 388/388/388 389/389/389
f 390/390/390 391/391/391 392/392/392
f 390/390/390 392/392/392 393/393/393
f 394/394/394 395/395/395 396/396/396
f 394/394/394 396/396/396 397/397/397
f 398/398/398 371/371/371 372/372/372
f 398/398/398 372/372/372 399/399/399
f 395/395/395 375/375/375 376/376/376
f 395/395/395 376/376/376 396/396/396
f 400/400/400 281/281/281 284/284/284
f 400/400/400 284/284/284 401/401/401
f 362/362/362 289/289/289 292/292/292
f 362/362/362 292/292/292 363/363/363
f 368/368/368 402/402/402 403/403/403
f 368/368/368 403/403/403 369/369/369
f 296/296/296 404/404/404 405/405/405
f 296/296/296 405/405/405 297/297/297
f 402/402/402 406/406/406 407/407/407
f 402/402/402 407/407/407 403/403/403
f 404/404/404 408/408/408 409/409/409
f 404/404/404 409/409/409 405/405/405
f 406/406/406 410/410/410 411/411/411
f 406/406/406 411/411/411 407/407/407
f 408/408/408 412/412/412 413/413/413
f 408/408/408 413/413/413 409/409/409
f 414/414/414 415/415/415 416/416/416
f 414/414/414 416/416/416 417/417/417
f 314/314/314 390/390/390 393/393/393
f 314/314/314 393/393/393 315/315/315
f 412/412/412 377/377/377 380/380/380
f 412/412/412 380/380/380 413/413/413
f 415/415/415 418/418/418 419/419/419
f 415/415/415 419/419/419 416/416/416
f 318/318/318 327/327/327 330/330/330
f 318/318/318 330/330/330 319/319/319
f 418/418/418 420/420/420 421/421/421
f 418/418/418 421/421/421 419/419/419
f 306/306/306 422/422/422 423/423/423
f 306/306/306 423/423/423 307/307/307
f 420/420/420 424/424/424 425/425/425
f 420/420/420 425/425/425 421/421/421
f 422/422/422 426/426/426 427/427/427
f 422/422/422 427/427/427 423/423/423
f 424/424/424 373/373/373 374/374/374
f 424/424/424 374/374/374 425/425/425
f 426/426/426 381/381/381 382/382/382
f 426/426/426 382/382/382 427/427/427
f 336/336/336 343/343/343 346/346/346
f 336/336/336 346/346/346 337/337/337
f 340/340/340 347/347/347 350/350/350
f 340/340/340 350/350/350 341/341/341
f 286/286/286 386/386/386 389/389/389
f 286/286/286 389/389/389 287/287/287
f 428/428/428 429/429/429 430/430/430
f 428/428/428 430/430/430 431/431/431
f 431/431/431 430/430/430 366/366/366
f 431/431/431 366/366/366 401/401/401
f 432/432/432 428/428/428 431/431/431
f 432/432/432 431/431/431 433/433/433
f 433/433/433 431/431/431 401/401/401
f 433/433/433 401/401/401 284/284/284
f 434/434/434 432/432/432 433/433/433
f 434/434/434 433/433/433 435/435/435
f 435/435/435 433/433/433 284/284/284
f 435/435/435 284/284/284 283/283/283
f 436/436/436 434/434/434 435/435/435
f 436/436/436 435/435/435 437/437/437
f 437/437/437 435/435/435 283/283/283
f 437/437/437 283/283/283 294/294/294
f 438/438/438 439/439/439 440/440/440
f 438/438/438 440/440/440 441/441/441
f 441/441/441 440/440/440 304/304/304
f 441/441/441 304/304/304 303/303/303
f 442/442/442 438/438/438 441/441/441
f 442/442/442 441/441/441 443/443/443
f 443/443/443 441/441/441 303/303/303
f 443/443/443 303/303/303 312/312/312
f 444/444/444 442/442/442 443/443/443
f 444/444/444 443/443/443 445/445/445
f 445/445/445 443/443/443 312/312/312
f 445/445/445 312/312/312 322/322/322
f 446/446/446 444/444/444 445/445/445
f 446/446/446 445/445/445 447/447/447
f 447/447/447 445/445/445 322/322/322
f 447/447/447 322/322/322 326/326/326
f 448/448/448 446/446/446 447/447/447
f 448/448/448 447/447/447 449/449/449
f 449/449/449 447/447/447 326/326/326
f 449/449/449 326/326/326 332/332/332
f 450/450/450 451/451/451 452/452/452
f 450/450/450 452/452/452 453/453/453
f 453/453/453 452/452/452 338/338/338
f 453/453/453 338/338/338 337/337/337
f 454/454/454 450/450/450 453/453/453
f 454/454/454 453/453/453 455/455/455
f 455/455/455 453/453/453 337/337/337
f 455/455/455 337/337/337 346/346/346
f 456/456/456 454/454/454 455/455/455
f 456/456/456 455/455/455 457/457/457
f 457/457/457 455/455/455 346/346/346
f 457/457/457 346/346/346 345/345/345
f 458/458/458 459/459/459 460/460/460
f 458/458/458 460/460/460 461/461/461
f 461/461/461 460/460/460 354/354/354
f 461/461/461 354/354/354 353/353/353
f 462/462/462 458/458/458 461/461/461
f 462/462/462 461/461/461 463/463/463
f 463/463/463 461/461/461 353/353/353
f 463/463/463 353/353/353 360/360/360
f 464/464/464 465/465/465 466/466/466
f 464/464/464 466/466/466 467/467/467
f 467/467/467 466/466/466 364/364/364
f 467/467/467 364/364/364 363/363/363
f 468/468/468 464/464/464 467/467/467
f 468/468/468 467/467/467 469/469/469
f 469/469/469 467/467/467 363/363/363
f 469/469/469 363/363/363 292/292/292
f 470/470/470 468/468/468 469/469/469
f 470/470/470 469/469/469 471/471/471
f 471/471/471 469/469/469 292/292/292
f 471/471/471 292/292/292 291/291/291
f 472/472/472 470/470/470 471/471/471
f 472/472/472 471/471/471 473/473/473
f 473/473/473 471/471/471 291/291/291
f 473/473/473 291/291/291 300/300/300
f 474/474/474 472/472/472 473/473/473
f 474/474/474 473/473/473 475/475/475
f 475/475/475 473/473/473 300/300/300
f 475/475/475 300/300/300 310/310/310
f 476/476/476 477/477/477 478/478/478
f 476/476/476 478/478/478 479/479/479
f 479/479/479 478/478/478 320/320/320
f 479/479/479 320/320/320 319/319/319
f 480/480/480 476/476/476 479/479/479
f 480/480/480 479/479/479 481/481/481
f 481/481/481 479/479/479 319/319/319
f 481/481/481 319/319/319 330/330/330
f 482/482/482 480/480/480 481/481/481
f 482/482/482 481/481/481 483/483/483
f 483/483/483 481/481/481 330/330/330
f 483/483/483 330/330/330 329/329/329
f 484/484/484 482/482/482 483/483/483
f 484/484/484 483/483/483 485/485/485
f 485/485/485 483/483/483 329/329/329
f 485/485/485 329/329/329 334/334/334
f 486/486/486 487/487/487 488/488/488
f 486/486/486 488/488/488 489/489/489
f 489/489/489 488/488/488 342/342/342
f 489/489/489 342/342/342 341/341/341
f 490/490/490 486/486/486 489/489/489
f 490/490/490 489/489/489 491/491/491
f 491/491/491 489/489/489 341/341/341
f 491/491/491 341/341/341 350/350/350
f 492/492/492 490/490/490 491/491/491
f 492/492/492 491/491/491 493/493/493
f 493/493/493 491/491/491 350/350/350
f 493/493/493 350/350/350 349/349/349
f 494/494/494 495/495/495 496/496/496
f 494/494/494 496/496/496 497/497/497
f 497/497/497 496/496/496 358/358/358
f 497/497/497 358/358/358 357/357/357
f 429/429/429 494/494/494 497/497/497
f 429/429/429 497/497/497 430/430/430
f 430/430/430 497/497/497 357/357/357
f 430/430/430 357/357/357 366/366/366
f 451/451/451 448/448/448 449/449/449
f 451/451/451 449/449/449 452/452/452
f 452/452/452 449/449/449 332/332/332
f 452/452/452 332/332/332 338/338/338
f 465/465/465 462/462/462 463/463/463
f 465/465/465 463/463/463 466/466/466
f 466/466/466 463/463/463 360/360/360
f 466/466/466 360/360/360 364/364/364
f 498/498/498 474/474/474 475/475/475
f 498/498/498 475/475/475 499/499/499
f 499/499/499 475/475/475 310/310/310
f 499/499/499 310/310/310 324/324/324
f 487/487/487 484/484/484 485/485/485
f 487/487/487 485/485/485 488/488/488
f 488/488/488 485/485/485 334/334/334
f 488/488/488 334/334/334 342/342/342
f 400/400/400 365/365/365 500/500/500
f 400/400/400 500/500/500 501/501/501
f 501/501/501 500/500/500 370/370/370
f 501/501/501 370/370/370 369/369/369
f 281/281/281 400/400/400 501/501/501
f 281/281/281 501/501/501 502/502/502
f 502/502/502 501/501/501 369/369/369
f 502/502/502 369/369/369 403/403/403
f 282/282/282 281/281/281 502/502/502
f 282/282/282 502/502/502 503/503/503
f 503/503/503 502/502/502 403/403/403
f 503/503/503 403/403/403 407/407/407
f 293/293/293 282/282/282 503/503/503
f 293/293/293 503/503/503 504/504/504
f 504/504/504 503/503/503 407/407/407
f 504/504/504 407/407/407 411/411/411
f 302/302/302 301/301/301 505/505/505
f 302/302/302 505/505/505 506/506/506
f 506/506/506 505/505/505 417/417/417
f 506/506/506 417/417/417 416/416/416
f 311/311/311 302/302/302 506/506/506
f 311/311/311 506/506/506 507/507/507
f 507/507/507 506/506/506 416/416/416
f 507/507/507 416/416/416 419/419/419
f 321/321/321 311/311/311 507/507/507
f 321/321/321 507/507/507 508/508/508
f 508/508/508 507/507/507 419/419/419
f 508/508/508 419/419/419 421/421/421
f 325/325/325 321/321/321 508/508/508
f 325/325/325 508/508/508 509/509/509
f 509/509/509 508/508/508 421/421/421
f 509/509/509 421/421/421 425/425/425
f 331/331/331 325/325/325 509/509/509
f 331/331/331 509/509/509 510/510/510
f 510/510/510 509/509/509 425/425/425
f 510/510/510 425/425/425 374/374/374
f 336/336/336 335/335/335 511/511/511
f 336/336/336 511/511/511 512/512/512
f 512/512/512 511/511/511 288/288/288
f 512/512/512 288/288/288 287/287/287
f 343/343/343 336/336/336 512/512/512
f 343/343/343 512/512/512 513/513/513
f 513/513/513 512/512/512 287/287/287
f 513/513/513 287/287/287 389/389/389
f 344/344/344 343/343/343 513/513/513
f 344/344/344 513/513/513 514/514/514
f 514/514/514 513/513/513 389/389/389
f 514/514/514 389/389/389 388/388/388
f 352/352/352 351/351/351 515/515/515
f 352/352/352 515/515/515 516/516/516
f 516/516/516 515/515/515 397/397/397
f 516/516/516 397/397/397 396/396/396
f 359/359/359 352/352/352 516/516/516
f 359/359/359 516/516/516 517/517/517
f 517/517/517 516/516/516 396/396/396
f 517/517/517 396/396/396 376/376/376
f 362/362/362 361/361/361 518/518/518
f 362/362/362 518/518/518 519/519/519
f 519/519/519 518/518/518 298/298/298
f 519/519/519 298/298/298 297/297/297
f 289/289/289 362/362/362 519/519/519
f 289/289/289 519/519/519 520/520/520
f 520/520/520 519/519/519 297/297/297
f 520/520/520 297/297/297 405/405/405
f 290/290/290 289/289/289 520/520/520
f 290/290/290 520/520/520 521/521/521
f 521/521/521 520/520/520 405/405/405
f 521/521/521 405/405/405 409/409/409
f 299/299/299 290/290/290 521/521/521
f 299/299/299 521/521/521 522/522/522
f 522/522/522 521/521/521 409/409/409
f 522/522/522 409/409/409 413/413/413
f 309/309/309 299/299/299 522/522/522
f 309/309/309 522/522/522 523/523/523
f 523/523/523 522/522/522 413/413/413
f 523/523/523 413/413/413 380/380/380
f 318/318/318 317/317/317 524/524/524
f 318/318/318 524/524/524 525/525/525
f 525/525/525 524/524/524 308/308/308
f 525/525/525 308/308/308 307/307/307
f 327/327/327 318/318/318 525/525/525
f 327/327/327 525/525/525 526/526/526
f 526/526/526 525/525/525 307/307/307
f 526/526/526 307/307/307 423/423/423
f 328/328/328 327/327/327 526/526/526
f 328/328/328 526/526/526 527/527/527
f 527/527/527 526/526/526 423/423/423
f 527/527/527 423/423/423 427/427/427
f 333/333/333 328/328/328 527/527/527
f 333/333/333 527/527/527 528/528/528
f 528/528/528 527/527/527 427/427/427
f 528/528/528 427/427/427 382/382/382
f 340/340/340 339/339/339 529/529/529
f 340/340/340 529/529/529 530/530/530
f 530/530/530 529/529/529 316/316/316
f 530/530/530 316/316/316 315/315/315
f 347/347/347 340/340/340 530/530/530
f 347/347/347 530/530/530 531/531/531
f 531/531/531 530/530/530 315/315/315
f 531/531/531 315/315/315 393/393/393
f 348/348/348 347/347/347 531/531/531
f 348/348/348 531/531/531 532/532/532
f 532/532/532 531/531/531 393/393/393
f 532/532/532 393/393/393 392/392/392
f 356/356/356 355/355/355 533/533/533
f 356/356/356 533/533/533 534/534/534
f 534/534/534 533/533/533 399/399/399
f 534/534/534 399/399/399 372/372/372
f 365/365/365 356/356/356 534/534/534
f 365/365/365 534/534/534 500/500/500
f 500/500/500 534/534/534 372/372/372
f 500/500/500 372/372/372 370/370/370
f 335/335/335 331/331/331 510/510/510
f 335/335/335 510/510/510 511/511/511
f 511/511/511 510/510/510 374/374/374
f 511/511/511 374/374/374 288/288/288
f 361/361/361 359/359/359 517/517/517
f 361/361/361 517/517/517 518/518/518
f 518/518/518 517/517/517 376/376/376
f 518/518/518 376/376/376 298/298/298
f 323/323/323 309/309/309 523/523/523
f 323/323/323 523/523/523 535/535/535
f 535/535/535 523/523/523 380/380/380
f 535/535/535 380/380/380 379/379/379
f 339/339/339 333/333/333 528/528/528
f 339/339/339 528/528/528 529/529/529
f 529/529/529 528/528/528 382/382/382
f 529/529/529 382/382/382 316/316/316
f 365/365/365 400/400/400 401/401/401
f 365/365/365 401/401/401 366/366/366
f 429/429/429 428/428/428 536/536/536
f 429/429/429 536/536/536 537/537/537
f 476/476/476 480/480/480 538/538/538
f 476/476/476 538/538/538 539/539/539
f 464/464/464 468/468/468 540/540/540
f 464/464/464 540/540/540 541/541/541
f 450/450/450 454/454/454 542/542/542
f 450/450/450 542/542/542 543/543/543
f 428/428/428 432/432/432 544/544/544
f 428/428/428 544/544/544 536/536/536
f 446/446/446 448/448/448 545/545/545
f 446/446/446 545/545/545 546/546/546
f 480/480/480 482/482/482 547/547/547
f 480/480/480 547/547/547 538/538/538
f 444/444/444 446/446/446 546/546/546
f 444/444/444 546/546/546 548/548/548
f 474/474/474 498/498/498 549/549/549
f 474/474/474 549/549/549 550/550/550
f 442/442/442 444/444/444 548/548/548
f 442/442/442 548/548/548 551/551/551
f 477/477/477 476/476/476 539/539/539
f 477/477/477 539/539/539 552/552/552
f 438/438/438 442/442/442 551/551/551
f 438/438/438 551/551/551 553/553/553
f 472/472/472 474/474/474 550/550/550
f 472/472/472 550/550/550 554/554/554
f 439/439/439 438/438/438 553/553/553
f 439/439/439 553/553/553 555/555/555
f 470/470/470 472/472/472 554/554/554
f 470/470/470 554/554/554 556/556/556
f 434/434/434 436/436/436 557/557/557
f 434/434/434 557/557/557 558/558/558
f 468/468/468 470/470/470 556/556/556
f 468/468/468 556/556/556 540/540/540
f 432/432/432 434/434/434 558/558/558
f 432/432/432 558/558/558 544/544/544
f 462/462/462 465/465/465 559/559/559
f 462/462/462 559/559/559 560/560/560
f 494/494/494 429/429/429 537/537/537
f 494/494/494 537/537/537 561/561/561
f 465/465/465 464/464/464 541/541/541
f 465/465/465 541/541/541 559/559/559
f 458/458/458 462/462/462 560/560/560
f 458/458/458 560/560/560 562/562/562
f 495/495/495 494/494/494 561/561/561
f 495/495/495 561/561/561 563/563/563
f 459/459/459 458/458/458 562/562/562
f 459/459/459 562/562/562 564/564/564
f 486/486/486 490/490/490 565/565/565
f 486/486/486 565/565/565 566/566/566
f 454/454/454 456/456/456 567/567/567
f 454/454/454 567/567/567 542/542/542
f 484/484/484 487/487/487 568/568/568
f 484/484/484 568/568/568 569/569/569
f 448/448/448 451/451/451 570/570/570
f 448/448/448 570/570/570 545/545/545
f 487/487/487 486/486/486 566/566/566
f 487/487/487 566/566/566 568/568/568
f 451/451/451 450/450/450 543/543/543
f 451/451/451 543/543/543 570/570/570
f 490/490/490 492/492/492 571/571/571
f 490/490/490 571/571/571 565/565/565
f 482/482/482 484/484/484 569/569/569
f 482/482/482 569/569/569 547/547/547
f 385/385/385 572/572/572 573/573/573
f 573/573/573 574/574/574 385/385/385
f 574/574/574 575/575/575 576/576/576
f 385/385/385 574/574/574 576/576/576
f 575/575/575 577/577/577 576/576/576
f 576/576/576 578/578/578 579/579/579
f 578/578/578 580/580/580 579/579/579
f 579/579/579 581/581/581 582/582/582
f 385/385/385 579/579/579 582/582/582
f 581/581/581 583/583/583 584/584/584
f 584/584/584 585/585/585 581/581/581
f 585/585/585 586/586/586 587/587/587
f 587/587/587 588/588/588 589/589/589
f 589/589/589 590/590/590 587/587/587
f 590/590/590 591/591/591 587/587/587
f 591/591/591 592/592/592 582/582/582
f 587/587/587 591/591/591 582/582/582
f 592/592/592 593/593/593 582/582/582
f 582/582/582 594/594/594 595/595/595
f 594/594/594 596/596/596 595/595/595
f 595/595/595 383/383/383 385/385/385
f 383/383/383 597/597/597 384/384/384
f 384/384/384 598/598/598 385/385/385
f 598/598/598 599/599/599 385/385/385
f 599/599/599 600/600/600 385/385/385
f 385/385/385 576/576/576 579/579/579
f 587/587/587 581/581/581 585/585/585
f 587/587/587 582/582/582 581/581/581
f 595/595/595 385/385/385 582/582/582
f 601/601/601 602/602/602 603/603/603
f 601/601/601 603/603/603 604/604/604
f 605/605/605 606/606/606 607/607/607
f 605/605/605 607/607/607 608/608/608
f 609/609/609 610/610/610 611/611/611
f 609/609/609 611/611/611 612/612/612
f 613/613/613 614/614/614 601/601/601
f 613/613/613 601/601/601 615/615/615
f 616/616/616 605/605/605 608/608/608
f 616/616/616 608/608/608 617/617/617
f 618/618/618 619/619/619 620/620/620
f 618/618/618 620/620/620 602/602/602
f 621/621/621 613/613/613 615/615/615
f 621/621/621 615/615/615 622/622/622
f 623/623/623 616/616/616 617/617/617
f 623/623/623 617/617/617 624/624/624
f 625/625/625 626/626/626 627/627/627
f 625/625/625 627/627/627 628/628/628
f 629/629/629 621/621/621 622/622/622
f 629/629/629 622/622/622 630/630/630
f 631/631/631 632/632/632 633/633/633
f 631/631/631 633/633/633 634/634/634
f 635/635/635 636/636/636 637/637/637
f 635/635/635 637/637/637 638/638/638
f 626/626/626 639/639/639 640/640/640
f 626/626/626 640/640/640 627/627/627
f 641/641/641 631/631/631 634/634/634
f 641/641/641 634/634/634 642/642/642
f 643/643/643 625/625/625 628/628/628
f 643/643/643 628/628/628 644/644/644
f 645/645/645 641/641/641 642/642/642
f 645/645/645 642/642/642 646/646/646
f 647/647/647 643/643/643 644/644/644
f 647/647/647 644/644/644 648/648/648
f 649/649/649 645/645/645 646/646/646
f 649/649/649 646/646/646 650/650/650
f 651/651/651 647/647/647 648/648/648
f 651/651/651 648/648/648 652/652/652
f 610/610/610 649/649/649 650/650/650
f 610/610/610 650/650/650 611/611/611
f 636/636/636 651/651/651 652/652/652
f 636/636/636 652/652/652 637/637/637
f 653/653/653 609/609/609 612/612/612
f 653/653/653 612/612/612 654/654/654
f 655/655/655 635/635/635 638/638/638
f 655/655/655 638/638/638 656/656/656
f 657/657/657 653/653/653 654/654/654
f 657/657/657 654/654/654 658/658/658
f 659/659/659 660/660/660 661/661/661
f 659/659/659 661/661/661 662/662/662
f 663/663/663 664/664/664 665/665/665
f 663/663/663 665/665/665 666/666/666
f 667/667/667 659/659/659 662/662/662
f 667/667/667 662/662/662 668/668/668
f 669/669/669 663/663/663 666/666/666
f 669/669/669 666/666/666 670/670/670
f 671/671/671 667/667/667 668/668/668
f 671/671/671 668/668/668 672/672/672
f 619/619/619 669/669/669 670/670/670
f 619/619/619 670/670/670 620/620/620
f 606/606/606 673/673/673 674/674/674
f 606/606/606 674/674/674 607/607/607
f 673/673/673 671/671/671 672/672/672
f 673/673/673 672/672/672 674/674/674
f 614/614/614 618/618/618 602/602/602
f 614/614/614 602/602/602 601/601/601
f 675/675/675 676/676/676 677/677/677
f 675/675/675 677/677/677 678/678/678
f 679/679/679 680/680/680 681/681/681
f 682/682/682 683/683/683 684/684/684
f 682/682/682 684/684/684 685/685/685
f 686/686/686 687/687/687 688/688/688
f 686/686/686 688/688/688 689/689/689
f 690/690/690 691/691/691 692/692/692
f 690/690/690 692/692/692 693/693/693
f 693/693/693 692/692/692 683/683/683
f 693/693/693 683/683/683 682/682/682
f 694/694/694 695/695/695 696/696/696
f 694/694/694 696/696/696 697/697/697
f 698/698/698 699/699/699 691/691/691
f 698/698/698 691/691/691 690/690/690
f 700/700/700 701/701/701 702/702/702
f 700/700/700 702/702/702 703/703/703
f 704/704/704 705/705/705 695/695/695
f 704/704/704 695/695/695 694/694/694
f 706/706/706 707/707/707 699/699/699
f 706/706/706 699/699/699 698/698/698
f 697/697/697 696/696/696 687/687/687
f 697/697/697 687/687/687 686/686/686
f 676/676/676 708/708/708 705/705/705
f 676/676/676 705/705/705 704/704/704
f 709/709/709 710/710/710 707/707/707
f 709/709/709 707/707/707 706/706/706
f 711/711/711 712/712/712 713/713/713
f 711/711/711 713/713/713 714/714/714
f 675/675/675 715/715/715 708/708/708
f 675/675/675 708/708/708 676/676/676
f 716/716/716 717/717/717 718/718/718
f 716/716/716 718/718/718 719/719/719
f 720/720/720 721/721/721 722/722/722
f 720/720/720 722/722/722 723/723/723
f 714/714/714 713/713/713 724/724/724
f 714/714/714 724/724/724 725/725/725
f 726/726/726 727/727/727 717/717/717
f 726/726/726 717/717/717 716/716/716
f 728/728/728 729/729/729 712/712/712
f 728/728/728 712/712/712 711/711/711
f 730/730/730 731/731/731 727/727/727
f 730/730/730 727/727/727 726/726/726
f 732/732/732 733/733/733 729/729/729
f 732/732/732 729/729/729 728/728/728
f 734/734/734 735/735/735 731/731/731
f 734/734/734 731/731/731 730/730/730
f 736/736/736 737/737/737 733/733/733
f 736/736/736 733/733/733 732/732/732
f 703/703/703 702/702/702 735/735/735
f 703/703/703 735/735/735 734/734/734
f 723/723/723 722/722/722 737/737/737
f 723/723/723 737/737/737 736/736/736
f 738/738/738 739/739/739 701/701/701
f 738/738/738 701/701/701 700/700/700
f 740/740/740 741/741/741 721/721/721
f 740/740/740 721/721/721 720/720/720
f 742/742/742 743/743/743 739/739/739
f 742/742/742 739/739/739 738/738/738
f 744/744/744 745/745/745 746/746/746
f 744/744/744 746/746/746 747/747/747
f 748/748/748 749/749/749 750/750/750
f 748/748/748 750/750/750 751/751/751
f 685/685/685 684/684/684 745/745/745
f 685/685/685 745/745/745 744/744/744
f 689/689/689 688/688/688 749/749/749
f 689/689/689 749/749/749 748/748/748
f 716/716/716 719/719/719 752/752/752
f 716/716/716 752/752/752 753/753/753
f 720/720/720 723/723/723 754/754/754
f 720/720/720 754/754/754 755/755/755
f 714/714/714 725/725/725 756/756/756
f 714/714/714 756/756/756 757/757/757
f 726/726/726 716/716/716 753/753/753
f 726/726/726 753/753/753 758/758/758
f 728/728/728 711/711/711 759/759/759
f 728/728/728 759/759/759 760/760/760
f 730/730/730 726/726/726 758/758/758
f 730/730/730 758/758/758 761/761/761
f 732/732/732 728/728/728 760/760/760
f 732/732/732 760/760/760 762/762/762
f 734/734/734 730/730/730 761/761/761
f 734/734/734 761/761/761 763/763/763
f 736/736/736 732/732/732 762/762/762
f 736/736/736 762/762/762 764/764/764
f 703/703/703 734/734/734 763/763/763
f 703/703/703 763/763/763 765/765/765
f 723/723/723 736/736/736 764/764/764
f 723/723/723 764/764/764 754/754/754
f 738/738/738 700/700/700 766/766/766
f 738/738/738 766/766/766 767/767/767
f 740/740/740 720/720/720 755/755/755
f 740/740/740 755/755/755 768/768/768
f 742/742/742 738/738/738 767/767/767
f 742/742/742 767/767/767 769/769/769
f 744/744/744 747/747/747 770/770/770
f 744/744/744 770/770/770 771/771/771
f 748/748/748 751/751/751 772/772/772
f 748/748/748 772/772/772 773/773/773
f 685/685/685 744/744/744 771/771/771
f 685/685/685 771/771/771 774/774/774
f 689/689/689 748/748/748 773/773/773
f 689/689/689 773/773/773 775/775/775
f 682/682/682 685/685/685 774/774/774
f 682/682/682 774/774/774 776/776/776
f 686/686/686 689/689/689 775/775/775
f 686/686/686 775/775/775 777/777/777
f 690/690/690 693/693/693 778/778/778
f 690/690/690 778/778/778 779/779/779
f 693/693/693 682/682/682 776/776/776
f 693/693/693 776/776/776 778/778/778
f 694/694/694 697/697/697 780/780/780
f 694/694/694 780/780/780 781/781/781
f 698/698/698 690/690/690 779/779/779
f 698/698/698 779/779/779 782/782/782
f 700/700/700 703/703/703 765/765/765
f 700/700/700 765/765/765 766/766/766
f 704/704/704 694/694/694 781/781/781
f 704/704/704 781/781/781 783/783/783
f 706/706/706 698/698/698 782/782/782
f 706/706/706 782/782/782 784/784/784
f 697/697/697 686/686/686 777/777/777
f 697/697/697 777/777/777 780/780/780
f 676/676/676 704/704/704 783/783/783
f 676/676/676 783/783/783 677/677/677
f 709/709/709 706/706/706 784/784/784
f 709/709/709 784/784/784 785/785/785
f 711/711/711 714/714/714 757/757/757
f 711/711/711 757/757/757 759/759/759
f 786/786/786 787/787/787 788/788/788
f 786/786/786 788/788/788 789/789/789
f 608/608/608 607/607/607 790/790/790
f 608/608/608 790/790/790 791/791/791
f 612/612/612 611/611/611 792/792/792
f 612/612/612 792/792/792 793/793/793
f 615/615/615 601/601/601 604/604/604
f 615/615/615 604/604/604 794/794/794
f 617/617/617 608/608/608 791/791/791
f 617/617/617 791/791/791 795/795/795
f 602/602/602 620/620/620 796/796/796
f 602/602/602 796/796/796 603/603/603
f 622/622/622 615/615/615 794/794/794
f 622/622/622 794/794/794 797/797/797
f 624/624/624 617/617/617 795/795/795
f 624/624/624 795/795/795 798/798/798
f 628/628/628 627/627/627 799/799/799
f 628/628/628 799/799/799 800/800/800
f 630/630/630 622/622/622 797/797/797
f 630/630/630 797/797/797 801/801/801
f 634/634/634 633/633/633 802/802/802
f 634/634/634 802/802/802 787/787/787
f 638/638/638 637/637/637 803/803/803
f 638/638/638 803/803/803 804/804/804
f 627/627/627 640/640/640 805/805/805
f 627/627/627 805/805/805 799/799/799
f 642/642/642 634/634/634 787/787/787
f 642/642/642 787/787/787 786/786/786
f 644/644/644 628/628/628 800/800/800
f 644/644/644 800/800/800 806/806/806
f 646/646/646 642/642/642 786/786/786
f 646/646/646 786/786/786 807/807/807
f 648/648/648 644/644/644 806/806/806
f 648/648/648 806/806/806 808/808/808
f 650/650/650 646/646/646 807/807/807
f 650/650/650 807/807/807 809/809/809
f 652/652/652 648/648/648 808/808/808
f 652/652/652 808/808/808 810/810/810
f 611/611/611 650/650/650 809/809/809
f 611/611/611 809/809/809 792/792/792
f 637/637/637 652/652/652 810/810/810
f 637/637/637 810/810/810 803/803/803
f 654/654/654 612/612/612 793/793/793
f 654/654/654 793/793/793 811/811/811
f 656/656/656 638/638/638 804/804/804
f 656/656/656 804/804/804 812/812/812
f 658/658/658 654/654/654 811/811/811
f 658/658/658 811/811/811 813/813/813
f 662/662/662 661/661/661 814/814/814
f 662/662/662 814/814/814 815/815/815
f 666/666/666 665/665/665 816/816/816
f 666/666/666 816/816/816 817/817/817
f 668/668/668 662/662/662 815/815/815
f 668/668/668 815/815/815 818/818/818
f 670/670/670 666/666/666 817/817/817
f 670/670/670 817/817/817 819/819/819
f 672/672/672 668/668/668 818/818/818
f 672/672/672 818/818/818 820/820/820
f 620/620/620 670/670/670 819/819/819
f 620/620/620 819/819/819 796/796/796
f 607/607/607 674/674/674 821/821/821
f 607/607/607 821/821/821 790/790/790
f 674/674/674 672/672/672 820/820/820
f 674/674/674 820/820/820 821/821/821
f 822/822/822 823/823/823 824/824/824
f 822/822/822 824/824/824 825/825/825
f 806/806/806 800/800/800 826/826/826
f 806/806/806 826/826/826 827/827/827
f 807/807/807 786/786/786 789/789/789
f 807/807/807 789/789/789 828/828/828
f 808/808/808 806/806/806 827/827/827
f 808/808/808 827/827/827 829/829/829
f 809/809/809 807/807/807 828/828/828
f 809/809/809 828/828/828 830/830/830
f 810/810/810 808/808/808 829/829/829
f 810/810/810 829/829/829 831/831/831
f 792/792/792 809/809/809 830/830/830
f 792/792/792 830/830/830 832/832/832
f 803/803/803 810/810/810 831/831/831
f 803/803/803 831/831/831 833/833/833
f 811/811/811 793/793/793 834/834/834
f 811/811/811 834/834/834 835/835/835
f 812/812/812 804/804/804 836/836/836
f 812/812/812 836/836/836 837/837/837
f 813/813/813 811/811/811 835/835/835
f 813/813/813 835/835/835 838/838/838
f 815/815/815 814/814/814 839/839/839
f 815/815/815 839/839/839 840/840/840
f 817/817/817 816/816/816 841/841/841
f 817/817/817 841/841/841 842/842/842
f 818/818/818 815/815/815 840/840/840
f 818/818/818 840/840/840 843/843/843
f 819/819/819 817/817/817 842/842/842
f 819/819/819 842/842/842 844/844/844
f 820/820/820 818/818/818 843/843/843
f 820/820/820 843/843/843 845/845/845
f 796/796/796 819/819/819 844/844/844
f 796/796/796 844/844/844 846/846/846
f 790/790/790 821/821/821 847/847/847
f 790/790/790 847/847/847 848/848/848
f 821/821/821 820/820/820 845/845/845
f 821/821/821 845/845/845 847/847/847
f 604/604/604 603/603/603 849/849/849
f 604/604/604 849/849/849 850/850/850
f 791/791/791 790/790/790 848/848/848
f 791/791/791 848/848/848 851/851/851
f 793/793/793 792/792/792 832/832/832
f 793/793/793 832/832/832 834/834/834
f 794/794/794 604/604/604 850/850/850
f 794/794/794 850/850/850 852/852/852
f 795/795/795 791/791/791 851/851/851
f 795/795/795 851/851/851 853/853/853
f 603/603/603 796/796/796 846/846/846
f 603/603/603 846/846/846 849/849/849
f 797/797/797 794/794/794 852/852/852
f 797/797/797 852/852/852 854/854/854
f 798/798/798 795/795/795 853/853/853
f 798/798/798 853/853/853 855/855/855
f 800/800/800 799/799/799 856/856/856
f 800/800/800 856/856/856 826/826/826
f 801/801/801 797/797/797 854/854/854
f 801/801/801 854/854/854 857/857/857
f 787/787/787 802/802/802 858/858/858
f 787/787/787 858/858/858 788/788/788
f 804/804/804 803/803/803 833/833/833
f 804/804/804 833/833/833 836/836/836
f 799/799/799 805/805/805 859/859/859
f 799/799/799 859/859/859 856/856/856
f 860/860/860 861/861/861 862/862/862
f 860/860/860 862/862/862 863/863/863
f 864/864/864 865/865/865 866/866/866
f 864/864/864 866/866/866 867/867/867
f 868/868/868 869/869/869 870/870/870
f 868/868/868 870/870/870 871/871/871
f 872/872/872 873/873/873 874/874/874
f 872/872/872 874/874/874 875/875/875
f 876/876/876 868/868/868 871/871/871
f 876/876/876 871/871/871 877/877/877
f 878/878/878 879/879/879 880/880/880
f 878/878/878 880/880/880 881/881/881
f 882/882/882 883/883/883 884/884/884
f 882/882/882 884/884/884 885/885/885
f 886/886/886 878/878/878 881/881/881
f 886/886/886 881/881/881 887/887/887
f 888/888/888 882/882/882 885/885/885
f 888/888/888 885/885/885 889/889/889
f 890/890/890 886/886/886 887/887/887
f 890/890/890 887/887/887 891/891/891
f 892/892/892 888/888/888 889/889/889
f 892/892/892 889/889/889 893/893/893
f 894/894/894 895/895/895 896/896/896
f 894/894/894 896/896/896 897/897/897
f 895/895/895 890/890/890 891/891/891
f 895/895/895 891/891/891 896/896/896
f 898/898/898 899/899/899 900/900/900
f 898/898/898 900/900/900 901/901/901
f 902/902/902 894/894/894 897/897/897
f 902/902/902 897/897/897 903/903/903
f 869/869/869 822/822/822 825/825/825
f 869/869/869 825/825/825 870/870/870
f 904/904/904 898/898/898 901/901/901
f 904/904/904 901/901/901 905/905/905
f 906/906/906 902/902/902 903/903/903
f 906/906/906 903/903/903 907/907/907
f 899/899/899 892/892/892 893/893/893
f 899/899/899 893/893/893 900/900/900
f 908/908/908 904/904/904 905/905/905
f 908/908/908 905/905/905 909/909/909
f 910/910/910 906/906/906 907/907/907
f 910/910/910 907/907/907 911/911/911
f 912/912/912 913/913/913 914/914/914
f 912/912/912 914/914/914 915/915/915
f 916/916/916 908/908/908 909/909/909
f 916/916/916 909/909/909 917/917/917
f 918/918/918 919/919/919 920/920/920
f 918/918/918 920/920/920 921/921/921
f 873/873/873 864/864/864 867/867/867
f 873/873/873 867/867/867 874/874/874
f 913/913/913 922/922/922 923/923/923
f 913/913/913 923/923/923 914/914/914
f 924/924/924 918/918/918 921/921/921
f 924/924/924 921/921/921 925/925/925
f 926/926/926 912/912/912 915/915/915
f 926/926/926 915/915/915 927/927/927
f 928/928/928 924/924/924 925/925/925
f 928/928/928 925/925/925 929/929/929
f 930/930/930 926/926/926 927/927/927
f 930/930/930 927/927/927 931/931/931
f 823/823/823 928/928/928 929/929/929
f 823/823/823 929/929/929 824/824/824
f 865/865/865 930/930/930 931/931/931
f 865/865/865 931/931/931 866/866/866
f 932/932/932 933/933/933 934/934/934
f 932/932/932 934/934/934 935/935/935
f 936/936/936 937/937/937 938/938/938
f 936/936/936 938/938/938 939/939/939
f 940/940/940 941/941/941 942/942/942
f 940/940/940 942/942/942 943/943/943
f 944/944/944 936/936/936 939/939/939
f 944/944/944 939/939/939 945/945/945
f 946/946/946 940/940/940 943/943/943
f 946/946/946 943/943/943 947/947/947
f 948/948/948 949/949/949 950/950/950
f 948/948/948 950/950/950 951/951/951
f 949/949/949 944/944/944 945/945/945
f 949/949/949 945/945/945 950/950/950
f 952/952/952 953/953/953 954/954/954
f 952/952/952 954/954/954 955/955/955
f 956/956/956 948/948/948 951/951/951
f 956/956/956 951/951/951 957/957/957
f 958/958/958 959/959/959 960/960/960
f 958/958/958 960/960/960 961/961/961
f 962/962/962 952/952/952 955/955/955
f 962/962/962 955/955/955 963/963/963
f 964/964/964 956/956/956 957/957/957
f 964/964/964 957/957/957 965/965/965
f 953/953/953 946/946/946 947/947/947
f 953/953/953 947/947/947 954/954/954
f 966/966/966 962/962/962 963/963/963
f 966/966/966 963/963/963 967/967/967
f 968/968/968 964/964/964 965/965/965
f 968/968/968 965/965/965 969/969/969
f 970/970/970 971/971/971 972/972/972
f 970/970/970 972/972/972 973/973/973
f 974/974/974 966/966/966 967/967/967
f 974/974/974 967/967/967 975/975/975
f 976/976/976 977/977/977 978/978/978
f 976/976/976 978/978/978 979/979/979
f 980/980/980 981/981/981 982/982/982
f 980/980/980 982/982/982 983/983/983
f 971/971/971 984/984/984 985/985/985
f 971/971/971 985/985/985 972/972/972
f 986/986/986 976/976/976 979/979/979
f 986/986/986 979/979/979 987/987/987
f 988/988/988 970/970/970 973/973/973
f 988/988/988 973/973/973 989/989/989
f 990/990/990 986/986/986 987/987/987
f 990/990/990 987/987/987 991/991/991
f 992/992/992 988/988/988 989/989/989
f 992/992/992 989/989/989 993/993/993
f 994/994/994 990/990/990 991/991/991
f 994/994/994 991/991/991 995/995/995
f 996/996/996 992/992/992 993/993/993
f 996/996/996 993/993/993 997/997/997
f 959/959/959 994/994/994 995/995/995
f 959/959/959 995/995/995 960/960/960
f 981/981/981 996/996/996 997/997/997
f 981/981/981 997/997/997 982/982/982
f 998/998/998 958/958/958 961/961/961
f 998/998/998 961/961/961 999/999/999
f 1000/1000/1000 980/980/980 983/983/983
f 1000/1000/1000 983/983/983 1001/1001/1001
f 861/861/861 998/998/998 999/999/999
f 861/861/861 999/999/999 862/862/862
f 937/937/937 1002/1002/1002 1003/1003/1003
f 937/937/937 1003/1003/1003 938/938/938
f 1004/1004/1004 768/768/768 755/755/755
f 1004/1004/1004 755/755/755 1005/1005/1005
f 1006/1006/1006 1007/1007/1007 1008/1008/1008
f 1006/1006/1006 1008/1008/1008 1009/1009/1009
f 1010/1010/1010 1011/1011/1011 1012/1012/1012
f 1010/1010/1010 1012/1012/1012 1013/1013/1013
f 1014/1014/1014 932/932/932 935/935/935
f 1014/1014/1014 935/935/935 1015/1015/1015
f 1016/1016/1016 1006/1006/1006 1009/1009/1009
f 1016/1016/1016 1009/1009/1009 1017/1017/1017
f 933/933/933 1018/1018/1018 1019/1019/1019
f 933/933/933 1019/1019/1019 934/934/934
f 1020/1020/1020 1014/1014/1014 1015/1015/1015
f 1020/1020/1020 1015/1015/1015 1021/1021/1021
f 1022/1022/1022 1016/1016/1016 1017/1017/1017
f 1022/1022/1022 1017/1017/1017 1023/1023/1023
f 1024/1024/1024 1025/1025/1025 1005/1005/1005
f 1024/1024/1024 1005/1005/1005 1026/1026/1026
f 1027/1027/1027 1020/1020/1020 1021/1021/1021
f 1027/1027/1027 1021/1021/1021 1028/1028/1028
f 1029/1029/1029 1030/1030/1030 1031/1031/1031
f 1029/1029/1029 1031/1031/1031 1032/1032/1032
f 1033/1033/1033 1034/1034/1034 1035/1035/1035
f 1033/1033/1033 1035/1035/1035 1036/1036/1036
f 1025/1025/1025 1037/1037/1037 1004/1004/1004
f 1025/1025/1025 1004/1004/1004 1005/1005/1005
f 1038/1038/1038 1029/1029/1029 1032/1032/1032
f 1038/1038/1038 1032/1032/1032 1039/1039/1039
f 1040/1040/1040 1024/1024/1024 1026/1026/1026
f 1040/1040/1040 1026/1026/1026 1041/1041/1041
f 1042/1042/1042 1038/1038/1038 1039/1039/1039
f 1042/1042/1042 1039/1039/1039 1043/1043/1043
f 1044/1044/1044 1040/1040/1040 1041/1041/1041
f 1044/1044/1044 1041/1041/1041 1045/1045/1045
f 1046/1046/1046 1042/1042/1042 1043/1043/1043
f 1046/1046/1046 1043/1043/1043 1047/1047/1047
f 1048/1048/1048 1044/1044/1044 1045/1045/1045
f 1048/1048/1048 1045/1045/1045 1049/1049/1049
f 1011/1011/1011 1046/1046/1046 1047/1047/1047
f 1011/1011/1011 1047/1047/1047 1012/1012/1012
f 1034/1034/1034 1048/1048/1048 1049/1049/1049
f 1034/1034/1034 1049/1049/1049 1035/1035/1035
f 1050/1050/1050 1010/1010/1010 1013/1013/1013
f 1050/1050/1050 1013/1013/1013 1051/1051/1051
f 1052/1052/1052 1033/1033/1033 1036/1036/1036
f 1052/1052/1052 1036/1036/1036 1053/1053/1053
f 1054/1054/1054 1050/1050/1050 1051/1051/1051
f 1054/1054/1054 1051/1051/1051 1055/1055/1055
f 1056/1056/1056 1057/1057/1057 1058/1058/1058
f 1056/1056/1056 1058/1058/1058 1059/1059/1059
f 1060/1060/1060 1061/1061/1061 1062/1062/1062
f 1060/1060/1060 1062/1062/1062 1063/1063/1063
f 1064/1064/1064 1056/1056/1056 1059/1059/1059
f 1064/1064/1064 1059/1059/1059 1065/1065/1065
f 1066/1066/1066 1060/1060/1060 1063/1063/1063
f 1066/1066/1066 1063/1063/1063 1067/1067/1067
f 1068/1068/1068 1064/1064/1064 1065/1065/1065
f 1068/1068/1068 1065/1065/1065 1069/1069/1069
f 1018/1018/1018 1066/1066/1066 1067/1067/1067
f 1018/1018/1018 1067/1067/1067 1019/1019/1019
f 1007/1007/1007 1070/1070/1070 1071/1071/1071
f 1007/1007/1007 1071/1071/1071 1008/1008/1008
f 1070/1070/1070 1068/1068/1068 1069/1069/1069
f 1070/1070/1070 1069/1069/1069 1071/1071/1071
f 1032/1032/1032 767/767/767 766/766/766
f 1032/1032/1032 766/766/766 1039/1039/1039
f 1026/1026/1026 754/754/754 764/764/764
f 1026/1026/1026 764/764/764 1041/1041/1041
f 1039/1039/1039 766/766/766 765/765/765
f 1039/1039/1039 765/765/765 1043/1043/1043
f 1041/1041/1041 764/764/764 762/762/762
f 1041/1041/1041 762/762/762 1045/1045/1045
f 1043/1043/1043 765/765/765 763/763/763
f 1043/1043/1043 763/763/763 1047/1047/1047
f 1045/1045/1045 762/762/762 760/760/760
f 1045/1045/1045 760/760/760 1049/1049/1049
f 1047/1047/1047 763/763/763 761/761/761
f 1047/1047/1047 761/761/761 1012/1012/1012
f 1049/1049/1049 760/760/760 759/759/759
f 1049/1049/1049 759/759/759 1035/1035/1035
f 1013/1013/1013 758/758/758 753/753/753
f 1013/1013/1013 753/753/753 1051/1051/1051
f 1036/1036/1036 757/757/757 756/756/756
f 1036/1036/1036 756/756/756 1053/1053/1053
f 1051/1051/1051 753/753/753 752/752/752
f 1051/1051/1051 752/752/752 1055/1055/1055
f 1058/1058/1058 678/678/678 677/677/677
f 1058/1058/1058 677/677/677 1059/1059/1059
f 1062/1062/1062 785/785/785 784/784/784
f 1062/1062/1062 784/784/784 1063/1063/1063
f 1059/1059/1059 677/677/677 783/783/783
f 1059/1059/1059 783/783/783 1065/1065/1065
f 1063/1063/1063 784/784/784 782/782/782
f 1063/1063/1063 782/782/782 1067/1067/1067
f 1065/1065/1065 783/783/783 781/781/781
f 1065/1065/1065 781/781/781 1069/1069/1069
f 1067/1067/1067 782/782/782 779/779/779
f 1067/1067/1067 779/779/779 1019/1019/1019
f 1069/1069/1069 781/781/781 780/780/780
f 1069/1069/1069 780/780/780 1071/1071/1071
f 934/934/934 778/778/778 776/776/776
f 934/934/934 776/776/776 935/935/935
f 1008/1008/1008 777/777/777 775/775/775
f 1008/1008/1008 775/775/775 1009/1009/1009
f 1012/1012/1012 761/761/761 758/758/758
f 1012/1012/1012 758/758/758 1013/1013/1013
f 935/935/935 776/776/776 774/774/774
f 935/935/935 774/774/774 1015/1015/1015
f 1009/1009/1009 775/775/775 773/773/773
f 1009/1009/1009 773/773/773 1017/1017/1017
f 1019/1019/1019 779/779/779 778/778/778
f 1019/1019/1019 778/778/778 934/934/934
f 1015/1015/1015 774/774/774 771/771/771
f 1015/1015/1015 771/771/771 1021/1021/1021
f 1017/1017/1017 773/773/773 772/772/772
f 1017/1017/1017 772/772/772 1023/1023/1023
f 1005/1005/1005 755/755/755 754/754/754
f 1005/1005/1005 754/754/754 1026/1026/1026
f 1021/1021/1021 771/771/771 770/770/770
f 1021/1021/1021 770/770/770 1028/1028/1028
f 1031/1031/1031 769/769/769 767/767/767
f 1031/1031/1031 767/767/767 1032/1032/1032
f 1035/1035/1035 759/759/759 757/757/757
f 1035/1035/1035 757/757/757 1036/1036/1036
f 1071/1071/1071 780/780/780 777/777/777
f 1071/1071/1071 777/777/777 1008/1008/1008
f 1072/1072/1072 1073/1073/1073 1074/1074/1074
f 1072/1072/1072 1074/1074/1074 1075/1075/1075
f 1076/1076/1076 1077/1077/1077 1078/1078/1078
f 1076/1076/1076 1078/1078/1078 1079/1079/1079
f 1073/1073/1073 1080/1080/1080 1081/1081/1081
f 1073/1073/1073 1081/1081/1081 1074/1074/1074
f 1077/1077/1077 1082/1082/1082 1083/1083/1083
f 1077/1077/1077 1083/1083/1083 1078/1078/1078
f 1084/1084/1084 1085/1085/1085 1086/1086/1086
f 1084/1084/1084 1086/1086/1086 1087/1087/1087
f 1088/1088/1088 1089/1089/1089 1090/1090/1090
f 1088/1088/1088 1090/1090/1090 1091/1091/1091
f 1085/1085/1085 1092/1092/1092 1093/1093/1093
f 1085/1085/1085 1093/1093/1093 1086/1086/1086
f 1089/1089/1089 1094/1094/1094 1095/1095/1095
f 1089/1089/1089 1095/1095/1095 1090/1090/1090
f 1092/1092/1092 1096/1096/1096 1097/1097/1097
f 1092/1092/1092 1097/1097/1097 1093/1093/1093
f 1094/1094/1094 1098/1098/1098 1099/1099/1099
f 1094/1094/1094 1099/1099/1099 1095/1095/1095
f 1096/1096/1096 1100/1100/1100 1101/1101/1101
f 1096/1096/1096 1101/1101/1101 1097/1097/1097
f 1098/1098/1098 1102/1102/1102 1103/1103/1103
f 1098/1098/1098 1103/1103/1103 1099/1099/1099
f 1104/1104/1104 1105/1105/1105 1106/1106/1106
f 1104/1104/1104 1106/1106/1106 1107/1107/1107
f 1080/1080/1080 1084/1084/1084 1087/1087/1087
f 1080/1080/1080 1087/1087/1087 1081/1081/1081
f 1102/1102/1102 1108/1108/1108 1109/1109/1109
f 1102/1102/1102 1109/1109/1109 1103/1103/1103
f 1105/1105/1105 1110/1110/1110 1111/1111/1111
f 1105/1105/1105 1111/1111/1111 1106/1106/1106
f 1100/1100/1100 1104/1104/1104 1107/1107/1107
f 1100/1100/1100 1107/1107/1107 1101/1101/1101
f 1108/1108/1108 1112/1112/1112 1113/1113/1113
f 1108/1108/1108 1113/1113/1113 1109/1109/1109
f 1114/1114/1114 1115/1115/1115 1116/1116/1116
f 1114/1114/1114 1116/1116/1116 1117/1117/1117
f 1118/1118/1118 1119/1119/1119 1120/1120/1120
f 1118/1118/1118 1120/1120/1120 1121/1121/1121
f 1122/1122/1122 1123/1123/1123 1124/1124/1124
f 1122/1122/1122 1124/1124/1124 1125/1125/1125
f 1115/1115/1115 1126/1126/1126 1127/1127/1127
f 1115/1115/1115 1127/1127/1127 1116/1116/1116
f 1082/1082/1082 1088/1088/1088 1091/1091/1091
f 1082/1082/1082 1091/1091/1091 1083/1083/1083
f 1123/1123/1123 1128/1128/1128 1129/1129/1129
f 1123/1123/1123 1129/1129/1129 1124/1124/1124
f 1126/1126/1126 1118/1118/1118 1121/1121/1121
f 1126/1126/1126 1121/1121/1121 1127/1127/1127
f 1130/1130/1130 1131/1131/1131 1132/1132/1132
f 1130/1130/1130 1132/1132/1132 1133/1133/1133
f 1128/1128/1128 1130/1130/1130 1133/1133/1133
f 1128/1128/1128 1133/1133/1133 1129/1129/1129
f 1119/1119/1119 1134/1134/1134 1135/1135/1135
f 1119/1119/1119 1135/1135/1135 1120/1120/1120
f 1131/1131/1131 1136/1136/1136 1137/1137/1137
f 1131/1131/1131 1137/1137/1137 1132/1132/1132
f 1134/1134/1134 1138/1138/1138 1139/1139/1139
f 1134/1134/1134 1139/1139/1139 1135/1135/1135
f 1136/1136/1136 1140/1140/1140 1141/1141/1141
f 1136/1136/1136 1141/1141/1141 1137/1137/1137
f 1142/1142/1142 1076/1076/1076 1079/1079/1079
f 1142/1142/1142 1079/1079/1079 1143/1143/1143
f 1075/1075/1075 1074/1074/1074 1000/1000/1000
f 1075/1075/1075 1000/1000/1000 1144/1144/1144
f 1079/1079/1079 1078/1078/1078 998/998/998
f 1079/1079/1079 998/998/998 861/861/861
f 1074/1074/1074 1081/1081/1081 980/980/980
f 1074/1074/1074 980/980/980 1000/1000/1000
f 1078/1078/1078 1083/1083/1083 958/958/958
f 1078/1078/1078 958/958/958 998/998/998
f 1087/1087/1087 1086/1086/1086 996/996/996
f 1087/1087/1087 996/996/996 981/981/981
f 1091/1091/1091 1090/1090/1090 994/994/994
f 1091/1091/1091 994/994/994 959/959/959
f 1086/1086/1086 1093/1093/1093 992/992/992
f 1086/1086/1086 992/992/992 996/996/996
f 1090/1090/1090 1095/1095/1095 990/990/990
f 1090/1090/1090 990/990/990 994/994/994
f 1093/1093/1093 1097/1097/1097 988/988/988
f 1093/1093/1093 988/988/988 992/992/992
f 1095/1095/1095 1099/1099/1099 986/986/986
f 1095/1095/1095 986/986/986 990/990/990
f 1097/1097/1097 1101/1101/1101 970/970/970
f 1097/1097/1097 970/970/970 988/988/988
f 1099/1099/1099 1103/1103/1103 976/976/976
f 1099/1099/1099 976/976/976 986/986/986
f 1107/1107/1107 1106/1106/1106 984/984/984
f 1107/1107/1107 984/984/984 971/971/971
f 1081/1081/1081 1087/1087/1087 981/981/981
f 1081/1081/1081 981/981/981 980/980/980
f 1103/1103/1103 1109/1109/1109 977/977/977
f 1103/1103/1103 977/977/977 976/976/976
f 1106/1106/1106 1111/1111/1111 1145/1145/1145
f 1106/1106/1106 1145/1145/1145 984/984/984
f 1101/1101/1101 1107/1107/1107 971/971/971
f 1101/1101/1101 971/971/971 970/970/970
f 1109/1109/1109 1113/1113/1113 1146/1146/1146
f 1109/1109/1109 1146/1146/1146 977/977/977
f 1147/1147/1147 1148/1148/1148 962/962/962
f 1147/1147/1147 962/962/962 966/966/966
f 1149/1149/1149 1150/1150/1150 946/946/946
f 1149/1149/1149 946/946/946 953/953/953
f 1151/1151/1151 1152/1152/1152 956/956/956
f 1151/1151/1151 956/956/956 964/964/964
f 1148/1148/1148 1153/1153/1153 952/952/952
f 1148/1148/1148 952/952/952 962/962/962
f 1083/1083/1083 1091/1091/1091 959/959/959
f 1083/1083/1083 959/959/959 958/958/958
f 1152/1152/1152 1154/1154/1154 948/948/948
f 1152/1152/1152 948/948/948 956/956/956
f 1153/1153/1153 1149/1149/1149 953/953/953
f 1153/1153/1153 953/953/953 952/952/952
f 1155/1155/1155 1156/1156/1156 944/944/944
f 1155/1155/1155 944/944/944 949/949/949
f 1154/1154/1154 1155/1155/1155 949/949/949
f 1154/1154/1154 949/949/949 948/948/948
f 1150/1150/1150 1157/1157/1157 940/940/940
f 1150/1150/1150 940/940/940 946/946/946
f 1156/1156/1156 1158/1158/1158 936/936/936
f 1156/1156/1156 936/936/936 944/944/944
f 1157/1157/1157 1159/1159/1159 941/941/941
f 1157/1157/1157 941/941/941 940/940/940
f 1158/1158/1158 1160/1160/1160 937/937/937
f 1158/1158/1158 937/937/937 936/936/936
f 1143/1143/1143 1079/1079/1079 861/861/861
f 1143/1143/1143 861/861/861 860/860/860
f 885/885/885 884/884/884 1161/1161/1161
f 885/885/885 1161/1161/1161 1138/1138/1138
f 887/887/887 881/881/881 1140/1140/1140
f 887/887/887 1140/1140/1140 1136/1136/1136
f 889/889/889 885/885/885 1138/1138/1138
f 889/889/889 1138/1138/1138 1134/1134/1134
f 891/891/891 887/887/887 1136/1136/1136
f 891/891/891 1136/1136/1136 1131/1131/1131
f 893/893/893 889/889/889 1134/1134/1134
f 893/893/893 1134/1134/1134 1119/1119/1119
f 897/897/897 896/896/896 1130/1130/1130
f 897/897/897 1130/1130/1130 1128/1128/1128
f 896/896/896 891/891/891 1131/1131/1131
f 896/896/896 1131/1131/1131 1130/1130/1130
f 901/901/901 900/900/900 1118/1118/1118
f 901/901/901 1118/1118/1118 1126/1126/1126
f 903/903/903 897/897/897 1128/1128/1128
f 903/903/903 1128/1128/1128 1123/1123/1123
f 870/870/870 825/825/825 1088/1088/1088
f 870/870/870 1088/1088/1088 1082/1082/1082
f 905/905/905 901/901/901 1126/1126/1126
f 905/905/905 1126/1126/1126 1115/1115/1115
f 907/907/907 903/903/903 1123/1123/1123
f 907/907/907 1123/1123/1123 1122/1122/1122
f 900/900/900 893/893/893 1119/1119/1119
f 900/900/900 1119/1119/1119 1118/1118/1118
f 909/909/909 905/905/905 1115/1115/1115
f 909/909/909 1115/1115/1115 1114/1114/1114
f 911/911/911 907/907/907 1122/1122/1122
f 911/911/911 1122/1122/1122 1162/1162/1162
f 915/915/915 914/914/914 1104/1104/1104
f 915/915/915 1104/1104/1104 1100/1100/1100
f 917/917/917 909/909/909 1114/1114/1114
f 917/917/917 1114/1114/1114 1163/1163/1163
f 921/921/921 920/920/920 1108/1108/1108
f 921/921/921 1108/1108/1108 1102/1102/1102
f 874/874/874 867/867/867 1084/1084/1084
f 874/874/874 1084/1084/1084 1080/1080/1080
f 914/914/914 923/923/923 1105/1105/1105
f 914/914/914 1105/1105/1105 1104/1104/1104
f 925/925/925 921/921/921 1102/1102/1102
f 925/925/925 1102/1102/1102 1098/1098/1098
f 927/927/927 915/915/915 1100/1100/1100
f 927/927/927 1100/1100/1100 1096/1096/1096
f 929/929/929 925/925/925 1098/1098/1098
f 929/929/929 1098/1098/1098 1094/1094/1094
f 931/931/931 927/927/927 1096/1096/1096
f 931/931/931 1096/1096/1096 1092/1092/1092
f 824/824/824 929/929/929 1094/1094/1094
f 824/824/824 1094/1094/1094 1089/1089/1089
f 866/866/866 931/931/931 1092/1092/1092
f 866/866/866 1092/1092/1092 1085/1085/1085
f 825/825/825 824/824/824 1089/1089/1089
f 825/825/825 1089/1089/1089 1088/1088/1088
f 867/867/867 866/866/866 1085/1085/1085
f 867/867/867 1085/1085/1085 1084/1084/1084
f 871/871/871 870/870/870 1082/1082/1082
f 871/871/871 1082/1082/1082 1077/1077/1077
f 875/875/875 874/874/874 1080/1080/1080
f 875/875/875 1080/1080/1080 1073/1073/1073
f 877/877/877 871/871/871 1077/1077/1077
f 877/877/877 1077/1077/1077 1076/1076/1076
f 881/881/881 880/880/880 1164/1164/1164
f 881/881/881 1164/1164/1164 1140/1140/1140
f 950/950/950 945/945/945 1068/1068/1068
f 950/950/950 1068/1068/1068 1070/1070/1070
f 951/951/951 950/950/950 1070/1070/1070
f 951/951/951 1070/1070/1070 1007/1007/1007
f 947/947/947 943/943/943 1066/1066/1066
f 947/947/947 1066/1066/1066 1018/1018/1018
f 945/945/945 939/939/939 1064/1064/1064
f 945/945/945 1064/1064/1064 1068/1068/1068
f 943/943/943 942/942/942 1060/1060/1060
f 943/943/943 1060/1060/1060 1066/1066/1066
f 939/939/939 938/938/938 1056/1056/1056
f 939/939/939 1056/1056/1056 1064/1064/1064
f 942/942/942 1165/1165/1165 1061/1061/1061
f 942/942/942 1061/1061/1061 1060/1060/1060
f 938/938/938 1003/1003/1003 1057/1057/1057
f 938/938/938 1057/1057/1057 1056/1056/1056
f 862/862/862 999/999/999 1050/1050/1050
f 862/862/862 1050/1050/1050 1054/1054/1054
f 1001/1001/1001 983/983/983 1033/1033/1033
f 1001/1001/1001 1033/1033/1033 1052/1052/1052
f 999/999/999 961/961/961 1010/1010/1010
f 999/999/999 1010/1010/1010 1050/1050/1050
f 982/982/982 997/997/997 1048/1048/1048
f 982/982/982 1048/1048/1048 1034/1034/1034
f 960/960/960 995/995/995 1046/1046/1046
f 960/960/960 1046/1046/1046 1011/1011/1011
f 997/997/997 993/993/993 1044/1044/1044
f 997/997/997 1044/1044/1044 1048/1048/1048
f 995/995/995 991/991/991 1042/1042/1042
f 995/995/995 1042/1042/1042 1046/1046/1046
f 993/993/993 989/989/989 1040/1040/1040
f 993/993/993 1040/1040/1040 1044/1044/1044
f 991/991/991 987/987/987 1038/1038/1038
f 991/991/991 1038/1038/1038 1042/1042/1042
f 989/989/989 973/973/973 1024/1024/1024
f 989/989/989 1024/1024/1024 1040/1040/1040
f 987/987/987 979/979/979 1029/1029/1029
f 987/987/987 1029/1029/1029 1038/1038/1038
f 972/972/972 985/985/985 1037/1037/1037
f 972/972/972 1037/1037/1037 1025/1025/1025
f 983/983/983 982/982/982 1034/1034/1034
f 983/983/983 1034/1034/1034 1033/1033/1033
f 979/979/979 978/978/978 1030/1030/1030
f 979/979/979 1030/1030/1030 1029/1029/1029
f 975/975/975 967/967/967 1020/1020/1020
f 975/975/975 1020/1020/1020 1027/1027/1027
f 973/973/973 972/972/972 1025/1025/1025
f 973/973/973 1025/1025/1025 1024/1024/1024
f 969/969/969 965/965/965 1016/1016/1016
f 969/969/969 1016/1016/1016 1022/1022/1022
f 967/967/967 963/963/963 1014/1014/1014
f 967/967/967 1014/1014/1014 1020/1020/1020
f 954/954/954 947/947/947 1018/1018/1018
f 954/954/954 1018/1018/1018 933/933/933
f 965/965/965 957/957/957 1006/1006/1006
f 965/965/965 1006/1006/1006 1016/1016/1016
f 963/963/963 955/955/955 932/932/932
f 963/963/963 932/932/932 1014/1014/1014
f 961/961/961 960/960/960 1011/1011/1011
f 961/961/961 1011/1011/1011 1010/1010/1010
f 957/957/957 951/951/951 1007/1007/1007
f 957/957/957 1007/1007/1007 1006/1006/1006
f 955/955/955 954/954/954 933/933/933
f 955/955/955 933/933/933 932/932/932
f 831/831/831 829/829/829 930/930/930
f 831/831/831 930/930/930 865/865/865
f 830/830/830 828/828/828 928/928/928
f 830/830/830 928/928/928 823/823/823
f 829/829/829 827/827/827 926/926/926
f 829/829/829 926/926/926 930/930/930
f 828/828/828 789/789/789 924/924/924
f 828/828/828 924/924/924 928/928/928
f 827/827/827 826/826/826 912/912/912
f 827/827/827 912/912/912 926/926/926
f 789/789/789 788/788/788 918/918/918
f 789/789/789 918/918/918 924/924/924
f 856/856/856 859/859/859 922/922/922
f 856/856/856 922/922/922 913/913/913
f 836/836/836 833/833/833 864/864/864
f 836/836/836 864/864/864 873/873/873
f 788/788/788 858/858/858 919/919/919
f 788/788/788 919/919/919 918/918/918
f 857/857/857 854/854/854 908/908/908
f 857/857/857 908/908/908 916/916/916
f 826/826/826 856/856/856 913/913/913
f 826/826/826 913/913/913 912/912/912
f 855/855/855 853/853/853 906/906/906
f 855/855/855 906/906/906 910/910/910
f 854/854/854 852/852/852 904/904/904
f 854/854/854 904/904/904 908/908/908
f 849/849/849 846/846/846 892/892/892
f 849/849/849 892/892/892 899/899/899
f 853/853/853 851/851/851 902/902/902
f 853/853/853 902/902/902 906/906/906
f 852/852/852 850/850/850 898/898/898
f 852/852/852 898/898/898 904/904/904
f 834/834/834 832/832/832 822/822/822
f 834/834/834 822/822/822 869/869/869
f 851/851/851 848/848/848 894/894/894
f 851/851/851 894/894/894 902/902/902
f 850/850/850 849/849/849 899/899/899
f 850/850/850 899/899/899 898/898/898
f 847/847/847 845/845/845 890/890/890
f 847/847/847 890/890/890 895/895/895
f 848/848/848 847/847/847 895/895/895
f 848/848/848 895/895/895 894/894/894
f 846/846/846 844/844/844 888/888/888
f 846/846/846 888/888/888 892/892/892
f 845/845/845 843/843/843 886/886/886
f 845/845/845 886/886/886 890/890/890
f 844/844/844 842/842/842 882/882/882
f 844/844/844 882/882/882 888/888/888
f 843/843/843 840/840/840 878/878/878
f 843/843/843 878/878/878 886/886/886
f 842/842/842 841/841/841 883/883/883
f 842/842/842 883/883/883 882/882/882
f 840/840/840 839/839/839 879/879/879
f 840/840/840 879/879/879 878/878/878
f 838/838/838 835/835/835 868/868/868
f 838/838/838 868/868/868 876/876/876
f 837/837/837 836/836/836 873/873/873
f 837/837/837 873/873/873 872/872/872
f 835/835/835 834/834/834 869/869/869
f 835/835/835 869/869/869 868/868/868
f 833/833/833 831/831/831 865/865/865
f 833/833/833 865/865/865 864/864/864
f 832/832/832 830/830/830 823/823/823
f 832/832/832 823/823/823 822/822/822
f 1166/1166/1166 1167/1167/1167 1168/1168/1168
f 1169/1169/1169 1170/1170/1170 1171/1171/1171
f 1169/1169/1169 1171/1171/1171 1172/1172/1172
f 1173/1173/1173 1174/1174/1174 1175/1175/1175
f 1173/1173/1173 1175/1175/1175 1176/1176/1176
f 1177/1177/1177 1178/1178/1178 1179/1179/1179
f 1177/1177/1177 1179/1179/1179 1180/1180/1180
f 1181/1181/1181 1182/1182/1182 1183/1183/1183
f 1181/1181/1181 1183/1183/1183 1184/1184/1184
f 1185/1185/1185 1186/1186/1186 1173/1173/1173
f 1185/1185/1185 1173/1173/1173 1187/1187/1187
f 1188/1188/1188 1189/1189/1189 1178/1178/1178
f 1188/1188/1188 1178/1178/1178 1177/1177/1177
f 1190/1190/1190 1176/1176/1176 1191/1191/1191
f 1190/1190/1190 1191/1191/1191 1192/1192/1192
f 1193/1193/1193 1194/1194/1194 1186/1186/1186
f 1193/1193/1193 1186/1186/1186 1185/1185/1185
f 1195/1195/1195 1196/1196/1196 1189/1189/1189
f 1195/1195/1195 1189/1189/1189 1188/1188/1188
f 1197/1197/1197 1198/1198/1198 1199/1199/1199
f 1197/1197/1197 1199/1199/1199 1200/1200/1200
f 1201/1201/1201 1202/1202/1202 1194/1194/1194
f 1201/1201/1201 1194/1194/1194 1193/1193/1193
f 1203/1203/1203 1204/1204/1204 1205/1205/1205
f 1203/1203/1203 1205/1205/1205 1206/1206/1206
f 1207/1207/1207 1208/1208/1208 1209/1209/1209
f 1207/1207/1207 1209/1209/1209 1210/1210/1210
f 1200/1200/1200 1199/1199/1199 1211/1211/1211
f 1200/1200/1200 1211/1211/1211 1212/1212/1212
f 1213/1213/1213 1214/1214/1214 1204/1204/1204
f 1213/1213/1213 1204/1204/1204 1203/1203/1203
f 1215/1215/1215 1216/1216/1216 1198/1198/1198
f 1215/1215/1215 1198/1198/1198 1197/1197/1197
f 1217/1217/1217 1218/1218/1218 1214/1214/1214
f 1217/1217/1217 1214/1214/1214 1213/1213/1213
f 1219/1219/1219 1220/1220/1220 1216/1216/1216
f 1219/1219/1219 1216/1216/1216 1215/1215/1215
f 1221/1221/1221 1222/1222/1222 1218/1218/1218
f 1221/1221/1221 1218/1218/1218 1217/1217/1217
f 1223/1223/1223 1224/1224/1224 1220/1220/1220
f 1223/1223/1223 1220/1220/1220 1219/1219/1219
f 1184/1184/1184 1183/1183/1183 1222/1222/1222
f 1184/1184/1184 1222/1222/1222 1221/1221/1221
f 1210/1210/1210 1209/1209/1209 1224/1224/1224
f 1210/1210/1210 1224/1224/1224 1223/1223/1223
f 1225/1225/1225 1226/1226/1226 1182/1182/1182
f 1225/1225/1225 1182/1182/1182 1181/1181/1181
f 1227/1227/1227 1228/1228/1228 1208/1208/1208
f 1227/1227/1227 1208/1208/1208 1207/1207/1207
f 1229/1229/1229 1230/1230/1230 1226/1226/1226
f 1229/1229/1229 1226/1226/1226 1225/1225/1225
f 1231/1231/1231 1232/1232/1232 1233/1233/1233
f 1231/1231/1231 1233/1233/1233 1234/1234/1234
f 1235/1235/1235 1236/1236/1236 1237/1237/1237
f 1235/1235/1235 1237/1237/1237 1238/1238/1238
f 1239/1239/1239 1240/1240/1240 1232/1232/1232
f 1239/1239/1239 1232/1232/1232 1231/1231/1231
f 1241/1241/1241 1242/1242/1242 1236/1236/1236
f 1241/1241/1241 1236/1236/1236 1235/1235/1235
f 1243/1243/1243 1244/1244/1244 1240/1240/1240
f 1243/1243/1243 1240/1240/1240 1239/1239/1239
f 1192/1192/1192 1191/1191/1191 1242/1242/1242
f 1192/1192/1192 1242/1242/1242 1241/1241/1241
f 1180/1180/1180 1179/1179/1179 1245/1245/1245
f 1180/1180/1180 1245/1245/1245 1246/1246/1246
f 1246/1246/1246 1245/1245/1245 1244/1244/1244
f 1246/1246/1246 1244/1244/1244 1243/1243/1243
f 1187/1187/1187 1173/1173/1173 1176/1176/1176
f 1187/1187/1187 1176/1176/1176 1190/1190/1190
f 1247/1247/1247 1248/1248/1248 1249/1249/1249
f 1247/1247/1247 1249/1249/1249 1250/1250/1250
f 1251/1251/1251 1252/1252/1252 1253/1253/1253
f 1251/1251/1251 1253/1253/1253 1254/1254/1254
f 1255/1255/1255 1256/1256/1256 1257/1257/1257
f 1255/1255/1255 1257/1257/1257 1258/1258/1258
f 1259/1259/1259 1260/1260/1260 1261/1261/1261
f 1259/1259/1259 1261/1261/1261 1262/1262/1262
f 1263/1263/1263 1264/1264/1264 1252/1252/1252
f 1263/1263/1263 1252/1252/1252 1251/1251/1251
f 1265/1265/1265 1266/1266/1266 1267/1267/1267
f 1265/1265/1265 1267/1267/1267 1268/1268/1268
f 1269/1269/1269 1270/1270/1270 1264/1264/1264
f 1269/1269/1269 1264/1264/1264 1263/1263/1263
f 1271/1271/1271 1272/1272/1272 1266/1266/1266
f 1271/1271/1271 1266/1266/1266 1265/1265/1265
f 1273/1273/1273 1274/1274/1274 1270/1270/1270
f 1273/1273/1273 1270/1270/1270 1269/1269/1269
f 1275/1275/1275 1276/1276/1276 1272/1272/1272
f 1275/1275/1275 1272/1272/1272 1271/1271/1271
f 1277/1277/1277 1278/1278/1278 1274/1274/1274
f 1277/1277/1277 1274/1274/1274 1273/1273/1273
f 1258/1258/1258 1257/1257/1257 1276/1276/1276
f 1258/1258/1258 1276/1276/1276 1275/1275/1275
f 1279/1279/1279 1280/1280/1280 1281/1281/1281
f 1279/1279/1279 1281/1281/1281 1282/1282/1282
f 1283/1283/1283 1284/1284/1284 1256/1256/1256
f 1283/1283/1283 1256/1256/1256 1255/1255/1255
f 1285/1285/1285 1286/1286/1286 1280/1280/1280
f 1285/1285/1285 1280/1280/1280 1279/1279/1279
f 1287/1287/1287 1288/1288/1288 1289/1289/1289
f 1287/1287/1287 1289/1289/1289 1290/1290/1290
f 1291/1291/1291 1292/1292/1292 1293/1293/1293
f 1291/1291/1291 1293/1293/1293 1294/1294/1294
f 1295/1295/1295 1296/1296/1296 1288/1288/1288
f 1295/1295/1295 1288/1288/1288 1287/1287/1287
f 1297/1297/1297 1298/1298/1298 1292/1292/1292
f 1297/1297/1297 1292/1292/1292 1291/1291/1291
f 1299/1299/1299 1300/1300/1300 1296/1296/1296
f 1299/1299/1299 1296/1296/1296 1295/1295/1295
f 1301/1301/1301 1302/1302/1302 1298/1298/1298
f 1301/1301/1301 1298/1298/1298 1297/1297/1297
f 1303/1303/1303 1304/1304/1304 1305/1305/1305
f 1303/1303/1303 1305/1305/1305 1306/1306/1306
f 1306/1306/1306 1305/1305/1305 1300/1300/1300
f 1306/1306/1306 1300/1300/1300 1299/1299/1299
f 1307/1307/1307 1308/1308/1308 1309/1309/1309
f 1307/1307/1307 1309/1309/1309 1310/1310/1310
f 1311/1311/1311 1312/1312/1312 1304/1304/1304
f 1311/1311/1311 1304/1304/1304 1303/1303/1303
f 1282/1282/1282 1281/1281/1281 1278/1278/1278
f 1282/1282/1282 1278/1278/1278 1277/1277/1277
f 1313/1313/1313 1314/1314/1314 1308/1308/1308
f 1313/1313/1313 1308/1308/1308 1307/1307/1307
f 1315/1315/1315 1316/1316/1316 1312/1312/1312
f 1315/1315/1315 1312/1312/1312 1311/1311/1311
f 1310/1310/1310 1309/1309/1309 1302/1302/1302
f 1310/1310/1310 1302/1302/1302 1301/1301/1301
f 1250/1250/1250 1249/1249/1249 1314/1314/1314
f 1250/1250/1250 1314/1314/1314 1313/1313/1313
f 1317/1317/1317 1318/1318/1318 1316/1316/1316
f 1317/1317/1317 1316/1316/1316 1315/1315/1315
f 1268/1268/1268 1267/1267/1267 1260/1260/1260
f 1268/1268/1268 1260/1260/1260 1259/1259/1259
f 1319/1319/1319 1320/1320/1320 1321/1321/1321
f 1319/1319/1319 1321/1321/1321 1322/1322/1322
f 1178/1178/1178 1323/1323/1323 1324/1324/1324
f 1178/1178/1178 1324/1324/1324 1179/1179/1179
f 1182/1182/1182 1325/1325/1325 1326/1326/1326
f 1182/1182/1182 1326/1326/1326 1183/1183/1183
f 1186/1186/1186 1327/1327/1327 1174/1174/1174
f 1186/1186/1186 1174/1174/1174 1173/1173/1173
f 1189/1189/1189 1328/1328/1328 1323/1323/1323
f 1189/1189/1189 1323/1323/1323 1178/1178/1178
f 1176/1176/1176 1175/1175/1175 1329/1329/1329
f 1176/1176/1176 1329/1329/1329 1191/1191/1191
f 1194/1194/1194 1330/1330/1330 1327/1327/1327
f 1194/1194/1194 1327/1327/1327 1186/1186/1186
f 1196/1196/1196 1331/1331/1331 1328/1328/1328
f 1196/1196/1196 1328/1328/1328 1189/1189/1189
f 1198/1198/1198 1332/1332/1332 1333/1333/1333
f 1198/1198/1198 1333/1333/1333 1199/1199/1199
f 1202/1202/1202 1334/1334/1334 1330/1330/1330
f 1202/1202/1202 1330/1330/1330 1194/1194/1194
f 1204/1204/1204 1322/1322/1322 1335/1335/1335
f 1204/1204/1204 1335/1335/1335 1205/1205/1205
f 1208/1208/1208 1336/1336/1336 1337/1337/1337
f 1208/1208/1208 1337/1337/1337 1209/1209/1209
f 1199/1199/1199 1333/1333/1333 1338/1338/1338
f 1199/1199/1199 1338/1338/1338 1211/1211/1211
f 1214/1214/1214 1319/1319/1319 1322/1322/1322
f 1214/1214/1214 1322/1322/1322 1204/1204/1204
f 1216/1216/1216 1339/1339/1339 1332/1332/1332
f 1216/1216/1216 1332/1332/1332 1198/1198/1198
f 1218/1218/1218 1340/1340/1340 1319/1319/1319
f 1218/1218/1218 1319/1319/1319 1214/1214/1214
f 1220/1220/1220 1341/1341/1341 1339/1339/1339
f 1220/1220/1220 1339/1339/1339 1216/1216/1216
f 1222/1222/1222 1342/1342/1342 1340/1340/1340
f 1222/1222/1222 1340/1340/1340 1218/1218/1218
f 1224/1224/1224 1343/1343/1343 1341/1341/1341
f 1224/1224/1224 1341/1341/1341 1220/1220/1220
f 1183/1183/1183 1326/1326/1326 1342/1342/1342
f 1183/1183/1183 1342/1342/1342 1222/1222/1222
f 1209/1209/1209 1337/1337/1337 1343/1343/1343
f 1209/1209/1209 1343/1343/1343 1224/1224/1224
f 1226/1226/1226 1344/1344/1344 1325/1325/1325
f 1226/1226/1226 1325/1325/1325 1182/1182/1182
f 1228/1228/1228 1345/1345/1345 1336/1336/1336
f 1228/1228/1228 1336/1336/1336 1208/1208/1208
f 1230/1230/1230 1346/1346/1346 1344/1344/1344
f 1230/1230/1230 1344/1344/1344 1226/1226/1226
f 1232/1232/1232 1347/1347/1347 1348/1348/1348
f 1232/1232/1232 1348/1348/1348 1233/1233/1233
f 1236/1236/1236 1349/1349/1349 1350/1350/1350
f 1236/1236/1236 1350/1350/1350 1237/1237/1237
f 1240/1240/1240 1351/1351/1351 1347/1347/1347
f 1240/1240/1240 1347/1347/1347 1232/1232/1232
f 1242/1242/1242 1352/1352/1352 1349/1349/1349
f 1242/1242/1242 1349/1349/1349 1236/1236/1236
f 1244/1244/1244 1353/1353/1353 1351/1351/1351
f 1244/1244/1244 1351/1351/1351 1240/1240/1240
f 1191/1191/1191 1329/1329/1329 1352/1352/1352
f 1191/1191/1191 1352/1352/1352 1242/1242/1242
f 1179/1179/1179 1324/1324/1324 1354/1354/1354
f 1179/1179/1179 1354/1354/1354 1245/1245/1245
f 1245/1245/1245 1354/1354/1354 1353/1353/1353
f 1245/1245/1245 1353/1353/1353 1244/1244/1244
f 1355/1355/1355 1356/1356/1356 1357/1357/1357
f 1355/1355/1355 1357/1357/1357 1358/1358/1358
f 1339/1339/1339 1359/1359/1359 1360/1360/1360
f 1339/1339/1339 1360/1360/1360 1332/1332/1332
f 1340/1340/1340 1361/1361/1361 1320/1320/1320
f 1340/1340/1340 1320/1320/1320 1319/1319/1319
f 1341/1341/1341 1362/1362/1362 1359/1359/1359
f 1341/1341/1341 1359/1359/1359 1339/1339/1339
f 1342/1342/1342 1363/1363/1363 1361/1361/1361
f 1342/1342/1342 1361/1361/1361 1340/1340/1340
f 1343/1343/1343 1364/1364/1364 1362/1362/1362
f 1343/1343/1343 1362/1362/1362 1341/1341/1341
f 1326/1326/1326 1365/1365/1365 1363/1363/1363
f 1326/1326/1326 1363/1363/1363 1342/1342/1342
f 1337/1337/1337 1366/1366/1366 1364/1364/1364
f 1337/1337/1337 1364/1364/1364 1343/1343/1343
f 1344/1344/1344 1367/1367/1367 1368/1368/1368
f 1344/1344/1344 1368/1368/1368 1325/1325/1325
f 1345/1345/1345 1369/1369/1369 1370/1370/1370
f 1345/1345/1345 1370/1370/1370 1336/1336/1336
f 1346/1346/1346 1371/1371/1371 1367/1367/1367
f 1346/1346/1346 1367/1367/1367 1344/1344/1344
f 1347/1347/1347 1372/1372/1372 1373/1373/1373
f 1347/1347/1347 1373/1373/1373 1348/1348/1348
f 1349/1349/1349 1374/1374/1374 1375/1375/1375
f 1349/1349/1349 1375/1375/1375 1350/1350/1350
f 1351/1351/1351 1376/1376/1376 1372/1372/1372
f 1351/1351/1351 1372/1372/1372 1347/1347/1347
f 1352/1352/1352 1377/1377/1377 1374/1374/1374
f 1352/1352/1352 1374/1374/1374 1349/1349/1349
f 1353/1353/1353 1378/1378/1378 1376/1376/1376
f 1353/1353/1353 1376/1376/1376 1351/1351/1351
f 1329/1329/1329 1379/1379/1379 1377/1377/1377
f 1329/1329/1329 1377/1377/1377 1352/1352/1352
f 1324/1324/1324 1380/1380/1380 1381/1381/1381
f 1324/1324/1324 1381/1381/1381 1354/1354/1354
f 1354/1354/1354 1381/1381/1381 1378/1378/1378
f 1354/1354/1354 1378/1378/1378 1353/1353/1353
f 1174/1174/1174 1382/1382/1382 1383/1383/1383
f 1174/1174/1174 1383/1383/1383 1175/1175/1175
f 1323/1323/1323 1384/1384/1384 1380/1380/1380
f 1323/1323/1323 1380/1380/1380 1324/1324/1324
f 1325/1325/1325 1368/1368/1368 1365/1365/1365
f 1325/1325/1325 1365/1365/1365 1326/1326/1326
f 1327/1327/1327 1385/1385/1385 1382/1382/1382
f 1327/1327/1327 1382/1382/1382 1174/1174/1174
f 1328/1328/1328 1386/1386/1386 1384/1384/1384
f 1328/1328/1328 1384/1384/1384 1323/1323/1323
f 1175/1175/1175 1383/1383/1383 1379/1379/1379
f 1175/1175/1175 1379/1379/1379 1329/1329/1329
f 1330/1330/1330 1387/1387/1387 1385/1385/1385
f 1330/1330/1330 1385/1385/1385 1327/1327/1327
f 1331/1331/1331 1388/1388/1388 1386/1386/1386
f 1331/1331/1331 1386/1386/1386 1328/1328/1328
f 1332/1332/1332 1360/1360/1360 1389/1389/1389
f 1332/1332/1332 1389/1389/1389 1333/1333/1333
f 1334/1334/1334 1390/1390/1390 1387/1387/1387
f 1334/1334/1334 1387/1387/1387 1330/1330/1330
f 1322/1322/1322 1321/1321/1321 1391/1391/1391
f 1322/1322/1322 1391/1391/1391 1335/1335/1335
f 1336/1336/1336 1370/1370/1370 1366/1366/1366
f 1336/1336/1336 1366/1366/1366 1337/1337/1337
f 1333/1333/1333 1389/1389/1389 1392/1392/1392
f 1333/1333/1333 1392/1392/1392 1338/1338/1338
f 1393/1393/1393 1394/1394/1394 1395/1395/1395
f 1393/1393/1393 1395/1395/1395 1396/1396/1396
f 1397/1397/1397 1398/1398/1398 1399/1399/1399
f 1397/1397/1397 1399/1399/1399 1400/1400/1400
f 1401/1401/1401 1402/1402/1402 1403/1403/1403
f 1401/1401/1401 1403/1403/1403 1404/1404/1404
f 1405/1405/1405 1406/1406/1406 1407/1407/1407
f 1405/1405/1405 1407/1407/1407 1408/1408/1408
f 1409/1409/1409 1410/1410/1410 1402/1402/1402
f 1409/1409/1409 1402/1402/1402 1401/1401/1401
f 1411/1411/1411 1412/1412/1412 1413/1413/1413
f 1411/1411/1411 1413/1413/1413 1414/1414/1414
f 1415/1415/1415 1416/1416/1416 1417/1417/1417
f 1415/1415/1415 1417/1417/1417 1418/1418/1418
f 1419/1419/1419 1420/1420/1420 1412/1412/1412
f 1419/1419/1419 1412/1412/1412 1411/1411/1411
f 1421/1421/1421 1422/1422/1422 1416/1416/1416
f 1421/1421/1421 1416/1416/1416 1415/1415/1415
f 1423/1423/1423 1424/1424/1424 1420/1420/1420
f 1423/1423/1423 1420/1420/1420 1419/1419/1419
f 1425/1425/1425 1426/1426/1426 1422/1422/1422
f 1425/1425/1425 1422/1422/1422 1421/1421/1421
f 1427/1427/1427 1428/1428/1428 1429/1429/1429
f 1427/1427/1427 1429/1429/1429 1430/1430/1430
f 1430/1430/1430 1429/1429/1429 1424/1424/1424
f 1430/1430/1430 1424/1424/1424 1423/1423/1423
f 1431/1431/1431 1432/1432/1432 1433/1433/1433
f 1431/1431/1431 1433/1433/1433 1434/1434/1434
f 1435/1435/1435 1436/1436/1436 1428/1428/1428
f 1435/1435/1435 1428/1428/1428 1427/1427/1427
f 1404/1404/1404 1403/1403/1403 1356/1356/1356
f 1404/1404/1404 1356/1356/1356 1355/1355/1355
f 1437/1437/1437 1438/1438/1438 1432/1432/1432
f 1437/1437/1437 1432/1432/1432 1431/1431/1431
f 1439/1439/1439 1440/1440/1440 1436/1436/1436
f 1439/1439/1439 1436/1436/1436 1435/1435/1435
f 1434/1434/1434 1433/1433/1433 1426/1426/1426
f 1434/1434/1434 1426/1426/1426 1425/1425/1425
f 1441/1441/1441 1442/1442/1442 1438/1438/1438
f 1441/1441/1441 1438/1438/1438 1437/1437/1437
f 1443/1443/1443 1444/1444/1444 1440/1440/1440
f 1443/1443/1443 1440/1440/1440 1439/1439/1439
f 1445/1445/1445 1446/1446/1446 1447/1447/1447
f 1445/1445/1445 1447/1447/1447 1448/1448/1448
f 1449/1449/1449 1450/1450/1450 1442/1442/1442
f 1449/1449/1449 1442/1442/1442 1441/1441/1441
f 1451/1451/1451 1452/1452/1452 1453/1453/1453
f 1451/1451/1451 1453/1453/1453 1454/1454/1454
f 1408/1408/1408 1407/1407/1407 1398/1398/1398
f 1408/1408/1408 1398/1398/1398 1397/1397/1397
f 1448/1448/1448 1447/1447/1447 1455/1455/1455
f 1448/1448/1448 1455/1455/1455 1456/1456/1456
f 1457/1457/1457 1458/1458/1458 1452/1452/1452
f 1457/1457/1457 1452/1452/1452 1451/1451/1451
f 1459/1459/1459 1460/1460/1460 1446/1446/1446
f 1459/1459/1459 1446/1446/1446 1445/1445/1445
f 1461/1461/1461 1462/1462/1462 1458/1458/1458
f 1461/1461/1461 1458/1458/1458 1457/1457/1457
f 1463/1463/1463 1464/1464/1464 1460/1460/1460
f 1463/1463/1463 1460/1460/1460 1459/1459/1459
f 1358/1358/1358 1357/1357/1357 1462/1462/1462
f 1358/1358/1358 1462/1462/1462 1461/1461/1461
f 1400/1400/1400 1399/1399/1399 1464/1464/1464
f 1400/1400/1400 1464/1464/1464 1463/1463/1463
f 1465/1465/1465 1466/1466/1466 1467/1467/1467
f 1465/1465/1465 1467/1467/1467 1468/1468/1468
f 1469/1469/1469 1470/1470/1470 1471/1471/1471
f 1469/1469/1469 1471/1471/1471 1472/1472/1472
f 1473/1473/1473 1474/1474/1474 1475/1475/1475
f 1473/1473/1473 1475/1475/1475 1476/1476/1476
f 1477/1477/1477 1478/1478/1478 1470/1470/1470
f 1477/1477/1477 1470/1470/1470 1469/1469/1469
f 1479/1479/1479 1480/1480/1480 1474/1474/1474
f 1479/1479/1479 1474/1474/1474 1473/1473/1473
f 1481/1481/1481 1482/1482/1482 1483/1483/1483
f 1481/1481/1481 1483/1483/1483 1484/1484/1484
f 1484/1484/1484 1483/1483/1483 1478/1478/1478
f 1484/1484/1484 1478/1478/1478 1477/1477/1477
f 1485/1485/1485 1486/1486/1486 1487/1487/1487
f 1485/1485/1485 1487/1487/1487 1488/1488/1488
f 1489/1489/1489 1490/1490/1490 1482/1482/1482
f 1489/1489/1489 1482/1482/1482 1481/1481/1481
f 1491/1491/1491 1492/1492/1492 1493/1493/1493
f 1491/1491/1491 1493/1493/1493 1494/1494/1494
f 1495/1495/1495 1496/1496/1496 1486/1486/1486
f 1495/1495/1495 1486/1486/1486 1485/1485/1485
f 1497/1497/1497 1498/1498/1498 1490/1490/1490
f 1497/1497/1497 1490/1490/1490 1489/1489/1489
f 1488/1488/1488 1487/1487/1487 1480/1480/1480
f 1488/1488/1488 1480/1480/1480 1479/1479/1479
f 1499/1499/1499 1500/1500/1500 1496/1496/1496
f 1499/1499/1499 1496/1496/1496 1495/1495/1495
f 1501/1501/1501 1502/1502/1502 1498/1498/1498
f 1501/1501/1501 1498/1498/1498 1497/1497/1497
f 1503/1503/1503 1504/1504/1504 1505/1505/1505
f 1503/1503/1503 1505/1505/1505 1506/1506/1506
f 1507/1507/1507 1508/1508/1508 1500/1500/1500
f 1507/1507/1507 1500/1500/1500 1499/1499/1499
f 1509/1509/1509 1510/1510/1510 1511/1511/1511
f 1509/1509/1509 1511/1511/1511 1512/1512/1512
f 1513/1513/1513 1514/1514/1514 1515/1515/1515
f 1513/1513/1513 1515/1515/1515 1516/1516/1516
f 1506/1506/1506 1505/1505/1505 1517/1517/1517
f 1506/1506/1506 1517/1517/1517 1518/1518/1518
f 1519/1519/1519 1520/1520/1520 1510/1510/1510
f 1519/1519/1519 1510/1510/1510 1509/1509/1509
f 1521/1521/1521 1522/1522/1522 1504/1504/1504
f 1521/1521/1521 1504/1504/1504 1503/1503/1503
f 1523/1523/1523 1524/1524/1524 1520/1520/1520
f 1523/1523/1523 1520/1520/1520 1519/1519/1519
f 1525/1525/1525 1526/1526/1526 1522/1522/1522
f 1525/1525/1525 1522/1522/1522 1521/1521/1521
f 1527/1527/1527 1528/1528/1528 1524/1524/1524
f 1527/1527/1527 1524/1524/1524 1523/1523/1523
f 1529/1529/1529 1530/1530/1530 1526/1526/1526
f 1529/1529/1529 1526/1526/1526 1525/1525/1525
f 1494/1494/1494 1493/1493/1493 1528/1528/1528
f 1494/1494/1494 1528/1528/1528 1527/1527/1527
f 1516/1516/1516 1515/1515/1515 1530/1530/1530
f 1516/1516/1516 1530/1530/1530 1529/1529/1529
f 1531/1531/1531 1532/1532/1532 1492/1492/1492
f 1531/1531/1531 1492/1492/1492 1491/1491/1491
f 1533/1533/1533 1534/1534/1534 1514/1514/1514
f 1533/1533/1533 1514/1514/1514 1513/1513/1513
f 1396/1396/1396 1395/1395/1395 1532/1532/1532
f 1396/1396/1396 1532/1532/1532 1531/1531/1531
f 1472/1472/1472 1471/1471/1471 1535/1535/1535
f 1472/1472/1472 1535/1535/1535 1536/1536/1536
f 1537/1537/1537 1538/1538/1538 1256/1256/1256
f 1537/1537/1537 1256/1256/1256 1284/1284/1284
f 1539/1539/1539 1540/1540/1540 1541/1541/1541
f 1539/1539/1539 1541/1541/1541 1542/1542/1542
f 1543/1543/1543 1544/1544/1544 1545/1545/1545
f 1543/1543/1543 1545/1545/1545 1546/1546/1546
f 1547/1547/1547 1548/1548/1548 1466/1466/1466
f 1547/1547/1547 1466/1466/1466 1465/1465/1465
f 1549/1549/1549 1550/1550/1550 1540/1540/1540
f 1549/1549/1549 1540/1540/1540 1539/1539/1539
f 1468/1468/1468 1467/1467/1467 1551/1551/1551
f 1468/1468/1468 1551/1551/1551 1552/1552/1552
f 1553/1553/1553 1554/1554/1554 1548/1548/1548
f 1553/1553/1553 1548/1548/1548 1547/1547/1547
f 1555/1555/1555 1556/1556/1556 1550/1550/1550
f 1555/1555/1555 1550/1550/1550 1549/1549/1549
f 1557/1557/1557 1558/1558/1558 1538/1538/1538
f 1557/1557/1557 1538/1538/1538 1559/1559/1559
f 1560/1560/1560 1561/1561/1561 1554/1554/1554
f 1560/1560/1560 1554/1554/1554 1553/1553/1553
f 1562/1562/1562 1563/1563/1563 1564/1564/1564
f 1562/1562/1562 1564/1564/1564 1565/1565/1565
f 1566/1566/1566 1567/1567/1567 1568/1568/1568
f 1566/1566/1566 1568/1568/1568 1569/1569/1569
f 1559/1559/1559 1538/1538/1538 1537/1537/1537
f 1559/1559/1559 1537/1537/1537 1570/1570/1570
f 1571/1571/1571 1572/1572/1572 1563/1563/1563
f 1571/1571/1571 1563/1563/1563 1562/1562/1562
f 1573/1573/1573 1574/1574/1574 1558/1558/1558
f 1573/1573/1573 1558/1558/1558 1557/1557/1557
f 1575/1575/1575 1576/1576/1576 1572/1572/1572
f 1575/1575/1575 1572/1572/1572 1571/1571/1571
f 1577/1577/1577 1578/1578/1578 1574/1574/1574
f 1577/1577/1577 1574/1574/1574 1573/1573/1573
f 1579/1579/1579 1580/1580/1580 1576/1576/1576
f 1579/1579/1579 1576/1576/1576 1575/1575/1575
f 1581/1581/1581 1582/1582/1582 1578/1578/1578
f 1581/1581/1581 1578/1578/1578 1577/1577/1577
f 1546/1546/1546 1545/1545/1545 1580/1580/1580
f 1546/1546/1546 1580/1580/1580 1579/1579/1579
f 1569/1569/1569 1568/1568/1568 1582/1582/1582
f 1569/1569/1569 1582/1582/1582 1581/1581/1581
f 1583/1583/1583 1584/1584/1584 1544/1544/1544
f 1583/1583/1583 1544/1544/1544 1543/1543/1543
f 1585/1585/1585 1586/1586/1586 1567/1567/1567
f 1585/1585/1585 1567/1567/1567 1566/1566/1566
f 1587/1587/1587 1588/1588/1588 1584/1584/1584
f 1587/1587/1587 1584/1584/1584 1583/1583/1583
f 1589/1589/1589 1590/1590/1590 1591/1591/1591
f 1589/1589/1589 1591/1591/1591 1592/1592/1592
f 1593/1593/1593 1594/1594/1594 1595/1595/1595
f 1593/1593/1593 1595/1595/1595 1596/1596/1596
f 1597/1597/1597 1598/1598/1598 1590/1590/1590
f 1597/1597/1597 1590/1590/1590 1589/1589/1589
f 1599/1599/1599 1600/1600/1600 1594/1594/1594
f 1599/1599/1599 1594/1594/1594 1593/1593/1593
f 1601/1601/1601 1602/1602/1602 1598/1598/1598
f 1601/1601/1601 1598/1598/1598 1597/1597/1597
f 1552/1552/1552 1551/1551/1551 1600/1600/1600
f 1552/1552/1552 1600/1600/1600 1599/1599/1599
f 1542/1542/1542 1541/1541/1541 1603/1603/1603
f 1542/1542/1542 1603/1603/1603 1604/1604/1604
f 1604/1604/1604 1603/1603/1603 1602/1602/1602
f 1604/1604/1604 1602/1602/1602 1601/1601/1601
f 1563/1563/1563 1572/1572/1572 1281/1281/1281
f 1563/1563/1563 1281/1281/1281 1280/1280/1280
f 1558/1558/1558 1574/1574/1574 1276/1276/1276
f 1558/1558/1558 1276/1276/1276 1257/1257/1257
f 1572/1572/1572 1576/1576/1576 1278/1278/1278
f 1572/1572/1572 1278/1278/1278 1281/1281/1281
f 1574/1574/1574 1578/1578/1578 1272/1272/1272
f 1574/1574/1574 1272/1272/1272 1276/1276/1276
f 1576/1576/1576 1580/1580/1580 1274/1274/1274
f 1576/1576/1576 1274/1274/1274 1278/1278/1278
f 1578/1578/1578 1582/1582/1582 1266/1266/1266
f 1578/1578/1578 1266/1266/1266 1272/1272/1272
f 1580/1580/1580 1545/1545/1545 1270/1270/1270
f 1580/1580/1580 1270/1270/1270 1274/1274/1274
f 1582/1582/1582 1568/1568/1568 1267/1267/1267
f 1582/1582/1582 1267/1267/1267 1266/1266/1266
f 1544/1544/1544 1584/1584/1584 1252/1252/1252
f 1544/1544/1544 1252/1252/1252 1264/1264/1264
f 1567/1567/1567 1586/1586/1586 1261/1261/1261
f 1567/1567/1567 1261/1261/1261 1260/1260/1260
f 1584/1584/1584 1588/1588/1588 1253/1253/1253
f 1584/1584/1584 1253/1253/1253 1252/1252/1252
f 1591/1591/1591 1590/1590/1590 1249/1249/1249
f 1591/1591/1591 1249/1249/1249 1248/1248/1248
f 1595/1595/1595 1594/1594/1594 1316/1316/1316
f 1595/1595/1595 1316/1316/1316 1318/1318/1318
f 1590/1590/1590 1598/1598/1598 1314/1314/1314
f 1590/1590/1590 1314/1314/1314 1249/1249/1249
f 1594/1594/1594 1600/1600/1600 1312/1312/1312
f 1594/1594/1594 1312/1312/1312 1316/1316/1316
f 1598/1598/1598 1602/1602/1602 1308/1308/1308
f 1598/1598/1598 1308/1308/1308 1314/1314/1314
f 1600/1600/1600 1551/1551/1551 1304/1304/1304
f 1600/1600/1600 1304/1304/1304 1312/1312/1312
f 1602/1602/1602 1603/1603/1603 1309/1309/1309
f 1602/1602/1602 1309/1309/1309 1308/1308/1308
f 1467/1467/1467 1466/1466/1466 1300/1300/1300
f 1467/1467/1467 1300/1300/1300 1305/1305/1305
f 1541/1541/1541 1540/1540/1540 1298/1298/1298
f 1541/1541/1541 1298/1298/1298 1302/1302/1302
f 1545/1545/1545 1544/1544/1544 1264/1264/1264
f 1545/1545/1545 1264/1264/1264 1270/1270/1270
f 1466/1466/1466 1548/1548/1548 1296/1296/1296
f 1466/1466/1466 1296/1296/1296 1300/1300/1300
f 1540/1540/1540 1550/1550/1550 1292/1292/1292
f 1540/1540/1540 1292/1292/1292 1298/1298/1298
f 1551/1551/1551 1467/1467/1467 1305/1305/1305
f 1551/1551/1551 1305/1305/1305 1304/1304/1304
f 1548/1548/1548 1554/1554/1554 1288/1288/1288
f 1548/1548/1548 1288/1288/1288 1296/1296/1296
f 1550/1550/1550 1556/1556/1556 1293/1293/1293
f 1550/1550/1550 1293/1293/1293 1292/1292/1292
f 1538/1538/1538 1558/1558/1558 1257/1257/1257
f 1538/1538/1538 1257/1257/1257 1256/1256/1256
f 1554/1554/1554 1561/1561/1561 1289/1289/1289
f 1554/1554/1554 1289/1289/1289 1288/1288/1288
f 1564/1564/1564 1563/1563/1563 1280/1280/1280
f 1564/1564/1564 1280/1280/1280 1286/1286/1286
f 1568/1568/1568 1567/1567/1567 1260/1260/1260
f 1568/1568/1568 1260/1260/1260 1267/1267/1267
f 1603/1603/1603 1541/1541/1541 1302/1302/1302
f 1603/1603/1603 1302/1302/1302 1309/1309/1309
f 1605/1605/1605 1606/1606/1606 1607/1607/1607
f 1605/1605/1605 1607/1607/1607 1608/1608/1608
f 1609/1609/1609 1610/1610/1610 1611/1611/1611
f 1609/1609/1609 1611/1611/1611 1612/1612/1612
f 1608/1608/1608 1607/1607/1607 1613/1613/1613
f 1608/1608/1608 1613/1613/1613 1614/1614/1614
f 1612/1612/1612 1611/1611/1611 1615/1615/1615
f 1612/1612/1612 1615/1615/1615 1616/1616/1616
f 1617/1617/1617 1618/1618/1618 1619/1619/1619
f 1617/1617/1617 1619/1619/1619 1620/1620/1620
f 1621/1621/1621 1622/1622/1622 1623/1623/1623
f 1621/1621/1621 1623/1623/1623 1624/1624/1624
f 1620/1620/1620 1619/1619/1619 1625/1625/1625
f 1620/1620/1620 1625/1625/1625 1626/1626/1626
f 1624/1624/1624 1623/1623/1623 1627/1627/1627
f 1624/1624/1624 1627/1627/1627 1628/1628/1628
f 1626/1626/1626 1625/1625/1625 1629/1629/1629
f 1626/1626/1626 1629/1629/1629 1630/1630/1630
f 1628/1628/1628 1627/1627/1627 1631/1631/1631
f 1628/1628/1628 1631/1631/1631 1632/1632/1632
f 1630/1630/1630 1629/1629/1629 1633/1633/1633
f 1630/1630/1630 1633/1633/1633 1634/1634/1634
f 1632/1632/1632 1631/1631/1631 1635/1635/1635
f 1632/1632/1632 1635/1635/1635 1636/1636/1636
f 1637/1637/1637 1638/1638/1638 1639/1639/1639
f 1637/1637/1637 1639/1639/1639 1640/1640/1640
f 1614/1614/1614 1613/1613/1613 1618/1618/1618
f 1614/1614/1614 1618/1618/1618 1617/1617/1617
f 1636/1636/1636 1635/1635/1635 1641/1641/1641
f 1636/1636/1636 1641/1641/1641 1642/1642/1642
f 1640/1640/1640 1639/1639/1639 1643/1643/1643
f 1640/1640/1640 1643/1643/1643 1644/1644/1644
f 1634/1634/1634 1633/1633/1633 1638/1638/1638
f 1634/1634/1634 1638/1638/1638 1637/1637/1637
f 1642/1642/1642 1641/1641/1641 1645/1645/1645
f 1642/1642/1642 1645/1645/1645 1646/1646/1646
f 1647/1647/1647 1648/1648/1648 1649/1649/1649
f 1647/1647/1647 1649/1649/1649 1650/1650/1650
f 1651/1651/1651 1652/1652/1652 1653/1653/1653
f 1651/1651/1651 1653/1653/1653 1654/1654/1654
f 1655/1655/1655 1656/1656/1656 1657/1657/1657
f 1655/1655/1655 1657/1657/1657 1658/1658/1658
f 1650/1650/1650 1649/1649/1649 1659/1659/1659
f 1650/1650/1650 1659/1659/1659 1660/1660/1660
f 1616/1616/1616 1615/1615/1615 1622/1622/1622
f 1616/1616/1616 1622/1622/1622 1621/1621/1621
f 1658/1658/1658 1657/1657/1657 1661/1661/1661
f 1658/1658/1658 1661/1661/1661 1662/1662/1662
f 1660/1660/1660 1659/1659/1659 1652/1652/1652
f 1660/1660/1660 1652/1652/1652 1651/1651/1651
f 1663/1663/1663 1664/1664/1664 1665/1665/1665
f 1663/1663/1663 1665/1665/1665 1666/1666/1666
f 1662/1662/1662 1661/1661/1661 1664/1664/1664
f 1662/1662/1662 1664/1664/1664 1663/1663/1663
f 1654/1654/1654 1653/1653/1653 1667/1667/1667
f 1654/1654/1654 1667/1667/1667 1668/1668/1668
f 1666/1666/1666 1665/1665/1665 1669/1669/1669
f 1666/1666/1666 1669/1669/1669 1670/1670/1670
f 1668/1668/1668 1667/1667/1667 1671/1671/1671
f 1668/1668/1668 1671/1671/1671 1672/1672/1672
f 1670/1670/1670 1669/1669/1669 1673/1673/1673
f 1670/1670/1670 1673/1673/1673 1674/1674/1674
f 1675/1675/1675 1676/1676/1676 1610/1610/1610
f 1675/1675/1675 1610/1610/1610 1609/1609/1609
f 1606/1606/1606 1677/1677/1677 1533/1533/1533
f 1606/1606/1606 1533/1533/1533 1607/1607/1607
f 1610/1610/1610 1396/1396/1396 1531/1531/1531
f 1610/1610/1610 1531/1531/1531 1611/1611/1611
f 1607/1607/1607 1533/1533/1533 1513/1513/1513
f 1607/1607/1607 1513/1513/1513 1613/1613/1613
f 1611/1611/1611 1531/1531/1531 1491/1491/1491
f 1611/1611/1611 1491/1491/1491 1615/1615/1615
f 1618/1618/1618 1516/1516/1516 1529/1529/1529
f 1618/1618/1618 1529/1529/1529 1619/1619/1619
f 1622/1622/1622 1494/1494/1494 1527/1527/1527
f 1622/1622/1622 1527/1527/1527 1623/1623/1623
f 1619/1619/1619 1529/1529/1529 1525/1525/1525
f 1619/1619/1619 1525/1525/1525 1625/1625/1625
f 1623/1623/1623 1527/1527/1527 1523/1523/1523
f 1623/1623/1623 1523/1523/1523 1627/1627/1627
f 1625/1625/1625 1525/1525/1525 1521/1521/1521
f 1625/1625/1625 1521/1521/1521 1629/1629/1629
f 1627/1627/1627 1523/1523/1523 1519/1519/1519
f 1627/1627/1627 1519/1519/1519 1631/1631/1631
f 1629/1629/1629 1521/1521/1521 1503/1503/1503
f 1629/1629/1629 1503/1503/1503 1633/1633/1633
f 1631/1631/1631 1519/1519/1519 1509/1509/1509
f 1631/1631/1631 1509/1509/1509 1635/1635/1635
f 1638/1638/1638 1506/1506/1506 1518/1518/1518
f 1638/1638/1638 1518/1518/1518 1639/1639/1639
f 1613/1613/1613 1513/1513/1513 1516/1516/1516
f 1613/1613/1613 1516/1516/1516 1618/1618/1618
f 1635/1635/1635 1509/1509/1509 1512/1512/1512
f 1635/1635/1635 1512/1512/1512 1641/1641/1641
f 1639/1639/1639 1518/1518/1518 1678/1678/1678
f 1639/1639/1639 1678/1678/1678 1643/1643/1643
f 1633/1633/1633 1503/1503/1503 1506/1506/1506
f 1633/1633/1633 1506/1506/1506 1638/1638/1638
f 1641/1641/1641 1512/1512/1512 1679/1679/1679
f 1641/1641/1641 1679/1679/1679 1645/1645/1645
f 1680/1680/1680 1499/1499/1499 1495/1495/1495
f 1680/1680/1680 1495/1495/1495 1681/1681/1681
f 1682/1682/1682 1488/1488/1488 1479/1479/1479
f 1682/1682/1682 1479/1479/1479 1683/1683/1683
f 1684/1684/1684 1497/1497/1497 1489/1489/1489
f 1684/1684/1684 1489/1489/1489 1685/1685/1685
f 1681/1681/1681 1495/1495/1495 1485/1485/1485
f 1681/1681/1681 1485/1485/1485 1686/1686/1686
f 1615/1615/1615 1491/1491/1491 1494/1494/1494
f 1615/1615/1615 1494/1494/1494 1622/1622/1622
f 1685/1685/1685 1489/1489/1489 1481/1481/1481
f 1685/1685/1685 1481/1481/1481 1687/1687/1687
f 1686/1686/1686 1485/1485/1485 1488/1488/1488
f 1686/1686/1686 1488/1488/1488 1682/1682/1682
f 1688/1688/1688 1484/1484/1484 1477/1477/1477
f 1688/1688/1688 1477/1477/1477 1689/1689/1689
f 1687/1687/1687 1481/1481/1481 1484/1484/1484
f 1687/1687/1687 1484/1484/1484 1688/1688/1688
f 1683/1683/1683 1479/1479/1479 1473/1473/1473
f 1683/1683/1683 1473/1473/1473 1690/1690/1690
f 1689/1689/1689 1477/1477/1477 1469/1469/1469
f 1689/1689/1689 1469/1469/1469 1691/1691/1691
f 1690/1690/1690 1473/1473/1473 1476/1476/1476
f 1690/1690/1690 1476/1476/1476 1692/1692/1692
f 1691/1691/1691 1469/1469/1469 1472/1472/1472
f 1691/1691/1691 1472/1472/1472 1693/1693/1693
f 1676/1676/1676 1393/1393/1393 1396/1396/1396
f 1676/1676/1676 1396/1396/1396 1610/1610/1610
f 1416/1416/1416 1672/1672/1672 1694/1694/1694
f 1416/1416/1416 1694/1694/1694 1417/1417/1417
f 1420/1420/1420 1670/1670/1670 1674/1674/1674
f 1420/1420/1420 1674/1674/1674 1412/1412/1412
f 1422/1422/1422 1668/1668/1668 1672/1672/1672
f 1422/1422/1422 1672/1672/1672 1416/1416/1416
f 1424/1424/1424 1666/1666/1666 1670/1670/1670
f 1424/1424/1424 1670/1670/1670 1420/1420/1420
f 1426/1426/1426 1654/1654/1654 1668/1668/1668
f 1426/1426/1426 1668/1668/1668 1422/1422/1422
f 1428/1428/1428 1662/1662/1662 1663/1663/1663
f 1428/1428/1428 1663/1663/1663 1429/1429/1429
f 1429/1429/1429 1663/1663/1663 1666/1666/1666
f 1429/1429/1429 1666/1666/1666 1424/1424/1424
f 1432/1432/1432 1660/1660/1660 1651/1651/1651
f 1432/1432/1432 1651/1651/1651 1433/1433/1433
f 1436/1436/1436 1658/1658/1658 1662/1662/1662
f 1436/1436/1436 1662/1662/1662 1428/1428/1428
f 1403/1403/1403 1616/1616/1616 1621/1621/1621
f 1403/1403/1403 1621/1621/1621 1356/1356/1356
f 1438/1438/1438 1650/1650/1650 1660/1660/1660
f 1438/1438/1438 1660/1660/1660 1432/1432/1432
f 1440/1440/1440 1655/1655/1655 1658/1658/1658
f 1440/1440/1440 1658/1658/1658 1436/1436/1436
f 1433/1433/1433 1651/1651/1651 1654/1654/1654
f 1433/1433/1433 1654/1654/1654 1426/1426/1426
f 1442/1442/1442 1647/1647/1647 1650/1650/1650
f 1442/1442/1442 1650/1650/1650 1438/1438/1438
f 1444/1444/1444 1695/1695/1695 1655/1655/1655
f 1444/1444/1444 1655/1655/1655 1440/1440/1440
f 1446/1446/1446 1634/1634/1634 1637/1637/1637
f 1446/1446/1446 1637/1637/1637 1447/1447/1447
f 1450/1450/1450 1696/1696/1696 1647/1647/1647
f 1450/1450/1450 1647/1647/1647 1442/1442/1442
f 1452/1452/1452 1636/1636/1636 1642/1642/1642
f 1452/1452/1452 1642/1642/1642 1453/1453/1453
f 1407/1407/1407 1614/1614/1614 1617/1617/1617
f 1407/1407/1407 1617/1617/1617 1398/1398/1398
f 1447/1447/1447 1637/1637/1637 1640/1640/1640
f 1447/1447/1447 1640/1640/1640 1455/1455/1455
f 1458/1458/1458 1632/1632/1632 1636/1636/1636
f 1458/1458/1458 1636/1636/1636 1452/1452/1452
f 1460/1460/1460 1630/1630/1630 1634/1634/1634
f 1460/1460/1460 1634/1634/1634 1446/1446/1446
f 1462/1462/1462 1628/1628/1628 1632/1632/1632
f 1462/1462/1462 1632/1632/1632 1458/1458/1458
f 1464/1464/1464 1626/1626/1626 1630/1630/1630
f 1464/1464/1464 1630/1630/1630 1460/1460/1460
f 1357/1357/1357 1624/1624/1624 1628/1628/1628
f 1357/1357/1357 1628/1628/1628 1462/1462/1462
f 1399/1399/1399 1620/1620/1620 1626/1626/1626
f 1399/1399/1399 1626/1626/1626 1464/1464/1464
f 1356/1356/1356 1621/1621/1621 1624/1624/1624
f 1356/1356/1356 1624/1624/1624 1357/1357/1357
f 1398/1398/1398 1617/1617/1617 1620/1620/1620
f 1398/1398/1398 1620/1620/1620 1399/1399/1399
f 1402/1402/1402 1612/1612/1612 1616/1616/1616
f 1402/1402/1402 1616/1616/1616 1403/1403/1403
f 1406/1406/1406 1608/1608/1608 1614/1614/1614
f 1406/1406/1406 1614/1614/1614 1407/1407/1407
f 1410/1410/1410 1609/1609/1609 1612/1612/1612
f 1410/1410/1410 1612/1612/1612 1402/1402/1402
f 1412/1412/1412 1674/1674/1674 1697/1697/1697
f 1412/1412/1412 1697/1697/1697 1413/1413/1413
f 1483/1483/1483 1604/1604/1604 1601/1601/1601
f 1483/1483/1483 1601/1601/1601 1478/1478/1478
f 1482/1482/1482 1542/1542/1542 1604/1604/1604
f 1482/1482/1482 1604/1604/1604 1483/1483/1483
f 1480/1480/1480 1552/1552/1552 1599/1599/1599
f 1480/1480/1480 1599/1599/1599 1474/1474/1474
f 1478/1478/1478 1601/1601/1601 1597/1597/1597
f 1478/1478/1478 1597/1597/1597 1470/1470/1470
f 1474/1474/1474 1599/1599/1599 1593/1593/1593
f 1474/1474/1474 1593/1593/1593 1475/1475/1475
f 1470/1470/1470 1597/1597/1597 1589/1589/1589
f 1470/1470/1470 1589/1589/1589 1471/1471/1471
f 1475/1475/1475 1593/1593/1593 1596/1596/1596
f 1475/1475/1475 1596/1596/1596 1698/1698/1698
f 1471/1471/1471 1589/1589/1589 1592/1592/1592
f 1471/1471/1471 1592/1592/1592 1535/1535/1535
f 1395/1395/1395 1587/1587/1587 1583/1583/1583
f 1395/1395/1395 1583/1583/1583 1532/1532/1532
f 1534/1534/1534 1585/1585/1585 1566/1566/1566
f 1534/1534/1534 1566/1566/1566 1514/1514/1514
f 1532/1532/1532 1583/1583/1583 1543/1543/1543
f 1532/1532/1532 1543/1543/1543 1492/1492/1492
f 1515/1515/1515 1569/1569/1569 1581/1581/1581
f 1515/1515/1515 1581/1581/1581 1530/1530/1530
f 1493/1493/1493 1546/1546/1546 1579/1579/1579
f 1493/1493/1493 1579/1579/1579 1528/1528/1528
f 1530/1530/1530 1581/1581/1581 1577/1577/1577
f 1530/1530/1530 1577/1577/1577 1526/1526/1526
f 1528/1528/1528 1579/1579/1579 1575/1575/1575
f 1528/1528/1528 1575/1575/1575 1524/1524/1524
f 1526/1526/1526 1577/1577/1577 1573/1573/1573
f 1526/1526/1526 1573/1573/1573 1522/1522/1522
f 1524/1524/1524 1575/1575/1575 1571/1571/1571
f 1524/1524/1524 1571/1571/1571 1520/1520/1520
f 1522/1522/1522 1573/1573/1573 1557/1557/1557
f 1522/1522/1522 1557/1557/1557 1504/1504/1504
f 1520/1520/1520 1571/1571/1571 1562/1562/1562
f 1520/1520/1520 1562/1562/1562 1510/1510/1510
f 1505/1505/1505 1559/1559/1559 1570/1570/1570
f 1505/1505/1505 1570/1570/1570 1517/1517/1517
f 1514/1514/1514 1566/1566/1566 1569/1569/1569
f 1514/1514/1514 1569/1569/1569 1515/1515/1515
f 1510/1510/1510 1562/1562/1562 1565/1565/1565
f 1510/1510/1510 1565/1565/1565 1511/1511/1511
f 1508/1508/1508 1560/1560/1560 1553/1553/1553
f 1508/1508/1508 1553/1553/1553 1500/1500/1500
f 1504/1504/1504 1557/1557/1557 1559/1559/1559
f 1504/1504/1504 1559/1559/1559 1505/1505/1505
f 1502/1502/1502 1555/1555/1555 1549/1549/1549
f 1502/1502/1502 1549/1549/1549 1498/1498/1498
f 1500/1500/1500 1553/1553/1553 1547/1547/1547
f 1500/1500/1500 1547/1547/1547 1496/1496/1496
f 1487/1487/1487 1468/1468/1468 1552/1552/1552
f 1487/1487/1487 1552/1552/1552 1480/1480/1480
f 1498/1498/1498 1549/1549/1549 1539/1539/1539
f 1498/1498/1498 1539/1539/1539 1490/1490/1490
f 1496/1496/1496 1547/1547/1547 1465/1465/1465
f 1496/1496/1496 1465/1465/1465 1486/1486/1486
f 1492/1492/1492 1543/1543/1543 1546/1546/1546
f 1492/1492/1492 1546/1546/1546 1493/1493/1493
f 1490/1490/1490 1539/1539/1539 1542/1542/1542
f 1490/1490/1490 1542/1542/1542 1482/1482/1482
f 1486/1486/1486 1465/1465/1465 1468/1468/1468
f 1486/1486/1486 1468/1468/1468 1487/1487/1487
f 1364/1364/1364 1400/1400/1400 1463/1463/1463
f 1364/1364/1364 1463/1463/1463 1362/1362/1362
f 1363/1363/1363 1358/1358/1358 1461/1461/1461
f 1363/1363/1363 1461/1461/1461 1361/1361/1361
f 1362/1362/1362 1463/1463/1463 1459/1459/1459
f 1362/1362/1362 1459/1459/1459 1359/1359/1359
f 1361/1361/1361 1461/1461/1461 1457/1457/1457
f 1361/1361/1361 1457/1457/1457 1320/1320/1320
f 1359/1359/1359 1459/1459/1459 1445/1445/1445
f 1359/1359/1359 1445/1445/1445 1360/1360/1360
f 1320/1320/1320 1457/1457/1457 1451/1451/1451
f 1320/1320/1320 1451/1451/1451 1321/1321/1321
f 1389/1389/1389 1448/1448/1448 1456/1456/1456
f 1389/1389/1389 1456/1456/1456 1392/1392/1392
f 1370/1370/1370 1408/1408/1408 1397/1397/1397
f 1370/1370/1370 1397/1397/1397 1366/1366/1366
f 1321/1321/1321 1451/1451/1451 1454/1454/1454
f 1321/1321/1321 1454/1454/1454 1391/1391/1391
f 1390/1390/1390 1449/1449/1449 1441/1441/1441
f 1390/1390/1390 1441/1441/1441 1387/1387/1387
f 1360/1360/1360 1445/1445/1445 1448/1448/1448
f 1360/1360/1360 1448/1448/1448 1389/1389/1389
f 1388/1388/1388 1443/1443/1443 1439/1439/1439
f 1388/1388/1388 1439/1439/1439 1386/1386/1386
f 1387/1387/1387 1441/1441/1441 1437/1437/1437
f 1387/1387/1387 1437/1437/1437 1385/1385/1385
f 1383/1383/1383 1434/1434/1434 1425/1425/1425
f 1383/1383/1383 1425/1425/1425 1379/1379/1379
f 1386/1386/1386 1439/1439/1439 1435/1435/1435
f 1386/1386/1386 1435/1435/1435 1384/1384/1384
f 1385/1385/1385 1437/1437/1437 1431/1431/1431
f 1385/1385/1385 1431/1431/1431 1382/1382/1382
f 1368/1368/1368 1404/1404/1404 1355/1355/1355
f 1368/1368/1368 1355/1355/1355 1365/1365/1365
f 1384/1384/1384 1435/1435/1435 1427/1427/1427
f 1384/1384/1384 1427/1427/1427 1380/1380/1380
f 1382/1382/1382 1431/1431/1431 1434/1434/1434
f 1382/1382/1382 1434/1434/1434 1383/1383/1383
f 1381/1381/1381 1430/1430/1430 1423/1423/1423
f 1381/1381/1381 1423/1423/1423 1378/1378/1378
f 1380/1380/1380 1427/1427/1427 1430/1430/1430
f 1380/1380/1380 1430/1430/1430 1381/1381/1381
f 1379/1379/1379 1425/1425/1425 1421/1421/1421
f 1379/1379/1379 1421/1421/1421 1377/1377/1377
f 1378/1378/1378 1423/1423/1423 1419/1419/1419
f 1378/1378/1378 1419/1419/1419 1376/1376/1376
f 1377/1377/1377 1421/1421/1421 1415/1415/1415
f 1377/1377/1377 1415/1415/1415 1374/1374/1374
f 1376/1376/1376 1419/1419/1419 1411/1411/1411
f 1376/1376/1376 1411/1411/1411 1372/1372/1372
f 1374/1374/1374 1415/1415/1415 1418/1418/1418
f 1374/1374/1374 1418/1418/1418 1375/1375/1375
f 1372/1372/1372 1411/1411/1411 1414/1414/1414
f 1372/1372/1372 1414/1414/1414 1373/1373/1373
f 1371/1371/1371 1409/1409/1409 1401/1401/1401
f 1371/1371/1371 1401/1401/1401 1367/1367/1367
f 1369/1369/1369 1405/1405/1405 1408/1408/1408
f 1369/1369/1369 1408/1408/1408 1370/1370/1370
f 1367/1367/1367 1401/1401/1401 1404/1404/1404
f 1367/1367/1367 1404/1404/1404 1368/1368/1368
f 1366/1366/1366 1397/1397/1397 1400/1400/1400
f 1366/1366/1366 1400/1400/1400 1364/1364/1364
f 1365/1365/1365 1355/1355/1355 1358/1358/1358
f 1365/1365/1365 1358/1358/1358 1363/1363/1363
f 1699/1699/1699 1700/1700/1700 1701/1701/1701
f 1699/1699/1699 1701/1701/1701 1702/1702/1702
f 1703/1703/1703 1704/1704/1704 1705/1705/1705
f 1703/1703/1703 1705/1705/1705 1706/1706/1706
f 1707/1707/1707 1169/1169/1169 1172/1172/1172
f 1707/1707/1707 1172/1172/1172 1708/1708/1708
f 1709/1709/1709 1703/1703/1703 1706/1706/1706
f 1709/1709/1709 1706/1706/1706 1710/1710/1710
f 1711/1711/1711 1712/1712/1712 1713/1713/1713
f 1711/1711/1711 1713/1713/1713 1714/1714/1714
f 1712/1712/1712 1707/1707/1707 1708/1708/1708
f 1712/1712/1712 1708/1708/1708 1713/1713/1713
f 1715/1715/1715 1716/1716/1716 1717/1717/1717
f 1715/1715/1715 1717/1717/1717 1718/1718/1718
f 1719/1719/1719 1711/1711/1711 1714/1714/1714
f 1719/1719/1719 1714/1714/1714 1720/1720/1720
f 1721/1721/1721 1722/1722/1722 1723/1723/1723
f 1721/1721/1721 1723/1723/1723 1724/1724/1724
f 1725/1725/1725 1715/1715/1715 1718/1718/1718
f 1725/1725/1725 1718/1718/1718 1726/1726/1726
f 1727/1727/1727 1719/1719/1719 1720/1720/1720
f 1727/1727/1727 1720/1720/1720 1728/1728/1728
f 1716/1716/1716 1709/1709/1709 1710/1710/1710
f 1716/1716/1716 1710/1710/1710 1717/1717/1717
f 1729/1729/1729 1725/1725/1725 1726/1726/1726
f 1729/1729/1729 1726/1726/1726 1730/1730/1730
f 1731/1731/1731 1727/1727/1727 1728/1728/1728
f 1731/1731/1731 1728/1728/1728 1732/1732/1732
f 1733/1733/1733 1734/1734/1734 1735/1735/1735
f 1733/1733/1733 1735/1735/1735 1736/1736/1736
f 1737/1737/1737 1729/1729/1729 1730/1730/1730
f 1737/1737/1737 1730/1730/1730 1738/1738/1738
f 1739/1739/1739 1731/1731/1731 1732/1732/1732
f 1739/1739/1739 1732/1732/1732 1740/1740/1740
f 1741/1741/1741 1742/1742/1742 1743/1743/1743
f 1741/1741/1741 1743/1743/1743 1744/1744/1744
f 1734/1734/1734 1737/1737/1737 1738/1738/1738
f 1734/1734/1734 1738/1738/1738 1735/1735/1735
f 1745/1745/1745 1739/1739/1739 1740/1740/1740
f 1745/1745/1745 1740/1740/1740 1746/1746/1746
f 1747/1747/1747 1748/1748/1748 1749/1749/1749
f 1747/1747/1747 1749/1749/1749 1750/1750/1750
f 1751/1751/1751 1752/1752/1752 1753/1753/1753
f 1751/1751/1751 1753/1753/1753 1754/1754/1754
f 1755/1755/1755 1747/1747/1747 1750/1750/1750
f 1755/1755/1755 1750/1750/1750 1756/1756/1756
f 1757/1757/1757 1751/1751/1751 1754/1754/1754
f 1757/1757/1757 1754/1754/1754 1758/1758/1758
f 1759/1759/1759 1760/1760/1760 1761/1761/1761
f 1759/1759/1759 1761/1761/1761 1762/1762/1762
f 1722/1722/1722 1757/1757/1757 1758/1758/1758
f 1722/1722/1722 1758/1758/1758 1723/1723/1723
f 1742/1742/1742 1759/1759/1759 1762/1762/1762
f 1742/1742/1742 1762/1762/1762 1743/1743/1743
f 1763/1763/1763 1721/1721/1721 1724/1724/1724
f 1763/1763/1763 1724/1724/1724 1764/1764/1764
f 1765/1765/1765 1766/1766/1766 1767/1767/1767
f 1765/1765/1765 1767/1767/1767 1768/1768/1768
f 1769/1769/1769 1763/1763/1763 1764/1764/1764
f 1769/1769/1769 1764/1764/1764 1770/1770/1770
f 1170/1170/1170 1765/1765/1765 1768/1768/1768
f 1170/1170/1170 1768/1768/1768 1171/1171/1171
f 1704/1704/1704 1771/1771/1771 1772/1772/1772
f 1704/1704/1704 1772/1772/1772 1705/1705/1705
f 1773/1773/1773 1774/1774/1774 1775/1775/1775
f 1773/1773/1773 1775/1775/1775 1776/1776/1776
f 1700/1700/1700 1777/1777/1777 1778/1778/1778
f 1700/1700/1700 1778/1778/1778 1701/1701/1701
f 1779/1779/1779 1780/1780/1780 1781/1781/1781
f 1779/1779/1779 1781/1781/1781 1782/1782/1782
f 1783/1783/1783 1699/1699/1699 1702/1702/1702
f 1783/1783/1783 1702/1702/1702 1784/1784/1784
f 1785/1785/1785 1786/1786/1786 1787/1787/1787
f 1785/1785/1785 1787/1787/1787 1788/1788/1788
f 1789/1789/1789 1779/1779/1779 1782/1782/1782
f 1789/1789/1789 1782/1782/1782 1790/1790/1790
f 1791/1791/1791 1783/1783/1783 1784/1784/1784
f 1791/1791/1791 1784/1784/1784 1792/1792/1792
f 1780/1780/1780 1793/1793/1793 1794/1794/1794
f 1780/1780/1780 1794/1794/1794 1781/1781/1781
f 1795/1795/1795 1789/1789/1789 1790/1790/1790
f 1795/1795/1795 1790/1790/1790 1796/1796/1796
f 1797/1797/1797 1791/1791/1791 1792/1792/1792
f 1797/1797/1797 1792/1792/1792 1798/1798/1798
f 1799/1799/1799 1800/1800/1800 1801/1801/1801
f 1799/1799/1799 1801/1801/1801 1802/1802/1802
f 1803/1803/1803 1795/1795/1795 1796/1796/1796
f 1803/1803/1803 1796/1796/1796 1804/1804/1804
f 1805/1805/1805 1806/1806/1806 1807/1807/1807
f 1805/1805/1805 1807/1807/1807 1808/1808/1808
f 1809/1809/1809 1810/1810/1810 1811/1811/1811
f 1809/1809/1809 1811/1811/1811 1812/1812/1812
f 1800/1800/1800 1813/1813/1813 1814/1814/1814
f 1800/1800/1800 1814/1814/1814 1801/1801/1801
f 1815/1815/1815 1805/1805/1805 1808/1808/1808
f 1815/1815/1815 1808/1808/1808 1816/1816/1816
f 1817/1817/1817 1799/1799/1799 1802/1802/1802
f 1817/1817/1817 1802/1802/1802 1818/1818/1818
f 1819/1819/1819 1815/1815/1815 1816/1816/1816
f 1819/1819/1819 1816/1816/1816 1820/1820/1820
f 1821/1821/1821 1817/1817/1817 1818/1818/1818
f 1821/1821/1821 1818/1818/1818 1822/1822/1822
f 1823/1823/1823 1819/1819/1819 1820/1820/1820
f 1823/1823/1823 1820/1820/1820 1824/1824/1824
f 1825/1825/1825 1821/1821/1821 1822/1822/1822
f 1825/1825/1825 1822/1822/1822 1826/1826/1826
f 1786/1786/1786 1823/1823/1823 1824/1824/1824
f 1786/1786/1786 1824/1824/1824 1787/1787/1787
f 1810/1810/1810 1825/1825/1825 1826/1826/1826
f 1810/1810/1810 1826/1826/1826 1811/1811/1811
f 1827/1827/1827 1785/1785/1785 1788/1788/1788
f 1827/1827/1827 1788/1788/1788 1828/1828/1828
f 1829/1829/1829 1809/1809/1809 1812/1812/1812
f 1829/1829/1829 1812/1812/1812 1830/1830/1830
f 1831/1831/1831 1827/1827/1827 1828/1828/1828
f 1831/1831/1831 1828/1828/1828 1832/1832/1832
f 1833/1833/1833 1834/1834/1834 1835/1835/1835
f 1833/1833/1833 1835/1835/1835 1836/1836/1836
f 1837/1837/1837 1838/1838/1838 1839/1839/1839
f 1837/1837/1837 1839/1839/1839 1840/1840/1840
f 1841/1841/1841 1833/1833/1833 1836/1836/1836
f 1841/1841/1841 1836/1836/1836 1842/1842/1842
f 1843/1843/1843 1837/1837/1837 1840/1840/1840
f 1843/1843/1843 1840/1840/1840 1844/1844/1844
f 1777/1777/1777 1841/1841/1841 1842/1842/1842
f 1777/1777/1777 1842/1842/1842 1778/1778/1778
f 1793/1793/1793 1843/1843/1843 1844/1844/1844
f 1793/1793/1793 1844/1844/1844 1794/1794/1794
f 1845/1845/1845 1846/1846/1846 1847/1847/1847
f 1845/1845/1845 1847/1847/1847 1848/1848/1848
f 1849/1849/1849 1850/1850/1850 1851/1851/1851
f 1849/1849/1849 1851/1851/1851 1852/1852/1852
f 1853/1853/1853 1854/1854/1854 1855/1855/1855
f 1853/1853/1853 1855/1855/1855 1856/1856/1856
f 1857/1857/1857 1773/1773/1773 1776/1776/1776
f 1857/1857/1857 1776/1776/1776 1858/1858/1858
f 1859/1859/1859 1860/1860/1860 1861/1861/1861
f 1859/1859/1859 1861/1861/1861 1862/1862/1862
f 1850/1850/1850 1853/1853/1853 1856/1856/1856
f 1850/1850/1850 1856/1856/1856 1851/1851/1851
f 1863/1863/1863 1857/1857/1857 1858/1858/1858
f 1863/1863/1863 1858/1858/1858 1864/1864/1864
f 1865/1865/1865 1849/1849/1849 1852/1852/1852
f 1865/1865/1865 1852/1852/1852 1866/1866/1866
f 1867/1867/1867 1863/1863/1863 1864/1864/1864
f 1867/1867/1867 1864/1864/1864 1868/1868/1868
f 1869/1869/1869 1865/1865/1865 1866/1866/1866
f 1869/1869/1869 1866/1866/1866 1870/1870/1870
f 1871/1871/1871 1867/1867/1867 1868/1868/1868
f 1871/1871/1871 1868/1868/1868 1872/1872/1872
f 1873/1873/1873 1869/1869/1869 1870/1870/1870
f 1873/1873/1873 1870/1870/1870 1874/1874/1874
f 1875/1875/1875 1871/1871/1871 1872/1872/1872
f 1875/1875/1875 1872/1872/1872 1876/1876/1876
f 1860/1860/1860 1873/1873/1873 1874/1874/1874
f 1860/1860/1860 1874/1874/1874 1861/1861/1861
f 1877/1877/1877 1878/1878/1878 1879/1879/1879
f 1877/1877/1877 1879/1879/1879 1880/1880/1880
f 1881/1881/1881 1859/1859/1859 1862/1862/1862
f 1881/1881/1881 1862/1862/1862 1882/1882/1882
f 1883/1883/1883 1877/1877/1877 1880/1880/1880
f 1883/1883/1883 1880/1880/1880 1884/1884/1884
f 1885/1885/1885 1886/1886/1886 1887/1887/1887
f 1885/1885/1885 1887/1887/1887 1888/1888/1888
f 1889/1889/1889 1890/1890/1890 1891/1891/1891
f 1889/1889/1889 1891/1891/1891 1892/1892/1892
f 1893/1893/1893 1885/1885/1885 1888/1888/1888
f 1893/1893/1893 1888/1888/1888 1894/1894/1894
f 1895/1895/1895 1889/1889/1889 1892/1892/1892
f 1895/1895/1895 1892/1892/1892 1896/1896/1896
f 1897/1897/1897 1893/1893/1893 1894/1894/1894
f 1897/1897/1897 1894/1894/1894 1898/1898/1898
f 1899/1899/1899 1895/1895/1895 1896/1896/1896
f 1899/1899/1899 1896/1896/1896 1900/1900/1900
f 1901/1901/1901 1902/1902/1902 1903/1903/1903
f 1901/1901/1901 1903/1903/1903 1904/1904/1904
f 1902/1902/1902 1905/1905/1905 1906/1906/1906
f 1902/1902/1902 1906/1906/1906 1903/1903/1903
f 1907/1907/1907 1908/1908/1908 1909/1909/1909
f 1907/1907/1907 1909/1909/1909 1910/1910/1910
f 1911/1911/1911 1912/1912/1912 1913/1913/1913
f 1911/1911/1911 1913/1913/1913 1914/1914/1914
f 1878/1878/1878 1875/1875/1875 1876/1876/1876
f 1878/1878/1878 1876/1876/1876 1879/1879/1879
f 1915/1915/1915 1916/1916/1916 1917/1917/1917
f 1915/1915/1915 1917/1917/1917 1918/1918/1918
f 1774/1774/1774 1911/1911/1911 1914/1914/1914
f 1774/1774/1774 1914/1914/1914 1775/1775/1775
f 1908/1908/1908 1899/1899/1899 1900/1900/1900
f 1908/1908/1908 1900/1900/1900 1909/1909/1909
f 1854/1854/1854 1915/1915/1915 1918/1918/1918
f 1854/1854/1854 1918/1918/1918 1855/1855/1855
f 1919/1919/1919 1920/1920/1920 1921/1921/1921
f 1919/1919/1919 1921/1921/1921 1922/1922/1922
f 1923/1923/1923 1845/1845/1845 1848/1848/1848
f 1923/1923/1923 1848/1848/1848 1924/1924/1924
f 1925/1925/1925 1919/1919/1919 1922/1922/1922
f 1925/1925/1925 1922/1922/1922 1926/1926/1926
f 1927/1927/1927 1923/1923/1923 1924/1924/1924
f 1927/1927/1927 1924/1924/1924 1928/1928/1928
f 1929/1929/1929 1925/1925/1925 1926/1926/1926
f 1929/1929/1929 1926/1926/1926 1930/1930/1930
f 1931/1931/1931 1932/1932/1932 1933/1933/1933
f 1931/1931/1931 1933/1933/1933 1934/1934/1934
f 1935/1935/1935 1936/1936/1936 1937/1937/1937
f 1935/1935/1935 1937/1937/1937 1938/1938/1938
f 1939/1939/1939 1931/1931/1931 1934/1934/1934
f 1939/1939/1939 1934/1934/1934 1940/1940/1940
f 1941/1941/1941 1942/1942/1942 1943/1943/1943
f 1941/1941/1941 1943/1943/1943 1944/1944/1944
f 1945/1945/1945 1946/1946/1946 1947/1947/1947
f 1945/1945/1945 1947/1947/1947 1948/1948/1948
f 1949/1949/1949 1941/1941/1941 1944/1944/1944
f 1949/1949/1949 1944/1944/1944 1950/1950/1950
f 1951/1951/1951 1945/1945/1945 1948/1948/1948
f 1951/1951/1951 1948/1948/1948 1952/1952/1952
f 1953/1953/1953 1949/1949/1949 1950/1950/1950
f 1953/1953/1953 1950/1950/1950 1954/1954/1954
f 1955/1955/1955 1951/1951/1951 1952/1952/1952
f 1955/1955/1955 1952/1952/1952 1956/1956/1956
f 1957/1957/1957 1958/1958/1958 1959/1959/1959
f 1957/1957/1957 1959/1959/1959 1960/1960/1960
f 1958/1958/1958 1953/1953/1953 1954/1954/1954
f 1958/1958/1958 1954/1954/1954 1959/1959/1959
f 1961/1961/1961 1962/1962/1962 1963/1963/1963
f 1961/1961/1961 1963/1963/1963 1964/1964/1964
f 1965/1965/1965 1957/1957/1957 1960/1960/1960
f 1965/1965/1965 1960/1960/1960 1966/1966/1966
f 1932/1932/1932 1927/1927/1927 1928/1928/1928
f 1932/1932/1932 1928/1928/1928 1933/1933/1933
f 1967/1967/1967 1961/1961/1961 1964/1964/1964
f 1967/1967/1967 1964/1964/1964 1968/1968/1968
f 1969/1969/1969 1965/1965/1965 1966/1966/1966
f 1969/1969/1969 1966/1966/1966 1970/1970/1970
f 1962/1962/1962 1955/1955/1955 1956/1956/1956
f 1962/1962/1962 1956/1956/1956 1963/1963/1963
f 1971/1971/1971 1967/1967/1967 1968/1968/1968
f 1971/1971/1971 1968/1968/1968 1972/1972/1972
f 1973/1973/1973 1969/1969/1969 1970/1970/1970
f 1973/1973/1973 1970/1970/1970 1974/1974/1974
f 1975/1975/1975 1976/1976/1976 1977/1977/1977
f 1975/1975/1975 1977/1977/1977 1978/1978/1978
f 1979/1979/1979 1971/1971/1971 1972/1972/1972
f 1979/1979/1979 1972/1972/1972 1980/1980/1980
f 1981/1981/1981 1982/1982/1982 1983/1983/1983
f 1981/1981/1981 1983/1983/1983 1984/1984/1984
f 1936/1936/1936 1929/1929/1929 1930/1930/1930
f 1936/1936/1936 1930/1930/1930 1937/1937/1937
f 1976/1976/1976 1985/1985/1985 1986/1986/1986
f 1976/1976/1976 1986/1986/1986 1977/1977/1977
f 1846/1846/1846 1981/1981/1981 1984/1984/1984
f 1846/1846/1846 1984/1984/1984 1847/1847/1847
f 1920/1920/1920 1975/1975/1975 1978/1978/1978
f 1920/1920/1920 1978/1978/1978 1921/1921/1921
f 681/681/681 1987/1987/1987 1988/1988/1988
f 1988/1988/1988 1989/1989/1989 681/681/681
f 1989/1989/1989 1990/1990/1990 1991/1991/1991
f 681/681/681 1989/1989/1989 1991/1991/1991
f 1990/1990/1990 1992/1992/1992 1991/1991/1991
f 1991/1991/1991 1993/1993/1993 1994/1994/1994
f 1993/1993/1993 1995/1995/1995 1994/1994/1994
f 1994/1994/1994 1996/1996/1996 1997/1997/1997
f 681/681/681 1994/1994/1994 1997/1997/1997
f 1996/1996/1996 1998/1998/1998 1999/1999/1999
f 1999/1999/1999 2000/2000/2000 1996/1996/1996
f 2000/2000/2000 2001/2001/2001 2002/2002/2002
f 2002/2002/2002 2003/2003/2003 2004/2004/2004
f 2004/2004/2004 2005/2005/2005 2002/2002/2002
f 2005/2005/2005 2006/2006/2006 2002/2002/2002
f 2006/2006/2006 2007/2007/2007 1997/1997/1997
f 2002/2002/2002 2006/2006/2006 1997/1997/1997
f 2007/2007/2007 2008/2008/2008 1997/1997/1997
f 1997/1997/1997 2009/2009/2009 2010/2010/2010
f 2009/2009/2009 2011/2011/2011 2010/2010/2010
f 2010/2010/2010 679/679/679 681/681/681
f 679/679/679 2012/2012/2012 680/680/680
f 680/680/680 2013/2013/2013 681/681/681
f 2013/2013/2013 2014/2014/2014 681/681/681
f 2014/2014/2014 2015/2015/2015 681/681/681
f 681/681/681 1991/1991/1991 1994/1994/1994
f 2002/2002/2002 1996/1996/1996 2000/2000/2000
f 2002/2002/2002 1997/1997/1997 1996/1996/1996
f 2010/2010/2010 681/681/681 1997/1997/1997
f 2016/2016/2016 2017/2017/2017 1167/1167/1167
f 1167/1167/1167 2018/2018/2018 2019/2019/2019
f 2019/2019/2019 2020/2020/2020 1167/1167/1167
f 2020/2020/2020 2021/2021/2021 1167/1167/1167
f 2021/2021/2021 2022/2022/2022 2023/2023/2023
f 2023/2023/2023 1168/1168/1168 1167/1167/1167
f 1168/1168/1168 2024/2024/2024 2025/2025/2025
f 2026/2026/2026 1168/1168/1168 2025/2025/2025
f 2026/2026/2026 2027/2027/2027 2028/2028/2028
f 2028/2028/2028 2029/2029/2029 2026/2026/2026
f 2029/2029/2029 2030/2030/2030 2031/2031/2031
f 2026/2026/2026 2029/2029/2029 2031/2031/2031
f 2030/2030/2030 2032/2032/2032 2031/2031/2031
f 2032/2032/2032 2033/2033/2033 2031/2031/2031
f 2031/2031/2031 2034/2034/2034 2035/2035/2035
f 2035/2035/2035 2036/2036/2036 2037/2037/2037
f 2036/2036/2036 2038/2038/2038 2037/2037/2037
f 2037/2037/2037 1166/1166/1166 1168/1168/1168
f 1166/1166/1166 2039/2039/2039 2040/2040/2040
f 2041/2041/2041 1166/1166/1166 2040/2040/2040
f 2041/2041/2041 2042/2042/2042 2043/2043/2043
f 2043/2043/2043 2044/2044/2044 2041/2041/2041
f 2044/2044/2044 2016/2016/2016 1167/1167/1167
f 2041/2041/2041 2044/2044/2044 1167/1167/1167
f 2023/2023/2023 1167/1167/1167 2021/2021/2021
f 1168/1168/1168 2026/2026/2026 2037/2037/2037
f 2037/2037/2037 2031/2031/2031 2035/2035/2035
f 1166/1166/1166 2041/2041/2041 1167/1167/1167
f 2037/2037/2037 2026/2026/2026 2031/2031/2031
f 2045/2045/2045 2046/2046/2046 2047/2047/2047
f 2048/2048/2048 2049/2049/2049 2050/2050/2050
f 2048/2048/2048 2050/2050/2050 2051/2051/2051
f 2052/2052/2052 2053/2053/2053 2054/2054/2054
f 2052/2052/2052 2054/2054/2054 2055/2055/2055
f 2056/2056/2056 2057/2057/2057 2058/2058/2058
f 2056/2056/2056 2058/2058/2058 2059/2059/2059
f 2057/2057/2057 2048/2048/2048 2051/2051/2051
f 2057/2057/2057 2051/2051/2051 2058/2058/2058
f 2060/2060/2060 2061/2061/2061 2062/2062/2062
f 2060/2060/2060 2062/2062/2062 2063/2063/2063
f 2064/2064/2064 2065/2065/2065 2066/2066/2066
f 2064/2064/2064 2066/2066/2066 2067/2067/2067
f 2068/2068/2068 2069/2069/2069 2070/2070/2070
f 2068/2068/2068 2070/2070/2070 2071/2071/2071
f 2072/2072/2072 2060/2060/2060 2063/2063/2063
f 2072/2072/2072 2063/2063/2063 2073/2073/2073
f 2074/2074/2074 2064/2064/2064 2067/2067/2067
f 2074/2074/2074 2067/2067/2067 2075/2075/2075
f 2076/2076/2076 2052/2052/2052 2055/2055/2055
f 2076/2076/2076 2055/2055/2055 2077/2077/2077
f 2078/2078/2078 2072/2072/2072 2073/2073/2073
f 2078/2078/2078 2073/2073/2073 2079/2079/2079
f 2080/2080/2080 2074/2074/2074 2075/2075/2075
f 2080/2080/2080 2075/2075/2075 2081/2081/2081
f 2082/2082/2082 2083/2083/2083 2084/2084/2084
f 2082/2082/2082 2084/2084/2084 2085/2085/2085
f 2086/2086/2086 2078/2078/2078 2079/2079/2079
f 2086/2086/2086 2079/2079/2079 2087/2087/2087
f 2088/2088/2088 2080/2080/2080 2081/2081/2081
f 2088/2088/2088 2081/2081/2081 2089/2089/2089
f 2090/2090/2090 2091/2091/2091 2092/2092/2092
f 2090/2090/2090 2092/2092/2092 2093/2093/2093
f 2083/2083/2083 2086/2086/2086 2087/2087/2087
f 2083/2083/2083 2087/2087/2087 2084/2084/2084
f 2094/2094/2094 2088/2088/2088 2089/2089/2089
f 2094/2094/2094 2089/2089/2089 2095/2095/2095
f 2096/2096/2096 2082/2082/2082 2085/2085/2085
f 2096/2096/2096 2085/2085/2085 2097/2097/2097
f 2098/2098/2098 2094/2094/2094 2095/2095/2095
f 2098/2098/2098 2095/2095/2095 2099/2099/2099
f 2100/2100/2100 2096/2096/2096 2097/2097/2097
f 2100/2100/2100 2097/2097/2097 2101/2101/2101
f 2102/2102/2102 2098/2098/2098 2099/2099/2099
f 2102/2102/2102 2099/2099/2099 2103/2103/2103
f 2104/2104/2104 2100/2100/2100 2101/2101/2101
f 2104/2104/2104 2101/2101/2101 2105/2105/2105
f 2106/2106/2106 2102/2102/2102 2103/2103/2103
f 2106/2106/2106 2103/2103/2103 2107/2107/2107
f 2091/2091/2091 2108/2108/2108 2109/2109/2109
f 2091/2091/2091 2109/2109/2109 2092/2092/2092
f 2110/2110/2110 2068/2068/2068 2071/2071/2071
f 2110/2110/2110 2071/2071/2071 2111/2111/2111
f 2112/2112/2112 2090/2090/2090 2093/2093/2093
f 2112/2112/2112 2093/2093/2093 2113/2113/2113
f 2114/2114/2114 2110/2110/2110 2111/2111/2111
f 2114/2114/2114 2111/2111/2111 2115/2115/2115
f 2116/2116/2116 2112/2112/2112 2113/2113/2113
f 2116/2116/2116 2113/2113/2113 2117/2117/2117
f 2118/2118/2118 2114/2114/2114 2115/2115/2115
f 2118/2118/2118 2115/2115/2115 2119/2119/2119
f 2049/2049/2049 2116/2116/2116 2117/2117/2117
f 2049/2049/2049 2117/2117/2117 2050/2050/2050
f 2053/2053/2053 2118/2118/2118 2119/2119/2119
f 2053/2053/2053 2119/2119/2119 2054/2054/2054
f 2120/2120/2120 2121/2121/2121 2046/2046/2046
f 2046/2046/2046 2122/2122/2122 2123/2123/2123
f 2123/2123/2123 2124/2124/2124 2046/2046/2046
f 2124/2124/2124 2125/2125/2125 2046/2046/2046
f 2125/2125/2125 2126/2126/2126 2127/2127/2127
f 2127/2127/2127 2047/2047/2047 2046/2046/2046
f 2047/2047/2047 2128/2128/2128 2129/2129/2129
f 2130/2130/2130 2047/2047/2047 2129/2129/2129
f 2130/2130/2130 2131/2131/2131 2132/2132/2132
f 2132/2132/2132 2133/2133/2133 2130/2130/2130
f 2133/2133/2133 2134/2134/2134 2135/2135/2135
f 2130/2130/2130 2133/2133/2133 2135/2135/2135
f 2134/2134/2134 2136/2136/2136 2135/2135/2135
f 2136/2136/2136 2137/2137/2137 2135/2135/2135
f 2135/2135/2135 2138/2138/2138 2139/2139/2139
f 2139/2139/2139 2140/2140/2140 2141/2141/2141
f 2140/2140/2140 2142/2142/2142 2141/2141/2141
f 2141/2141/2141 2045/2045/2045 2047/2047/2047
f 2045/2045/2045 2143/2143/2143 2144/2144/2144
f 2145/2145/2145 2045/2045/2045 2144/2144/2144
f 2145/2145/2145 2146/2146/2146 2147/2147/2147
f 2147/2147/2147 2148/2148/2148 2145/2145/2145
f 2148/2148/2148 2120/2120/2120 2046/2046/2046
f 2145/2145/2145 2148/2148/2148 2046/2046/2046
f 2127/2127/2127 2046/2046/2046 2125/2125/2125
f 2047/2047/2047 2130/2130/2130 2141/2141/2141
f 2141/2141/2141 2135/2135/2135 2139/2139/2139
f 2045/2045/2045 2145/2145/2145 2046/2046/2046
f 2141/2141/2141 2130/2130/2130 2135/2135/2135
f 2149/2149/2149 2150/2150/2150 2151/2151/2151
f 2152/2152/2152 2153/2153/2153 2154/2154/2154
f 2152/2152/2152 2154/2154/2154 2155/2155/2155
f 2156/2156/2156 2157/2157/2157 2158/2158/2158
f 2156/2156/2156 2158/2158/2158 2159/2159/2159
f 2160/2160/2160 2156/2156/2156 2159/2159/2159
f 2160/2160/2160 2159/2159/2159 2161/2161/2161
f 2162/2162/2162 2163/2163/2163 2164/2164/2164
f 2162/2162/2162 2164/2164/2164 2165/2165/2165
f 2157/2157/2157 2166/2166/2166 2167/2167/2167
f 2157/2157/2157 2167/2167/2167 2158/2158/2158
f 2163/2163/2163 2168/2168/2168 2169/2169/2169
f 2163/2163/2163 2169/2169/2169 2164/2164/2164
f 2166/2166/2166 2170/2170/2170 2171/2171/2171
f 2166/2166/2166 2171/2171/2171 2167/2167/2167
f 2168/2168/2168 2172/2172/2172 2173/2173/2173
f 2168/2168/2168 2173/2173/2173 2169/2169/2169
f 2170/2170/2170 2174/2174/2174 2175/2175/2175
f 2170/2170/2170 2175/2175/2175 2171/2171/2171
f 2176/2176/2176 2177/2177/2177 2178/2178/2178
f 2176/2176/2176 2178/2178/2178 2179/2179/2179
f 2180/2180/2180 2181/2181/2181 2182/2182/2182
f 2180/2180/2180 2182/2182/2182 2183/2183/2183
f 2177/2177/2177 2184/2184/2184 2185/2185/2185
f 2177/2177/2177 2185/2185/2185 2178/2178/2178
f 2186/2186/2186 2187/2187/2187 2188/2188/2188
f 2186/2186/2186 2188/2188/2188 2189/2189/2189
f 2190/2190/2190 2191/2191/2191 2192/2192/2192
f 2190/2190/2190 2192/2192/2192 2193/2193/2193
f 2187/2187/2187 2194/2194/2194 2195/2195/2195
f 2187/2187/2187 2195/2195/2195 2188/2188/2188
f 2191/2191/2191 2196/2196/2196 2197/2197/2197
f 2191/2191/2191 2197/2197/2197 2192/2192/2192
f 2194/2194/2194 2198/2198/2198 2199/2199/2199
f 2194/2194/2194 2199/2199/2199 2195/2195/2195
f 2196/2196/2196 2200/2200/2200 2201/2201/2201
f 2196/2196/2196 2201/2201/2201 2197/2197/2197
f 2198/2198/2198 2202/2202/2202 2203/2203/2203
f 2198/2198/2198 2203/2203/2203 2199/2199/2199
f 2200/2200/2200 2204/2204/2204 2205/2205/2205
f 2200/2200/2200 2205/2205/2205 2201/2201/2201
f 2206/2206/2206 2207/2207/2207 2208/2208/2208
f 2206/2206/2206 2208/2208/2208 2209/2209/2209
f 2181/2181/2181 2186/2186/2186 2189/2189/2189
f 2181/2181/2181 2189/2189/2189 2182/2182/2182
f 2204/2204/2204 2210/2210/2210 2211/2211/2211
f 2204/2204/2204 2211/2211/2211 2205/2205/2205
f 2212/2212/2212 2213/2213/2213 2214/2214/2214
f 2212/2212/2212 2214/2214/2214 2215/2215/2215
f 2202/2202/2202 2206/2206/2206 2209/2209/2209
f 2202/2202/2202 2209/2209/2209 2203/2203/2203
f 2216/2216/2216 2217/2217/2217 2218/2218/2218
f 2216/2216/2216 2218/2218/2218 2219/2219/2219
f 2213/2213/2213 2220/2220/2220 2221/2221/2221
f 2213/2213/2213 2221/2221/2221 2214/2214/2214
f 2153/2153/2153 2162/2162/2162 2165/2165/2165
f 2153/2153/2153 2165/2165/2165 2154/2154/2154
f 2217/2217/2217 2222/2222/2222 2223/2223/2223
f 2217/2217/2217 2223/2223/2223 2218/2218/2218
f 2220/2220/2220 2152/2152/2152 2155/2155/2155
f 2220/2220/2220 2155/2155/2155 2221/2221/2221
f 2184/2184/2184 2190/2190/2190 2193/2193/2193
f 2184/2184/2184 2193/2193/2193 2185/2185/2185
f 2222/2222/2222 2160/2160/2160 2161/2161/2161
f 2222/2222/2222 2161/2161/2161 2223/2223/2223
f 2151/2151/2151 2224/2224/2224 2225/2225/2225
f 2225/2225/2225 2226/2226/2226 2151/2151/2151
f 2226/2226/2226 2227/2227/2227 2228/2228/2228
f 2151/2151/2151 2226/2226/2226 2228/2228/2228
f 2227/2227/2227 2229/2229/2229 2228/2228/2228
f 2228/2228/2228 2230/2230/2230 2231/2231/2231
f 2230/2230/2230 2232/2232/2232 2231/2231/2231
f 2231/2231/2231 2233/2233/2233 2151/2151/2151
f 2228/2228/2228 2231/2231/2231 2151/2151/2151
f 2233/2233/2233 2234/2234/2234 2235/2235/2235
f 2235/2235/2235 2236/2236/2236 2233/2233/2233
f 2236/2236/2236 2237/2237/2237 2238/2238/2238
f 2151/2151/2151 2236/2236/2236 2238/2238/2238
f 2238/2238/2238 2239/2239/2239 2240/2240/2240
f 2151/2151/2151 2238/2238/2238 2241/2241/2241
f 2240/2240/2240 2242/2242/2242 2238/2238/2238
f 2242/2242/2242 2243/2243/2243 2238/2238/2238
f 2243/2243/2243 2244/2244/2244 2241/2241/2241
f 2238/2238/2238 2243/2243/2243 2241/2241/2241
f 2244/2244/2244 2245/2245/2245 2241/2241/2241
f 2241/2241/2241 2246/2246/2246 2149/2149/2149
f 2246/2246/2246 2247/2247/2247 2149/2149/2149
f 2149/2149/2149 2248/2248/2248 2150/2150/2150
f 2248/2248/2248 2249/2249/2249 2150/2150/2150
f 2150/2150/2150 2250/2250/2250 2151/2151/2151
f 2250/2250/2250 2251/2251/2251 2151/2151/2151
f 2251/2251/2251 2252/2252/2252 2151/2151/2151
f 2151/2151/2151 2233/2233/2233 2236/2236/2236
f 2151/2151/2151 2241/2241/2241 2149/2149/2149
f 2253/2253/2253 2254/2254/2254 2255/2255/2255
f 2253/2253/2253 2255/2255/2255 2256/2256/2256
f 2257/2257/2257 2258/2258/2258 2259/2259/2259
f 2257/2257/2257 2259/2259/2259 2260/2260/2260
f 2261/2261/2261 2257/2257/2257 2260/2260/2260
f 2261/2261/2261 2260/2260/2260 2262/2262/2262
f 2263/2263/2263 2261/2261/2261 2262/2262/2262
f 2263/2263/2263 2262/2262/2262 2264/2264/2264
f 2256/2256/2256 2265/2265/2265 2266/2266/2266
f 2256/2256/2256 2266/2266/2266 2253/2253/2253
f 2265/2265/2265 2267/2267/2267 2268/2268/2268
f 2265/2265/2265 2268/2268/2268 2266/2266/2266
f 2267/2267/2267 2269/2269/2269 2270/2270/2270
f 2267/2267/2267 2270/2270/2270 2268/2268/2268
f 2271/2271/2271 2270/2270/2270 2269/2269/2269
f 2271/2271/2271 2269/2269/2269 2272/2272/2272
f 2273/2273/2273 2263/2263/2263 2264/2264/2264
f 2273/2273/2273 2264/2264/2264 2274/2274/2274
f 2275/2275/2275 2259/2259/2259 2258/2258/2258
f 2275/2275/2275 2258/2258/2258 2276/2276/2276
f 2276/2276/2276 2255/2255/2255 2254/2254/2254
f 2276/2276/2276 2254/2254/2254 2275/2275/2275
f 2271/2271/2271 2272/2272/2272 2277/2277/2277
f 2271/2271/2271 2277/2277/2277 2278/2278/2278
f 2278/2278/2278 2277/2277/2277 2279/2279/2279
f 2278/2278/2278 2279/2279/2279 2280/2280/2280
f 2280/2280/2280 2279/2279/2279 2281/2281/2281
f 2280/2280/2280 2281/2281/2281 2282/2282/2282
f 2283/2283/2283 2271/2271/2271 2278/2278/2278
f 2283/2283/2283 2278/2278/2278 2284/2284/2284
f 2284/2284/2284 2278/2278/2278 2280/2280/2280
f 2284/2284/2284 2280/2280/2280 2285/2285/2285
f 2285/2285/2285 2280/2280/2280 2282/2282/2282
f 2285/2285/2285 2282/2282/2282 2286/2286/2286
f 2287/2287/2287 2288/2288/2288 2289/2289/2289
f 2287/2287/2287 2289/2289/2289 2290/2290/2290
f 2291/2291/2291 2284/2284/2284 2285/2285/2285
f 2291/2291/2291 2285/2285/2285 2292/2292/2292
f 2292/2292/2292 2285/2285/2285 2286/2286/2286
f 2292/2292/2292 2286/2286/2286 2293/2293/2293
f 2294/2294/2294 2287/2287/2287 2290/2290/2290
f 2294/2294/2294 2290/2290/2290 2295/2295/2295
f 2295/2295/2295 2290/2290/2290 2296/2296/2296
f 2295/2295/2295 2296/2296/2296 2297/2297/2297
f 2298/2298/2298 2299/2299/2299 2300/2300/2300
f 2298/2298/2298 2300/2300/2300 2301/2301/2301
f 2302/2302/2302 2294/2294/2294 2295/2295/2295
f 2302/2302/2302 2295/2295/2295 2303/2303/2303
f 2303/2303/2303 2295/2295/2295 2297/2297/2297
f 2303/2303/2303 2297/2297/2297 2304/2304/2304
f 2305/2305/2305 2298/2298/2298 2301/2301/2301
f 2305/2305/2305 2301/2301/2301 2306/2306/2306
f 2307/2307/2307 2302/2302/2302 2303/2303/2303
f 2307/2307/2307 2303/2303/2303 2308/2308/2308
f 2309/2309/2309 2310/2310/2310 2305/2305/2305
f 2309/2309/2309 2305/2305/2305 2311/2311/2311
f 2311/2311/2311 2305/2305/2305 2306/2306/2306
f 2311/2311/2311 2306/2306/2306 2312/2312/2312
f 2313/2313/2313 2307/2307/2307 2308/2308/2308
f 2313/2313/2313 2308/2308/2308 2314/2314/2314
f 2315/2315/2315 2309/2309/2309 2311/2311/2311
f 2315/2315/2315 2311/2311/2311 2316/2316/2316
f 2316/2316/2316 2311/2311/2311 2312/2312/2312
f 2316/2316/2316 2312/2312/2312 2317/2317/2317
f 2318/2318/2318 2319/2319/2319 2315/2315/2315
f 2318/2318/2318 2315/2315/2315 2320/2320/2320
f 2320/2320/2320 2315/2315/2315 2316/2316/2316
f 2320/2320/2320 2316/2316/2316 2321/2321/2321
f 2321/2321/2321 2316/2316/2316 2317/2317/2317
f 2321/2321/2321 2317/2317/2317 2322/2322/2322
f 2323/2323/2323 2318/2318/2318 2320/2320/2320
f 2323/2323/2323 2320/2320/2320 2324/2324/2324
f 2324/2324/2324 2320/2320/2320 2321/2321/2321
f 2324/2324/2324 2321/2321/2321 2325/2325/2325
f 2325/2325/2325 2321/2321/2321 2322/2322/2322
f 2325/2325/2325 2322/2322/2322 2326/2326/2326
f 2327/2327/2327 2323/2323/2323 2324/2324/2324
f 2327/2327/2327 2324/2324/2324 2328/2328/2328
f 2328/2328/2328 2324/2324/2324 2325/2325/2325
f 2328/2328/2328 2325/2325/2325 2329/2329/2329
f 2329/2329/2329 2325/2325/2325 2326/2326/2326
f 2329/2329/2329 2326/2326/2326 2330/2330/2330
f 2331/2331/2331 2332/2332/2332 2333/2333/2333
f 2331/2331/2331 2333/2333/2333 2334/2334/2334
f 2334/2334/2334 2333/2333/2333 2335/2335/2335
f 2334/2334/2334 2335/2335/2335 2336/2336/2336
f 2336/2336/2336 2335/2335/2335 2330/2330/2330
f 2336/2336/2336 2330/2330/2330 2326/2326/2326
f 2337/2337/2337 2331/2331/2331 2334/2334/2334
f 2337/2337/2337 2334/2334/2334 2338/2338/2338
f 2338/2338/2338 2334/2334/2334 2336/2336/2336
f 2338/2338/2338 2336/2336/2336 2339/2339/2339
f 2339/2339/2339 2336/2336/2336 2326/2326/2326
f 2339/2339/2339 2326/2326/2326 2322/2322/2322
f 2340/2340/2340 2337/2337/2337 2338/2338/2338
f 2340/2340/2340 2338/2338/2338 2341/2341/2341
f 2341/2341/2341 2338/2338/2338 2339/2339/2339
f 2341/2341/2341 2339/2339/2339 2342/2342/2342
f 2342/2342/2342 2339/2339/2339 2322/2322/2322
f 2342/2342/2342 2322/2322/2322 2317/2317/2317
f 2343/2343/2343 2340/2340/2340 2341/2341/2341
f 2343/2343/2343 2341/2341/2341 2344/2344/2344
f 2344/2344/2344 2341/2341/2341 2342/2342/2342
f 2344/2344/2344 2342/2342/2342 2345/2345/2345
f 2345/2345/2345 2342/2342/2342 2317/2317/2317
f 2345/2345/2345 2317/2317/2317 2312/2312/2312
f 2346/2346/2346 2347/2347/2347 2348/2348/2348
f 2346/2346/2346 2348/2348/2348 2349/2349/2349
f 2350/2350/2350 2344/2344/2344 2345/2345/2345
f 2350/2350/2350 2345/2345/2345 2351/2351/2351
f 2351/2351/2351 2345/2345/2345 2312/2312/2312
f 2351/2351/2351 2312/2312/2312 2306/2306/2306
f 2352/2352/2352 2346/2346/2346 2349/2349/2349
f 2352/2352/2352 2349/2349/2349 2353/2353/2353
f 2354/2354/2354 2350/2350/2350 2351/2351/2351
f 2354/2354/2354 2351/2351/2351 2355/2355/2355
f 2355/2355/2355 2351/2351/2351 2306/2306/2306
f 2355/2355/2355 2306/2306/2306 2301/2301/2301
f 2356/2356/2356 2352/2352/2352 2353/2353/2353
f 2356/2356/2356 2353/2353/2353 2357/2357/2357
f 2358/2358/2358 2354/2354/2354 2355/2355/2355
f 2358/2358/2358 2355/2355/2355 2359/2359/2359
f 2359/2359/2359 2355/2355/2355 2301/2301/2301
f 2359/2359/2359 2301/2301/2301 2300/2300/2300
f 2360/2360/2360 2356/2356/2356 2357/2357/2357
f 2360/2360/2360 2357/2357/2357 2361/2361/2361
f 2362/2362/2362 2363/2363/2363 2364/2364/2364
f 2362/2362/2362 2364/2364/2364 2365/2365/2365
f 2365/2365/2365 2364/2364/2364 2293/2293/2293
f 2365/2365/2365 2293/2293/2293 2286/2286/2286
f 2366/2366/2366 2360/2360/2360 2361/2361/2361
f 2366/2366/2366 2361/2361/2361 2367/2367/2367
f 2368/2368/2368 2362/2362/2362 2365/2365/2365
f 2368/2368/2368 2365/2365/2365 2369/2369/2369
f 2369/2369/2369 2365/2365/2365 2286/2286/2286
f 2369/2369/2369 2286/2286/2286 2282/2282/2282
f 2273/2273/2273 2274/2274/2274 2368/2368/2368
f 2273/2273/2273 2368/2368/2368 2370/2370/2370
f 2370/2370/2370 2368/2368/2368 2369/2369/2369
f 2370/2370/2370 2369/2369/2369 2371/2371/2371
f 2371/2371/2371 2369/2369/2369 2282/2282/2282
f 2371/2371/2371 2282/2282/2282 2281/2281/2281
f 2372/2372/2372 2373/2373/2373 2374/2374/2374
f 2372/2372/2372 2374/2374/2374 2375/2375/2375
f 2373/2373/2373 2376/2376/2376 2377/2377/2377
f 2373/2373/2373 2377/2377/2377 2374/2374/2374
f 2378/2378/2378 2379/2379/2379 2380/2380/2380
f 2378/2378/2378 2380/2380/2380 2381/2381/2381
f 2379/2379/2379 2382/2382/2382 2383/2383/2383
f 2379/2379/2379 2383/2383/2383 2380/2380/2380
f 2382/2382/2382 2384/2384/2384 2385/2385/2385
f 2382/2382/2382 2385/2385/2385 2383/2383/2383
f 2384/2384/2384 2386/2386/2386 2387/2387/2387
f 2384/2384/2384 2387/2387/2387 2385/2385/2385
f 2386/2386/2386 2388/2388/2388 2389/2389/2389
f 2386/2386/2386 2389/2389/2389 2387/2387/2387
f 2388/2388/2388 2390/2390/2390 2391/2391/2391
f 2388/2388/2388 2391/2391/2391 2389/2389/2389
f 2390/2390/2390 2392/2392/2392 2393/2393/2393
f 2390/2390/2390 2393/2393/2393 2391/2391/2391
f 2392/2392/2392 2394/2394/2394 2395/2395/2395
f 2392/2392/2392 2395/2395/2395 2393/2393/2393
f 2394/2394/2394 2396/2396/2396 2397/2397/2397
f 2394/2394/2394 2397/2397/2397 2395/2395/2395
f 2396/2396/2396 2398/2398/2398 2399/2399/2399
f 2396/2396/2396 2399/2399/2399 2397/2397/2397
f 2398/2398/2398 2400/2400/2400 2401/2401/2401
f 2398/2398/2398 2401/2401/2401 2399/2399/2399
f 2400/2400/2400 2402/2402/2402 2403/2403/2403
f 2400/2400/2400 2403/2403/2403 2401/2401/2401
f 2402/2402/2402 2404/2404/2404 2405/2405/2405
f 2402/2402/2402 2405/2405/2405 2403/2403/2403
f 2406/2406/2406 2407/2407/2407 2408/2408/2408
f 2406/2406/2406 2408/2408/2408 2409/2409/2409
f 2407/2407/2407 2410/2410/2410 2411/2411/2411
f 2407/2407/2407 2411/2411/2411 2408/2408/2408
f 2410/2410/2410 2412/2412/2412 2413/2413/2413
f 2410/2410/2410 2413/2413/2413 2411/2411/2411
f 2412/2412/2412 2414/2414/2414 2415/2415/2415
f 2412/2412/2412 2415/2415/2415 2413/2413/2413
f 2414/2414/2414 2416/2416/2416 2417/2417/2417
f 2414/2414/2414 2417/2417/2417 2415/2415/2415
f 2418/2418/2418 2419/2419/2419 2420/2420/2420
f 2418/2418/2418 2420/2420/2420 2421/2421/2421
f 2419/2419/2419 2422/2422/2422 2423/2423/2423
f 2419/2419/2419 2423/2423/2423 2420/2420/2420
f 2422/2422/2422 2424/2424/2424 2425/2425/2425
f 2422/2422/2422 2425/2425/2425 2423/2423/2423
f 2426/2426/2426 2427/2427/2427 2428/2428/2428
f 2426/2426/2426 2428/2428/2428 2429/2429/2429
f 2430/2430/2430 2426/2426/2426 2429/2429/2429
f 2430/2430/2430 2429/2429/2429 2431/2431/2431
f 2416/2416/2416 2432/2432/2432 2433/2433/2433
f 2416/2416/2416 2433/2433/2433 2417/2417/2417
f 2434/2434/2434 2372/2372/2372 2375/2375/2375
f 2434/2434/2434 2375/2375/2375 2435/2435/2435
f 2436/2436/2436 2434/2434/2434 2435/2435/2435
f 2436/2436/2436 2435/2435/2435 2437/2437/2437
f 2438/2438/2438 2436/2436/2436 2437/2437/2437
f 2438/2438/2438 2437/2437/2437 2439/2439/2439
f 2440/2440/2440 2441/2441/2441 2442/2442/2442
f 2440/2440/2440 2442/2442/2442 2443/2443/2443
f 2444/2444/2444 2440/2440/2440 2443/2443/2443
f 2444/2444/2444 2443/2443/2443 2445/2445/2445
f 2446/2446/2446 2444/2444/2444 2445/2445/2445
f 2446/2446/2446 2445/2445/2445 2447/2447/2447
f 2448/2448/2448 2446/2446/2446 2447/2447/2447
f 2448/2448/2448 2447/2447/2447 2449/2449/2449
f 2424/2424/2424 2448/2448/2448 2449/2449/2449
f 2424/2424/2424 2449/2449/2449 2425/2425/2425
f 2427/2427/2427 2418/2418/2418 2421/2421/2421
f 2427/2427/2427 2421/2421/2421 2428/2428/2428
f 2450/2450/2450 2451/2451/2451 2452/2452/2452
f 2453/2453/2453 2454/2454/2454 2455/2455/2455
f 2453/2453/2453 2455/2455/2455 2456/2456/2456
f 2456/2456/2456 2455/2455/2455 2457/2457/2457
f 2456/2456/2456 2457/2457/2457 2458/2458/2458
f 2458/2458/2458 2457/2457/2457 2459/2459/2459
f 2458/2458/2458 2459/2459/2459 2460/2460/2460
f 2461/2461/2461 2462/2462/2462 2454/2454/2454
f 2461/2461/2461 2454/2454/2454 2453/2453/2453
f 2463/2463/2463 2464/2464/2464 2462/2462/2462
f 2463/2463/2463 2462/2462/2462 2461/2461/2461
f 2465/2465/2465 2466/2466/2466 2464/2464/2464
f 2465/2465/2465 2464/2464/2464 2463/2463/2463
f 2467/2467/2467 2468/2468/2468 2466/2466/2466
f 2467/2467/2467 2466/2466/2466 2465/2465/2465
f 2469/2469/2469 2470/2470/2470 2468/2468/2468
f 2469/2469/2469 2468/2468/2468 2467/2467/2467
f 2471/2471/2471 2472/2472/2472 2470/2470/2470
f 2471/2471/2471 2470/2470/2470 2469/2469/2469
f 2473/2473/2473 2474/2474/2474 2472/2472/2472
f 2473/2473/2473 2472/2472/2472 2471/2471/2471
f 2475/2475/2475 2476/2476/2476 2474/2474/2474
f 2475/2475/2475 2474/2474/2474 2473/2473/2473
f 2477/2477/2477 2478/2478/2478 2476/2476/2476
f 2477/2477/2477 2476/2476/2476 2475/2475/2475
f 2479/2479/2479 2480/2480/2480 2478/2478/2478
f 2479/2479/2479 2478/2478/2478 2477/2477/2477
f 2481/2481/2481 2482/2482/2482 2480/2480/2480
f 2481/2481/2481 2480/2480/2480 2479/2479/2479
f 2483/2483/2483 2484/2484/2484 2482/2482/2482
f 2483/2483/2483 2482/2482/2482 2481/2481/2481
f 2485/2485/2485 2486/2486/2486 2484/2484/2484
f 2485/2485/2485 2484/2484/2484 2483/2483/2483
f 2460/2460/2460 2459/2459/2459 2486/2486/2486
f 2460/2460/2460 2486/2486/2486 2485/2485/2485
f 2487/2487/2487 2488/2488/2488 2418/2418/2418
f 2487/2487/2487 2418/2418/2418 2427/2427/2427
f 2489/2489/2489 2490/2490/2490 2448/2448/2448
f 2489/2489/2489 2448/2448/2448 2424/2424/2424
f 2490/2490/2490 2491/2491/2491 2446/2446/2446
f 2490/2490/2490 2446/2446/2446 2448/2448/2448
f 2491/2491/2491 2492/2492/2492 2444/2444/2444
f 2491/2491/2491 2444/2444/2444 2446/2446/2446
f 2492/2492/2492 2493/2493/2493 2440/2440/2440
f 2492/2492/2492 2440/2440/2440 2444/2444/2444
f 2494/2494/2494 2495/2495/2495 2438/2438/2438
f 2494/2494/2494 2438/2438/2438 2496/2496/2496
f 2495/2495/2495 2497/2497/2497 2436/2436/2436
f 2495/2495/2495 2436/2436/2436 2438/2438/2438
f 2497/2497/2497 2498/2498/2498 2434/2434/2434
f 2497/2497/2497 2434/2434/2434 2436/2436/2436
f 2498/2498/2498 2499/2499/2499 2372/2372/2372
f 2498/2498/2498 2372/2372/2372 2434/2434/2434
f 2500/2500/2500 2501/2501/2501 2432/2432/2432
f 2500/2500/2500 2432/2432/2432 2416/2416/2416
f 2501/2501/2501 2502/2502/2502 2503/2503/2503
f 2501/2501/2501 2503/2503/2503 2432/2432/2432
f 2504/2504/2504 2487/2487/2487 2427/2427/2427
f 2504/2504/2504 2427/2427/2427 2426/2426/2426
f 2505/2505/2505 2489/2489/2489 2424/2424/2424
f 2505/2505/2505 2424/2424/2424 2422/2422/2422
f 2506/2506/2506 2505/2505/2505 2422/2422/2422
f 2506/2506/2506 2422/2422/2422 2419/2419/2419
f 2488/2488/2488 2506/2506/2506 2419/2419/2419
f 2488/2488/2488 2419/2419/2419 2418/2418/2418
f 2507/2507/2507 2500/2500/2500 2416/2416/2416
f 2507/2507/2507 2416/2416/2416 2414/2414/2414
f 2508/2508/2508 2507/2507/2507 2414/2414/2414
f 2508/2508/2508 2414/2414/2414 2412/2412/2412
f 2509/2509/2509 2508/2508/2508 2412/2412/2412
f 2509/2509/2509 2412/2412/2412 2410/2410/2410
f 2510/2510/2510 2509/2509/2509 2410/2410/2410
f 2510/2510/2510 2410/2410/2410 2407/2407/2407
f 2511/2511/2511 2510/2510/2510 2407/2407/2407
f 2511/2511/2511 2407/2407/2407 2406/2406/2406
f 2512/2512/2512 2511/2511/2511 2406/2406/2406
f 2512/2512/2512 2406/2406/2406 2513/2513/2513
f 2514/2514/2514 2515/2515/2515 2402/2402/2402
f 2514/2514/2514 2402/2402/2402 2400/2400/2400
f 2516/2516/2516 2514/2514/2514 2400/2400/2400
f 2516/2516/2516 2400/2400/2400 2398/2398/2398
f 2517/2517/2517 2516/2516/2516 2398/2398/2398
f 2517/2517/2517 2398/2398/2398 2396/2396/2396
f 2518/2518/2518 2517/2517/2517 2396/2396/2396
f 2518/2518/2518 2396/2396/2396 2394/2394/2394
f 2519/2519/2519 2518/2518/2518 2394/2394/2394
f 2519/2519/2519 2394/2394/2394 2392/2392/2392
f 2520/2520/2520 2519/2519/2519 2392/2392/2392
f 2520/2520/2520 2392/2392/2392 2390/2390/2390
f 2521/2521/2521 2520/2520/2520 2390/2390/2390
f 2521/2521/2521 2390/2390/2390 2388/2388/2388
f 2522/2522/2522 2521/2521/2521 2388/2388/2388
f 2522/2522/2522 2388/2388/2388 2386/2386/2386
f 2523/2523/2523 2522/2522/2522 2386/2386/2386
f 2523/2523/2523 2386/2386/2386 2384/2384/2384
f 2524/2524/2524 2523/2523/2523 2384/2384/2384
f 2524/2524/2524 2384/2384/2384 2382/2382/2382
f 2525/2525/2525 2524/2524/2524 2382/2382/2382
f 2525/2525/2525 2382/2382/2382 2379/2379/2379
f 2526/2526/2526 2527/2527/2527 2528/2528/2528
f 2526/2526/2526 2528/2528/2528 2376/2376/2376
f 2529/2529/2529 2526/2526/2526 2376/2376/2376
f 2529/2529/2529 2376/2376/2376 2373/2373/2373
f 2499/2499/2499 2529/2529/2529 2373/2373/2373
f 2499/2499/2499 2373/2373/2373 2372/2372/2372
f 2255/2255/2255 2460/2460/2460 2485/2485/2485
f 2255/2255/2255 2485/2485/2485 2256/2256/2256
f 2256/2256/2256 2485/2485/2485 2483/2483/2483
f 2256/2256/2256 2483/2483/2483 2265/2265/2265
f 2265/2265/2265 2483/2483/2483 2481/2481/2481
f 2265/2265/2265 2481/2481/2481 2267/2267/2267
f 2267/2267/2267 2481/2481/2481 2479/2479/2479
f 2267/2267/2267 2479/2479/2479 2269/2269/2269
f 2269/2269/2269 2479/2479/2479 2477/2477/2477
f 2269/2269/2269 2477/2477/2477 2272/2272/2272
f 2272/2272/2272 2477/2477/2477 2475/2475/2475
f 2272/2272/2272 2475/2475/2475 2277/2277/2277
f 2277/2277/2277 2475/2475/2475 2473/2473/2473
f 2277/2277/2277 2473/2473/2473 2279/2279/2279
f 2279/2279/2279 2473/2473/2473 2471/2471/2471
f 2279/2279/2279 2471/2471/2471 2281/2281/2281
f 2281/2281/2281 2471/2471/2471 2469/2469/2469
f 2281/2281/2281 2469/2469/2469 2371/2371/2371
f 2371/2371/2371 2469/2469/2469 2467/2467/2467
f 2371/2371/2371 2467/2467/2467 2370/2370/2370
f 2370/2370/2370 2467/2467/2467 2465/2465/2465
f 2370/2370/2370 2465/2465/2465 2273/2273/2273
f 2273/2273/2273 2465/2465/2465 2463/2463/2463
f 2273/2273/2273 2463/2463/2463 2263/2263/2263
f 2263/2263/2263 2463/2463/2463 2461/2461/2461
f 2263/2263/2263 2461/2461/2461 2261/2261/2261
f 2261/2261/2261 2461/2461/2461 2453/2453/2453
f 2261/2261/2261 2453/2453/2453 2257/2257/2257
f 2276/2276/2276 2458/2458/2458 2460/2460/2460
f 2276/2276/2276 2460/2460/2460 2255/2255/2255
f 2258/2258/2258 2456/2456/2456 2458/2458/2458
f 2258/2258/2258 2458/2458/2458 2276/2276/2276
f 2257/2257/2257 2453/2453/2453 2456/2456/2456
f 2257/2257/2257 2456/2456/2456 2258/2258/2258
f 2530/2530/2530 2472/2472/2472 2474/2474/2474
f 2530/2530/2530 2474/2474/2474 2531/2531/2531
f 2531/2531/2531 2474/2474/2474 2476/2476/2476
f 2531/2531/2531 2476/2476/2476 2532/2532/2532
f 2532/2532/2532 2476/2476/2476 2478/2478/2478
f 2532/2532/2532 2478/2478/2478 2450/2450/2450
f 2450/2450/2450 2478/2478/2478 2480/2480/2480
f 2450/2450/2450 2480/2480/2480 2451/2451/2451
f 2451/2451/2451 2480/2480/2480 2482/2482/2482
f 2451/2451/2451 2482/2482/2482 2452/2452/2452
f 2452/2452/2452 2482/2482/2482 2484/2484/2484
f 2452/2452/2452 2484/2484/2484 2533/2533/2533
f 2534/2534/2534 2486/2486/2486 2459/2459/2459
f 2534/2534/2534 2459/2459/2459 2535/2535/2535
f 2535/2535/2535 2459/2459/2459 2457/2457/2457
f 2535/2535/2535 2457/2457/2457 2536/2536/2536
f 2537/2537/2537 2470/2470/2470 2472/2472/2472
f 2537/2537/2537 2472/2472/2472 2530/2530/2530
f 2538/2538/2538 2468/2468/2468 2470/2470/2470
f 2538/2538/2538 2470/2470/2470 2537/2537/2537
f 2539/2539/2539 2466/2466/2466 2468/2468/2468
f 2539/2539/2539 2468/2468/2468 2538/2538/2538
f 2540/2540/2540 2464/2464/2464 2466/2466/2466
f 2540/2540/2540 2466/2466/2466 2539/2539/2539
f 2541/2541/2541 2462/2462/2462 2464/2464/2464
f 2541/2541/2541 2464/2464/2464 2540/2540/2540
f 2542/2542/2542 2454/2454/2454 2462/2462/2462
f 2542/2542/2542 2462/2462/2462 2541/2541/2541
f 2536/2536/2536 2457/2457/2457 2455/2455/2455
f 2536/2536/2536 2455/2455/2455 2543/2543/2543
f 2543/2543/2543 2455/2455/2455 2454/2454/2454
f 2543/2543/2543 2454/2454/2454 2542/2542/2542
f 2533/2533/2533 2484/2484/2484 2486/2486/2486
f 2533/2533/2533 2486/2486/2486 2534/2534/2534
f 2254/2254/2254 2253/2253/2253 2529/2529/2529
f 2254/2254/2254 2529/2529/2529 2499/2499/2499
f 2253/2253/2253 2266/2266/2266 2526/2526/2526
f 2253/2253/2253 2526/2526/2526 2529/2529/2529
f 2266/2266/2266 2268/2268/2268 2527/2527/2527
f 2266/2266/2266 2527/2527/2527 2526/2526/2526
f 2544/2544/2544 2545/2545/2545 2524/2524/2524
f 2544/2544/2544 2524/2524/2524 2525/2525/2525
f 2545/2545/2545 2546/2546/2546 2523/2523/2523
f 2545/2545/2545 2523/2523/2523 2524/2524/2524
f 2546/2546/2546 2288/2288/2288 2522/2522/2522
f 2546/2546/2546 2522/2522/2522 2523/2523/2523
f 2288/2288/2288 2287/2287/2287 2521/2521/2521
f 2288/2288/2288 2521/2521/2521 2522/2522/2522
f 2287/2287/2287 2294/2294/2294 2520/2520/2520
f 2287/2287/2287 2520/2520/2520 2521/2521/2521
f 2294/2294/2294 2302/2302/2302 2519/2519/2519
f 2294/2294/2294 2519/2519/2519 2520/2520/2520
f 2302/2302/2302 2307/2307/2307 2518/2518/2518
f 2302/2302/2302 2518/2518/2518 2519/2519/2519
f 2307/2307/2307 2313/2313/2313 2517/2517/2517
f 2307/2307/2307 2517/2517/2517 2518/2518/2518
f 2313/2313/2313 2547/2547/2547 2516/2516/2516
f 2313/2313/2313 2516/2516/2516 2517/2517/2517
f 2547/2547/2547 2548/2548/2548 2514/2514/2514
f 2547/2547/2547 2514/2514/2514 2516/2516/2516
f 2548/2548/2548 2549/2549/2549 2515/2515/2515
f 2548/2548/2548 2515/2515/2515 2514/2514/2514
f 2327/2327/2327 2328/2328/2328 2511/2511/2511
f 2327/2327/2327 2511/2511/2511 2512/2512/2512
f 2328/2328/2328 2329/2329/2329 2510/2510/2510
f 2328/2328/2328 2510/2510/2510 2511/2511/2511
f 2329/2329/2329 2330/2330/2330 2509/2509/2509
f 2329/2329/2329 2509/2509/2509 2510/2510/2510
f 2330/2330/2330 2335/2335/2335 2508/2508/2508
f 2330/2330/2330 2508/2508/2508 2509/2509/2509
f 2335/2335/2335 2333/2333/2333 2507/2507/2507
f 2335/2335/2335 2507/2507/2507 2508/2508/2508
f 2333/2333/2333 2332/2332/2332 2500/2500/2500
f 2333/2333/2333 2500/2500/2500 2507/2507/2507
f 2347/2347/2347 2346/2346/2346 2506/2506/2506
f 2347/2347/2347 2506/2506/2506 2488/2488/2488
f 2346/2346/2346 2352/2352/2352 2505/2505/2505
f 2346/2346/2346 2505/2505/2505 2506/2506/2506
f 2352/2352/2352 2356/2356/2356 2489/2489/2489
f 2352/2352/2352 2489/2489/2489 2505/2505/2505
f 2550/2550/2550 2551/2551/2551 2487/2487/2487
f 2550/2550/2550 2487/2487/2487 2504/2504/2504
f 2331/2331/2331 2337/2337/2337 2502/2502/2502
f 2331/2331/2331 2502/2502/2502 2501/2501/2501
f 2332/2332/2332 2331/2331/2331 2501/2501/2501
f 2332/2332/2332 2501/2501/2501 2500/2500/2500
f 2275/2275/2275 2254/2254/2254 2499/2499/2499
f 2275/2275/2275 2499/2499/2499 2498/2498/2498
f 2259/2259/2259 2275/2275/2275 2498/2498/2498
f 2259/2259/2259 2498/2498/2498 2497/2497/2497
f 2260/2260/2260 2259/2259/2259 2497/2497/2497
f 2260/2260/2260 2497/2497/2497 2495/2495/2495
f 2262/2262/2262 2260/2260/2260 2495/2495/2495
f 2262/2262/2262 2495/2495/2495 2494/2494/2494
f 2552/2552/2552 2553/2553/2553 2493/2493/2493
f 2552/2552/2552 2493/2493/2493 2492/2492/2492
f 2366/2366/2366 2552/2552/2552 2492/2492/2492
f 2366/2366/2366 2492/2492/2492 2491/2491/2491
f 2360/2360/2360 2366/2366/2366 2491/2491/2491
f 2360/2360/2360 2491/2491/2491 2490/2490/2490
f 2356/2356/2356 2360/2360/2360 2490/2490/2490
f 2356/2356/2356 2490/2490/2490 2489/2489/2489
f 2551/2551/2551 2347/2347/2347 2488/2488/2488
f 2551/2551/2551 2488/2488/2488 2487/2487/2487
f 2537/2537/2537 2530/2530/2530 2535/2535/2535
f 2537/2537/2537 2535/2535/2535 2536/2536/2536
f 2538/2538/2538 2537/2537/2537 2536/2536/2536
f 2538/2538/2538 2536/2536/2536 2543/2543/2543
f 2539/2539/2539 2538/2538/2538 2543/2543/2543
f 2539/2539/2539 2543/2543/2543 2542/2542/2542
f 2540/2540/2540 2539/2539/2539 2542/2542/2542
f 2540/2540/2540 2542/2542/2542 2541/2541/2541
f 2530/2530/2530 2531/2531/2531 2534/2534/2534
f 2530/2530/2530 2534/2534/2534 2535/2535/2535
f 2531/2531/2531 2532/2532/2532 2533/2533/2533
f 2531/2531/2531 2533/2533/2533 2534/2534/2534
f 2532/2532/2532 2450/2450/2450 2452/2452/2452
f 2532/2532/2532 2452/2452/2452 2533/2533/2533
f 2554/2554/2554 2555/2555/2555 2556/2556/2556
f 2554/2554/2554 2556/2556/2556 2557/2557/2557
f 2558/2558/2558 2559/2559/2559 2560/2560/2560
f 2558/2558/2558 2560/2560/2560 2561/2561/2561
f 2562/2562/2562 2563/2563/2563 2559/2559/2559
f 2562/2562/2562 2559/2559/2559 2558/2558/2558
f 2564/2564/2564 2565/2565/2565 2563/2563/2563
f 2564/2564/2564 2563/2563/2563 2562/2562/2562
f 2555/2555/2555 2554/2554/2554 2566/2566/2566
f 2555/2555/2555 2566/2566/2566 2567/2567/2567
f 2567/2567/2567 2566/2566/2566 2568/2568/2568
f 2567/2567/2567 2568/2568/2568 2569/2569/2569
f 2569/2569/2569 2568/2568/2568 2570/2570/2570
f 2569/2569/2569 2570/2570/2570 2571/2571/2571
f 2572/2572/2572 2573/2573/2573 2571/2571/2571
f 2572/2572/2572 2571/2571/2571 2570/2570/2570
f 2574/2574/2574 2575/2575/2575 2565/2565/2565
f 2574/2574/2574 2565/2565/2565 2564/2564/2564
f 2576/2576/2576 2577/2577/2577 2561/2561/2561
f 2576/2576/2576 2561/2561/2561 2560/2560/2560
f 2577/2577/2577 2576/2576/2576 2557/2557/2557
f 2577/2577/2577 2557/2557/2557 2556/2556/2556
f 2572/2572/2572 2578/2578/2578 2579/2579/2579
f 2572/2572/2572 2579/2579/2579 2573/2573/2573
f 2578/2578/2578 2580/2580/2580 2581/2581/2581
f 2578/2578/2578 2581/2581/2581 2579/2579/2579
f 2580/2580/2580 2582/2582/2582 2583/2583/2583
f 2580/2580/2580 2583/2583/2583 2581/2581/2581
f 2584/2584/2584 2585/2585/2585 2578/2578/2578
f 2584/2584/2584 2578/2578/2578 2572/2572/2572
f 2585/2585/2585 2586/2586/2586 2580/2580/2580
f 2585/2585/2585 2580/2580/2580 2578/2578/2578
f 2586/2586/2586 2587/2587/2587 2582/2582/2582
f 2586/2586/2586 2582/2582/2582 2580/2580/2580
f 2588/2588/2588 2589/2589/2589 2590/2590/2590
f 2588/2588/2588 2590/2590/2590 2591/2591/2591
f 2592/2592/2592 2593/2593/2593 2586/2586/2586
f 2592/2592/2592 2586/2586/2586 2585/2585/2585
f 2593/2593/2593 2594/2594/2594 2587/2587/2587
f 2593/2593/2593 2587/2587/2587 2586/2586/2586
f 2595/2595/2595 2596/2596/2596 2589/2589/2589
f 2595/2595/2595 2589/2589/2589 2588/2588/2588
f 2596/2596/2596 2597/2597/2597 2598/2598/2598
f 2596/2596/2596 2598/2598/2598 2589/2589/2589
f 2599/2599/2599 2600/2600/2600 2601/2601/2601
f 2599/2599/2599 2601/2601/2601 2602/2602/2602
f 2603/2603/2603 2604/2604/2604 2596/2596/2596
f 2603/2603/2603 2596/2596/2596 2595/2595/2595
f 2604/2604/2604 2605/2605/2605 2597/2597/2597
f 2604/2604/2604 2597/2597/2597 2596/2596/2596
f 2606/2606/2606 2607/2607/2607 2600/2600/2600
f 2606/2606/2606 2600/2600/2600 2599/2599/2599
f 2608/2608/2608 2609/2609/2609 2604/2604/2604
f 2608/2608/2608 2604/2604/2604 2603/2603/2603
f 2610/2610/2610 2611/2611/2611 2606/2606/2606
f 2610/2610/2610 2606/2606/2606 2612/2612/2612
f 2611/2611/2611 2613/2613/2613 2607/2607/2607
f 2611/2611/2611 2607/2607/2607 2606/2606/2606
f 2614/2614/2614 2615/2615/2615 2609/2609/2609
f 2614/2614/2614 2609/2609/2609 2608/2608/2608
f 2616/2616/2616 2617/2617/2617 2611/2611/2611
f 2616/2616/2616 2611/2611/2611 2610/2610/2610
f 2617/2617/2617 2618/2618/2618 2613/2613/2613
f 2617/2617/2617 2613/2613/2613 2611/2611/2611
f 2619/2619/2619 2620/2620/2620 2616/2616/2616
f 2619/2619/2619 2616/2616/2616 2621/2621/2621
f 2620/2620/2620 2622/2622/2622 2617/2617/2617
f 2620/2620/2620 2617/2617/2617 2616/2616/2616
f 2622/2622/2622 2623/2623/2623 2618/2618/2618
f 2622/2622/2622 2618/2618/2618 2617/2617/2617
f 2624/2624/2624 2625/2625/2625 2620/2620/2620
f 2624/2624/2624 2620/2620/2620 2619/2619/2619
f 2625/2625/2625 2626/2626/2626 2622/2622/2622
f 2625/2625/2625 2622/2622/2622 2620/2620/2620
f 2626/2626/2626 2627/2627/2627 2623/2623/2623
f 2626/2626/2626 2623/2623/2623 2622/2622/2622
f 2628/2628/2628 2629/2629/2629 2625/2625/2625
f 2628/2628/2628 2625/2625/2625 2624/2624/2624
f 2629/2629/2629 2630/2630/2630 2626/2626/2626
f 2629/2629/2629 2626/2626/2626 2625/2625/2625
f 2630/2630/2630 2631/2631/2631 2627/2627/2627
f 2630/2630/2630 2627/2627/2627 2626/2626/2626
f 2632/2632/2632 2633/2633/2633 2634/2634/2634
f 2632/2632/2632 2634/2634/2634 2635/2635/2635
f 2633/2633/2633 2636/2636/2636 2637/2637/2637
f 2633/2633/2633 2637/2637/2637 2634/2634/2634
f 2636/2636/2636 2627/2627/2627 2631/2631/2631
f 2636/2636/2636 2631/2631/2631 2637/2637/2637
f 2638/2638/2638 2639/2639/2639 2633/2633/2633
f 2638/2638/2638 2633/2633/2633 2632/2632/2632
f 2639/2639/2639 2640/2640/2640 2636/2636/2636
f 2639/2639/2639 2636/2636/2636 2633/2633/2633
f 2640/2640/2640 2623/2623/2623 2627/2627/2627
f 2640/2640/2640 2627/2627/2627 2636/2636/2636
f 2641/2641/2641 2642/2642/2642 2639/2639/2639
f 2641/2641/2641 2639/2639/2639 2638/2638/2638
f 2642/2642/2642 2643/2643/2643 2640/2640/2640
f 2642/2642/2642 2640/2640/2640 2639/2639/2639
f 2643/2643/2643 2618/2618/2618 2623/2623/2623
f 2643/2643/2643 2623/2623/2623 2640/2640/2640
f 2644/2644/2644 2645/2645/2645 2642/2642/2642
f 2644/2644/2644 2642/2642/2642 2641/2641/2641
f 2645/2645/2645 2646/2646/2646 2643/2643/2643
f 2645/2645/2645 2643/2643/2643 2642/2642/2642
f 2646/2646/2646 2613/2613/2613 2618/2618/2618
f 2646/2646/2646 2618/2618/2618 2643/2643/2643
f 2647/2647/2647 2648/2648/2648 2649/2649/2649
f 2647/2647/2647 2649/2649/2649 2650/2650/2650
f 2651/2651/2651 2652/2652/2652 2646/2646/2646
f 2651/2651/2651 2646/2646/2646 2645/2645/2645
f 2652/2652/2652 2607/2607/2607 2613/2613/2613
f 2652/2652/2652 2613/2613/2613 2646/2646/2646
f 2653/2653/2653 2654/2654/2654 2648/2648/2648
f 2653/2653/2653 2648/2648/2648 2647/2647/2647
f 2655/2655/2655 2656/2656/2656 2652/2652/2652
f 2655/2655/2655 2652/2652/2652 2651/2651/2651
f 2656/2656/2656 2600/2600/2600 2607/2607/2607
f 2656/2656/2656 2607/2607/2607 2652/2652/2652
f 2657/2657/2657 2658/2658/2658 2654/2654/2654
f 2657/2657/2657 2654/2654/2654 2653/2653/2653
f 2659/2659/2659 2660/2660/2660 2656/2656/2656
f 2659/2659/2659 2656/2656/2656 2655/2655/2655
f 2660/2660/2660 2601/2601/2601 2600/2600/2600
f 2660/2660/2660 2600/2600/2600 2656/2656/2656
f 2661/2661/2661 2662/2662/2662 2658/2658/2658
f 2661/2661/2661 2658/2658/2658 2657/2657/2657
f 2663/2663/2663 2664/2664/2664 2665/2665/2665
f 2663/2663/2663 2665/2665/2665 2666/2666/2666
f 2664/2664/2664 2587/2587/2587 2594/2594/2594
f 2664/2664/2664 2594/2594/2594 2665/2665/2665
f 2667/2667/2667 2668/2668/2668 2662/2662/2662
f 2667/2667/2667 2662/2662/2662 2661/2661/2661
f 2669/2669/2669 2670/2670/2670 2664/2664/2664
f 2669/2669/2669 2664/2664/2664 2663/2663/2663
f 2670/2670/2670 2582/2582/2582 2587/2587/2587
f 2670/2670/2670 2587/2587/2587 2664/2664/2664
f 2574/2574/2574 2671/2671/2671 2669/2669/2669
f 2574/2574/2574 2669/2669/2669 2575/2575/2575
f 2671/2671/2671 2672/2672/2672 2670/2670/2670
f 2671/2671/2671 2670/2670/2670 2669/2669/2669
f 2672/2672/2672 2583/2583/2583 2582/2582/2582
f 2672/2672/2672 2582/2582/2582 2670/2670/2670
f 2673/2673/2673 2674/2674/2674 2675/2675/2675
f 2673/2673/2673 2675/2675/2675 2676/2676/2676
f 2676/2676/2676 2675/2675/2675 2677/2677/2677
f 2676/2676/2676 2677/2677/2677 2678/2678/2678
f 2679/2679/2679 2680/2680/2680 2681/2681/2681
f 2679/2679/2679 2681/2681/2681 2682/2682/2682
f 2682/2682/2682 2681/2681/2681 2683/2683/2683
f 2682/2682/2682 2683/2683/2683 2684/2684/2684
f 2684/2684/2684 2683/2683/2683 2685/2685/2685
f 2684/2684/2684 2685/2685/2685 2686/2686/2686
f 2686/2686/2686 2685/2685/2685 2687/2687/2687
f 2686/2686/2686 2687/2687/2687 2688/2688/2688
f 2688/2688/2688 2687/2687/2687 2689/2689/2689
f 2688/2688/2688 2689/2689/2689 2690/2690/2690
f 2690/2690/2690 2689/2689/2689 2691/2691/2691
f 2690/2690/2690 2691/2691/2691 2692/2692/2692
f 2692/2692/2692 2691/2691/2691 2693/2693/2693
f 2692/2692/2692 2693/2693/2693 2694/2694/2694
f 2694/2694/2694 2693/2693/2693 2695/2695/2695
f 2694/2694/2694 2695/2695/2695 2696/2696/2696
f 2696/2696/2696 2695/2695/2695 2697/2697/2697
f 2696/2696/2696 2697/2697/2697 2698/2698/2698
f 2698/2698/2698 2697/2697/2697 2699/2699/2699
f 2698/2698/2698 2699/2699/2699 2700/2700/2700
f 2700/2700/2700 2699/2699/2699 2701/2701/2701
f 2700/2700/2700 2701/2701/2701 2702/2702/2702
f 2702/2702/2702 2701/2701/2701 2703/2703/2703
f 2702/2702/2702 2703/2703/2703 2704/2704/2704
f 2704/2704/2704 2703/2703/2703 2705/2705/2705
f 2704/2704/2704 2705/2705/2705 2706/2706/2706
f 2707/2707/2707 2708/2708/2708 2709/2709/2709
f 2707/2707/2707 2709/2709/2709 2710/2710/2710
f 2710/2710/2710 2709/2709/2709 2711/2711/2711
f 2710/2710/2710 2711/2711/2711 2712/2712/2712
f 2712/2712/2712 2711/2711/2711 2713/2713/2713
f 2712/2712/2712 2713/2713/2713 2714/2714/2714
f 2714/2714/2714 2713/2713/2713 2715/2715/2715
f 2714/2714/2714 2715/2715/2715 2716/2716/2716
f 2716/2716/2716 2715/2715/2715 2717/2717/2717
f 2716/2716/2716 2717/2717/2717 2718/2718/2718
f 2719/2719/2719 2720/2720/2720 2721/2721/2721
f 2719/2719/2719 2721/2721/2721 2722/2722/2722
f 2722/2722/2722 2721/2721/2721 2723/2723/2723
f 2722/2722/2722 2723/2723/2723 2724/2724/2724
f 2724/2724/2724 2723/2723/2723 2725/2725/2725
f 2724/2724/2724 2725/2725/2725 2726/2726/2726
f 2727/2727/2727 2728/2728/2728 2729/2729/2729
f 2727/2727/2727 2729/2729/2729 2730/2730/2730
f 2731/2731/2731 2732/2732/2732 2728/2728/2728
f 2731/2731/2731 2728/2728/2728 2727/2727/2727
f 2718/2718/2718 2717/2717/2717 2733/2733/2733
f 2718/2718/2718 2733/2733/2733 2734/2734/2734
f 2735/2735/2735 2736/2736/2736 2674/2674/2674
f 2735/2735/2735 2674/2674/2674 2673/2673/2673
f 2737/2737/2737 2738/2738/2738 2736/2736/2736
f 2737/2737/2737 2736/2736/2736 2735/2735/2735
f 2739/2739/2739 2740/2740/2740 2738/2738/2738
f 2739/2739/2739 2738/2738/2738 2737/2737/2737
f 2741/2741/2741 2742/2742/2742 2743/2743/2743
f 2741/2741/2741 2743/2743/2743 2744/2744/2744
f 2745/2745/2745 2746/2746/2746 2742/2742/2742
f 2745/2745/2745 2742/2742/2742 2741/2741/2741
f 2747/2747/2747 2748/2748/2748 2746/2746/2746
f 2747/2747/2747 2746/2746/2746 2745/2745/2745
f 2749/2749/2749 2750/2750/2750 2748/2748/2748
f 2749/2749/2749 2748/2748/2748 2747/2747/2747
f 2726/2726/2726 2725/2725/2725 2750/2750/2750
f 2726/2726/2726 2750/2750/2750 2749/2749/2749
f 2730/2730/2730 2729/2729/2729 2720/2720/2720
f 2730/2730/2730 2720/2720/2720 2719/2719/2719
f 2751/2751/2751 2752/2752/2752 2753/2753/2753
f 2751/2751/2751 2753/2753/2753 2754/2754/2754
f 2755/2755/2755 2756/2756/2756 2757/2757/2757
f 2755/2755/2755 2757/2757/2757 2758/2758/2758
f 2756/2756/2756 2759/2759/2759 2760/2760/2760
f 2756/2756/2756 2760/2760/2760 2757/2757/2757
f 2759/2759/2759 2761/2761/2761 2762/2762/2762
f 2759/2759/2759 2762/2762/2762 2760/2760/2760
f 2763/2763/2763 2755/2755/2755 2758/2758/2758
f 2763/2763/2763 2758/2758/2758 2764/2764/2764
f 2765/2765/2765 2763/2763/2763 2764/2764/2764
f 2765/2765/2765 2764/2764/2764 2766/2766/2766
f 2767/2767/2767 2765/2765/2765 2766/2766/2766
f 2767/2767/2767 2766/2766/2766 2768/2768/2768
f 2769/2769/2769 2767/2767/2767 2768/2768/2768
f 2769/2769/2769 2768/2768/2768 2770/2770/2770
f 2771/2771/2771 2769/2769/2769 2770/2770/2770
f 2771/2771/2771 2770/2770/2770 2772/2772/2772
f 2773/2773/2773 2771/2771/2771 2772/2772/2772
f 2773/2773/2773 2772/2772/2772 2774/2774/2774
f 2775/2775/2775 2773/2773/2773 2774/2774/2774
f 2775/2775/2775 2774/2774/2774 2776/2776/2776
f 2777/2777/2777 2775/2775/2775 2776/2776/2776
f 2777/2777/2777 2776/2776/2776 2778/2778/2778
f 2779/2779/2779 2777/2777/2777 2778/2778/2778
f 2779/2779/2779 2778/2778/2778 2780/2780/2780
f 2781/2781/2781 2779/2779/2779 2780/2780/2780
f 2781/2781/2781 2780/2780/2780 2782/2782/2782
f 2783/2783/2783 2781/2781/2781 2782/2782/2782
f 2783/2783/2783 2782/2782/2782 2784/2784/2784
f 2785/2785/2785 2783/2783/2783 2784/2784/2784
f 2785/2785/2785 2784/2784/2784 2786/2786/2786
f 2787/2787/2787 2785/2785/2785 2786/2786/2786
f 2787/2787/2787 2786/2786/2786 2788/2788/2788
f 2761/2761/2761 2787/2787/2787 2788/2788/2788
f 2761/2761/2761 2788/2788/2788 2762/2762/2762
f 2789/2789/2789 2730/2730/2730 2719/2719/2719
f 2789/2789/2789 2719/2719/2719 2790/2790/2790
f 2791/2791/2791 2726/2726/2726 2749/2749/2749
f 2791/2791/2791 2749/2749/2749 2792/2792/2792
f 2792/2792/2792 2749/2749/2749 2747/2747/2747
f 2792/2792/2792 2747/2747/2747 2793/2793/2793
f 2793/2793/2793 2747/2747/2747 2745/2745/2745
f 2793/2793/2793 2745/2745/2745 2794/2794/2794
f 2794/2794/2794 2745/2745/2745 2741/2741/2741
f 2794/2794/2794 2741/2741/2741 2795/2795/2795
f 2796/2796/2796 2797/2797/2797 2739/2739/2739
f 2796/2796/2796 2739/2739/2739 2798/2798/2798
f 2798/2798/2798 2739/2739/2739 2737/2737/2737
f 2798/2798/2798 2737/2737/2737 2799/2799/2799
f 2799/2799/2799 2737/2737/2737 2735/2735/2735
f 2799/2799/2799 2735/2735/2735 2800/2800/2800
f 2800/2800/2800 2735/2735/2735 2673/2673/2673
f 2800/2800/2800 2673/2673/2673 2801/2801/2801
f 2802/2802/2802 2718/2718/2718 2734/2734/2734
f 2802/2802/2802 2734/2734/2734 2803/2803/2803
f 2803/2803/2803 2734/2734/2734 2804/2804/2804
f 2803/2803/2803 2804/2804/2804 2805/2805/2805
f 2806/2806/2806 2727/2727/2727 2730/2730/2730
f 2806/2806/2806 2730/2730/2730 2789/2789/2789
f 2807/2807/2807 2724/2724/2724 2726/2726/2726
f 2807/2807/2807 2726/2726/2726 2791/2791/2791
f 2808/2808/2808 2722/2722/2722 2724/2724/2724
f 2808/2808/2808 2724/2724/2724 2807/2807/2807
f 2790/2790/2790 2719/2719/2719 2722/2722/2722
f 2790/2790/2790 2722/2722/2722 2808/2808/2808
f 2809/2809/2809 2716/2716/2716 2718/2718/2718
f 2809/2809/2809 2718/2718/2718 2802/2802/2802
f 2810/2810/2810 2714/2714/2714 2716/2716/2716
f 2810/2810/2810 2716/2716/2716 2809/2809/2809
f 2811/2811/2811 2712/2712/2712 2714/2714/2714
f 2811/2811/2811 2714/2714/2714 2810/2810/2810
f 2812/2812/2812 2710/2710/2710 2712/2712/2712
f 2812/2812/2812 2712/2712/2712 2811/2811/2811
f 2813/2813/2813 2707/2707/2707 2710/2710/2710
f 2813/2813/2813 2710/2710/2710 2812/2812/2812
f 2814/2814/2814 2815/2815/2815 2707/2707/2707
f 2814/2814/2814 2707/2707/2707 2813/2813/2813
f 2816/2816/2816 2817/2817/2817 2815/2815/2815
f 2816/2816/2816 2815/2815/2815 2814/2814/2814
f 2818/2818/2818 2700/2700/2700 2702/2702/2702
f 2818/2818/2818 2702/2702/2702 2819/2819/2819
f 2820/2820/2820 2698/2698/2698 2700/2700/2700
f 2820/2820/2820 2700/2700/2700 2818/2818/2818
f 2821/2821/2821 2696/2696/2696 2698/2698/2698
f 2821/2821/2821 2698/2698/2698 2820/2820/2820
f 2822/2822/2822 2694/2694/2694 2696/2696/2696
f 2822/2822/2822 2696/2696/2696 2821/2821/2821
f 2823/2823/2823 2692/2692/2692 2694/2694/2694
f 2823/2823/2823 2694/2694/2694 2822/2822/2822
f 2824/2824/2824 2690/2690/2690 2692/2692/2692
f 2824/2824/2824 2692/2692/2692 2823/2823/2823
f 2825/2825/2825 2688/2688/2688 2690/2690/2690
f 2825/2825/2825 2690/2690/2690 2824/2824/2824
f 2826/2826/2826 2686/2686/2686 2688/2688/2688
f 2826/2826/2826 2688/2688/2688 2825/2825/2825
f 2827/2827/2827 2684/2684/2684 2686/2686/2686
f 2827/2827/2827 2686/2686/2686 2826/2826/2826
f 2828/2828/2828 2682/2682/2682 2684/2684/2684
f 2828/2828/2828 2684/2684/2684 2827/2827/2827
f 2829/2829/2829 2678/2678/2678 2830/2830/2830
f 2829/2829/2829 2830/2830/2830 2831/2831/2831
f 2832/2832/2832 2676/2676/2676 2678/2678/2678
f 2832/2832/2832 2678/2678/2678 2829/2829/2829
f 2801/2801/2801 2673/2673/2673 2676/2676/2676
f 2801/2801/2801 2676/2676/2676 2832/2832/2832
f 2556/2556/2556 2555/2555/2555 2787/2787/2787
f 2556/2556/2556 2787/2787/2787 2761/2761/2761
f 2555/2555/2555 2567/2567/2567 2785/2785/2785
f 2555/2555/2555 2785/2785/2785 2787/2787/2787
f 2567/2567/2567 2569/2569/2569 2783/2783/2783
f 2567/2567/2567 2783/2783/2783 2785/2785/2785
f 2569/2569/2569 2571/2571/2571 2781/2781/2781
f 2569/2569/2569 2781/2781/2781 2783/2783/2783
f 2571/2571/2571 2573/2573/2573 2779/2779/2779
f 2571/2571/2571 2779/2779/2779 2781/2781/2781
f 2573/2573/2573 2579/2579/2579 2777/2777/2777
f 2573/2573/2573 2777/2777/2777 2779/2779/2779
f 2579/2579/2579 2581/2581/2581 2775/2775/2775
f 2579/2579/2579 2775/2775/2775 2777/2777/2777
f 2581/2581/2581 2583/2583/2583 2773/2773/2773
f 2581/2581/2581 2773/2773/2773 2775/2775/2775
f 2583/2583/2583 2672/2672/2672 2771/2771/2771
f 2583/2583/2583 2771/2771/2771 2773/2773/2773
f 2672/2672/2672 2671/2671/2671 2769/2769/2769
f 2672/2672/2672 2769/2769/2769 2771/2771/2771
f 2671/2671/2671 2574/2574/2574 2767/2767/2767
f 2671/2671/2671 2767/2767/2767 2769/2769/2769
f 2574/2574/2574 2564/2564/2564 2765/2765/2765
f 2574/2574/2574 2765/2765/2765 2767/2767/2767
f 2564/2564/2564 2562/2562/2562 2763/2763/2763
f 2564/2564/2564 2763/2763/2763 2765/2765/2765
f 2562/2562/2562 2558/2558/2558 2755/2755/2755
f 2562/2562/2562 2755/2755/2755 2763/2763/2763
f 2577/2577/2577 2556/2556/2556 2761/2761/2761
f 2577/2577/2577 2761/2761/2761 2759/2759/2759
f 2561/2561/2561 2577/2577/2577 2759/2759/2759
f 2561/2561/2561 2759/2759/2759 2756/2756/2756
f 2558/2558/2558 2561/2561/2561 2756/2756/2756
f 2558/2558/2558 2756/2756/2756 2755/2755/2755
f 2833/2833/2833 2834/2834/2834 2776/2776/2776
f 2833/2833/2833 2776/2776/2776 2774/2774/2774
f 2834/2834/2834 2835/2835/2835 2778/2778/2778
f 2834/2834/2834 2778/2778/2778 2776/2776/2776
f 2835/2835/2835 2751/2751/2751 2780/2780/2780
f 2835/2835/2835 2780/2780/2780 2778/2778/2778
f 2751/2751/2751 2754/2754/2754 2782/2782/2782
f 2751/2751/2751 2782/2782/2782 2780/2780/2780
f 2754/2754/2754 2753/2753/2753 2784/2784/2784
f 2754/2754/2754 2784/2784/2784 2782/2782/2782
f 2753/2753/2753 2752/2752/2752 2786/2786/2786
f 2753/2753/2753 2786/2786/2786 2784/2784/2784
f 2836/2836/2836 2837/2837/2837 2762/2762/2762
f 2836/2836/2836 2762/2762/2762 2788/2788/2788
f 2837/2837/2837 2838/2838/2838 2760/2760/2760
f 2837/2837/2837 2760/2760/2760 2762/2762/2762
f 2839/2839/2839 2833/2833/2833 2774/2774/2774
f 2839/2839/2839 2774/2774/2774 2772/2772/2772
f 2840/2840/2840 2839/2839/2839 2772/2772/2772
f 2840/2840/2840 2772/2772/2772 2770/2770/2770
f 2841/2841/2841 2840/2840/2840 2770/2770/2770
f 2841/2841/2841 2770/2770/2770 2768/2768/2768
f 2842/2842/2842 2841/2841/2841 2768/2768/2768
f 2842/2842/2842 2768/2768/2768 2766/2766/2766
f 2843/2843/2843 2842/2842/2842 2766/2766/2766
f 2843/2843/2843 2766/2766/2766 2764/2764/2764
f 2844/2844/2844 2843/2843/2843 2764/2764/2764
f 2844/2844/2844 2764/2764/2764 2758/2758/2758
f 2838/2838/2838 2845/2845/2845 2757/2757/2757
f 2838/2838/2838 2757/2757/2757 2760/2760/2760
f 2845/2845/2845 2844/2844/2844 2758/2758/2758
f 2845/2845/2845 2758/2758/2758 2757/2757/2757
f 2752/2752/2752 2836/2836/2836 2788/2788/2788
f 2752/2752/2752 2788/2788/2788 2786/2786/2786
f 2557/2557/2557 2801/2801/2801 2832/2832/2832
f 2557/2557/2557 2832/2832/2832 2554/2554/2554
f 2554/2554/2554 2832/2832/2832 2829/2829/2829
f 2554/2554/2554 2829/2829/2829 2566/2566/2566
f 2566/2566/2566 2829/2829/2829 2831/2831/2831
f 2566/2566/2566 2831/2831/2831 2568/2568/2568
f 2846/2846/2846 2828/2828/2828 2827/2827/2827
f 2846/2846/2846 2827/2827/2827 2847/2847/2847
f 2847/2847/2847 2827/2827/2827 2826/2826/2826
f 2847/2847/2847 2826/2826/2826 2848/2848/2848
f 2848/2848/2848 2826/2826/2826 2825/2825/2825
f 2848/2848/2848 2825/2825/2825 2591/2591/2591
f 2591/2591/2591 2825/2825/2825 2824/2824/2824
f 2591/2591/2591 2824/2824/2824 2588/2588/2588
f 2588/2588/2588 2824/2824/2824 2823/2823/2823
f 2588/2588/2588 2823/2823/2823 2595/2595/2595
f 2595/2595/2595 2823/2823/2823 2822/2822/2822
f 2595/2595/2595 2822/2822/2822 2603/2603/2603
f 2603/2603/2603 2822/2822/2822 2821/2821/2821
f 2603/2603/2603 2821/2821/2821 2608/2608/2608
f 2608/2608/2608 2821/2821/2821 2820/2820/2820
f 2608/2608/2608 2820/2820/2820 2614/2614/2614
f 2614/2614/2614 2820/2820/2820 2818/2818/2818
f 2614/2614/2614 2818/2818/2818 2849/2849/2849
f 2849/2849/2849 2818/2818/2818 2819/2819/2819
f 2849/2849/2849 2819/2819/2819 2850/2850/2850
f 2850/2850/2850 2819/2819/2819 2851/2851/2851
f 2850/2850/2850 2851/2851/2851 2852/2852/2852
f 2628/2628/2628 2814/2814/2814 2813/2813/2813
f 2628/2628/2628 2813/2813/2813 2629/2629/2629
f 2629/2629/2629 2813/2813/2813 2812/2812/2812
f 2629/2629/2629 2812/2812/2812 2630/2630/2630
f 2630/2630/2630 2812/2812/2812 2811/2811/2811
f 2630/2630/2630 2811/2811/2811 2631/2631/2631
f 2631/2631/2631 2811/2811/2811 2810/2810/2810
f 2631/2631/2631 2810/2810/2810 2637/2637/2637
f 2637/2637/2637 2810/2810/2810 2809/2809/2809
f 2637/2637/2637 2809/2809/2809 2634/2634/2634
f 2634/2634/2634 2809/2809/2809 2802/2802/2802
f 2634/2634/2634 2802/2802/2802 2635/2635/2635
f 2650/2650/2650 2790/2790/2790 2808/2808/2808
f 2650/2650/2650 2808/2808/2808 2647/2647/2647
f 2647/2647/2647 2808/2808/2808 2807/2807/2807
f 2647/2647/2647 2807/2807/2807 2653/2653/2653
f 2653/2653/2653 2807/2807/2807 2791/2791/2791
f 2653/2653/2653 2791/2791/2791 2657/2657/2657
f 2853/2853/2853 2806/2806/2806 2789/2789/2789
f 2853/2853/2853 2789/2789/2789 2854/2854/2854
f 2632/2632/2632 2803/2803/2803 2805/2805/2805
f 2632/2632/2632 2805/2805/2805 2638/2638/2638
f 2635/2635/2635 2802/2802/2802 2803/2803/2803
f 2635/2635/2635 2803/2803/2803 2632/2632/2632
f 2576/2576/2576 2800/2800/2800 2801/2801/2801
f 2576/2576/2576 2801/2801/2801 2557/2557/2557
f 2560/2560/2560 2799/2799/2799 2800/2800/2800
f 2560/2560/2560 2800/2800/2800 2576/2576/2576
f 2559/2559/2559 2798/2798/2798 2799/2799/2799
f 2559/2559/2559 2799/2799/2799 2560/2560/2560
f 2563/2563/2563 2796/2796/2796 2798/2798/2798
f 2563/2563/2563 2798/2798/2798 2559/2559/2559
f 2855/2855/2855 2794/2794/2794 2795/2795/2795
f 2855/2855/2855 2795/2795/2795 2856/2856/2856
f 2667/2667/2667 2793/2793/2793 2794/2794/2794
f 2667/2667/2667 2794/2794/2794 2855/2855/2855
f 2661/2661/2661 2792/2792/2792 2793/2793/2793
f 2661/2661/2661 2793/2793/2793 2667/2667/2667
f 2657/2657/2657 2791/2791/2791 2792/2792/2792
f 2657/2657/2657 2792/2792/2792 2661/2661/2661
f 2854/2854/2854 2789/2789/2789 2790/2790/2790
f 2854/2854/2854 2790/2790/2790 2650/2650/2650
f 2841/2841/2841 2842/2842/2842 2843/2843/2843
f 2834/2834/2834 2833/2833/2833 2838/2838/2838
f 2834/2834/2834 2838/2838/2838 2837/2837/2837
f 2833/2833/2833 2839/2839/2839 2845/2845/2845
f 2833/2833/2833 2845/2845/2845 2838/2838/2838
f 2839/2839/2839 2840/2840/2840 2844/2844/2844
f 2839/2839/2839 2844/2844/2844 2845/2845/2845
f 2834/2834/2834 2837/2837/2837 2836/2836/2836
f 2834/2834/2834 2836/2836/2836 2835/2835/2835
f 2835/2835/2835 2836/2836/2836 2752/2752/2752
f 2835/2835/2835 2752/2752/2752 2751/2751/2751
f 2840/2840/2840 2841/2841/2841 2843/2843/2843
f 2840/2840/2840 2843/2843/2843 2844/2844/2844

