# https://github.com/mikedh/trimesh
mtllib material.mtl
usemtl material_0
v 0.04325265 -0.00025001 -0.02510903
v 0.03820456 -0.00025000 -0.03224526
v 0.03809864 -0.00025000 -0.03215604
v 0.04313297 -0.00025001 -0.02503941
v 0.03814833 -0.00025000 0.03183693
v 0.04326074 -0.00025001 0.02483071
v 0.04337738 -0.00000005 0.02489807
v 0.03825133 -0.00000005 0.03192319
v -0.03201725 -0.00024994 0.03840552
v -0.02488454 -0.00024995 0.04338561
v -0.02481546 -0.00024995 0.04326545
v -0.03192844 -0.00024994 0.03829919
v -0.00013950 -0.00024995 -0.05000603
v -0.00881950 -0.00024997 -0.04920876
v -0.00879506 -0.00024997 -0.04907238
v -0.00013912 -0.00024995 -0.04986739
v 0.03203697 -0.00024999 -0.03838705
v 0.03194798 -0.00024999 -0.03828083
v -0.01695849 -0.00024996 0.04704128
v -0.01691122 -0.00024996 0.04691111
v -0.01723281 -0.00024996 -0.04693103
v -0.01718501 -0.00024996 -0.04680110
v 0.02488483 -0.00024998 -0.04337727
v 0.02481605 -0.00024998 -0.04325698
v -0.00853844 -0.00024997 0.04927384
v -0.00851478 -0.00024997 0.04913747
v -0.02512625 -0.00024995 -0.04323406
v -0.02505664 -0.00024995 -0.04311431
v 0.01697041 -0.00024997 -0.04702662
v 0.01692308 -0.00024997 -0.04689609
v 0.00015121 -0.00024995 0.04995834
v 0.00881616 -0.00024996 0.04922378
v 0.00879172 -0.00024996 0.04908740
v 0.00015079 -0.00024995 0.04981982
v -0.02512625 -0.00024995 -0.04323406
v -0.03224497 -0.00024994 -0.03820348
v -0.03215586 -0.00024994 -0.03809763
v -0.02505664 -0.00024995 -0.04311431
v 0.00854530 -0.00024999 -0.04926097
v 0.00852164 -0.00024999 -0.04912436
v 0.01724855 -0.00025000 0.04694117
v 0.01720044 -0.00025000 0.04681123
v -0.03839247 -0.00024993 -0.03202488
v -0.03828602 -0.00024993 -0.03193594
v 0.00854530 -0.00024999 -0.04926097
v 0.00852164 -0.00024999 -0.04912436
v 0.02511696 -0.00024998 0.04324163
v 0.02504740 -0.00024998 0.04312146
v -0.04338019 -0.00024993 -0.02487578
v -0.04325972 -0.00024993 -0.02480699
v -0.04692930 -0.00025004 0.01725647
v -0.04303527 -0.00024993 0.02502212
v -0.04291595 -0.00024993 0.02495274
v -0.04679949 -0.00025004 0.01720891
v 0.03226409 -0.00024999 0.03820622
v 0.03217439 -0.00024999 0.03810061
v -0.04702978 -0.00024992 -0.01696052
v -0.04689918 -0.00024992 -0.01691343
v 0.00015121 -0.00024995 0.04995834
v 0.00015079 -0.00024995 0.04981982
v 0.03825437 -0.00025000 0.03192544
v 0.03814833 -0.00025000 0.03183693
v -0.04926413 -0.00024992 -0.00853540
v -0.04912734 -0.00024992 -0.00851168
v 0.04338072 -0.00025001 0.02489986
v 0.04326074 -0.00025001 0.02483071
v 0.04338072 -0.00025001 0.02489986
v 0.04703794 -0.00025001 0.01696886
v 0.04690777 -0.00025001 0.01692165
v 0.04326074 -0.00025001 0.02483071
v -0.04926413 -0.00024992 -0.00853540
v -0.05000913 -0.00024992 0.00015090
v -0.04987049 -0.00024992 0.00015054
v -0.04912734 -0.00024992 -0.00851168
v 0.04676688 -0.00025001 -0.01717243
v 0.04663724 -0.00025001 -0.01712487
v 0.04927062 -0.00025001 0.00854852
v 0.04913425 -0.00025001 0.00852479
v -0.04921060 -0.00024992 0.00882290
v -0.04907442 -0.00024992 0.00879846
v 0.05000877 -0.00025001 -0.00013183
v 0.04987013 -0.00025001 -0.00013147
v 0.04921662 -0.00025007 -0.00882659
v 0.04908037 -0.00025007 -0.00880216
v -0.03821785 -0.00024993 0.03224216
v -0.03811163 -0.00024993 0.03215300
v 0.02488311 -0.00000003 -0.04337405
v 0.01696910 -0.00000002 -0.04702269
v 0.01696911 0.01330004 -0.04702269
v 0.02488312 0.01330003 -0.04337405
v 0.04690777 -0.00025001 0.01692165
v 0.04703456 -0.00000006 0.01696755
v -0.04912734 -0.00024992 -0.00851168
v -0.04987049 -0.00024992 0.00015054
v -0.05000501 0.00000006 0.00015090
v -0.04926007 0.00000006 -0.00853469
v 0.04663724 -0.00025001 -0.01712487
v 0.04313297 -0.00025001 -0.02503941
v 0.04324925 -0.00000005 -0.02510700
v 0.04676343 -0.00000006 -0.01717112
v 0.04913425 -0.00025001 0.00852479
v 0.04926699 -0.00000006 0.00854780
v -0.04907442 -0.00024992 0.00879846
v -0.04920704 0.00000006 0.00882218
v 0.04987013 -0.00025001 -0.00013147
v 0.05000478 -0.00000006 -0.00013183
v -0.04679949 -0.00025004 0.01720891
v -0.04692591 0.00000006 0.01725540
v 0.04908037 -0.00025007 -0.00880216
v 0.04921306 -0.00000006 -0.00882588
v -0.04291595 -0.00024993 0.02495274
v -0.03811163 -0.00024993 0.03215300
v -0.03821487 0.00000005 0.03223990
v -0.04303206 0.00000005 0.02502046
v -0.03811163 -0.00024993 0.03215300
v -0.03192844 -0.00024994 0.03829919
v -0.03201456 0.00000004 0.03840242
v -0.03821487 0.00000005 0.03223990
v 0.04313297 -0.00025001 -0.02503941
v 0.03809864 -0.00025000 -0.03215604
v 0.03820158 -0.00000005 -0.03224299
v 0.04324925 -0.00000005 -0.02510700
v -0.02481546 -0.00024995 0.04326545
v -0.02488263 0.00000003 0.04338203
v -0.00013912 -0.00024995 -0.04986739
v -0.00879506 -0.00024997 -0.04907238
v -0.00881879 0.00000001 -0.04920506
v -0.00013949 0.00000000 -0.05000185
v 0.03194798 -0.00024999 -0.03828083
v 0.03203434 -0.00000004 -0.03838406
v -0.01691122 -0.00024996 0.04691111
v -0.01695718 0.00000002 0.04703777
v -0.01718501 -0.00024996 -0.04680110
v -0.01723144 0.00000002 -0.04692770
v 0.02481605 -0.00024998 -0.04325698
v -0.00851478 -0.00024997 0.04913747
v -0.00853779 0.00000001 0.04927027
v -0.01718501 -0.00024996 -0.04680110
v -0.02505664 -0.00024995 -0.04311431
v -0.02512447 0.00000003 -0.04323078
v -0.01723144 0.00000002 -0.04692770
v 0.01692308 -0.00024997 -0.04689609
v 0.00015079 -0.00024995 0.04981982
v 0.00879172 -0.00024996 0.04908740
v 0.00881551 -0.00000001 0.04921972
v 0.00015120 -0.00000000 0.04995477
v -0.03215586 -0.00024994 -0.03809763
v -0.03224270 0.00000004 -0.03820050
v 0.00852164 -0.00024999 -0.04912436
v 0.00854464 -0.00000001 -0.04925704
v 0.01720044 -0.00025000 0.04681123
v 0.01724718 -0.00000002 0.04693759
v -0.03828602 -0.00024993 -0.03193594
v -0.03838949 0.00000005 -0.03202213
v 0.01720044 -0.00025000 0.04681123
v 0.02504740 -0.00024998 0.04312146
v 0.02511505 -0.00000003 0.04323805
v 0.01724718 -0.00000002 0.04693759
v -0.04325972 -0.00024993 -0.02480699
v -0.04337685 0.00000005 -0.02487399
v 0.03217439 -0.00024999 0.03810061
v 0.03226160 -0.00000004 0.03820336
v -0.04689918 -0.00024992 -0.01691343
v -0.04702590 0.00000006 -0.01695921
v 0.05000480 0.01330000 -0.00013183
v 0.04921307 0.01329994 -0.00882588
v 0.04908915 0.01354986 -0.00880371
v 0.04987909 0.01354992 -0.00013147
v 0.00881552 0.01330005 0.04921972
v 0.00015122 0.01330006 0.04995477
v -0.03224268 0.01330010 -0.03820050
v -0.02512446 0.01330009 -0.04323078
v 0.00854466 0.01330005 -0.04925704
v 0.01724720 0.01330004 0.04693759
v -0.03838947 0.01330005 -0.03202213
v -0.00013947 0.01330006 -0.05000185
v 0.02511505 -0.00000003 0.04323805
v 0.02511507 0.01330003 0.04323829
v -0.04337683 0.01330011 -0.02487399
v -0.04303204 0.01330011 0.02502046
v -0.04692589 0.01330000 0.01725540
v 0.03226161 0.01330002 0.03820336
v 0.02511507 0.01330003 0.04323829
v -0.04702589 0.01330012 -0.01695921
v -0.00853777 0.01330007 0.04927027
v 0.03825134 0.01330001 0.03192319
v -0.04926005 0.01330012 -0.00853469
v 0.04337740 0.01330001 0.02489807
v 0.04703457 0.01330000 0.01696755
v -0.05000499 0.01330012 0.00015090
v 0.04676343 -0.00000006 -0.01717112
v 0.04324926 0.01330001 -0.02510700
v 0.04676344 0.01330000 -0.01717112
v 0.04926700 0.01330000 0.00854780
v -0.04920702 0.01330012 0.00882218
v -0.04303206 0.00000005 0.02502046
v -0.03821485 0.01330011 0.03223990
v -0.04303204 0.01330011 0.02502046
v 0.04676344 0.01330000 -0.01717112
v -0.03201454 0.01330010 0.03840242
v 0.03820160 0.01330001 -0.03224299
v -0.02488261 0.01330009 0.04338203
v -0.00881877 0.01330007 -0.04920506
v 0.03203436 0.01330002 -0.03838406
v -0.01695716 0.01330008 0.04703777
v -0.01723143 0.01330008 -0.04692770
v -0.02512447 0.00000003 -0.04323078
v -0.02512446 0.01330009 -0.04323078
v -0.03811866 0.01355003 0.03215871
v -0.04292361 0.01355003 0.02495716
v 0.04921307 0.01329994 -0.00882588
v 0.04664578 0.01354992 -0.01712797
v 0.04908915 0.01354986 -0.00880371
v -0.03193420 0.01355002 0.03830586
v 0.03810521 0.01354993 -0.03216182
v 0.04314062 0.01354993 -0.02504382
v -0.02481997 0.01355001 0.04327308
v -0.00879660 0.01354999 -0.04908096
v -0.00013912 0.01354998 -0.04987621
v 0.03195396 0.01354994 -0.03828757
v -0.01691424 0.01355000 0.04691945
v -0.01718810 0.01355000 -0.04680956
v 0.02482023 0.01354995 -0.04326461
v -0.00851631 0.01354999 0.04914629
v -0.02506116 0.01355001 -0.04312206
v 0.01692614 0.01354996 -0.04690455
v 0.00879329 0.01354997 0.04909598
v 0.00015084 0.01354998 0.04982864
v -0.03224268 0.01330010 -0.03820050
v -0.03216156 0.01355002 -0.03810466
v 0.00852314 0.01354997 -0.04913306
v 0.01720356 0.01354996 0.04681933
v -0.03829279 0.01354997 -0.03194179
v -0.03216156 0.01355002 -0.03810466
v 0.02505189 0.01354995 0.04312933
v -0.04326740 0.01355003 -0.02481116
v -0.04692589 0.01330000 0.01725540
v -0.04680751 0.01354992 0.01721189
v 0.03226161 0.01330002 0.03820336
v 0.03218019 0.01354994 0.03810704
v -0.04690776 0.01355004 -0.01691653
v 0.03815490 0.01354993 0.03184259
v 0.03218019 0.01354994 0.03810704
v -0.04913626 0.01355004 -0.00851323
v 0.04326845 0.01354993 0.02483524
v 0.04691589 0.01354992 0.01692463
v -0.04987935 0.01355004 0.00015054
v 0.04914278 0.01354992 0.00852622
v -0.04908316 0.01355004 0.00880001
v -0.04680751 0.01354992 0.01721189
v -0.04292361 0.01355003 0.02495716
v 0.03815490 0.01354993 0.03184259
v 0.04664578 0.01354992 -0.01712797
v -0.00013912 0.01354998 -0.04987621
v -0.00879660 0.01354999 -0.04908096
v 0.00852314 0.01354997 -0.04913306
v -0.01718810 0.01355000 -0.04680956
v -0.02506116 0.01355001 -0.04312206
v -0.03216156 0.01355002 -0.03810466
v -0.03829279 0.01354997 -0.03194179
v -0.04326740 0.01355003 -0.02481116
v -0.04690776 0.01355004 -0.01691653
v -0.04913626 0.01355004 -0.00851323
v -0.04987935 0.01355004 0.00015054
v -0.04908316 0.01355004 0.00880001
v -0.04680751 0.01354992 0.01721189
v -0.03811866 0.01355003 0.03215871
v -0.03193420 0.01355002 0.03830586
v -0.02481997 0.01355001 0.04327308
v -0.01691424 0.01355000 0.04691945
v -0.00851631 0.01354999 0.04914629
v 0.00015084 0.01354998 0.04982864
v 0.00879329 0.01354997 0.04909598
v 0.01720356 0.01354996 0.04681933
v 0.02505189 0.01354995 0.04312933
v 0.03218019 0.01354994 0.03810704
v 0.04326845 0.01354993 0.02483524
v 0.04691589 0.01354992 0.01692463
v 0.04914278 0.01354992 0.00852622
v 0.04987909 0.01354992 -0.00013147
v 0.04908915 0.01354986 -0.00880371
v 0.04314062 0.01354993 -0.02504382
v 0.03810521 0.01354993 -0.03216182
v 0.03195396 0.01354994 -0.03828757
v 0.02482023 0.01354995 -0.04326461
v 0.01692614 0.01354996 -0.04690455
v -0.04302417 0.01355003 0.02499995
v -0.01722821 0.01355000 -0.04693473
v 0.04675461 0.01354992 -0.01718376
v 0.04675461 0.01354992 -0.01718376
v 0.04324159 0.01354993 -0.02511821
v 0.04324163 0.04565001 -0.02511821
v 0.04675465 0.04565000 -0.01718376
v -0.03223672 0.01355002 -0.03820932
v -0.03838232 0.01354997 -0.03203214
v -0.03838228 0.04564981 -0.03203214
v -0.03223668 0.04564980 -0.03820932
v 0.00854311 0.01354997 -0.04926383
v -0.00013942 0.01354998 -0.05000865
v -0.00013938 0.04564976 -0.05000865
v 0.00854315 0.04564975 -0.04926383
v 0.01563119 0.01354996 0.04745995
v 0.02511048 0.01354995 0.04321445
v 0.02511052 0.04565003 0.04321445
v 0.01563123 0.04564974 0.04745995
v -0.04336854 0.01355003 -0.02488495
v -0.04336850 0.04564981 -0.02488495
v -0.04691719 0.01354992 0.01723645
v -0.04302417 0.01355003 0.02499995
v -0.04302413 0.04564981 0.02499995
v -0.04691715 0.04564970 0.01723645
v 0.03225553 0.01354994 0.03818054
v 0.03225557 0.04565002 0.03818054
v -0.04701743 0.01355004 -0.01697160
v -0.04701739 0.04564982 -0.01697160
v -0.00853616 0.01354999 0.04924523
v 0.00015122 0.01354998 0.04992949
v 0.00015126 0.04315143 0.04992949
v -0.00853612 0.04389298 0.04922044
v 0.03824413 0.01354993 0.03190126
v 0.03824416 0.04565001 0.03190126
v -0.04701743 0.01355004 -0.01697160
v -0.04925094 0.01355004 -0.00854899
v -0.04925090 0.04564982 -0.00854899
v -0.04701739 0.04564982 -0.01697160
v 0.04336966 0.01354993 0.02487744
v 0.04336970 0.04565001 0.02487744
v 0.04336966 0.01354993 0.02487744
v 0.04702575 0.01354992 0.01694866
v 0.04702579 0.04564970 0.01694866
v 0.04336970 0.04565001 0.02487744
v -0.04999570 0.01355004 0.00013504
v -0.04999566 0.04564982 0.00013516
v 0.04925794 0.01354992 0.00853040
v 0.04925798 0.04565000 0.00853040
v -0.04919790 0.01355004 0.00880478
v -0.04919786 0.04564982 0.00880478
v -0.00013937 0.05764997 -0.05000865
v -0.00881710 0.05764998 -0.04921174
v -0.00881709 0.06855000 -0.04921174
v -0.00013935 0.06854999 -0.05000865
v 0.04999574 0.01354992 -0.00014756
v 0.04999578 0.04565000 -0.00014756
v 0.04920395 0.01354986 -0.00884007
v 0.04920399 0.04564964 -0.00884007
v -0.03820765 0.01355003 0.03221795
v -0.03820761 0.04564981 0.03221795
v -0.03200858 0.01355002 0.03837953
v -0.03200854 0.04564980 0.03837953
v 0.03819432 0.01354993 -0.03225254
v 0.03819436 0.04565001 -0.03225254
v -0.02487796 0.01355001 0.04335843
v -0.02487792 0.04564979 0.04335843
v 0.03202870 0.01354994 -0.03839301
v 0.03202874 0.04565002 -0.03839301
v -0.01559329 0.01355000 0.04745994
v -0.01559325 0.04564978 0.04745994
v -0.00881716 0.01354999 -0.04921174
v -0.01722821 0.01355000 -0.04693473
v -0.01722817 0.04564978 -0.04693473
v -0.00881712 0.04564977 -0.04921174
v 0.02487859 0.01354995 -0.04338180
v 0.02487863 0.04565003 -0.04338180
v -0.01559329 0.01355000 0.04745994
v -0.01559325 0.04564978 0.04745994
v -0.02511987 0.01355001 -0.04323859
v -0.02511983 0.04564979 -0.04323859
v 0.01696601 0.01354996 -0.04703008
v 0.01696605 0.04564974 -0.04703008
v 0.00881391 0.01354997 0.04919517
v 0.00881395 0.04389296 0.04922044
v 0.01696601 0.01354996 -0.04703008
v 0.01696605 0.04564974 -0.04703008
v 0.01696607 0.05764995 -0.04703008
v 0.02487865 0.05764994 -0.04338180
v 0.04920400 0.05764991 -0.00884007
v 0.04675467 0.05764991 -0.01718376
v 0.04675474 0.06854993 -0.01718376
v 0.04920402 0.06854987 -0.00884007
v -0.03223667 0.05765001 -0.03820932
v -0.02511981 0.05765000 -0.04323859
v 0.00854316 0.05764996 -0.04926383
v 0.01696607 0.05764995 -0.04703008
v -0.03838227 0.05765002 -0.03203214
v 0.02511053 0.05764994 0.04321445
v 0.01563124 0.05764995 0.04745995
v -0.04336849 0.05765002 -0.02488495
v -0.04302412 0.05765002 0.02499995
v -0.04691714 0.05764997 0.01723645
v 0.03225559 0.05764993 0.03818054
v -0.04701737 0.05765003 -0.01697160
v 0.03824418 0.05764992 0.03190126
v -0.04925089 0.05765003 -0.00854899
v -0.04701737 0.05765003 -0.01697160
v 0.04336971 0.05764992 0.02487744
v 0.04702580 0.05764991 0.01694866
v 0.04336971 0.05764992 0.02487744
v -0.04999565 0.05765003 0.00013516
v 0.04324164 0.05764992 -0.02511821
v 0.04925800 0.05764991 0.00853040
v -0.04919784 0.05765003 0.00880478
v 0.04999579 0.05764991 -0.00014756
v -0.03820759 0.05765002 0.03221795
v -0.03200852 0.05765001 0.03837953
v 0.03819437 0.05764992 -0.03225254
v -0.02487791 0.05765000 0.04335843
v 0.03202876 0.05764993 -0.03839301
v -0.01559324 0.05764999 0.04745994
v -0.01722815 0.05764999 -0.04693473
v 0.03824419 0.06854994 0.03190126
v 0.03225560 0.06854995 0.03818054
v -0.03200851 0.06855003 0.03837953
v -0.03820758 0.06855004 0.03221795
v 0.03819439 0.06854994 -0.03225254
v 0.04324165 0.06854994 -0.02511821
v -0.02487789 0.06855002 0.04335843
v 0.03202877 0.06854995 -0.03839301
v -0.01559322 0.06854995 0.04745994
v -0.01722814 0.06855001 -0.04693473
v 0.02487866 0.06854996 -0.04338180
v -0.01559324 0.05764999 0.04745994
v -0.00853610 0.05943245 0.04922044
v -0.00853609 0.06854994 0.04924523
v -0.01559322 0.06854995 0.04745994
v -0.02511980 0.06854996 -0.04323859
v 0.01696608 0.06854997 -0.04703008
v 0.00015128 0.06014806 0.04992949
v 0.00881397 0.05943243 0.04922044
v 0.00881398 0.06854998 0.04919517
v 0.00015129 0.06854999 0.04992949
v -0.03223665 0.06855003 -0.03820932
v 0.00854318 0.06854998 -0.04926383
v 0.01696608 0.06854997 -0.04703008
v 0.01563126 0.06854997 0.04745995
v -0.03838225 0.06854998 -0.03203214
v 0.02511055 0.06854996 0.04321445
v -0.04336848 0.06855004 -0.02488495
v -0.04302410 0.06855004 0.02499995
v -0.04691712 0.06854993 0.01723645
v -0.04701736 0.06855005 -0.01697160
v -0.04925087 0.06855005 -0.00854899
v -0.04701736 0.06855005 -0.01697160
v 0.04336973 0.06854994 0.02487744
v 0.04702582 0.06854993 0.01694866
v 0.04336973 0.06854994 0.02487744
v -0.04999564 0.06855005 0.00013516
v 0.04925801 0.06854993 0.00853040
v -0.04919783 0.06855005 0.00880478
v 0.04999581 0.06854993 -0.00014756
v -0.01559322 0.06854995 0.04745994
v -0.01526032 0.06965001 0.04644619
v -0.02434657 0.06965002 0.04243241
v -0.02487789 0.06855002 0.04335843
v -0.02564827 0.06965002 0.00456869
v -0.02606323 0.06965002 0.00006055
v -0.02606324 0.06345006 0.00006055
v -0.02564827 0.06345006 0.00456869
v -0.01686038 0.06965001 -0.04593301
v -0.00862886 0.06965000 -0.04816126
v 0.02487866 0.06854996 -0.04338180
v 0.02434752 0.06964996 -0.04245614
v 0.03134505 0.06964995 -0.03757380
v 0.03202877 0.06854995 -0.03839301
v -0.00853609 0.06854994 0.04924523
v -0.00835388 0.06964994 0.04819381
v -0.02458335 0.06965002 -0.04231591
v 0.01696608 0.06854997 -0.04703008
v 0.01660362 0.06964997 -0.04602621
v 0.00862581 0.06964998 0.04814445
v 0.00014806 0.06964999 0.04886353
v -0.03154840 0.06965003 -0.03739393
v 0.00854318 0.06854998 -0.04926383
v 0.00836085 0.06964998 -0.04821228
v 0.01529778 0.06964997 0.04644669
v -0.03838225 0.06854998 -0.03203214
v -0.03756268 0.06964997 -0.03134872
v -0.03154840 0.06965003 -0.03739393
v -0.03223665 0.06855003 -0.03820932
v -0.00013935 0.06854999 -0.05000865
v -0.00013638 0.06964999 -0.04894149
v 0.02457429 0.06964996 0.04229153
v -0.04336848 0.06855004 -0.02488495
v -0.04244270 0.06965004 -0.02435412
v -0.04210565 0.06965004 0.02446577
v -0.04591558 0.06964992 0.01686809
v 0.03225560 0.06854995 0.03818054
v 0.03156692 0.06964995 0.03736508
v 0.02457429 0.06964996 0.04229153
v 0.02511055 0.06854996 0.04321445
v -0.04701736 0.06855005 -0.01697160
v -0.04601368 0.06965004 -0.01660968
v 0.00015129 0.06854999 0.04992949
v 0.00014806 0.06964999 0.04886353
v 0.03824419 0.06854994 0.03190126
v 0.03742804 0.06964994 0.03121985
v -0.04925087 0.06855005 -0.00854899
v -0.04819968 0.06965005 -0.00836684
v 0.04336973 0.06854994 0.02487744
v 0.04244388 0.06964993 0.02434625
v 0.04702582 0.06854993 0.01694866
v 0.04602183 0.06964993 0.01658656
v -0.04999564 0.06855005 0.00013516
v -0.04892841 0.06965005 0.00013183
v 0.04231856 0.06964993 -0.02458236
v 0.04575666 0.06964993 -0.01681731
v 0.04925801 0.06854993 0.00853040
v 0.04820629 0.06964993 0.00834801
v -0.04919783 0.06855005 0.00880478
v -0.04814735 0.06965005 0.00861643
v 0.04999581 0.06854993 -0.00014756
v 0.04892847 0.06964993 -0.00014470
v -0.04814735 0.06965005 0.00861643
v 0.04920402 0.06854987 -0.00884007
v 0.04815355 0.06964987 -0.00865171
v -0.03739195 0.06965003 0.03153000
v 0.04815355 0.06964987 -0.00865171
v -0.03200851 0.06855003 0.03837953
v -0.03132527 0.06965003 0.03756009
v -0.03739195 0.06965003 0.03153000
v -0.03820758 0.06855004 0.03221795
v 0.03737930 0.06964994 -0.03156469
v -0.00881709 0.06855000 -0.04921174
v -0.00862886 0.06965000 -0.04816126
v 0.03737930 0.06964994 -0.03156469
v 0.03819439 0.06854994 -0.03225254
v -0.03759476 0.06965003 -0.01357854
v -0.03962632 0.06965004 -0.00725527
v -0.00011135 0.06964999 -0.04062736
v -0.00715699 0.06965000 -0.03998053
v -0.02593024 0.06965002 -0.03113241
v -0.03069599 0.06964997 -0.02561117
v -0.03467860 0.06965003 -0.01990271
v 0.00712443 0.06964998 0.03918325
v 0.00862581 0.06964998 0.04814445
v 0.01529778 0.06964997 0.04644669
v 0.01387549 0.06964997 0.03735585
v -0.03958330 0.06965004 0.00668834
v -0.04591558 0.06964992 0.01686809
v -0.03720156 0.06964991 0.01353841
v -0.03406576 0.06965003 0.01979195
v -0.04210565 0.06965004 0.02446577
v -0.03018532 0.06965002 0.02560721
v 0.03050210 0.06964995 0.02543283
v 0.03464253 0.06964994 0.01975835
v 0.03754112 0.06964994 -0.01380764
v 0.04575666 0.06964993 -0.01681731
v 0.04231856 0.06964993 -0.02458236
v 0.03468629 0.06964994 -0.02025436
v 0.02584440 0.06964995 0.03040541
v 0.03751721 0.06964994 0.01352442
v 0.00693451 0.06964998 -0.04002296
v 0.03959873 0.06964988 -0.00736348
v 0.03068624 0.06964995 -0.02590869
v -0.01686038 0.06965001 -0.04593301
v -0.01386978 0.06965000 -0.03814436
v 0.01365701 0.06964997 -0.03822147
v -0.02574364 0.06965002 0.03049873
v 0.03963079 0.06964994 0.00647248
v 0.02575932 0.06964996 -0.03128277
v 0.00899483 0.06964998 0.02444934
v 0.01308318 0.06964997 0.02252698
v 0.01257856 0.06855003 0.02165806
v 0.00864799 0.06855004 0.02350640
v 0.02606502 0.06964995 -0.00007557
v 0.02568151 0.06964996 0.00443495
v 0.02568151 0.06345000 0.00443495
v 0.02606501 0.06345000 -0.00007557
v -0.02453152 0.06964990 0.00869726
v -0.02453152 0.06344994 0.00869726
v 0.02567467 0.06964990 -0.00436090
v 0.02567466 0.06344994 -0.00436090
v -0.01970682 0.06965001 0.01699601
v -0.02237598 0.06965001 0.01299565
v -0.02237599 0.06345006 0.01299565
v -0.01970683 0.06345006 0.01699601
v 0.02432313 0.06964996 -0.00896536
v 0.02432312 0.06345000 -0.00896536
v -0.01666818 0.06965001 0.02001630
v -0.01666819 0.06345005 0.02001630
v 0.01991865 0.06964996 -0.01680981
v 0.02240768 0.06964996 -0.01329117
v 0.02240767 0.06345000 -0.01329117
v 0.01991864 0.06345001 -0.01680981
v -0.01296851 0.06965000 0.02259922
v -0.01296852 0.06345005 0.02259922
v -0.00458094 0.06964999 -0.02566146
v -0.00006756 0.06964999 -0.02607595
v -0.00006756 0.06345003 -0.02607595
v -0.00458095 0.06345004 -0.02566146
v 0.01668188 0.06964997 -0.02003311
v 0.01668188 0.06345001 -0.02003311
v -0.00884621 0.06965000 0.02450060
v -0.00884621 0.06345004 0.02450060
v -0.00899603 0.06965000 -0.02446651
v -0.00899604 0.06345004 -0.02446651
v 0.01297441 0.06964997 -0.02261983
v 0.01297441 0.06345001 -0.02261983
v -0.00451223 0.06964993 0.02564990
v -0.00884621 0.06965000 0.02450060
v -0.00884621 0.06345004 0.02450060
v -0.00451224 0.06345004 0.02564990
v -0.01309147 0.06965000 -0.02254808
v -0.01309141 0.06345005 -0.02254808
v 0.00885961 0.06964998 -0.02451694
v 0.00885960 0.06345002 -0.02451694
v 0.00465872 0.06964998 0.02562332
v 0.00007979 0.06964999 0.02601158
v 0.00007979 0.06345003 0.02601158
v 0.00465871 0.06345003 0.02562332
v -0.01679310 0.06965001 -0.01993239
v -0.01679310 0.06345005 -0.01993239
v 0.00443820 0.06964998 -0.02568960
v 0.00885961 0.06964998 -0.02451694
v 0.00885960 0.06345002 -0.02451694
v 0.00443819 0.06345003 -0.02568960
v 0.00899483 0.06964998 0.02444934
v 0.00899483 0.06345002 0.02444934
v -0.02001890 0.06964995 -0.01669014
v -0.02001890 0.06345000 -0.01669014
v 0.01308318 0.06964997 0.02252698
v 0.01308317 0.06345001 0.02252698
v -0.02260670 0.06965001 -0.01298082
v -0.02260671 0.06345006 -0.01298082
v 0.01661809 0.06964997 0.02003694
v 0.01661808 0.06345001 0.02003694
v -0.02450439 0.06965002 -0.00886525
v -0.02450440 0.06345006 -0.00886525
v 0.01991178 0.06964996 0.01658357
v 0.01991177 0.06345001 0.01658357
v -0.02567687 0.06965002 -0.00444413
v -0.02450439 0.06965002 -0.00886525
v -0.02450440 0.06345006 -0.00886525
v -0.02567688 0.06345006 -0.00444413
v 0.02271403 0.06964996 0.01274264
v 0.02271402 0.06345000 0.01274264
v 0.02451272 0.06964996 0.00884224
v 0.02271403 0.06964996 0.01274264
v 0.02271402 0.06345000 0.01274264
v 0.02451271 0.06345000 0.00884224
v -0.02001890 0.06964995 -0.01669014
v -0.02260670 0.06965001 -0.01298082
v -0.02173528 0.06855008 -0.01248134
v -0.01924726 0.06855001 -0.01604724
v -0.02453152 0.06964990 0.00869726
v -0.02237598 0.06965001 0.01299565
v -0.02151350 0.06855008 0.01249395
v -0.02358589 0.06854996 0.00836121
v 0.01661809 0.06964997 0.02003694
v 0.01597740 0.06855003 0.01926387
v -0.02450439 0.06965002 -0.00886525
v -0.02355965 0.06855008 -0.00852419
v -0.00451223 0.06964993 0.02564990
v 0.00007979 0.06964999 0.02601158
v 0.00007665 0.06855005 0.02500820
v -0.00433837 0.06855000 0.02466017
v 0.01991178 0.06964996 0.01658357
v 0.01914389 0.06855003 0.01594329
v -0.02567687 0.06965002 -0.00444413
v -0.02468714 0.06855008 -0.00427366
v 0.01991178 0.06964996 0.01658357
v 0.02271403 0.06964996 0.01274264
v 0.02183862 0.06855002 0.01225091
v 0.01914389 0.06855003 0.01594329
v 0.02451272 0.06964996 0.00884224
v 0.02356793 0.06855002 0.00850070
v -0.02606323 0.06965002 0.00006055
v -0.02505836 0.06855008 0.00005757
v 0.02432313 0.06964996 -0.00896536
v 0.02240768 0.06964996 -0.01329117
v 0.02154383 0.06855002 -0.01277958
v 0.02338543 0.06855002 -0.00862049
v 0.02568151 0.06964996 0.00443495
v 0.02469148 0.06855002 0.00426323
v -0.02564827 0.06965002 0.00456869
v -0.02465961 0.06855008 0.00439178
v -0.02505836 0.06855008 0.00005757
v -0.02606323 0.06965002 0.00006055
v 0.02606502 0.06964995 -0.00007557
v 0.02505989 0.06855002 -0.00007330
v 0.02606502 0.06964995 -0.00007557
v 0.02567467 0.06964990 -0.00436090
v 0.02468463 0.06854996 -0.00419353
v 0.02505989 0.06855002 -0.00007330
v -0.01970682 0.06965001 0.01699601
v -0.01894722 0.06855007 0.01633988
v -0.01666818 0.06965001 0.02001630
v -0.01602582 0.06855007 0.01924394
v 0.01991865 0.06964996 -0.01680981
v 0.01915076 0.06855003 -0.01616250
v -0.01666818 0.06965001 0.02001630
v -0.01296851 0.06965000 0.02259922
v -0.01246885 0.06855007 0.02172732
v -0.01602582 0.06855007 0.01924394
v -0.00006756 0.06964999 -0.02607595
v -0.00458094 0.06964999 -0.02566146
v -0.00440451 0.06855006 -0.02467322
v -0.00006502 0.06855005 -0.02507174
v 0.01668188 0.06964997 -0.02003311
v 0.01603874 0.06855003 -0.01926135
v -0.00884621 0.06965000 0.02450060
v -0.00850527 0.06855006 0.02355539
v -0.00899603 0.06965000 -0.02446651
v -0.00864931 0.06855006 -0.02352404
v 0.01668188 0.06964997 -0.02003311
v 0.01297441 0.06964997 -0.02261983
v 0.01247415 0.06855003 -0.02174866
v 0.01603874 0.06855003 -0.01926135
v -0.01309147 0.06965000 -0.02254808
v -0.01258686 0.06855007 -0.02167964
v 0.00885961 0.06964998 -0.02451694
v 0.00851801 0.06855004 -0.02357268
v 0.00007979 0.06964999 0.02601158
v 0.00465872 0.06964998 0.02562332
v 0.00447907 0.06855004 0.02463459
v 0.00007665 0.06855005 0.02500820
v -0.01679310 0.06965001 -0.01993239
v -0.01614579 0.06855007 -0.01916487
v 0.00443820 0.06964998 -0.02568960
v 0.00426707 0.06855004 -0.02470004
v -0.01679310 0.06965001 -0.01993239
v -0.01614579 0.06855007 -0.01916487
v 0.00443820 0.06964998 -0.02568960
v 0.00426707 0.06855004 -0.02470004
v -0.02468714 0.06855008 -0.00427366
v -0.02505836 0.06345006 0.00005757
v -0.02468715 0.06345006 -0.00427366
v 0.02154382 0.06345000 -0.01277958
v 0.02338542 0.06345000 -0.00862049
v 0.02356793 0.06855002 0.00850070
v 0.02469148 0.06855002 0.00426323
v 0.02469148 0.06345000 0.00426323
v 0.02356792 0.06345000 0.00850070
v -0.02465961 0.06345006 0.00439178
v 0.02505989 0.06345000 -0.00007330
v -0.02358595 0.06344994 0.00836121
v 0.02468462 0.06344994 -0.00419353
v -0.01894723 0.06345005 0.01633988
v -0.02151351 0.06345006 0.01249395
v -0.01602583 0.06345005 0.01924394
v 0.01915076 0.06345001 -0.01616250
v -0.01246885 0.06855007 0.02172732
v -0.01246886 0.06345005 0.02172732
v -0.00440452 0.06345004 -0.02467322
v -0.00006503 0.06345003 -0.02507174
v 0.01603874 0.06345001 -0.01926135
v -0.00850527 0.06855006 0.02355539
v -0.00850528 0.06345004 0.02355539
v -0.00864932 0.06345004 -0.02352404
v 0.01247415 0.06855003 -0.02174866
v 0.01247415 0.06345002 -0.02174866
v -0.00850527 0.06855006 0.02355539
v -0.00433837 0.06855000 0.02466017
v -0.00433837 0.06345004 0.02466017
v -0.00850528 0.06345004 0.02355539
v -0.01258686 0.06345005 -0.02167964
v 0.00851801 0.06855004 -0.02357268
v 0.00851801 0.06345002 -0.02357268
v 0.00447906 0.06345009 0.02463459
v 0.00007665 0.06345009 0.02500820
v -0.01614579 0.06345005 -0.01916487
v 0.00851801 0.06855004 -0.02357268
v 0.00426706 0.06345003 -0.02470004
v 0.00851801 0.06345002 -0.02357268
v 0.00864799 0.06345002 0.02350640
v -0.01924726 0.06855001 -0.01604724
v -0.01924726 0.06345005 -0.01604724
v 0.01257855 0.06345008 0.02165806
v -0.02173528 0.06855008 -0.01248134
v -0.02173529 0.06345006 -0.01248134
v 0.01597739 0.06345007 0.01926387
v -0.02173528 0.06855008 -0.01248134
v -0.02355965 0.06855008 -0.00852419
v -0.02355966 0.06345006 -0.00852419
v -0.02173529 0.06345006 -0.01248134
v 0.01914388 0.06345007 0.01594329
v 0.02183862 0.06855002 0.01225091
v 0.02183855 0.06345006 0.01225091
v 0.02356793 0.06855002 0.00850070
v 0.02356792 0.06345000 0.00850070
v -0.02151351 0.06345006 0.01249395
v 0.01914388 0.06345007 0.01594329
v 0.02338542 0.06345000 -0.00862049
v -0.01868565 0.06964995 -0.03957093
v -0.02458335 0.06965002 -0.04231591
v -0.02252562 0.06964996 -0.03905309
v -0.02487476 0.06964996 -0.03597153
v -0.04356887 0.06964998 -0.00362070
v -0.04504159 0.06964998 -0.00003709
v -0.04354873 0.06964998 0.00353806
v -0.02489547 0.06965002 0.03594773
v -0.02252345 0.06965001 0.03901123
v -0.01867996 0.06965001 0.03949969
v 0.00004235 0.06964999 0.04417812
v 0.00305415 0.06964998 0.04292356
v 0.01869566 0.06964996 0.03943956
v 0.02253157 0.06964996 0.03892863
v 0.02488316 0.06964996 0.03585518
v 0.04358693 0.06964993 0.00352843
v 0.04506787 0.06964993 -0.00004683
v 0.04358694 0.06964987 -0.00362216
v 0.02490065 0.06964996 -0.03603481
v 0.02253268 0.06964996 -0.03910165
v 0.01868961 0.06964996 -0.03959607
v -0.00297426 0.06964999 0.04293555
v -0.01743521 0.06964995 -0.03030050
v -0.01309147 0.06965000 -0.02254808
v -0.00899603 0.06965000 -0.02446651
v -0.01508625 0.06964995 -0.03338206
v -0.02127512 0.06964995 -0.02978266
v -0.03491744 0.06965003 -0.00006594
v -0.03641024 0.06965003 -0.00364102
v -0.03638962 0.06965003 0.00351767
v -0.02564827 0.06965002 0.00456869
v -0.01750021 0.06965001 0.03022085
v -0.02134345 0.06965001 0.02973197
v -0.01512776 0.06965001 0.03328405
v 0.00304241 0.06964998 0.03689491
v 0.00465872 0.06964998 0.02562332
v 0.00002570 0.06964999 0.03565227
v 0.01746232 0.06964997 0.03017819
v 0.01308318 0.06964997 0.02252698
v 0.00899483 0.06964998 0.02444934
v 0.01511092 0.06964997 0.03325213
v 0.02129824 0.06964996 0.02966762
v 0.01661809 0.06964997 0.02003694
v 0.03495565 0.06964994 -0.00004684
v 0.03643633 0.06964994 0.00352843
v 0.03643634 0.06964988 -0.00362216
v 0.02567467 0.06964990 -0.00436090
v 0.01749608 0.06964997 -0.03031801
v 0.02133921 0.06964996 -0.02982377
v 0.01512835 0.06964997 -0.03338473
v -0.00298618 0.06964999 0.03690683
v -0.01560409 0.06964995 -0.03722203
v -0.02435674 0.06964996 -0.03213168
v -0.03999391 0.06965004 -0.00511356
v -0.03996506 0.06964998 0.00501053
v -0.02440678 0.06965002 0.03210448
v -0.01561670 0.06965001 0.03712760
v -0.01364540 0.06965000 0.03743588
v -0.00422888 0.06964999 0.03992354
v -0.00690209 0.06964994 0.03922379
v 0.00429691 0.06964998 0.03990685
v 0.01562185 0.06964997 0.03708852
v 0.02437229 0.06964996 0.03201885
v 0.04001190 0.06964994 0.00500937
v 0.04001191 0.06964988 -0.00510310
v 0.02440641 0.06964996 -0.03219174
v 0.01562241 0.06964997 -0.03722786
v 0.02240768 0.06964996 -0.01329117
v 0.01991865 0.06964996 -0.01680981
v 0.02432313 0.06964996 -0.00896536
v -0.00006756 0.06964999 -0.02607595
v -0.00458094 0.06964999 -0.02566146
v -0.02453152 0.06964990 0.00869726
v -0.02237598 0.06965001 0.01299565
v -0.01970682 0.06965001 0.01699601
v -0.01884906 0.06906404 0.03887998
v -0.02220438 0.06906405 0.03845321
v -0.02117448 0.06906405 0.03035222
v -0.01781885 0.06906404 0.03077887
v -0.03996692 0.06906401 0.00436781
v -0.04309537 0.06906401 0.00308226
v -0.00422888 0.06964999 0.03992354
v -0.00422877 0.06164973 0.03992354
v -0.00298607 0.06164973 0.03690683
v -0.00298618 0.06964999 0.03690683
v -0.02427565 0.06906405 0.03577887
v -0.03999206 0.06906407 -0.00447096
v -0.03686311 0.06906407 -0.00318541
v 0.04001190 0.06906397 0.00436755
v 0.03689023 0.06906398 0.00307460
v 0.00004238 0.06164979 0.04417812
v 0.00003406 0.05924654 0.03991544
v -0.00297427 0.06164973 0.04293555
v 0.00305415 0.06964998 0.04292356
v 0.00305414 0.06164978 0.04292356
v 0.00004238 0.06164979 0.04417812
v 0.00004235 0.06964999 0.04417812
v 0.00304241 0.06964998 0.03689491
v 0.00304240 0.06164978 0.03689491
v 0.00429690 0.06164978 0.03990685
v 0.00429691 0.06964998 0.03990685
v 0.00429691 0.06964998 0.03990685
v 0.00429690 0.06164978 0.03990685
v 0.00004235 0.06964999 0.04417812
v 0.00004238 0.06164979 0.04417812
v -0.00297427 0.06164973 0.04293555
v -0.00297426 0.06964999 0.04293555
v 0.00002570 0.06964999 0.03565227
v 0.00002573 0.06164979 0.03565227
v 0.00304240 0.06164978 0.03689491
v 0.00304241 0.06964998 0.03689491
v -0.00298618 0.06964999 0.03690683
v -0.00298607 0.06164973 0.03690683
v -0.03684554 0.06906407 0.00306462
v -0.03684554 0.06840006 0.00306462
v -0.03996692 0.06840001 0.00436781
v -0.03996692 0.06906401 0.00436781
v -0.00422877 0.06164973 0.03992354
v -0.00298607 0.06164973 0.03690683
v 0.00002573 0.06164979 0.03565227
v 0.00304240 0.06164978 0.03689491
v 0.00305414 0.06164978 0.04292356
v 0.00429690 0.06164978 0.03990685
v -0.04439899 0.06906402 -0.00003900
v -0.04439899 0.06840001 -0.00003900
v -0.04311338 0.06840001 -0.00316765
v -0.04311338 0.06906401 -0.00316765
v 0.01781574 0.06906400 -0.03087555
v 0.01781574 0.06840000 -0.03087555
v 0.01574866 0.06840000 -0.03355311
v 0.01574866 0.06906400 -0.03355311
v -0.03556005 0.06906407 -0.00006415
v -0.03556005 0.06840006 -0.00006415
v -0.01574795 0.06906404 0.03345334
v -0.01574795 0.06840004 0.03345334
v -0.01617460 0.06840004 0.03680859
v -0.01617460 0.06906404 0.03680859
v -0.04309537 0.06906401 0.00308226
v -0.04309537 0.06840001 0.00308226
v -0.02384900 0.06906405 0.03242300
v -0.01574795 0.06906404 0.03345334
v -0.01617460 0.06906404 0.03680859
v 0.02221007 0.06906399 0.03837348
v 0.01886064 0.06906400 0.03881968
v -0.01615985 0.06906398 -0.03689904
v -0.01570751 0.06906398 -0.03354645
v 0.01573122 0.06906400 0.03341758
v 0.01778395 0.06906400 0.03073383
v 0.02426291 0.06906399 0.03568990
v 0.01617700 0.06906400 0.03676640
v 0.01574866 0.06906400 -0.03355311
v 0.01617990 0.06906400 -0.03690813
v 0.02113325 0.06906399 0.03028787
v 0.04442628 0.06906397 -0.00004683
v 0.04313316 0.06906397 0.00307460
v 0.03559753 0.06906398 -0.00004684
v 0.04313317 0.06906391 -0.00316821
v 0.02381689 0.06906399 0.03234041
v 0.03689023 0.06906392 -0.00316821
v 0.02221302 0.06906399 -0.03854404
v 0.02428035 0.06906399 -0.03586636
v 0.02117125 0.06906399 -0.03044401
v 0.01781574 0.06906400 -0.03087555
v 0.04001191 0.06906391 -0.00446115
v 0.01885757 0.06906400 -0.03897546
v 0.02384887 0.06906399 -0.03251134
v -0.02220263 0.06906399 -0.03849733
v -0.01884998 0.06906398 -0.03894973
v -0.01775815 0.06906398 -0.03085626
v -0.02425332 0.06906399 -0.03580726
v -0.03684554 0.06906407 0.00306462
v -0.02111079 0.06906399 -0.03040398
v -0.04439899 0.06906402 -0.00003900
v -0.04311338 0.06906401 -0.00316765
v -0.02380092 0.06906399 -0.03245456
v -0.03556005 0.06906407 -0.00006415
v 0.01781574 0.06840000 -0.03087555
v 0.01788346 0.06840000 -0.03099357
v 0.01587985 0.06840000 -0.03358852
v 0.01574866 0.06840000 -0.03355311
v -0.01574795 0.06840004 0.03345334
v -0.01587926 0.06840004 0.03348885
v -0.01629274 0.06840004 0.03674112
v -0.01617460 0.06840004 0.03680859
v 0.02221302 0.06839999 -0.03854404
v 0.02214537 0.06839999 -0.03842615
v 0.02414910 0.06839999 -0.03583096
v 0.02428035 0.06839999 -0.03586636
v 0.02117125 0.06839999 -0.03044401
v 0.02113543 0.06839999 -0.03057526
v 0.01617990 0.06840000 -0.03690813
v 0.01629821 0.06840000 -0.03684043
v 0.01889340 0.06839999 -0.03884421
v 0.01885757 0.06839999 -0.03897546
v -0.03686311 0.06906407 -0.00318541
v -0.03686311 0.06840006 -0.00318541
v -0.03556005 0.06840006 -0.00006415
v -0.03556005 0.06906407 -0.00006415
v -0.01884998 0.06906398 -0.03894973
v -0.01884998 0.06840004 -0.03894973
v -0.01615985 0.06840004 -0.03689904
v -0.01615985 0.06906398 -0.03689904
v -0.02425332 0.06906399 -0.03580726
v -0.02425332 0.06839999 -0.03580726
v -0.02220263 0.06840005 -0.03849733
v -0.02220263 0.06906399 -0.03849733
v -0.02384900 0.06906405 0.03242300
v -0.02384900 0.06840005 0.03242300
v -0.02117448 0.06840004 0.03035222
v -0.02117448 0.06906405 0.03035222
v -0.01775815 0.06906398 -0.03085626
v -0.01775815 0.06840004 -0.03085626
v -0.02111079 0.06840004 -0.03040398
v -0.02111079 0.06906399 -0.03040398
v -0.02380092 0.06906399 -0.03245456
v -0.02380092 0.06839999 -0.03245456
v -0.02425332 0.06839999 -0.03580726
v -0.02425332 0.06906399 -0.03580726
v -0.01884998 0.06840004 -0.03894973
v -0.01884998 0.06906398 -0.03894973
v 0.01617700 0.06906400 0.03676640
v 0.01617700 0.06840000 0.03676640
v 0.01573122 0.06840000 0.03341758
v 0.01573122 0.06906400 0.03341758
v -0.01570751 0.06906398 -0.03354645
v -0.01570751 0.06840004 -0.03354645
v -0.04311338 0.06906401 -0.00316765
v -0.04311338 0.06840001 -0.00316765
v -0.03999206 0.06840007 -0.00447096
v -0.03999206 0.06906407 -0.00447096
v 0.02113325 0.06906399 0.03028787
v 0.02113325 0.06839999 0.03028787
v 0.02381689 0.06839999 0.03234041
v 0.02381689 0.06906399 0.03234041
v 0.01885757 0.06906400 -0.03897546
v 0.01885757 0.06839999 -0.03897546
v 0.02221302 0.06839999 -0.03854404
v 0.02221302 0.06906399 -0.03854404
v -0.04309537 0.06840001 0.00308226
v -0.04309537 0.06906401 0.00308226
v 0.04001190 0.06906397 0.00436755
v 0.04001190 0.06839997 0.00436755
v 0.03689023 0.06839997 0.00307460
v 0.03689023 0.06906398 0.00307460
v 0.02221302 0.06906399 -0.03854404
v 0.02221302 0.06839999 -0.03854404
v 0.02428035 0.06839999 -0.03586636
v 0.02428035 0.06906399 -0.03586636
v -0.02427565 0.06906405 0.03577887
v -0.02427565 0.06840005 0.03577887
v -0.02384900 0.06840005 0.03242300
v -0.02384900 0.06906405 0.03242300
v 0.03689023 0.06906392 -0.00316821
v 0.03689023 0.06839991 -0.00316821
v 0.04001191 0.06839991 -0.00446115
v 0.04001191 0.06906391 -0.00446115
v 0.04313317 0.06906391 -0.00316821
v 0.04313317 0.06839991 -0.00316821
v 0.04442628 0.06839996 -0.00004683
v 0.04442628 0.06906397 -0.00004683
v -0.01617460 0.06906404 0.03680859
v -0.01617460 0.06840004 0.03680859
v -0.01884906 0.06840004 0.03887998
v -0.01884906 0.06906404 0.03887998
v 0.02384887 0.06906399 -0.03251134
v 0.02384887 0.06839999 -0.03251134
v 0.02117125 0.06839999 -0.03044401
v 0.02117125 0.06906399 -0.03044401
v 0.04442628 0.06906397 -0.00004683
v 0.04442628 0.06839996 -0.00004683
v 0.04313316 0.06839996 0.00307460
v 0.04313316 0.06906397 0.00307460
v 0.01886064 0.06906400 0.03881968
v 0.01886064 0.06839999 0.03881968
v -0.01570751 0.06840004 -0.03354645
v -0.01570751 0.06906398 -0.03354645
v 0.02426291 0.06906399 0.03568990
v 0.02426291 0.06839999 0.03568990
v 0.02221007 0.06839999 0.03837348
v 0.02221007 0.06906399 0.03837348
v 0.02426291 0.06839999 0.03568990
v 0.02426291 0.06906399 0.03568990
v 0.01617990 0.06840000 -0.03690813
v 0.01617990 0.06906400 -0.03690813
v 0.01886064 0.06839999 0.03881968
v 0.01886064 0.06906400 0.03881968
v 0.04001190 0.06839997 0.00436755
v 0.04001190 0.06906397 0.00436755
v 0.01778395 0.06906400 0.03073383
v 0.01778395 0.06840000 0.03073383
v 0.02113325 0.06839999 0.03028787
v 0.02113325 0.06906399 0.03028787
v -0.02111079 0.06906399 -0.03040398
v -0.02111079 0.06840004 -0.03040398
v 0.04313317 0.06839991 -0.00316821
v 0.04313317 0.06906391 -0.00316821
v 0.01573122 0.06906400 0.03341758
v 0.01573122 0.06840000 0.03341758
v 0.03559752 0.06839997 -0.00004684
v 0.03559753 0.06906398 -0.00004684
v -0.03686311 0.06840006 -0.00318541
v -0.03686311 0.06906407 -0.00318541
v -0.02220438 0.06840005 0.03845321
v -0.02220438 0.06906405 0.03845321
v 0.02384887 0.06839999 -0.03251134
v 0.02384887 0.06906399 -0.03251134
v -0.01781885 0.06906404 0.03077887
v -0.01781885 0.06840004 0.03077887
v 0.03689023 0.06839991 -0.00316821
v 0.03689023 0.06906392 -0.00316821
v -0.02220438 0.06906405 0.03845321
v -0.02220438 0.06840005 0.03845321
v 0.01617990 0.06906400 -0.03690813
v 0.01617990 0.06840000 -0.03690813
v -0.01781885 0.06840004 0.03077887
v -0.01781885 0.06906404 0.03077887
v 0.01781574 0.06840000 -0.03087555
v 0.01781574 0.06906400 -0.03087555
v -0.02373098 0.06840005 0.03249072
v -0.02312796 0.06777504 0.03283535
v -0.02095590 0.06777504 0.03115343
v -0.02113883 0.06840004 0.03048347
v 0.04429039 0.06839996 -0.00004683
v 0.04359646 0.06777496 -0.00004683
v 0.04254665 0.06777496 0.00248803
v 0.04303701 0.06839996 0.00297858
v -0.01888503 0.06840004 -0.03881825
v -0.01906241 0.06777503 -0.03814686
v -0.01687773 0.06777503 -0.03648145
v -0.01627745 0.06840004 -0.03683079
v -0.03694204 0.06840006 0.00296859
v -0.03743425 0.06777506 0.00247906
v -0.03996930 0.06777500 0.00353740
v -0.03996709 0.06840001 0.00423185
v 0.04303702 0.06839991 -0.00307201
v 0.04254666 0.06777490 -0.00258158
v 0.01822892 0.06777499 -0.03159605
v 0.01655034 0.06777499 -0.03377055
v 0.04313317 0.06839991 -0.00316821
v 0.04442628 0.06839996 -0.00004683
v -0.03684554 0.06840006 0.00306462
v -0.03996692 0.06840001 0.00436781
v -0.01884998 0.06840004 -0.03894973
v -0.01615985 0.06840004 -0.03689904
v 0.04313316 0.06839996 0.00307460
v -0.02384900 0.06840005 0.03242300
v -0.02117448 0.06840004 0.03035222
v -0.02380092 0.06839999 -0.03245456
v -0.02368332 0.06839999 -0.03252316
v -0.02412184 0.06839999 -0.03577245
v -0.02425332 0.06839999 -0.03580726
v 0.02426291 0.06839999 0.03568990
v 0.02413136 0.06839999 0.03565491
v 0.02214194 0.06839999 0.03825588
v 0.02221007 0.06839999 0.03837348
v 0.01617700 0.06840000 0.03676640
v 0.01629460 0.06840000 0.03669853
v 0.01586253 0.06840000 0.03345240
v 0.01573122 0.06840000 0.03341758
v -0.04311338 0.06840001 -0.00316765
v -0.04301688 0.06840001 -0.00307162
v -0.03999146 0.06840007 -0.00433488
v -0.03999206 0.06840007 -0.00447096
v 0.01889587 0.06839999 0.03868831
v 0.01886064 0.06839999 0.03881968
v 0.02113325 0.06839999 0.03028787
v 0.02109802 0.06839999 0.03041924
v 0.02369929 0.06839999 0.03240884
v 0.02381689 0.06839999 0.03234041
v 0.01778395 0.06840000 0.03073383
v 0.01785195 0.06840000 0.03085149
v -0.04299972 0.06840001 0.00298594
v -0.04309537 0.06840001 0.00308226
v -0.01884906 0.06840004 0.03887998
v -0.01888458 0.06840004 0.03874861
v -0.02213715 0.06840005 0.03833519
v -0.02220438 0.06840005 0.03845321
v 0.04001190 0.06839997 0.00436755
v 0.04001190 0.06839997 0.00423171
v 0.03698655 0.06839997 0.00297858
v 0.03689023 0.06839997 0.00307460
v -0.02427565 0.06840005 0.03577887
v -0.02414446 0.06840005 0.03574286
v 0.03689023 0.06839991 -0.00316821
v 0.03698656 0.06839991 -0.00307201
v 0.04001191 0.06839991 -0.00432525
v 0.04001191 0.06839991 -0.00446115
v -0.01781885 0.06840004 0.03077887
v -0.01788633 0.06840004 0.03089701
v -0.04426292 0.06840001 -0.00003936
v -0.04439899 0.06840001 -0.00003900
v 0.02384887 0.06839999 -0.03251134
v 0.02373085 0.06839999 -0.03257905
v -0.01583894 0.06840004 -0.03358150
v -0.01570751 0.06840004 -0.03354645
v -0.03556005 0.06840006 -0.00006415
v -0.03569589 0.06840006 -0.00006367
v -0.02213432 0.06840005 -0.03837979
v -0.02220263 0.06840005 -0.03849733
v -0.03686311 0.06840006 -0.00318541
v -0.03695926 0.06840006 -0.00308897
v -0.02111079 0.06840004 -0.03040398
v -0.02107598 0.06840004 -0.03053535
v -0.01775815 0.06840004 -0.03085626
v -0.01782669 0.06840004 -0.03097392
v 0.03573342 0.06839997 -0.00004684
v 0.03559752 0.06839997 -0.00004684
v -0.01654910 0.06777503 0.03367148
v -0.01654911 0.05780001 0.03367148
v -0.01689577 0.05780001 0.03639685
v -0.01689576 0.06777503 0.03639685
v 0.02179984 0.06777498 -0.03782342
v 0.02179983 0.05779996 -0.03782342
v 0.02347846 0.05779996 -0.03564917
v 0.02347848 0.06777498 -0.03564917
v 0.02095387 0.06777499 -0.03124546
v 0.02095385 0.05779997 -0.03124546
v 0.01822890 0.05779997 -0.03159605
v 0.01822892 0.06777499 -0.03159605
v 0.01690052 0.06777499 -0.03649496
v 0.01690051 0.05779997 -0.03649496
v 0.01907518 0.05779997 -0.03817402
v 0.01907519 0.06777499 -0.03817402
v 0.02179983 0.05779996 -0.03782342
v 0.02179984 0.06777498 -0.03782342
v 0.03642710 0.06777497 -0.00004684
v 0.03642709 0.05779995 -0.00004684
v 0.03747678 0.05779994 -0.00258158
v 0.03747680 0.06777491 -0.00258158
v -0.02308305 0.06777498 -0.03287221
v -0.02345045 0.06777498 -0.03559483
v 0.02346123 0.06777498 0.03547609
v 0.02179421 0.06777498 0.03765572
v 0.01689506 0.06777499 0.03635061
v 0.01653266 0.06777499 0.03363073
v -0.04252425 0.06777500 -0.00258209
v -0.03998957 0.06777506 -0.00364043
v 0.01907439 0.06777499 0.03801770
v 0.02091975 0.06777499 0.03108955
v 0.02309901 0.06777498 0.03275633
v 0.01819993 0.06777499 0.03145171
v -0.04251001 0.06777500 0.00249342
v -0.01906757 0.06777503 0.03807841
v -0.02179258 0.06777504 0.03773223
v 0.04001190 0.06777496 0.00353791
v 0.03747679 0.06777496 0.00248803
v -0.02347444 0.06777504 0.03556024
v 0.03747680 0.06777491 -0.00258158
v 0.04001190 0.06777490 -0.00363152
v -0.01823114 0.06777503 0.03149997
v -0.01654910 0.06777503 0.03367148
v -0.01689576 0.06777503 0.03639685
v -0.04356840 0.06777501 -0.00004126
v 0.02312831 0.06777498 -0.03292452
v 0.02095387 0.06777499 -0.03124546
v -0.01651056 0.06777503 -0.03375888
v -0.03639057 0.06777506 -0.00006176
v -0.02178504 0.06777504 -0.03777952
v 0.01690052 0.06777499 -0.03649496
v -0.03744897 0.06777506 -0.00259639
v -0.02089836 0.06777504 -0.03120697
v -0.01817574 0.06777503 -0.03157414
v 0.03642710 0.06777497 -0.00004684
v 0.02347848 0.06777498 -0.03564917
v 0.01907519 0.06777499 -0.03817402
v 0.02179984 0.06777498 -0.03782342
v -0.02308307 0.05780002 -0.03287221
v -0.02374492 0.05780002 -0.03248740
v -0.02419058 0.05780002 -0.03579057
v -0.02345046 0.05780002 -0.03559483
v -0.02312797 0.05780002 0.03283535
v -0.02379262 0.05780002 0.03245555
v -0.02115756 0.05780002 0.03041475
v -0.02095591 0.05780002 0.03115343
v 0.04359645 0.05779994 -0.00004683
v 0.04436130 0.05779994 -0.00004683
v 0.04308737 0.05779994 0.00302865
v 0.04254664 0.05779994 0.00248803
v -0.01906242 0.05780001 -0.03814686
v -0.01886686 0.05780001 -0.03888703
v -0.01621589 0.05780001 -0.03686619
v -0.01687774 0.05780001 -0.03648145
v -0.03743426 0.05780004 0.00247906
v -0.03689145 0.05780004 0.00301866
v -0.03996699 0.05780004 0.00430284
v -0.03996931 0.05780004 0.00353740
v 0.04254664 0.05779994 -0.00258158
v 0.04308737 0.05779994 -0.00312225
v 0.01822892 0.06777499 -0.03159605
v 0.01822890 0.05779997 -0.03159605
v 0.01655032 0.05779997 -0.03377055
v 0.01655034 0.06777499 -0.03377055
v 0.04254666 0.06777490 -0.00258158
v 0.04254664 0.05779994 -0.00258158
v 0.04359645 0.05779994 -0.00004683
v 0.04359646 0.06777496 -0.00004683
v -0.03743425 0.06777506 0.00247906
v -0.03743426 0.05780004 0.00247906
v -0.03996931 0.05780004 0.00353740
v -0.03996930 0.06777500 0.00353740
v -0.01906241 0.06777503 -0.03814686
v -0.01906242 0.05780001 -0.03814686
v -0.01687774 0.05780001 -0.03648145
v -0.01687773 0.06777503 -0.03648145
v 0.04359646 0.06777496 -0.00004683
v 0.04359645 0.05779994 -0.00004683
v 0.04254664 0.05779994 0.00248803
v 0.04254665 0.06777496 0.00248803
v -0.02312796 0.06777504 0.03283535
v -0.02312797 0.05780002 0.03283535
v -0.02095591 0.05780002 0.03115343
v -0.02095590 0.06777504 0.03115343
v -0.02308305 0.06777498 -0.03287221
v -0.02308307 0.05780002 -0.03287221
v -0.02345046 0.05780002 -0.03559483
v -0.02345045 0.06777498 -0.03559483
v 0.02346123 0.06777498 0.03547609
v 0.02346122 0.05780002 0.03547609
v 0.02179420 0.05780002 0.03765572
v 0.02179421 0.06777498 0.03765572
v 0.01689506 0.06777499 0.03635061
v 0.01689505 0.05779997 0.03635061
v 0.01653265 0.05780003 0.03363073
v 0.01653266 0.06777499 0.03363073
v -0.04252425 0.06777500 -0.00258209
v -0.04252426 0.05780004 -0.00258209
v -0.03998958 0.05780004 -0.00364043
v -0.03998957 0.06777506 -0.00364043
v 0.01907438 0.05780003 0.03801770
v 0.01907439 0.06777499 0.03801770
v 0.02091975 0.06777499 0.03108955
v 0.02091974 0.05780002 0.03108955
v 0.02309900 0.05780002 0.03275633
v 0.02309901 0.06777498 0.03275633
v 0.01819993 0.06777499 0.03145171
v 0.01819992 0.05780003 0.03145171
v 0.02091974 0.05780002 0.03108955
v 0.02091975 0.06777499 0.03108955
v -0.04251002 0.05780004 0.00249342
v -0.04251001 0.06777500 0.00249342
v -0.01906757 0.06777503 0.03807841
v -0.01906758 0.05780001 0.03807841
v -0.02179259 0.05780002 0.03773223
v -0.02179258 0.06777504 0.03773223
v 0.04001190 0.06777496 0.00353791
v 0.04001189 0.05779994 0.00353791
v 0.03747678 0.05779994 0.00248803
v 0.03747679 0.06777496 0.00248803
v 0.01653266 0.06777499 0.03363073
v 0.01653265 0.05780003 0.03363073
v -0.02347444 0.06777504 0.03556024
v -0.02347445 0.05780002 0.03556024
v -0.02312797 0.05780002 0.03283535
v -0.02312796 0.06777504 0.03283535
v -0.02179258 0.06777504 0.03773223
v -0.02179259 0.05780002 0.03773223
v 0.03747680 0.06777491 -0.00258158
v 0.03747678 0.05779994 -0.00258158
v 0.04001189 0.05779994 -0.00363152
v 0.04001190 0.06777490 -0.00363152
v -0.01823114 0.06777503 0.03149997
v -0.01823115 0.05780001 0.03149997
v -0.01689576 0.06777503 0.03639685
v -0.01689577 0.05780001 0.03639685
v -0.04251001 0.06777500 0.00249342
v -0.04251002 0.05780004 0.00249342
v -0.04356842 0.05780005 -0.00004126
v -0.04356840 0.06777501 -0.00004126
v 0.02312831 0.06777498 -0.03292452
v 0.02312829 0.05779996 -0.03292452
v -0.01823115 0.05780001 0.03149997
v -0.01823114 0.06777503 0.03149997
v 0.01907439 0.06777499 0.03801770
v 0.01907438 0.05780003 0.03801770
v -0.04252426 0.05780004 -0.00258209
v -0.04252425 0.06777500 -0.00258209
v -0.01651058 0.05780001 -0.03375888
v -0.01651056 0.06777503 -0.03375888
v -0.03639057 0.06777506 -0.00006176
v -0.03639059 0.05780004 -0.00006176
v 0.02346122 0.05780002 0.03547609
v 0.02346123 0.06777498 0.03547609
v -0.02345045 0.06777498 -0.03559483
v -0.02345046 0.05780002 -0.03559483
v -0.02178505 0.05780002 -0.03777952
v -0.02178504 0.06777504 -0.03777952
v 0.01690051 0.05779997 -0.03649496
v 0.01690052 0.06777499 -0.03649496
v -0.03744897 0.06777506 -0.00259639
v -0.03744899 0.05780004 -0.00259639
v -0.03639059 0.05780004 -0.00006176
v -0.03639057 0.06777506 -0.00006176
v 0.04001189 0.05779994 0.00353791
v 0.04001190 0.06777496 0.00353791
v -0.01906242 0.05780001 -0.03814686
v -0.01906241 0.06777503 -0.03814686
v -0.02089836 0.06777504 -0.03120697
v -0.02089838 0.05780002 -0.03120697
v -0.01817574 0.06777503 -0.03157414
v -0.01817576 0.05780001 -0.03157414
v -0.02089838 0.05780002 -0.03120697
v -0.02089836 0.06777504 -0.03120697
v 0.04254664 0.05779994 -0.00258158
v 0.04254666 0.06777490 -0.00258158
v -0.03744899 0.05780004 -0.00259639
v -0.03744897 0.06777506 -0.00259639
v -0.01651056 0.06777503 -0.03375888
v -0.01651058 0.05780001 -0.03375888
v 0.02312829 0.05779996 -0.03292452
v 0.02312831 0.06777498 -0.03292452
v 0.01784833 0.05779997 -0.03093188
v 0.01784833 0.05164972 -0.03093188
v 0.01581140 0.05164972 -0.03357016
v 0.01581140 0.05779997 -0.03357016
v -0.01581048 0.05780001 0.03347026
v -0.01581049 0.05164976 0.03347026
v -0.01623101 0.05164976 0.03677665
v -0.01623100 0.05780001 0.03677665
v 0.02218040 0.05779996 -0.03848778
v 0.02218039 0.05164971 -0.03848778
v 0.02421762 0.05164971 -0.03584956
v 0.02421763 0.05779996 -0.03584956
v 0.02115418 0.05779997 -0.03050672
v 0.02115418 0.05164972 -0.03050672
v 0.01784833 0.05164972 -0.03093188
v 0.01784833 0.05779997 -0.03093188
v 0.01623657 0.05779997 -0.03687607
v 0.01623656 0.05164972 -0.03687607
v 0.01887478 0.05164972 -0.03891300
v 0.01887479 0.05779997 -0.03891300
v 0.02218039 0.05164971 -0.03848778
v 0.02218040 0.05779996 -0.03848778
v 0.02346122 0.05780002 0.03547609
v 0.02420014 0.05780002 0.03567327
v 0.02217721 0.05780002 0.03831733
v 0.02179420 0.05780002 0.03765572
v 0.01689505 0.05779997 0.03635061
v 0.01623344 0.05779997 0.03673423
v 0.01579386 0.05780003 0.03343428
v 0.01653265 0.05780003 0.03363073
v -0.04252426 0.05780004 -0.00258209
v -0.04306708 0.05780004 -0.00312169
v -0.03999190 0.05780004 -0.00440599
v -0.03998958 0.05780004 -0.00364043
v 0.01887756 0.05780003 0.03875649
v 0.01907438 0.05780003 0.03801770
v 0.02091974 0.05780002 0.03108955
v 0.02111655 0.05780002 0.03035069
v 0.02376043 0.05780002 0.03237314
v 0.02309900 0.05780002 0.03275633
v 0.01819992 0.05780003 0.03145171
v 0.01781660 0.05780003 0.03079010
v -0.04304980 0.05780004 0.00303618
v -0.04251002 0.05780004 0.00249342
v -0.01906758 0.05780001 0.03807841
v -0.01886618 0.05780001 0.03881703
v -0.02217239 0.05780002 0.03839646
v -0.02179259 0.05780002 0.03773223
v 0.04001189 0.05779994 0.00353791
v 0.04001189 0.05779994 0.00430258
v 0.03693635 0.05779995 0.00302865
v 0.03747678 0.05779994 0.00248803
v -0.02347445 0.05780002 0.03556024
v -0.02421295 0.05780002 0.03576170
v 0.03747678 0.05779994 -0.00258158
v 0.03693635 0.05779995 -0.00312226
v 0.04001189 0.05779994 -0.00439618
v 0.04001189 0.05779994 -0.00363152
v -0.01823115 0.05780001 0.03149997
v -0.01785135 0.05780001 0.03083526
v -0.01581048 0.05780001 0.03347026
v -0.01654911 0.05780001 0.03367148
v -0.01689577 0.05780001 0.03639685
v -0.01623100 0.05780001 0.03677665
v -0.04433392 0.05780005 -0.00003912
v -0.04356842 0.05780005 -0.00004126
v 0.02312829 0.05779996 -0.03292452
v 0.02379216 0.05779996 -0.03254353
v 0.02115418 0.05779997 -0.03050672
v 0.02095385 0.05779997 -0.03124546
v -0.01577047 0.05780001 -0.03356302
v -0.01651058 0.05780001 -0.03375888
v -0.03639059 0.05780004 -0.00006176
v -0.03562503 0.05780004 -0.00006391
v -0.02216979 0.05780002 -0.03844131
v -0.02178505 0.05780002 -0.03777952
v 0.01655032 0.05779997 -0.03377055
v 0.01581140 0.05779997 -0.03357016
v 0.01623657 0.05779997 -0.03687607
v 0.01690051 0.05779997 -0.03649496
v -0.03744899 0.05780004 -0.00259639
v -0.03690921 0.05780004 -0.00313933
v -0.02089838 0.05780002 -0.03120697
v -0.02109418 0.05780002 -0.03046692
v -0.01817576 0.05780001 -0.03157414
v -0.01779101 0.05780001 -0.03091229
v 0.03566248 0.05779995 -0.00004684
v 0.03642709 0.05779995 -0.00004684
v 0.02347846 0.05779996 -0.03564917
v 0.02421763 0.05779996 -0.03584956
v 0.01907518 0.05779997 -0.03817402
v 0.01887479 0.05779997 -0.03891300
v 0.02218040 0.05779996 -0.03848778
v 0.02179983 0.05779996 -0.03782342
v 0.01784833 0.05779997 -0.03093188
v 0.01822890 0.05779997 -0.03159605
v -0.01581049 0.05164976 0.03347026
v -0.02001185 0.04971482 0.03461610
v -0.01623101 0.05164976 0.03677665
v 0.02218039 0.05164971 -0.03848778
v 0.02001447 0.04971478 -0.03470992
v 0.02421762 0.05164971 -0.03584956
v 0.02115418 0.05164972 -0.03050672
v 0.01784833 0.05164972 -0.03093188
v 0.01623656 0.05164972 -0.03687607
v 0.01887478 0.05164972 -0.03891300
v 0.03566247 0.05164970 -0.00004684
v 0.04001188 0.04971475 -0.00004683
v 0.03693634 0.05164970 -0.00312226
v 0.04308737 0.05779994 -0.00312225
v 0.04308736 0.05164969 -0.00312225
v 0.04436129 0.05164969 -0.00004683
v 0.04436130 0.05779994 -0.00004683
v -0.03689145 0.05780004 0.00301866
v -0.03689146 0.05164979 0.00301866
v -0.03996700 0.05164979 0.00430284
v -0.03996699 0.05780004 0.00430284
v -0.01886686 0.05780001 -0.03888703
v -0.01886687 0.05164977 -0.03888703
v -0.01621590 0.05164976 -0.03686619
v -0.01621589 0.05780001 -0.03686619
v 0.04436130 0.05779994 -0.00004683
v 0.04436129 0.05164969 -0.00004683
v 0.04308736 0.05164969 0.00302865
v 0.04308737 0.05779994 0.00302865
v -0.02379262 0.05780002 0.03245555
v -0.02379263 0.05164977 0.03245555
v -0.02115757 0.05164977 0.03041475
v -0.02115756 0.05780002 0.03041475
v -0.02374492 0.05780002 -0.03248740
v -0.02374492 0.05164977 -0.03248740
v -0.02419058 0.05164977 -0.03579057
v -0.02419058 0.05780002 -0.03579057
v 0.02420014 0.05780002 0.03567327
v 0.02420013 0.05164977 0.03567327
v 0.02217720 0.05164977 0.03831733
v 0.02217721 0.05780002 0.03831733
v 0.01623344 0.05779997 0.03673423
v 0.01623343 0.05164972 0.03673423
v 0.01579385 0.05164978 0.03343428
v 0.01579386 0.05780003 0.03343428
v -0.04306708 0.05780004 -0.00312169
v -0.04306708 0.05164980 -0.00312169
v -0.03999191 0.05164979 -0.00440599
v -0.03999190 0.05780004 -0.00440599
v 0.01887755 0.05164978 0.03875649
v 0.01887756 0.05780003 0.03875649
v 0.02111655 0.05780002 0.03035069
v 0.02111654 0.05164978 0.03035069
v 0.02376042 0.05164977 0.03237314
v 0.02376043 0.05780002 0.03237314
v 0.01781660 0.05780003 0.03079010
v 0.01781659 0.05164978 0.03079010
v 0.02111654 0.05164978 0.03035069
v 0.02111655 0.05780002 0.03035069
v -0.04304981 0.05164980 0.00303618
v -0.04304980 0.05780004 0.00303618
v -0.01886618 0.05780001 0.03881703
v -0.01886619 0.05164977 0.03881703
v -0.02217240 0.05164977 0.03839646
v -0.02217239 0.05780002 0.03839646
v 0.04001189 0.05779994 0.00430258
v 0.04001188 0.05164969 0.00430258
v 0.03693640 0.05164970 0.00302865
v 0.03693635 0.05779995 0.00302865
v 0.01579386 0.05780003 0.03343428
v 0.01579385 0.05164978 0.03343428
v -0.02421295 0.05780002 0.03576170
v -0.02421296 0.05164977 0.03576170
v -0.02379263 0.05164977 0.03245555
v -0.02379262 0.05780002 0.03245555
v -0.02217239 0.05780002 0.03839646
v -0.02217240 0.05164977 0.03839646
v 0.03693635 0.05779995 -0.00312226
v 0.03693634 0.05164970 -0.00312226
v 0.04001188 0.05164969 -0.00439618
v 0.04001189 0.05779994 -0.00439618
v -0.01785135 0.05780001 0.03083526
v -0.01785136 0.05164976 0.03083526
v -0.01623100 0.05780001 0.03677665
v -0.01623101 0.05164976 0.03677665
v -0.04304980 0.05780004 0.00303618
v -0.04304981 0.05164980 0.00303618
v -0.04433393 0.05164980 -0.00003912
v -0.04433392 0.05780005 -0.00003912
v 0.02379216 0.05779996 -0.03254353
v 0.02379216 0.05164971 -0.03254353
v -0.01785136 0.05164976 0.03083526
v -0.01785135 0.05780001 0.03083526
v 0.01887756 0.05780003 0.03875649
v 0.01887755 0.05164978 0.03875649
v -0.04306708 0.05164980 -0.00312169
v -0.04306708 0.05780004 -0.00312169
v -0.01577047 0.05164976 -0.03356302
v -0.01577047 0.05780001 -0.03356302
v -0.03562503 0.05780004 -0.00006391
v -0.03562504 0.05164979 -0.00006391
v 0.02420013 0.05164977 0.03567327
v 0.02420014 0.05780002 0.03567327
v -0.02419058 0.05780002 -0.03579057
v -0.02419058 0.05164977 -0.03579057
v -0.02216980 0.05164977 -0.03844131
v -0.02216979 0.05780002 -0.03844131
v 0.01623656 0.05164972 -0.03687607
v 0.01623657 0.05779997 -0.03687607
v -0.03690921 0.05780004 -0.00313933
v -0.03690921 0.05164979 -0.00313933
v -0.03562504 0.05164979 -0.00006391
v -0.03562503 0.05780004 -0.00006391
v 0.04001188 0.05164969 0.00430258
v 0.04001189 0.05779994 0.00430258
v -0.01886687 0.05164977 -0.03888703
v -0.01886686 0.05780001 -0.03888703
v -0.02109418 0.05780002 -0.03046692
v -0.02109419 0.05164977 -0.03046692
v -0.01779101 0.05780001 -0.03091229
v -0.01779101 0.05164976 -0.03091229
v -0.02109419 0.05164977 -0.03046692
v -0.02109418 0.05780002 -0.03046692
v 0.04308736 0.05164969 -0.00312225
v 0.04308737 0.05779994 -0.00312225
v 0.03566247 0.05164970 -0.00004684
v 0.03566248 0.05779995 -0.00004684
v -0.03690921 0.05164979 -0.00313933
v -0.03690921 0.05780004 -0.00313933
v -0.01577047 0.05780001 -0.03356302
v -0.01577047 0.05164976 -0.03356302
v 0.02379216 0.05164971 -0.03254353
v 0.02379216 0.05779996 -0.03254353
v 0.03693634 0.05164970 -0.00312226
v 0.03693635 0.05779995 -0.00312226
v 0.01581140 0.05164972 -0.03357016
v 0.04308736 0.05164969 -0.00312225
v 0.04436129 0.05164969 -0.00004683
v -0.03689146 0.05164979 0.00301866
v -0.03997927 0.04971485 -0.00005151
v -0.03996700 0.05164979 0.00430284
v -0.01886687 0.05164977 -0.03888703
v -0.01998042 0.04971482 -0.03467680
v -0.01621590 0.05164976 -0.03686619
v 0.04308736 0.05164969 0.00302865
v -0.02379263 0.05164977 0.03245555
v -0.02115757 0.05164977 0.03041475
v -0.02374492 0.05164977 -0.03248740
v -0.02419058 0.05164977 -0.03579057
v 0.02420013 0.05164977 0.03567327
v 0.01999705 0.04971483 0.03455341
v 0.02217720 0.05164977 0.03831733
v 0.01623343 0.05164972 0.03673423
v 0.01579385 0.05164978 0.03343428
v -0.04306708 0.05164980 -0.00312169
v -0.03999191 0.05164979 -0.00440599
v 0.01887755 0.05164978 0.03875649
v 0.02111654 0.05164978 0.03035069
v 0.02376042 0.05164977 0.03237314
v 0.01781659 0.05164978 0.03079010
v -0.04304981 0.05164980 0.00303618
v -0.01886619 0.05164977 0.03881703
v -0.02217240 0.05164977 0.03839646
v 0.04001188 0.05164969 0.00430258
v 0.03693640 0.05164970 0.00302865
v -0.02421296 0.05164977 0.03576170
v 0.04001188 0.05164969 -0.00439618
v -0.01785136 0.05164976 0.03083526
v -0.04433393 0.05164980 -0.00003912
v 0.02379216 0.05164971 -0.03254353
v -0.01577047 0.05164976 -0.03356302
v -0.03562504 0.05164979 -0.00006391
v -0.02216980 0.05164977 -0.03844131
v -0.03690921 0.05164979 -0.00313933
v -0.02109419 0.05164977 -0.03046692
v -0.01779101 0.05164976 -0.03091229
v -0.00778725 0.04564977 0.04745995
v -0.00778723 0.05764998 0.04745995
v 0.00881395 0.04389296 0.04922044
v 0.01563123 0.04564974 0.04745995
v 0.00782517 0.04564975 0.04745995
v 0.00881397 0.05943243 0.04922044
v 0.00782519 0.05764996 0.04745995
v 0.01563124 0.05764995 0.04745995
v 0.00782519 0.05764996 0.04745995
v 0.00782517 0.04564975 0.04745995
v 0.00001900 0.05764997 0.04745995
v 0.00001898 0.04564976 0.04745995
v 0.00015126 0.04315143 0.04992949
v 0.00001898 0.04564976 0.04745995
v -0.00853612 0.04389298 0.04922044
v -0.00778725 0.04564977 0.04745995
v -0.01559325 0.04564978 0.04745994
v -0.01559324 0.05764999 0.04745994
v -0.00778723 0.05764998 0.04745995
v -0.00853610 0.05943245 0.04922044
v 0.00001900 0.05764997 0.04745995
v 0.00015128 0.06014806 0.04992949
v -0.00428428 0.04916525 0.04745995
v -0.00428428 0.04916525 0.05275982
v -0.00495000 0.05164981 0.05275982
v -0.00495000 0.05164981 0.04745995
v 0.00250356 0.05595338 0.04745995
v 0.00250356 0.05595338 0.05275982
v 0.00432240 0.05413436 0.05275982
v 0.00432240 0.05413436 0.04745995
v -0.00246532 0.05595338 0.04745995
v -0.00246532 0.05595338 0.05275982
v 0.00001905 0.05661886 0.05275982
v 0.00001905 0.05661886 0.04745995
v 0.00432239 0.04916524 0.04745995
v 0.00432239 0.04916524 0.05275982
v 0.00250355 0.04734671 0.05275982
v 0.00250355 0.04734671 0.04745995
v -0.00246533 0.04734671 0.04745995
v -0.00246533 0.04734671 0.05275982
v -0.00428428 0.04916525 0.05275982
v -0.00428428 0.04916525 0.04745995
v -0.00428427 0.05413437 0.04745995
v -0.00428428 0.05413437 0.05275982
v 0.00498812 0.05164980 0.04745995
v 0.00498812 0.05164980 0.05275982
v 0.00432239 0.04916524 0.05275982
v 0.00432239 0.04916524 0.04745995
v 0.00001904 0.04668068 0.04745995
v 0.00001904 0.04668068 0.05275982
v -0.00428428 0.05413437 0.05275982
v -0.00428427 0.05413437 0.04745995
v 0.00432240 0.05413436 0.04745995
v 0.00432240 0.05413436 0.05275982
v 0.00498812 0.05164980 0.05275982
v 0.00476889 0.05164980 0.05295979
v 0.00413243 0.04927510 0.05295979
v 0.00432239 0.04916524 0.05275982
v 0.00001904 0.04690021 0.05295979
v -0.00235572 0.04753655 0.05295979
v -0.00473078 0.05164981 0.05295979
v -0.00409443 0.05402494 0.05295979
v 0.00432240 0.05413436 0.05275982
v 0.00413244 0.05402493 0.05295979
v 0.00250355 0.04734671 0.05275982
v 0.00239394 0.04753655 0.05295979
v 0.00001904 0.04690021 0.05295979
v 0.00001904 0.04668068 0.05275982
v -0.00409444 0.04927511 0.05295979
v 0.00250356 0.05595338 0.05275982
v 0.00239395 0.05576354 0.05295979
v -0.00235571 0.05576354 0.05295979
v 0.00001905 0.05639988 0.05295979
v -0.00246533 0.04734671 0.05275982
v -0.00235572 0.04753655 0.05295979
v 0.00001905 0.05661886 0.05275982
v 0.00001905 0.05639988 0.05295979
v -0.00235571 0.05576354 0.05295979
v -0.00246532 0.05595338 0.05275982
v -0.00409443 0.05402494 0.05295979
v -0.00392122 0.05392480 0.05295979
v -0.00225593 0.05559045 0.05295979
v -0.00235571 0.05576354 0.05295979
v 0.00456898 0.05164980 0.05295979
v 0.00395934 0.04937481 0.05295979
v 0.00001904 0.04709982 0.05295979
v -0.00225594 0.04770964 0.05295979
v -0.00235572 0.04753655 0.05295979
v -0.00473078 0.05164981 0.05295979
v -0.00453080 0.05164981 0.05295979
v 0.00395934 0.05392479 0.05295979
v 0.00229398 0.04770964 0.05295979
v -0.00409444 0.04927511 0.05295979
v -0.00392123 0.04937482 0.05295979
v 0.00229399 0.05559045 0.05295979
v 0.00001905 0.05619978 0.05295979
v 0.00001904 0.04710263 0.05424010
v -0.00058089 0.04815667 0.05485117
v -0.00172945 0.04862099 0.05485117
v -0.00225594 0.04770964 0.05423986
v -0.00392122 0.05392480 0.05295979
v -0.00392122 0.05392480 0.05423986
v -0.00225593 0.05559045 0.05423986
v -0.00225593 0.05559045 0.05295979
v 0.00456898 0.05164980 0.05295979
v 0.00456898 0.05164980 0.05423986
v 0.00395934 0.04937481 0.05423986
v 0.00395934 0.04937481 0.05295979
v 0.00229398 0.04770964 0.05423986
v 0.00176767 0.04862105 0.05485117
v 0.00061897 0.04815667 0.05485117
v -0.00453080 0.05164981 0.05295979
v -0.00453080 0.05164981 0.05423986
v -0.00392122 0.05392480 0.05423986
v -0.00392122 0.05392480 0.05295979
v 0.00395934 0.05392479 0.05295979
v 0.00395934 0.05392479 0.05423986
v 0.00001904 0.04709982 0.05295979
v 0.00001904 0.04710263 0.05424010
v -0.00225594 0.04770964 0.05423986
v -0.00225594 0.04770964 0.05295979
v -0.00392123 0.04937482 0.05295979
v -0.00392123 0.04937482 0.05423986
v 0.00229399 0.05559045 0.05295979
v 0.00229399 0.05559045 0.05423986
v 0.00395934 0.05392479 0.05423986
v 0.00395934 0.05392479 0.05295979
v 0.00001905 0.05619698 0.05424010
v 0.00061899 0.05514293 0.05485117
v 0.00176768 0.05467861 0.05485117
v 0.00229399 0.05559045 0.05423986
v 0.00395934 0.04937481 0.05295979
v 0.00395934 0.04937481 0.05423986
v 0.00229398 0.04770964 0.05423986
v 0.00229398 0.04770964 0.05295979
v -0.00392123 0.04937482 0.05423986
v -0.00392123 0.04937482 0.05295979
v -0.00300958 0.04990112 0.05485117
v -0.00392123 0.04937482 0.05423986
v 0.00001905 0.05619978 0.05295979
v 0.00001905 0.05619698 0.05424010
v -0.00392122 0.05392480 0.05423986
v -0.00300957 0.05339848 0.05485117
v -0.00172944 0.05467861 0.05485117
v -0.00225593 0.05559045 0.05423986
v 0.00456898 0.05164980 0.05423986
v 0.00351636 0.05164980 0.05485117
v 0.00304780 0.04990112 0.05485117
v 0.00395934 0.04937481 0.05423986
v -0.00347819 0.05164981 0.05485117
v -0.00300957 0.05339848 0.05485117
v 0.00395934 0.05392479 0.05423986
v 0.00304781 0.05339848 0.05485117
v -0.00300958 0.04990112 0.05485117
v -0.00058088 0.05514293 0.05485117
v 0.00061897 0.04990345 0.05485117
v -0.00058090 0.04990345 0.05485117
v -0.00058090 0.04990345 0.05485117
v -0.00058090 0.04986852 0.05544245
v -0.00058089 0.04815667 0.05485117
v 0.00061898 0.05339658 0.05485117
v 0.00061898 0.05343157 0.05544245
v 0.00061899 0.05514293 0.05485117
v 0.00061897 0.04990345 0.05485117
v 0.00061898 0.04986852 0.05544245
v 0.00061898 0.05164980 0.05565178
v 0.00061898 0.05164980 0.05485117
v -0.00058089 0.05339658 0.05485117
v -0.00058089 0.05343157 0.05544245
v -0.00058090 0.05164980 0.05565178
v -0.00058090 0.05164980 0.05485117
v 0.00061898 0.05339658 0.05485117
v -0.00058089 0.05339658 0.05485117
v -0.00058090 0.05164980 0.05485117
v 0.00061898 0.05164980 0.05485117
v 0.00061897 0.04815667 0.05485117
v -0.00058088 0.05514293 0.05485117
v -0.00183697 0.05290544 0.05531942
v -0.00223001 0.05164980 0.05532920
v -0.00058090 0.05164980 0.05565178
v -0.00058089 0.05343157 0.05544245
v 0.00187503 0.05290544 0.05531942
v 0.00061898 0.05343157 0.05544245
v 0.00061898 0.05164980 0.05565178
v 0.00226806 0.05164980 0.05532920
v -0.00347819 0.05164981 0.05485117
v -0.00183697 0.05039417 0.05531942
v -0.00058090 0.04986852 0.05544245
v 0.00187502 0.05039417 0.05531942
v 0.00061898 0.04986852 0.05544245
v -0.00881716 0.01354999 -0.04921174
v -0.00013942 0.01354998 -0.05000865
v 0.00854311 0.01354997 -0.04926383
v 0.01696601 0.01354996 -0.04703008
v 0.02487859 0.01354995 -0.04338180
v 0.03202870 0.01354994 -0.03839301
v 0.03819432 0.01354993 -0.03225254
v 0.04324159 0.01354993 -0.02511821
v 0.04920395 0.01354986 -0.00884007
v 0.04999574 0.01354992 -0.00014756
v 0.04925794 0.01354992 0.00853040
v 0.04702575 0.01354992 0.01694866
v 0.03824413 0.01354993 0.03190126
v 0.04336966 0.01354993 0.02487744
v 0.03225553 0.01354994 0.03818054
v 0.02511048 0.01354995 0.04321445
v 0.01563119 0.01354996 0.04745995
v 0.00881391 0.01354997 0.04919517
v 0.00015122 0.01354998 0.04992949
v -0.00853616 0.01354999 0.04924523
v -0.01559329 0.01355000 0.04745994
v -0.02487796 0.01355001 0.04335843
v -0.03200858 0.01355002 0.03837953
v -0.03820765 0.01355003 0.03221795
v -0.04691719 0.01354992 0.01723645
v -0.04919790 0.01355004 0.00880478
v -0.04999570 0.01355004 0.00013504
v -0.04925094 0.01355004 -0.00854899
v -0.04701743 0.01355004 -0.01697160
v -0.04336854 0.01355003 -0.02488495
v -0.03838232 0.01354997 -0.03203214
v -0.03223672 0.01355002 -0.03820932
v -0.02511987 0.01355001 -0.04323859
v -0.00006503 0.06345003 -0.02507174
v -0.00440452 0.06345004 -0.02467322
v 0.00426706 0.06345003 -0.02470004
v -0.00864932 0.06345004 -0.02352404
v -0.01258686 0.06345005 -0.02167964
v -0.01614579 0.06345005 -0.01916487
v -0.01924726 0.06345005 -0.01604724
v -0.02173529 0.06345006 -0.01248134
v -0.02355966 0.06345006 -0.00852419
v -0.02468715 0.06345006 -0.00427366
v -0.02505836 0.06345006 0.00005757
v -0.02465961 0.06345006 0.00439178
v -0.02358595 0.06344994 0.00836121
v -0.01894723 0.06345005 0.01633988
v -0.01602583 0.06345005 0.01924394
v -0.01246886 0.06345005 0.02172732
v -0.00850528 0.06345004 0.02355539
v -0.00433837 0.06345004 0.02466017
v 0.00007665 0.06345009 0.02500820
v 0.00447906 0.06345009 0.02463459
v 0.00864799 0.06345002 0.02350640
v 0.01257855 0.06345008 0.02165806
v 0.01597739 0.06345007 0.01926387
v 0.02183855 0.06345006 0.01225091
v 0.02356792 0.06345000 0.00850070
v 0.02469148 0.06345000 0.00426323
v 0.02505989 0.06345000 -0.00007330
v 0.02468462 0.06344994 -0.00419353
v 0.02154382 0.06345000 -0.01277958
v 0.01915076 0.06345001 -0.01616250
v 0.01603874 0.06345001 -0.01926135
v 0.01247415 0.06345002 -0.02174866
v 0.00851801 0.06345002 -0.02357268
vn 0.00000124 1.00000000 0.00000000
vn 0.00000124 1.00000000 -0.00000000
vn 0.00000124 1.00000000 -0.00000000
vn 0.00000124 1.00000000 0.00000000
vn 0.67594850 -0.47342775 0.56476525
vn 0.75889318 -0.47437717 0.44614733
vn 0.83681157 -0.24104065 0.49157481
vn 0.74462082 -0.24171862 0.62218321
vn 0.00000124 1.00000000 0.00000000
vn 0.00000124 1.00000000 -0.00000000
vn 0.00000124 1.00000000 -0.00000000
vn 0.00000124 1.00000000 0.00000000
vn 0.00000123 1.00000000 0.00000000
vn -0.00000047 1.00000000 0.00000030
vn -0.00000046 1.00000000 0.00000030
vn 0.00000123 1.00000000 0.00000000
vn 0.00000124 1.00000000 0.00000000
vn 0.00000124 1.00000000 0.00000000
vn 0.00000124 1.00000000 0.00000000
vn 0.00000124 1.00000000 0.00000000
vn 0.00000124 1.00000000 -0.00000000
vn 0.00000124 1.00000000 -0.00000000
vn 0.00000124 1.00000000 0.00000000
vn 0.00000124 1.00000000 0.00000000
vn -0.00000047 1.00000000 -0.00000029
vn -0.00000048 1.00000000 -0.00000030
vn 0.00000124 1.00000000 0.00000000
vn 0.00000124 1.00000000 0.00000000
vn -0.00000039 1.00000000 -0.00000059
vn -0.00000040 1.00000000 -0.00000059
vn 0.00000124 1.00000000 0.00000000
vn 0.00000294 1.00000000 -0.00000031
vn 0.00000293 1.00000000 -0.00000030
vn 0.00000124 1.00000000 0.00000000
vn 0.00000124 1.00000000 0.00000000
vn 0.00000124 1.00000000 0.00000000
vn 0.00000124 1.00000000 0.00000000
vn 0.00000124 1.00000000 0.00000000
vn -0.00000217 1.00000000 -0.00000059
vn -0.00000217 1.00000000 -0.00000060
vn 0.00000122 1.00000000 0.00000001
vn 0.00000123 1.00000000 0.00000001
vn 0.00000124 1.00000000 0.00000000
vn 0.00000124 1.00000000 0.00000000
vn 0.00000465 1.00000000 0.00000058
vn 0.00000465 1.00000000 0.00000059
vn -0.00000026 1.00000000 0.00000087
vn -0.00000026 1.00000000 0.00000086
vn 0.00000124 1.00000000 0.00000000
vn 0.00000124 1.00000000 0.00000000
vn 0.00000124 1.00000000 0.00000005
vn -0.00000221 1.00000000 -0.00000593
vn -0.00000220 1.00000000 -0.00000594
vn 0.00000116 1.00000000 -0.00000017
vn 0.00000124 1.00000000 0.00000000
vn 0.00000124 1.00000000 0.00000000
vn 0.00000124 1.00000000 0.00000000
vn 0.00000124 1.00000000 0.00000000
vn -0.00000222 1.00000000 0.00000001
vn -0.00000222 1.00000000 0.00000000
vn 0.00000124 1.00000000 -0.00000000
vn 0.00000124 1.00000000 -0.00000000
vn 0.00000124 1.00000000 -0.00000000
vn 0.00000124 1.00000000 -0.00000000
vn 0.00000124 1.00000000 0.00000000
vn 0.00000124 1.00000000 0.00000000
vn 0.00000124 1.00000000 0.00000000
vn 0.00000124 1.00000000 0.00000000
vn 0.00000124 1.00000000 0.00000000
vn 0.00000124 1.00000000 0.00000000
vn 0.00000124 1.00000000 0.00000000
vn 0.00000124 1.00000000 0.00000000
vn 0.00000124 1.00000000 0.00000000
vn 0.00000124 1.00000000 0.00000000
vn 0.00000243 1.00000000 0.00000324
vn 0.00000242 1.00000000 0.00000325
vn 0.00000124 1.00000000 0.00000000
vn 0.00000124 1.00000000 0.00000000
vn 0.00000246 1.00000000 0.00000674
vn 0.00000245 1.00000000 0.00000675
vn 0.00000122 1.00000000 -0.00000346
vn 0.00000123 1.00000000 -0.00000346
vn 0.00000124 1.00000000 -0.00000002
vn 0.00000125 1.00000000 0.00000007
vn 0.00000124 1.00000000 0.00000000
vn 0.00000124 1.00000000 0.00000000
vn 0.48264931 -0.24173880 -0.84179095
vn 0.32878916 -0.24151405 -0.91299981
vn 0.32987963 0.22812874 -0.91604405
vn 0.48423473 0.22882088 -0.84448666
vn 0.82807937 -0.47476864 0.29812630
vn 0.91296092 -0.24169842 0.32876167
vn -0.86727231 -0.47437119 -0.15103216
vn -0.88058867 -0.47387353 0.00273347
vn -0.97048578 -0.24113966 0.00300212
vn -0.95602373 -0.24147568 -0.16645759
vn 0.82699605 -0.47356975 -0.30300037
vn 0.80629925 -0.47162780 -0.35699964
vn 0.80628661 -0.47165288 -0.35699506
vn 0.89645114 -0.32229094 -0.30414454
vn 0.86729180 -0.47445139 0.15066786
vn 0.95608248 -0.24150654 0.16607491
vn -0.86638716 -0.47442177 0.15587581
vn -0.95506968 -0.24151940 0.17178559
vn 0.88037415 -0.47427241 -0.00265309
vn 0.97042504 -0.24138507 -0.00291294
vn -0.82248538 -0.47414921 0.31416608
vn -0.90685225 -0.24087468 0.34583000
vn 0.86464773 -0.47452340 -0.16496014
vn 0.95337636 -0.24118021 -0.18139910
vn -0.76142669 -0.47357720 0.44266695
vn -0.73300858 -0.47274205 0.48909445
vn -0.73300690 -0.47274565 0.48909349
vn -0.82890897 -0.32241386 0.45712058
vn -0.62089257 -0.47354463 0.62469825
vn -0.56466078 -0.47364414 0.67588418
vn -0.62219323 -0.24110288 0.74481205
vn -0.74308189 -0.15995482 0.64980286
vn 0.71956378 -0.47239859 -0.50898678
vn 0.67232585 -0.47454627 -0.56814064
vn 0.74118987 -0.24159690 -0.62631343
vn 0.84357467 -0.15951850 -0.51277248
vn -0.43813769 -0.47395177 0.76380959
vn -0.48294927 -0.24117666 0.84178015
vn -0.00263176 -0.47374863 -0.88065618
vn -0.15585775 -0.47458835 -0.86629917
vn -0.17177417 -0.24159786 -0.95505189
vn -0.00289884 -0.24107567 -0.97050199
vn 0.56468478 -0.47410528 -0.67554073
vn 0.62239910 -0.24132179 -0.74456911
vn -0.29820983 -0.47446886 0.82822110
vn -0.32883287 -0.24153220 0.91297927
vn -0.23018016 -0.47335771 -0.85026441
vn -0.31528518 -0.15975920 -0.93545297
vn 0.43771433 -0.47498871 -0.76340807
vn -0.14789996 -0.47457629 0.86769980
vn -0.16315972 -0.24145472 0.95659737
vn -0.37362472 -0.47337184 -0.79769898
vn -0.44238319 -0.47457064 -0.76097294
vn -0.50231058 -0.32222814 -0.80240458
vn -0.37362365 -0.47337734 -0.79769622
vn 0.29817070 -0.47441149 -0.82826805
vn 0.00266250 -0.47506333 0.87994758
vn 0.15276993 -0.47369256 0.86733887
vn 0.16850268 -0.24100849 0.95578332
vn 0.00292702 -0.24203475 0.97026317
vn -0.56826289 -0.47414833 -0.67250326
vn -0.62633313 -0.24137031 -0.74124704
vn 0.15105206 -0.47424178 -0.86733962
vn 0.16647101 -0.24140657 -0.95603884
vn 0.23021699 -0.47294906 0.85048182
vn 0.31577317 -0.15953068 0.93532736
vn -0.67559236 -0.47425165 -0.56450008
vn -0.74471969 -0.24140476 -0.62218673
vn 0.37488162 -0.47310380 0.79726819
vn 0.44241538 -0.47466294 0.76089666
vn 0.50184687 -0.32234139 0.80264921
vn 0.37488240 -0.47309981 0.79727019
vn -0.76340056 -0.47500272 -0.43771223
vn -0.84180051 -0.24174788 -0.48262808
vn 0.57483880 -0.47458512 0.66658032
vn 0.63354329 -0.24120549 0.73514816
vn -0.82822878 -0.47446143 -0.29820034
vn -0.91300373 -0.24153968 -0.32875945
vn 0.97363852 0.22807770 -0.00293235
vn 0.97610280 0.15123238 -0.15605157
vn 0.89008840 0.44852201 -0.08105950
vn 0.89334237 0.44936857 -0.00270233
vn 0.16906763 0.22802941 0.95886325
vn 0.00291595 0.22889701 0.97344628
vn -0.65767672 0.15080715 -0.73805050
vn -0.57711554 0.00000071 -0.81666251
vn 0.16702152 0.22829068 -0.95915962
vn 0.33558537 0.22860137 0.91385112
vn -0.74719937 0.22810088 -0.62422999
vn -0.00292450 0.22795159 -0.97366808
vn 0.42551546 -0.00001675 0.90495116
vn 0.45224669 0.30482972 0.83818362
vn -0.84450626 0.22877242 -0.48422347
vn -0.89390557 0.00000110 0.44825531
vn -0.93385427 0.15142883 0.32401467
vn 0.66733736 0.15057050 0.72937601
vn 0.57594294 -0.00001537 0.81748989
vn -0.91609010 0.22796408 -0.32986560
vn -0.16368633 0.22817048 0.95976300
vn 0.74703215 0.22873147 0.62419940
vn -0.95923198 0.22799037 -0.16701617
vn 0.83957315 0.22780553 0.49317498
vn 0.91588359 0.22886096 0.32981799
vn -0.97366785 0.22795123 0.00302510
vn 0.91436146 -0.00000113 -0.40489891
vn 0.84676746 0.22766251 -0.48078545
vn 0.88638572 0.30421119 -0.34896405
vn 0.95914487 0.22864759 0.16661754
vn -0.95820964 0.22831584 0.17235478
vn -0.83182506 0.00000103 0.55503790
vn -0.75182320 0.22791994 0.61871995
vn -0.81242453 0.30479614 0.49705704
vn 0.95951647 -0.00000119 -0.28165252
vn -0.62420394 0.22797018 0.74726102
vn 0.74361403 0.22859724 -0.62831638
vn -0.48451887 0.22799692 0.84454654
vn -0.17231297 0.22865507 -0.95813626
vn 0.62444060 0.22793378 -0.74707438
vn -0.32991704 0.22834840 0.91597585
vn -0.33494248 0.22829590 -0.91416329
vn -0.42415739 0.00000052 -0.90558849
vn -0.45183996 0.30448467 -0.83852831
vn -0.68993141 0.44980658 0.56715844
vn -0.77253327 0.44891128 0.44907796
vn 0.85796368 0.44775034 -0.25182920
vn 0.83935049 0.44825280 -0.30750640
vn 0.85796083 0.44775640 -0.25182814
vn -0.57285170 0.44908386 0.68568551
vn 0.68201492 0.45023126 -0.57632236
vn 0.77709258 0.44926301 -0.44078325
vn -0.44454627 0.44925443 0.77495101
vn -0.15806694 0.45035877 -0.87874446
vn -0.00270363 0.44916321 -0.89344563
vn 0.57305501 0.44904103 -0.68554366
vn -0.30258619 0.44978735 0.84031717
vn -0.30726179 0.44972326 -0.83865319
vn 0.44400206 0.45080613 -0.77436167
vn -0.15006778 0.44967434 0.88049568
vn -0.44891230 0.44962873 -0.77221225
vn 0.30257102 0.44938210 -0.84053941
vn 0.15501819 0.44940079 0.87977741
vn 0.00265876 0.45053603 0.89275429
vn -0.51608286 0.44757591 -0.73029739
vn -0.51607865 0.44758916 -0.73029225
vn 0.15325052 0.44970910 -0.87992954
vn 0.30772919 0.45032996 0.83815612
vn -0.68554757 0.44933314 -0.57282132
vn -0.63393625 0.44762760 -0.63067770
vn 0.44887760 0.45004555 0.77198958
vn -0.77440073 0.45071856 -0.44402286
vn -0.79907257 0.44825159 0.40069132
vn -0.79907196 0.44825302 0.40069095
vn 0.51458243 0.44914252 0.73039436
vn 0.51458559 0.44913259 0.73039824
vn -0.84066638 0.44907847 -0.30266907
vn 0.68556222 0.44927653 0.57284818
vn 0.64679322 0.44846434 0.61687784
vn -0.88021442 0.44913979 -0.15328413
vn 0.77006869 0.44952230 0.45268523
vn 0.83987065 0.45074540 0.30240019
vn -0.89344234 0.44916923 0.00279117
vn 0.87964422 0.45041363 0.15281891
vn -0.87906670 0.44969777 0.15815702
vn -0.86247309 0.44912259 0.23330039
vn -0.00000306 1.00000000 0.00000155
vn 0.00000124 1.00000000 0.00000000
vn 0.00000348 1.00000000 -0.00000043
vn 0.00000124 1.00000000 0.00000000
vn 0.00000124 1.00000000 0.00000000
vn 0.00000124 1.00000000 0.00000000
vn 0.00000124 1.00000000 0.00000000
vn 0.00000124 1.00000000 0.00000000
vn -0.00000119 1.00000000 -0.00000041
vn -0.00000648 1.00000000 -0.00000124
vn 0.00003658 1.00000000 0.00001630
vn 0.00000734 1.00000000 0.00000001
vn 0.00000124 1.00000000 -0.00000000
vn 0.00000124 1.00000000 0.00000000
vn -0.00000311 1.00000000 0.00000166
vn -0.00012778 0.99999999 0.00004919
vn 0.00000124 1.00000000 0.00000000
vn 0.00000124 1.00000000 -0.00000000
vn 0.00000124 1.00000000 0.00000000
vn 0.00000124 1.00000000 -0.00000000
vn 0.00000124 1.00000000 -0.00000000
vn 0.00000124 1.00000000 0.00000000
vn 0.00000124 1.00000000 -0.00000000
vn 0.00000124 1.00000000 0.00000000
vn 0.00000124 1.00000000 0.00000000
vn 0.00000124 1.00000000 0.00000000
vn 0.00000124 1.00000000 -0.00000000
vn 0.00000124 1.00000000 0.00000000
vn 0.00000124 1.00000000 0.00000000
vn 0.00000351 1.00000000 -0.00000043
vn 0.00007056 1.00000000 -0.00001319
vn 0.00000124 1.00000000 -0.00000000
vn 0.00000124 1.00000000 0.00000000
vn 0.00000124 1.00000000 0.00000000
vn 0.00000124 1.00000000 0.00000000
vn 0.00000124 1.00000000 -0.00000000
vn 0.00000305 -1.00000000 -0.00000154
vn -0.00000124 -1.00000000 -0.00000000
vn -0.00000348 -1.00000000 0.00000043
vn 0.93896968 -0.00000116 -0.34399990
vn 0.86966881 -0.00000107 -0.49363565
vn 0.86966881 -0.00000107 -0.49363565
vn 0.93896963 -0.00000116 -0.34400004
vn -0.64542135 0.00000080 -0.76382674
vn -0.76741910 0.00000095 -0.64114579
vn -0.76741910 0.00000095 -0.64114579
vn -0.64542120 0.00000080 -0.76382686
vn 0.17155020 -0.00000021 -0.98517538
vn -0.00300101 0.00000000 -0.99999550
vn -0.00300102 0.00000000 -0.99999550
vn 0.17155019 -0.00000021 -0.98517538
vn 0.32892152 -0.00000041 0.94435726
vn 0.49464063 -0.00000061 0.86909760
vn 0.49464063 -0.00000061 0.86909760
vn 0.27165689 -0.00015093 0.96239416
vn -0.86752192 0.00000107 -0.49739896
vn -0.86752201 0.00000107 -0.49739879
vn -0.93430588 0.00000115 0.35647233
vn -0.86450983 0.00000107 0.50261590
vn -0.86450970 0.00000107 0.50261614
vn -0.93430588 0.00000115 0.35647233
vn 0.65291355 -0.00000081 0.75743244
vn 0.65291355 -0.00000081 0.75743244
vn -0.90810911 0.00000112 -0.41873361
vn -0.90810911 0.00000112 -0.41873361
vn -0.16270852 0.00047213 0.98667407
vn 0.00272407 -0.00034234 0.99999623
vn 0.00039483 0.00033786 0.99999986
vn -0.17031626 0.00042560 0.98538936
vn 0.76737688 -0.00000095 0.64119633
vn 0.76737688 -0.00000095 0.64119633
vn -0.96659161 0.00000119 -0.25632141
vn -0.98517869 0.00000135 -0.17153117
vn -0.98517878 0.00000122 -0.17153069
vn -0.96659161 0.00000119 -0.25632141
vn 0.80778857 -0.00000100 0.58947233
vn 0.80778857 -0.00000100 0.58947233
vn 0.90810504 -0.00000112 0.41874245
vn 0.94086286 -0.00000116 0.33878766
vn 0.94086286 -0.00000116 0.33878766
vn 0.90810504 -0.00000112 0.41874245
vn -0.99999518 0.00000137 0.00310531
vn -0.99999517 0.00000116 0.00310667
vn 0.98524346 -0.00000122 0.17115875
vn 0.98524346 -0.00000122 0.17115875
vn -0.98420549 0.00000122 0.17702980
vn -0.98420546 0.00000115 0.17702999
vn -0.00300102 0.00000000 -0.99999550
vn -0.17704041 0.00000022 -0.98420358
vn -0.19298947 0.24174446 -0.95095461
vn -0.00300102 0.00000000 -0.99999550
vn 0.99999547 -0.00000124 -0.00301155
vn 0.99999547 -0.00000124 -0.00301136
vn 0.98234526 -0.00000121 -0.18707698
vn 0.98234526 -0.00000121 -0.18707698
vn -0.77224186 0.00000095 0.63532866
vn -0.77224186 0.00000095 0.63532866
vn -0.64111890 0.00000079 0.76744157
vn -0.64111890 0.00000079 0.76744157
vn 0.76382390 -0.00000094 -0.64542470
vn 0.76382390 -0.00000094 -0.64542470
vn -0.49058360 0.00000061 0.87139413
vn -0.49058360 0.00000061 0.87139413
vn 0.64136445 -0.00000079 -0.76723637
vn 0.64136445 -0.00000079 -0.76723637
vn -0.40408004 0.00000050 0.91472363
vn -0.40408004 0.00000050 0.91472363
vn -0.17704040 0.00000022 -0.98420358
vn -0.34402340 0.00000043 -0.93896107
vn -0.34402340 0.00000043 -0.93896107
vn -0.17704041 0.00000022 -0.98420358
vn 0.49740967 -0.00000061 -0.86751578
vn 0.49740967 -0.00000061 -0.86751578
vn -0.24477019 0.00067376 0.96958089
vn -0.11197806 0.00000014 0.99371068
vn -0.50259904 0.00000062 -0.86451964
vn -0.50259904 0.00000062 -0.86451964
vn 0.41871042 -0.00000052 -0.90811981
vn 0.41871042 -0.00000052 -0.90811981
vn 0.16638542 -0.00047209 0.98606068
vn 0.17519394 -0.00051558 0.98453381
vn 0.25633767 -0.00000032 -0.96658729
vn 0.25633767 -0.00000032 -0.96658729
vn 0.41871042 -0.00000052 -0.90811981
vn 0.49740967 -0.00000061 -0.86751578
vn 0.98234539 -0.00000197 -0.18707629
vn 0.93896939 -0.00000301 -0.34400071
vn 0.87252342 0.36948504 -0.31966184
vn 0.94881056 0.24001701 -0.20530551
vn -0.64542120 0.00000080 -0.76382686
vn -0.50259904 0.00000062 -0.86451964
vn 0.17155019 -0.00000021 -0.98517538
vn 0.25633767 -0.00000032 -0.96658729
vn -0.76741910 0.00000095 -0.64114579
vn 0.49464063 -0.00000061 0.86909760
vn 0.27175464 -0.00000034 0.96236657
vn -0.86752201 0.00000107 -0.49739879
vn -0.86450970 0.00000107 0.50261614
vn -0.93430588 0.00000115 0.35647233
vn 0.65291355 -0.00000081 0.75743244
vn -0.90810911 0.00000112 -0.41873361
vn 0.76737688 -0.00000095 0.64119633
vn -0.98517878 0.00000122 -0.17153069
vn -0.96659161 0.00000119 -0.25632141
vn 0.80778857 -0.00000100 0.58947233
vn 0.94086286 -0.00000116 0.33878766
vn 0.90810504 -0.00000112 0.41874245
vn -0.99999517 0.00000124 0.00310662
vn 0.86966881 -0.00000107 -0.49363565
vn 0.98524346 -0.00000122 0.17115875
vn -0.98420545 0.00000122 0.17703004
vn 0.99999547 -0.00000124 -0.00301136
vn -0.77224186 0.00000095 0.63532866
vn -0.64111890 0.00000079 0.76744157
vn 0.76382390 -0.00000094 -0.64542470
vn -0.49058360 0.00000061 0.87139413
vn 0.64136445 -0.00000079 -0.76723637
vn -0.40408004 0.00000050 0.91472363
vn -0.34402340 0.00000043 -0.93896107
vn 0.76737688 -0.00000095 0.64119633
vn 0.65291355 -0.00000081 0.75743244
vn -0.64111890 0.00000079 0.76744157
vn -0.76526290 0.23966200 0.59744022
vn 0.75483430 0.24181728 -0.60971271
vn 0.80867471 0.36767942 -0.45919174
vn -0.49058376 0.00000061 0.87139404
vn 0.64136445 -0.00000079 -0.76723637
vn -0.40408004 0.00000050 0.91472363
vn -0.31980258 0.36862924 -0.87283377
vn 0.49740967 -0.00000061 -0.86751578
vn -0.11232780 -0.00067948 0.99367097
vn -0.16912683 -0.00208164 0.98559210
vn -0.16171302 -0.00185615 0.98683608
vn -0.24525009 0.00000030 0.96945985
vn -0.46722521 0.36851741 -0.80367625
vn 0.41871042 -0.00000052 -0.90811981
vn 0.00088254 0.00071306 0.99999936
vn 0.17424411 0.00178323 0.98470087
vn 0.15412585 0.36999408 0.91616025
vn 0.02281832 0.24152796 0.97012554
vn -0.60961798 0.24183167 -0.75490619
vn 0.17155019 -0.00000021 -0.98517538
vn 0.25633767 -0.00000032 -0.96658729
vn 0.30586062 0.36895737 0.87767861
vn -0.76741910 0.00000095 -0.64114579
vn 0.45919502 0.24028240 0.85522179
vn -0.86752211 0.00000107 -0.49739863
vn -0.80328154 0.36963737 0.46701926
vn -0.86897268 0.36756265 0.33133696
vn -0.90810911 0.00000112 -0.41873361
vn -0.98517878 0.00000122 -0.17153069
vn -0.96659161 0.00000119 -0.25632141
vn 0.80778857 -0.00000100 0.58947233
vn 0.94086286 -0.00000116 0.33878766
vn 0.90810504 -0.00000112 0.41874245
vn -0.99999517 0.00000124 0.00310662
vn 0.98524346 -0.00000122 0.17115875
vn -0.95095795 0.24177528 0.19293442
vn 0.99999547 -0.00000124 -0.00301116
vn -0.23353177 0.69620735 0.67879175
vn -0.13287362 0.91336193 0.38485658
vn -0.20077666 0.91228573 0.35696427
vn -0.35223570 0.69644930 0.62521067
vn -0.98420339 0.00000122 0.17704149
vn -0.99999515 0.00000124 0.00311526
vn -0.99999515 0.00000124 0.00311526
vn -0.98420312 0.00000122 0.17704300
vn -0.24690360 0.69628939 -0.67395823
vn -0.18789288 0.69496175 -0.69406371
vn 0.35700889 0.69633227 -0.62262832
vn 0.20292761 0.91299180 -0.35392989
vn 0.26149194 0.91311300 -0.31280444
vn 0.46033585 0.69626529 -0.55073183
vn -0.11684103 0.69628795 0.70818872
vn -0.06603582 0.91333517 0.40181854
vn -0.36071687 0.69634003 -0.62047877
vn 0.24315633 0.69635297 -0.67525368
vn 0.13803755 0.91320105 -0.38341816
vn 0.11896275 0.69637554 0.70774923
vn 0.06075760 0.69473129 0.71669865
vn -0.41497875 0.69494486 -0.58723443
vn 0.12310869 0.69634230 -0.70707260
vn 0.06994230 0.91315339 -0.40157061
vn 0.23659068 0.69611865 0.67782274
vn -0.55082888 0.69630341 -0.46016204
vn -0.31282258 0.91314150 -0.26137068
vn -0.19489497 0.96146768 -0.19389652
vn -0.50978123 0.69491176 -0.50716934
vn -0.00213720 0.69632047 -0.71772783
vn -0.00122059 0.91298624 -0.40798852
vn 0.29415839 0.69440343 0.65671510
vn -0.62264203 0.69632045 -0.35700802
vn -0.35392887 0.91299010 -0.20293702
vn -0.62181340 0.69473737 0.36150807
vn -0.67047675 0.69627689 0.25624094
vn 0.46836444 0.69636314 0.54379511
vn 0.26770898 0.91217458 0.31027318
vn 0.15904608 0.96111547 0.22574632
vn 0.41409809 0.69502299 0.58776340
vn -0.67535480 0.69624020 -0.24319843
vn -0.38349445 0.91316202 -0.13808381
vn -0.05648871 0.69471478 0.71706374
vn -0.02151972 0.96172889 0.27315645
vn 0.55176016 0.69498722 0.46103524
vn 0.31015505 0.91467745 0.25916985
vn -0.70719714 0.69621462 -0.12311545
vn -0.40165548 0.91311557 -0.06994871
vn 0.61892663 0.69637467 0.36330722
vn 0.35347859 0.91204215 0.20792308
vn 0.67525355 0.69635383 0.24315424
vn 0.38342685 0.91319534 0.13805115
vn -0.71771237 0.69633610 0.00223483
vn -0.40797783 0.91299095 0.00127146
vn 0.62432206 0.69635251 -0.35399879
vn 0.67514822 0.69498657 -0.24732275
vn 0.70706806 0.69639737 0.12282287
vn 0.40163373 0.91313836 0.06977595
vn -0.71597337 0.69500963 0.06590710
vn -0.27358506 0.96151796 0.02518784
vn 0.71767345 0.69637648 -0.00215030
vn 0.40779565 0.91307239 -0.00123357
vn -0.69408717 0.69497604 0.18775330
vn 0.71605955 0.69498459 -0.06523149
vn 0.27508695 0.96109271 -0.02505934
vn -0.59889225 0.69399713 0.39961989
vn 0.69061836 0.69422584 -0.20272335
vn -0.46018950 0.69623040 0.55089822
vn -0.26133440 0.91315885 0.31280224
vn -0.19505955 0.96095720 0.19624736
vn -0.50695232 0.69488165 0.51003806
vn 0.58715144 0.69479525 -0.41534654
vn -0.06577632 0.69499736 -0.71599731
vn -0.02513769 0.96150705 -0.27362801
vn 0.19398209 0.96147430 -0.19477710
vn 0.50754306 0.69475675 -0.50962055
vn 0.00000124 1.00000000 0.00000000
vn 0.00000124 1.00000000 0.00000000
vn 0.00000124 1.00000000 -0.00000000
vn 0.00000124 1.00000000 -0.00000000
vn 0.00001021 1.00000000 -0.00000414
vn 0.00000068 1.00000000 -0.00000014
vn 0.00000372 1.00000000 -0.00000376
vn 0.00000124 1.00000000 0.00000000
vn 0.00000124 1.00000000 -0.00000000
vn 0.00000124 1.00000000 -0.00000000
vn 0.00000124 1.00000000 0.00000000
vn 0.00000290 1.00000000 -0.00000775
vn 0.00000087 1.00000000 0.00000061
vn 0.00000043 1.00000000 0.00000095
vn -0.00000280 1.00000000 -0.00000797
vn -0.00000201 1.00000000 -0.00000691
vn 0.00000124 1.00000000 -0.00000000
vn 0.00000124 1.00000000 0.00000000
vn 0.00000124 1.00000000 0.00000000
vn 0.00000259 1.00000000 0.00000439
vn 0.00000218 1.00000000 0.00000377
vn 0.00000124 1.00000000 0.00000000
vn 0.00000124 1.00000000 0.00000000
vn 0.00000124 1.00000000 -0.00000000
vn 0.00000124 1.00000000 -0.00000000
vn 0.00000124 1.00000000 -0.00000000
vn 0.00000224 1.00000000 0.00000414
vn 0.00000124 1.00000000 -0.00000000
vn -0.00000029 1.00000000 0.00000503
vn -0.00001263 1.00000000 0.00000421
vn 0.00000124 1.00000000 0.00000000
vn 0.00000124 1.00000000 0.00000000
vn 0.00000124 1.00000000 0.00000000
vn 0.00000124 1.00000000 -0.00000000
vn -0.25456019 0.67442757 -0.69307039
vn -0.37106571 0.67446129 -0.63828850
vn -0.46721761 0.36865486 -0.80361763
vn -0.32043237 0.36869281 -0.87257590
vn 0.99999547 -0.00000124 -0.00300912
vn 0.98524029 -0.00000122 0.17117700
vn 0.98524029 -0.00000122 0.17117700
vn 0.99999547 -0.00000124 -0.00300989
vn -0.93430248 0.00000115 0.35648125
vn -0.93430241 0.00000115 0.35648143
vn 0.98234752 -0.00000121 -0.18706510
vn 0.98234750 -0.00000121 -0.18706519
vn -0.77225763 0.00000095 0.63530950
vn -0.86451573 0.00000107 0.50260575
vn -0.86451623 0.00000107 0.50260491
vn -0.77225763 0.00000095 0.63530950
vn 0.93896815 -0.00000116 -0.34400408
vn 0.93896833 -0.00000116 -0.34400359
vn -0.64109600 0.00000079 0.76746070
vn -0.64109600 0.00000079 0.76746070
vn 0.76382754 -0.00000094 -0.64542040
vn 0.86967362 -0.00000107 -0.49362717
vn 0.86967362 -0.00000107 -0.49362717
vn 0.76382754 -0.00000094 -0.64542040
vn -0.49759335 0.00000061 0.86741043
vn -0.49759335 0.00000061 0.86741043
vn -0.17701061 0.00000021 -0.98420894
vn -0.00302089 -0.00000001 -0.99999544
vn -0.00302081 0.00000001 -0.99999544
vn -0.17701059 0.00000022 -0.98420895
vn 0.64134425 -0.00000079 -0.76725325
vn 0.64134425 -0.00000079 -0.76725325
vn -0.41883613 0.00000052 0.90806184
vn -0.41883613 0.00000052 0.90806184
vn -0.34402253 0.00000043 -0.93896139
vn -0.34402412 -0.00000082 -0.93896081
vn 0.49739367 -0.00000061 -0.86752495
vn 0.49739367 -0.00000061 -0.86752495
vn -0.16810751 0.00000021 0.98576867
vn -0.25632488 0.00000032 0.96659069
vn -0.25632488 0.00000032 0.96659069
vn -0.16810749 0.00000020 0.98576867
vn -0.50261565 -0.00000304 -0.86450998
vn -0.50261431 -0.00000259 -0.86451076
vn 0.41868727 -0.00000052 -0.90813048
vn 0.41868727 -0.00000052 -0.90813048
vn 0.17361360 -0.00000020 0.98481385
vn 0.00299503 0.00000001 0.99999551
vn 0.00299477 -0.00000001 0.99999552
vn 0.17361362 -0.00000021 0.98481385
vn -0.64540250 -0.00000089 -0.76384266
vn -0.64540129 0.00000080 -0.76384369
vn 0.17154299 -0.00000021 -0.98517664
vn 0.25635988 -0.00000032 -0.96658140
vn 0.25635988 -0.00000032 -0.96658140
vn 0.17154301 -0.00000020 -0.98517663
vn 0.34474567 -0.00000043 0.93869613
vn 0.34474567 -0.00000043 0.93869613
vn -0.76741244 0.00000095 -0.64115377
vn -0.76741243 0.00000095 -0.64115377
vn 0.50260221 -0.00000062 0.86451780
vn 0.50260221 -0.00000062 0.86451780
vn -0.86752281 0.00000107 -0.49739741
vn -0.86752244 0.00000107 -0.49739805
vn 0.65287277 -0.00000081 0.75746759
vn 0.65287277 -0.00000081 0.75746759
vn -0.90811066 0.00000112 -0.41873026
vn -0.90811066 0.00000112 -0.41873026
vn 0.76740081 -0.00000095 0.64116768
vn 0.76740081 -0.00000095 0.64116768
vn -0.98517656 0.00000122 -0.17154345
vn -0.96658691 0.00000119 -0.25633912
vn -0.96658691 0.00000119 -0.25633912
vn -0.98517656 0.00000122 -0.17154345
vn 0.80784997 -0.00000100 0.58938818
vn 0.80784997 -0.00000100 0.58938818
vn 0.94085196 -0.00000116 0.33881794
vn 0.90809169 -0.00000112 0.41877140
vn 0.90809169 -0.00000112 0.41877140
vn 0.94085196 -0.00000116 0.33881794
vn 0.29511646 0.92310380 0.24654746
vn 0.33326643 0.92327105 0.19106036
vn 0.64061929 0.67432354 0.36728012
vn 0.56667574 0.67428649 0.47351487
vn 0.69052139 0.67391107 -0.26272436
vn 0.64030072 0.67188152 -0.37227705
vn 0.80488422 0.36494493 -0.46794934
vn 0.86808265 0.36936266 -0.33166812
vn -0.48180847 0.67413430 -0.55982457
vn -0.60701720 0.36929954 -0.70366751
vn 0.36188403 0.92306740 0.13033237
vn 0.69478142 0.67430598 0.25018038
vn 0.06457786 0.92346997 -0.37819693
vn 0.01970494 0.96797746 -0.25026259
vn 0.05809761 0.67272881 -0.73760465
vn 0.12398644 0.67447426 -0.72781305
vn -0.53602020 0.67180319 -0.51123656
vn -0.73294826 0.24314556 -0.63534801
vn 0.37886142 0.92310166 0.06593447
vn 0.72752184 0.67428165 0.12671315
vn -0.20556835 0.96707632 -0.15001680
vn -0.32943689 0.92419857 -0.19320544
vn -0.63649838 0.67413617 -0.37471353
vn -0.59829378 0.67185514 -0.43664084
vn -0.36182423 0.92309395 -0.13031031
vn -0.69472159 0.67438855 -0.25012397
vn 0.24868770 0.96834884 0.02132954
vn 0.73691793 0.67302178 0.06319528
vn -0.69503289 0.67236539 0.25466461
vn -0.64210645 0.67409806 0.36509055
vn -0.80831958 0.36942426 0.45841593
vn -0.87398469 0.36557555 0.32016446
vn -0.37868809 0.92318379 -0.06578012
vn -0.72742289 0.67445426 -0.12636213
vn 0.72679709 0.67430376 -0.13069209
vn 0.91495208 0.36848191 -0.16457146
vn 0.96900228 0.24558050 -0.02692225
vn 0.73649963 0.67303218 -0.06779367
vn -0.24885642 0.96830912 -0.02116425
vn -0.73684199 0.67315690 -0.06263919
vn -0.73647934 0.67312687 0.06707009
vn -0.72570285 0.67411474 0.13756705
vn -0.91285427 0.36926568 0.17418365
vn -0.96900549 0.24560312 0.02659826
vn 0.57007276 0.67396103 -0.46988677
vn 0.71793609 0.36937732 -0.59002387
vn 0.52146805 0.67292597 -0.52463484
vn 0.63919759 0.24549976 -0.72880471
vn -0.56407562 0.67428768 0.47660762
vn -0.71006651 0.36844769 0.60004321
vn 0.14321387 0.96820072 -0.20512716
vn 0.19107767 0.92332571 -0.33310501
vn 0.36736537 0.67450313 -0.64038130
vn 0.42337908 0.67306454 -0.60641099
vn 0.00221869 0.67424107 0.73850800
vn 0.13073047 0.67412526 0.72695577
vn 0.16461560 0.36837738 0.91498624
vn 0.00279964 0.36864496 0.92956606
vn -0.52195166 0.67294201 0.52413311
vn -0.63954142 0.24549789 0.72850364
vn 0.13030086 0.92311493 -0.36177413
vn 0.25014747 0.67445860 -0.69464512
vn 0.25409346 0.67424215 0.69342198
vn 0.31980835 0.36849069 0.87289016
vn -0.14306737 0.96824117 0.20503847
vn -0.19106124 0.92328868 0.33321707
vn -0.36725344 0.67439022 0.64056440
vn -0.42323162 0.67304021 0.60654091
vn 0.37114750 0.67430640 0.63840458
vn 0.46720165 0.36868116 0.80361485
vn -0.13034510 0.92304330 0.36194090
vn -0.25015713 0.67422001 0.69487322
vn -0.06255268 0.67273824 -0.73723160
vn -0.12828483 0.67447440 -0.72706760
vn -0.16124993 0.36889668 -0.91537626
vn -0.02487123 0.24482463 -0.96924833
vn 0.42693043 0.67283148 0.60417564
vn 0.60775475 0.24523552 0.75531034
vn -0.06406793 0.96826690 0.24156676
vn -0.18965305 0.67282057 0.71508336
vn 0.17725714 0.96823588 0.17634963
vn 0.52450451 0.67277165 0.52179817
vn -0.06322997 0.67288334 0.73704137
vn -0.14323666 0.24528200 0.95881177
vn 0.98517717 -0.00000122 0.17153994
vn 0.99999512 -0.00000124 -0.00312266
vn 0.98517717 -0.00000122 0.17153994
vn -0.86967288 0.00000107 0.49362849
vn -0.93897777 0.00000116 0.34397782
vn -0.96659979 0.00000119 -0.25629056
vn -0.98525003 0.00000122 -0.17112095
vn -0.98525003 0.00000122 -0.17112095
vn -0.96659979 0.00000119 -0.25629056
vn 0.98420822 -0.00000122 -0.17701461
vn -0.99999538 0.00000124 0.00303874
vn 0.93430390 -0.00000885 -0.35647752
vn -0.98235305 0.00000121 0.18703604
vn 0.77226507 -0.00000095 -0.63530045
vn 0.86451138 -0.00000385 -0.50261325
vn 0.64112214 -0.00000079 -0.76743886
vn -0.76381330 0.00000094 0.64543725
vn 0.49759143 -0.00000061 -0.86741153
vn 0.49759143 -0.00000061 -0.86741153
vn 0.17704511 -0.00000022 0.98420274
vn 0.00299308 -0.00000000 0.99999552
vn -0.64135003 0.00000079 0.76724842
vn 0.41881739 -0.00000052 -0.90807048
vn 0.41881739 -0.00000052 -0.90807048
vn 0.34404868 -0.00000043 0.93895181
vn -0.49742192 0.00000061 0.86750875
vn -0.49742192 0.00000061 0.86750875
vn 0.25627796 -0.00000032 -0.96660313
vn 0.16811579 -0.00000021 -0.98576726
vn 0.16811616 -0.00000021 -0.98576719
vn 0.25627796 -0.00000032 -0.96660313
vn 0.50260117 -0.00000062 0.86451840
vn -0.41870059 0.00000052 0.90812434
vn -0.41870059 0.00000052 0.90812434
vn -0.17359142 0.00000022 -0.98481776
vn -0.00299720 0.00000001 -0.99999551
vn 0.64541902 -0.00000080 0.76382871
vn -0.25634142 0.00000032 0.96658630
vn -0.17156084 0.00000021 0.98517353
vn -0.25634142 0.00000032 0.96658630
vn -0.34470650 0.00000043 -0.93871051
vn 0.76741341 -0.00000095 0.64115261
vn 0.76741340 -0.00000095 0.64115261
vn -0.50261709 0.00000062 -0.86450914
vn 0.82010692 -0.00000101 0.57221031
vn 0.82010692 -0.00000101 0.57221031
vn -0.65290631 0.00000081 -0.75743868
vn 0.90813444 -0.00000112 0.41867869
vn 0.94085915 -0.00000116 0.33879798
vn 0.94085915 -0.00000116 0.33879798
vn 0.90813444 -0.00000112 0.41867869
vn -0.76738331 0.00000095 -0.64118863
vn -0.86216826 0.00000812 -0.50662204
vn -0.86216766 0.00000861 -0.50662307
vn -0.90810238 0.00000112 -0.41874822
vn -0.90809927 0.00000714 -0.41875497
vn -0.00000765 1.00000000 0.00000286
vn -0.00000031 1.00000000 -0.00000291
vn 0.00000586 1.00000000 -0.00000175
vn -0.07115330 0.96051954 0.26895989
vn 0.00000774 1.00000000 0.00001291
vn 0.13983116 0.96053694 0.24044967
vn 0.26889632 0.96053949 0.07112424
vn 0.19730138 0.96050710 0.19620980
vn 0.27819688 0.96052375 -0.00079237
vn 0.19610447 0.96054324 -0.19723011
vn 0.26846126 0.96050582 -0.07319239
vn 0.13799874 0.96054176 -0.24148680
vn -0.07320969 0.96050568 -0.26845703
vn 0.00000124 1.00000000 -0.00000000
vn 0.00000124 1.00000000 -0.00000000
vn 0.07168244 0.96043105 -0.26913532
vn -0.13960936 0.96042863 -0.24101053
vn -0.26901845 0.96046533 -0.07166184
vn -0.19688570 0.96045375 -0.19688731
vn -0.27848897 0.96043943 -0.00001098
vn -0.19687227 0.96045906 0.19687484
vn -0.26844426 0.96053969 0.07280920
vn -0.13835919 0.96053576 0.24130436
vn 0.07276655 0.96055285 0.26840874
vn -0.00000506 1.00000000 0.00000289
vn -0.13982555 0.96053888 -0.24044515
vn -0.00000158 1.00000000 -0.00000559
vn -0.00000176 1.00000000 -0.00000174
vn -0.26894362 0.96052453 -0.07114741
vn 0.07114565 0.96052884 -0.26892870
vn -0.27819294 0.96052489 0.00079297
vn -0.19618985 0.96050929 0.19731054
vn -0.19724761 0.96054319 -0.19608713
vn 0.00000485 1.00000000 0.00001183
vn -0.13802730 0.96052296 0.24154524
vn 0.07316742 0.96054827 0.26831613
vn -0.26830075 0.96055145 0.07318211
vn 0.00000124 1.00000000 0.00000000
vn 0.00000124 1.00000000 0.00000000
vn -0.00000101 1.00000000 -0.00000197
vn 0.13952699 0.96047588 0.24086990
vn 0.00000124 1.00000000 -0.00000000
vn 0.00000124 1.00000000 -0.00000000
vn 0.26899937 0.96047110 0.07165610
vn -0.07164976 0.96045381 0.26906281
vn 0.00000124 1.00000000 0.00000000
vn 0.27841980 0.96045948 -0.00000876
vn 0.19686638 0.96046434 -0.19685496
vn 0.19684771 0.96047190 0.19683676
vn 0.00000342 1.00000000 -0.00000058
vn 0.13836612 0.96053303 -0.24131124
vn -0.07279024 0.96052177 -0.26851351
vn 0.26845961 0.96053514 -0.07281263
vn -0.00001130 1.00000000 -0.00000454
vn -0.24044717 0.96053762 0.13983072
vn 0.24045817 0.96053505 -0.13982952
vn 0.00079565 0.96052470 0.27819356
vn -0.00078469 0.96052983 -0.27817591
vn 0.24160684 0.96050254 0.13806163
vn -0.24152559 0.96052675 -0.13803531
vn 0.00000511 1.00000000 0.00000104
vn -0.00001666 1.00000000 -0.00000409
vn -0.00000425 1.00000000 -0.00000123
vn 0.00000124 1.00000000 -0.00000000
vn 0.24088750 0.96046256 -0.13958825
vn -0.24092085 0.96045681 0.13957026
vn -0.00000505 0.96045875 -0.27842231
vn -0.00000474 0.96046868 0.27838807
vn -0.24132508 0.96052962 -0.13836565
vn 0.24131712 0.96053214 0.13836207
vn 0.00000124 1.00000000 0.00000000
vn 0.00000124 1.00000000 -0.00000000
vn 0.00000338 1.00000000 0.00000584
vn 0.00000124 1.00000000 -0.00000000
vn 0.00000124 1.00000000 -0.00000000
vn 0.00000094 1.00000000 0.00000317
vn -0.00000501 1.00000000 -0.00001074
vn 0.00000124 1.00000000 -0.00000000
vn -0.17725897 0.73880817 -0.65018593
vn 0.33418234 0.73900821 -0.58496926
vn 0.17730259 0.73903144 0.64992024
vn -0.33438877 0.73891924 0.58496368
vn -0.00189269 0.73897816 -0.67372672
vn 0.47493582 0.73905609 -0.47773639
vn 0.99999807 0.00001365 -0.00196312
vn 0.99999810 0.00000806 -0.00195045
vn 0.92462161 0.00001263 0.38088696
vn 0.92462159 0.00001261 0.38088700
vn 0.65013824 0.73883557 -0.17731967
vn 0.00192833 0.73891432 0.67379663
vn -0.47520562 0.73881928 0.47783437
vn -0.00002089 0.73851150 -0.67424088
vn 0.47675038 0.73852937 -0.47674254
vn -0.00097995 0.87109618 -0.49111148
vn -0.00000610 1.00000000 -0.00002619
vn 0.34657156 0.87110442 -0.34794431
vn -0.70849092 -0.00000000 -0.70571993
vn -0.70849232 0.00000088 -0.70571852
vn -0.38452557 -0.00000005 -0.92311434
vn -0.38452191 -0.00000167 -0.92311587
vn -0.92312880 0.00000114 0.38449084
vn -0.92312880 0.00000114 0.38449084
vn -0.92312880 0.00000114 0.38449084
vn -0.92312880 0.00000114 0.38449084
vn -0.92461513 0.00000114 -0.38090268
vn -0.92461513 0.00000114 -0.38090268
vn 0.38086377 0.00000005 -0.92463117
vn 0.38086013 0.00000166 -0.92463266
vn 0.70572110 -0.00000000 -0.70848975
vn 0.70571178 0.00000474 -0.70849903
vn 0.00197196 0.00000088 0.99999806
vn 0.00197298 0.00000146 0.99999805
vn -0.38087546 -0.00000113 0.92462635
vn -0.38087182 0.00000047 0.92462785
vn 0.38451617 0.00000255 0.92311826
vn 0.38452226 0.00000524 0.92311572
vn -0.70911062 0.00000088 -0.70509725
vn -0.70910734 0.00000088 -0.70510055
vn -0.00280723 0.00000000 -0.99999606
vn -0.00281187 0.00000000 -0.99999605
vn 0.49109053 0.87110802 -0.00095214
vn 0.34791909 0.87111480 0.34657079
vn 0.00095937 0.87112023 0.49106886
vn -0.34656127 0.87111498 0.34792811
vn -0.34795574 0.87109172 -0.34659199
vn -0.49109665 0.87110456 0.00095948
vn 0.99999586 -0.00000124 -0.00287753
vn 0.99999586 -0.00000124 -0.00287753
vn 0.92495435 -0.00000114 0.38007822
vn 0.92495435 -0.00000114 0.38007822
vn 0.79156318 -0.00000098 -0.61108734
vn 0.79156318 -0.00000098 -0.61108734
vn 0.96514507 -0.00000119 -0.26171547
vn 0.96514507 -0.00000119 -0.26171547
vn -0.92497182 0.00000114 -0.38003570
vn -0.92497182 0.00000114 -0.38003570
vn -0.96477661 0.00000119 0.26307051
vn -0.96477661 0.00000119 0.26307051
vn -0.99201203 0.00000123 -0.12614332
vn -0.99201203 0.00000123 -0.12614332
vn 0.92275167 -0.00000114 -0.38539507
vn 0.92275167 -0.00000114 -0.38539507
vn 0.58510556 0.73877324 0.33446313
vn -0.64992327 0.73904920 0.17721742
vn -0.58499493 0.73896076 -0.33424231
vn -0.33807229 0.73837053 -0.58353756
vn 0.17364525 0.73832446 -0.65170877
vn -0.58231558 0.73901845 0.33876290
vn -0.65135522 0.73894944 -0.17230816
vn 0.65146590 0.73858914 0.17343089
vn 0.33798369 0.73861790 0.58327577
vn -0.65149058 0.73854899 -0.17350912
vn 0.58347917 0.73849457 -0.33790208
vn 0.65023740 0.73899328 -0.17629594
vn 0.58451136 0.73895387 0.33510244
vn -0.17357760 0.73851631 0.65150938
vn -0.67436972 0.73839385 -0.00002482
vn -0.47679698 0.73847881 -0.47677426
vn 0.67421051 0.73853923 -0.00000594
vn -0.47676399 0.73852989 0.47672811
vn -0.58339433 0.73848791 0.33806311
vn 0.47673377 0.73857323 0.47669120
vn -0.33513548 0.73900023 0.58443380
vn -0.65023909 0.73900024 0.17626055
vn -0.17637923 0.73891153 -0.65030771
vn 0.33515119 0.73895736 -0.58447899
vn -0.00001932 0.73857443 0.67417195
vn 0.17638512 0.73909004 0.65010323
vn -0.58449562 0.73894314 -0.33515355
vn 0.33875027 0.73902126 0.58231936
vn -0.17233634 0.73891229 0.65138991
vn -0.33876615 0.73900920 -0.58232542
vn 0.65127378 0.73901774 0.17232308
vn -0.47771871 0.73898842 -0.47505889
vn 0.17232041 0.73896809 -0.65133082
vn 0.67377953 0.73893001 -0.00189420
vn 0.47785750 0.73883985 0.47515038
vn 0.58229669 0.73902139 -0.33878895
vn -0.67379854 0.73891257 0.00193483
vn 0.00000124 1.00000000 -0.00000000
vn 0.13715047 0.96124108 -0.23917637
vn 0.26603615 0.96125851 -0.07215851
vn 0.00000124 1.00000000 0.00000000
vn 0.00000124 1.00000000 0.00000000
vn -0.26605162 0.96122501 0.07254658
vn -0.23941271 0.96123230 -0.13679919
vn 0.00000124 1.00000000 0.00000000
vn 0.00000124 1.00000000 -0.00000000
vn -0.13709735 0.96126146 0.23912490
vn -0.26602522 0.96126290 0.07214025
vn 0.00000124 1.00000000 -0.00000000
vn 0.00000124 1.00000000 -0.00000000
vn -0.07214787 0.96122935 -0.26614437
vn 0.00000124 1.00000000 -0.00000000
vn 0.23922272 0.96122632 0.13717308
vn 0.07216324 0.96123465 0.26612106
vn 0.00000124 1.00000000 0.00000000
vn -0.92280963 0.00000114 0.38525627
vn -0.92280963 0.00000114 0.38525627
vn -0.92280963 0.00000114 0.38525627
vn -0.92280963 0.00000114 0.38525627
vn -0.60624305 0.00000075 0.79527942
vn -0.60624305 0.00000075 0.79527942
vn -0.86442525 0.00000107 0.50276136
vn -0.86442525 0.00000107 0.50276136
vn 0.79527315 -0.00000098 0.60625128
vn 0.79527315 -0.00000098 0.60625128
vn 0.50276542 -0.00000062 0.86442289
vn 0.50276342 -0.00000062 0.86442406
vn 0.61220669 -0.00000076 0.79069778
vn 0.61220669 -0.00000076 0.79069778
vn 0.26305851 -0.00000033 0.96477988
vn 0.26305851 -0.00000033 0.96477988
vn -0.50276268 0.00000062 -0.86442448
vn -0.50276268 0.00000062 -0.86442448
vn -0.13369125 0.00000017 -0.99102303
vn -0.13369125 0.00000017 -0.99102303
vn 0.86441539 -0.00000107 -0.50277832
vn 0.86441655 -0.00000107 -0.50277631
vn 0.99101860 -0.00000122 -0.13372413
vn 0.99101860 -0.00000122 -0.13372413
vn 0.13372549 -0.00000017 0.99101841
vn 0.13372549 -0.00000017 0.99101841
vn 0.86531565 -0.00000107 -0.50122733
vn 0.86531565 -0.00000107 -0.50122733
vn 0.99125623 -0.00000122 -0.13195106
vn 0.99125623 -0.00000122 -0.13195106
vn -0.79529307 0.00000098 -0.60622515
vn -0.79529307 0.00000098 -0.60622515
vn 0.38531141 -0.00000048 0.92278661
vn 0.38531141 -0.00000048 0.92278661
vn 0.00285912 -0.00000000 0.99999591
vn 0.00285448 -0.00000000 0.99999593
vn -0.60751485 0.00000075 0.79430832
vn -0.60751485 0.00000075 0.79430832
vn -0.86526141 0.00000107 0.50132094
vn -0.86526141 0.00000107 0.50132094
vn 0.26171684 -0.00000032 0.96514470
vn 0.26171684 -0.00000032 0.96514470
vn -0.12752308 0.00000016 0.99183560
vn -0.12752308 0.00000016 0.99183560
vn 0.38008381 -0.00000047 -0.92495205
vn 0.38008381 -0.00000047 -0.92495205
vn 0.38265920 -0.00000047 -0.92388957
vn 0.38265920 -0.00000047 -0.92388957
vn 0.70712075 -0.00000087 -0.70709282
vn 0.70712075 -0.00000087 -0.70709282
vn -0.79154106 0.00000098 0.61111599
vn -0.79154106 0.00000098 0.61111599
vn -0.96514956 0.00000119 0.26169894
vn -0.96514956 0.00000119 0.26169894
vn 0.96475931 -0.00000119 -0.26313393
vn 0.96475931 -0.00000119 -0.26313393
vn 0.99201492 -0.00000123 0.12612058
vn 0.99201492 -0.00000123 0.12612058
vn 0.38265843 -0.00000047 0.92388989
vn 0.38265843 -0.00000047 0.92388989
vn -0.00002401 0.00000000 1.00000000
vn -0.00002401 0.00000000 1.00000000
vn -0.92385845 0.00000114 0.38273432
vn -0.92385845 0.00000114 0.38273432
vn -0.92385845 0.00000114 0.38273432
vn -0.92385845 0.00000114 0.38273432
vn -0.61232847 0.00000076 -0.79060347
vn -0.61232847 0.00000076 -0.79060347
vn -0.26311035 0.00000033 -0.96476574
vn -0.26311035 0.00000033 -0.96476574
vn -0.61112505 0.00000076 -0.79153407
vn -0.61112505 0.00000076 -0.79153407
vn -0.26170497 0.00000032 -0.96514792
vn -0.26170497 0.00000032 -0.96514792
vn -0.92386073 0.00000114 -0.38272883
vn -0.92386073 0.00000114 -0.38272883
vn -0.70709657 0.00000087 -0.70711699
vn -0.70709657 0.00000087 -0.70711699
vn 0.60765152 -0.00000075 -0.79420377
vn 0.60765152 -0.00000075 -0.79420377
vn -0.99102043 0.00000122 0.13371052
vn -0.99102043 0.00000122 0.13371052
vn -0.79425898 0.00000098 -0.60757936
vn -0.79425898 0.00000098 -0.60757936
vn -0.50130974 0.00000062 -0.86526790
vn -0.50130974 0.00000062 -0.86526790
vn -0.99125039 0.00000122 0.13199497
vn -0.99125039 0.00000122 0.13199497
vn 0.99184021 -0.00000123 0.12748724
vn 0.99184021 -0.00000123 0.12748724
vn -0.13204982 0.00000016 -0.99124308
vn -0.13204982 0.00000016 -0.99124308
vn -0.38270215 0.00000047 -0.92387178
vn -0.38270215 0.00000047 -0.92387178
vn 0.50130654 -0.00000062 0.86526976
vn 0.50130654 -0.00000062 0.86526976
vn 0.13198499 -0.00000016 0.99125171
vn 0.13198499 -0.00000016 0.99125171
vn 0.60622277 -0.00000075 -0.79529488
vn 0.60622277 -0.00000075 -0.79529488
vn -0.38270280 0.00000047 0.92387151
vn -0.38270280 0.00000047 0.92387151
vn 0.79429421 -0.00000098 0.60753330
vn 0.79429421 -0.00000098 0.60753330
vn 1.00000000 -0.00000124 0.00000607
vn 1.00000000 -0.00000124 0.00000141
vn -0.38003270 0.00000047 0.92497305
vn -0.38003270 0.00000047 0.92497305
vn 0.12617573 -0.00000016 -0.99200791
vn 0.12617573 -0.00000016 -0.99200791
vn -0.99183123 0.00000123 -0.12755712
vn -0.99183123 0.00000123 -0.12755712
vn -0.79067405 0.00000098 0.61223733
vn -0.79067405 0.00000098 0.61223733
vn 0.92390182 -0.00000114 0.38262962
vn 0.92390182 -0.00000114 0.38262962
vn 0.79060759 -0.00000098 -0.61232316
vn 0.79060759 -0.00000098 -0.61232316
vn 0.61111820 -0.00000076 0.79153935
vn 0.61111820 -0.00000076 0.79153935
vn -0.12612954 0.00000016 0.99201378
vn -0.12612954 0.00000016 0.99201378
vn 0.12755606 -0.00000016 -0.99183136
vn 0.12755606 -0.00000016 -0.99183136
vn 0.23936749 0.96124452 0.13679245
vn 0.58077140 0.74333921 0.33189065
vn 0.17592548 0.74330863 0.64540104
vn 0.07254832 0.96123876 0.26600148
vn -0.27586436 0.96119657 0.00000359
vn -0.66926537 0.74302346 0.00004644
vn -0.47333980 0.74290373 -0.47333232
vn -0.19512233 0.96116892 -0.19514501
vn -0.07049660 0.96123593 0.26656280
vn -0.17112781 0.74327979 0.64672284
vn -0.57826360 0.74332234 0.33627833
vn -0.23831062 0.96124499 0.13862222
vn -0.19556684 0.96121586 -0.19446768
vn -0.47443857 0.74319609 -0.47177072
vn -0.00185889 0.74328409 -0.66897332
vn -0.00081105 0.96123784 -0.27571934
vn -0.19515936 0.96116264 0.19513892
vn -0.47341313 0.74285564 0.47333445
vn 0.33278024 0.74331120 -0.58029801
vn 0.64551297 0.74342647 -0.17501454
vn -0.00000551 1.00000000 -0.00000705
vn 0.00000124 1.00000000 -0.00000955
vn -0.00000579 1.00000000 0.00000675
vn -0.00000829 1.00000000 0.00000001
vn 0.00000124 1.00000000 -0.00000000
vn 0.00000124 1.00000000 -0.00000000
vn 0.00000124 1.00000000 0.00000000
vn 0.00000124 1.00000000 -0.00000000
vn 0.00000124 1.00000000 0.00000000
vn -0.00000357 1.00000000 -0.00000824
vn 0.23837517 0.96122586 -0.13864387
vn 0.26653979 0.96124097 0.07051479
vn -0.00000147 1.00000000 0.00000936
vn 0.00000124 1.00000000 0.00000000
vn -0.26667718 0.96116369 -0.07104677
vn -0.13832699 0.96117502 -0.23876396
vn 0.00000124 1.00000000 -0.00000000
vn 0.00000124 1.00000000 0.00000000
vn 0.23869205 0.96119767 -0.13829370
vn 0.26669556 0.96115889 0.07104268
vn 0.00000124 1.00000000 -0.00000000
vn -0.00000579 1.00000000 0.00000675
vn 0.19551416 0.96123890 0.19440677
vn 0.00076688 0.96123784 0.27571947
vn -0.00000831 1.00000000 0.00000004
vn 0.07098921 0.96119917 -0.26656461
vn 0.00000124 1.00000000 0.00000000
vn 0.00000124 1.00000000 -0.00000000
vn -0.07100446 0.96116795 0.26667309
vn -0.23877578 0.96117235 0.13832509
vn 0.00000124 1.00000000 -0.00000000
vn 0.00000124 1.00000000 -0.00000000
vn 0.13832018 0.96118654 0.23872151
vn 0.19439058 0.96124360 -0.19550715
vn 0.00000124 1.00000000 0.00000000
vn 0.00000124 1.00000000 0.00000000
vn -0.07255468 0.96125765 -0.26593146
vn 0.13679805 0.96123963 -0.23938395
vn 0.00000124 1.00000000 0.00000000
vn 0.00000124 1.00000000 0.00000000
vn -0.00000761 0.96118402 -0.27590811
vn 0.19513847 0.96116611 -0.19514273
vn 0.00000124 1.00000000 0.00000000
vn 0.00000124 1.00000000 0.00000000
vn 0.26601808 0.96123532 -0.07253305
vn 0.00000798 1.00000000 -0.00000676
vn 0.19516067 0.96115722 0.19516430
vn 0.00000265 0.96118174 0.27591604
vn 0.00000124 1.00000000 -0.00000000
vn 0.00000124 1.00000000 0.00000000
vn -0.13679120 0.96124339 0.23937273
vn 0.27570398 0.96124228 -0.00077386
vn 0.00000124 1.00000000 0.00000000
vn 0.00000124 1.00000000 -0.00000000
vn -0.23917992 0.96124245 -0.13713466
vn -0.26651093 0.96125196 -0.07047398
vn 0.00000124 1.00000000 -0.00000000
vn 0.00000124 1.00000000 0.00000000
vn -0.27566379 0.96125379 0.00079310
vn 0.13862175 0.96123831 0.23833782
vn -0.00000701 1.00000000 0.00000479
vn 0.00000124 1.00000000 -0.00000000
vn -0.19438624 0.96124518 0.19550369
vn -0.00000813 1.00000000 -0.00000270
vn 0.07047454 0.96125797 -0.26648914
vn 0.00000124 1.00000000 -0.00000000
vn -0.13863407 0.96122736 -0.23837481
vn 0.27594500 0.96117343 -0.00001533
vn 0.00000145 1.00000000 -0.00000975
vn -0.96475949 0.00000119 0.26313327
vn -0.96475949 0.00000119 0.26313327
vn -0.99200719 0.00000123 -0.12618134
vn -0.99200719 0.00000123 -0.12618134
vn -0.79154283 0.00000098 0.61111369
vn -0.79154283 0.00000098 0.61111369
vn -0.96513859 0.00000119 0.26173938
vn -0.96513859 0.00000119 0.26173938
vn -0.26171084 0.00000032 -0.96514633
vn -0.26171084 0.00000032 -0.96514633
vn 0.12760803 -0.00000016 -0.99182468
vn 0.12760803 -0.00000016 -0.99182468
vn 0.61113548 -0.00000076 0.79152601
vn 0.61113548 -0.00000076 0.79152601
vn 0.26167798 -0.00000032 0.96515524
vn 0.26167798 -0.00000032 0.96515524
vn -0.12762460 0.00000016 0.99182254
vn -0.12762460 0.00000016 0.99182254
vn 1.00000000 -0.00000124 0.00000586
vn 1.00000000 -0.00000124 0.00000872
vn 0.92390986 -0.00000114 0.38261020
vn 0.92390986 -0.00000114 0.38261020
vn 0.57828685 0.74327069 -0.33635251
vn 0.64670645 0.74330842 0.17106536
vn -0.64688901 0.74288596 -0.17220644
vn -0.33555089 0.74289992 -0.57922820
vn 0.57905038 0.74306241 -0.33549802
vn 0.64689610 0.74283227 0.17241130
vn 0.47430212 0.74331549 0.47171982
vn 0.00189503 0.74329524 0.66896084
vn 0.17225811 0.74304330 -0.64669452
vn -0.17232441 0.74289019 0.64685273
vn -0.57918471 0.74288982 0.33564831
vn 0.33549175 0.74295799 0.57918797
vn 0.47164215 0.74332893 -0.47435829
vn -0.17599134 0.74340518 -0.64527187
vn 0.33189623 0.74331123 -0.58080401
vn -0.00003486 0.74297500 -0.66931916
vn 0.47343594 0.74285551 -0.47331185
vn 0.64539090 0.74329896 -0.17600354
vn 0.47341266 0.74282009 0.47339072
vn 0.00000797 0.74294171 0.66935612
vn -0.33178914 0.74335497 0.58080923
vn -0.64546148 0.74323573 0.17601171
vn -0.58081040 0.74324915 -0.33202406
vn 0.66892655 0.74332610 -0.00189453
vn -0.58029092 0.74335547 -0.33269369
vn -0.17509409 0.74325987 -0.64568323
vn -0.64662397 0.74337675 -0.17108023
vn -0.66883745 0.74340604 0.00198167
vn 0.33629264 0.74331053 0.57827045
vn 0.58037979 0.74325936 0.33275339
vn -0.47164323 0.74335100 0.47432263
vn 0.17101851 0.74340247 -0.64661073
vn -0.33634517 0.74324759 -0.57832079
vn 0.66938801 0.74291297 -0.00003122
vn -0.64544816 0.74346977 0.17506962
vn 0.17504593 0.74327172 0.64568265
vn -0.33268197 0.74342030 0.58021458
vn -0.00000124 -1.00000000 0.00000000
vn -0.00000124 -1.00000000 0.00000000
vn -0.00000124 -1.00000000 -0.00000000
vn -0.00000124 -1.00000000 -0.00000000
vn -0.00000124 -1.00000000 -0.00000000
vn -0.00000124 -1.00000000 -0.00000000
vn -0.00000124 -1.00000000 0.00000000
vn -0.00000124 -1.00000000 0.00000000
vn -0.00000124 -1.00000000 -0.00000000
vn -0.00000124 -1.00000000 -0.00000000
vn -0.00000124 -1.00000000 -0.00000000
vn -0.00000124 -1.00000000 -0.00000000
vn -0.00000124 -1.00000000 0.00000000
vn -0.00000124 -1.00000000 0.00000000
vn -0.00000124 -1.00000000 0.00000000
vn -0.00000124 -1.00000000 0.00000000
vn -0.00000124 -1.00000000 -0.00000000
vn -0.00000124 -1.00000000 -0.00000000
vn -0.00000124 -1.00000000 -0.00000000
vn -0.00000124 -1.00000000 -0.00000000
vn -0.00000124 -1.00000000 -0.00000000
vn -0.00000124 -1.00000000 -0.00000000
vn 0.79158726 -0.00000098 -0.61105614
vn 0.79158726 -0.00000098 -0.61105614
vn 0.96515010 -0.00000119 -0.26169693
vn 0.96515010 -0.00000119 -0.26169693
vn -0.92389480 0.00000114 0.38264658
vn -0.92389480 0.00000114 0.38264658
vn -0.92389480 0.00000114 0.38264658
vn -0.92389480 0.00000114 0.38264658
vn -0.70913443 0.00000088 -0.70507330
vn -0.70913241 0.00000088 -0.70507533
vn -0.00280922 0.00000000 -0.99999605
vn -0.00281208 0.00000000 -0.99999605
vn -0.60624889 0.00000075 0.79527497
vn -0.60624889 0.00000075 0.79527497
vn -0.86444210 0.00000107 0.50273239
vn -0.86444210 0.00000107 0.50273239
vn -0.92390088 0.00000114 -0.38263188
vn -0.92390088 0.00000114 -0.38263188
vn -0.70712016 0.00000087 -0.70709340
vn -0.70712016 0.00000087 -0.70709340
vn 0.61224687 -0.00000076 0.79066666
vn 0.61224687 -0.00000076 0.79066666
vn 0.26306576 -0.00000033 0.96477791
vn 0.26306576 -0.00000033 0.96477791
vn 0.86440757 -0.00000107 -0.50279176
vn 0.86440901 -0.00000107 -0.50278929
vn 0.99101770 -0.00000122 -0.13373076
vn 0.99101770 -0.00000122 -0.13373076
vn -0.79431486 0.00000098 -0.60750629
vn -0.79431486 0.00000098 -0.60750629
vn -0.50129537 0.00000062 -0.86527623
vn -0.50129537 0.00000062 -0.86527623
vn 0.86526061 -0.00000107 -0.50132233
vn 0.86526061 -0.00000107 -0.50132233
vn 0.99123991 -0.00000122 -0.13207361
vn 0.99123991 -0.00000122 -0.13207361
vn 0.38530464 -0.00000048 0.92278943
vn 0.38530464 -0.00000048 0.92278943
vn 0.00281724 -0.00000000 0.99999603
vn 0.00281438 -0.00000000 0.99999604
vn -0.13192571 0.00000016 -0.99125961
vn -0.13192571 0.00000016 -0.99125961
vn -0.60751666 0.00000075 0.79430694
vn -0.60751666 0.00000075 0.79430694
vn -0.86525702 0.00000107 0.50132852
vn -0.86525702 0.00000107 0.50132852
vn 0.50123385 -0.00000062 0.86531187
vn 0.50123385 -0.00000062 0.86531187
vn 0.13198965 -0.00000016 0.99125109
vn 0.13198965 -0.00000016 0.99125109
vn 0.38006561 -0.00000047 -0.92495953
vn 0.38006561 -0.00000047 -0.92495953
vn -0.26311045 0.00000033 -0.96476572
vn -0.26311045 0.00000033 -0.96476572
vn 0.12602556 -0.00000016 -0.99202699
vn 0.12602556 -0.00000016 -0.99202699
vn 0.38262147 -0.00000047 -0.92390520
vn 0.38262147 -0.00000047 -0.92390520
vn 0.70711726 -0.00000087 -0.70709630
vn 0.70711726 -0.00000087 -0.70709630
vn 0.79418927 -0.00000098 0.60767047
vn 0.79418927 -0.00000098 0.60767047
vn 0.96477457 -0.00000119 -0.26307800
vn 0.96477457 -0.00000119 -0.26307800
vn 0.99201264 -0.00000123 0.12613851
vn 0.99201264 -0.00000123 0.12613851
vn 0.79066751 -0.00000098 -0.61224578
vn 0.79066751 -0.00000098 -0.61224578
vn 0.38263945 -0.00000047 0.92389775
vn 0.38263945 -0.00000047 0.92389775
vn -0.00002532 0.00000000 1.00000000
vn -0.00002532 0.00000000 1.00000000
vn -0.79057091 0.00000098 0.61237051
vn -0.79057091 0.00000098 0.61237051
vn -0.61220894 0.00000076 -0.79069603
vn -0.61220894 0.00000076 -0.79069603
vn 0.92278212 -0.00000114 -0.38532215
vn 0.92278212 -0.00000114 -0.38532215
vn 0.99999602 -0.00000124 -0.00282226
vn 0.99999602 -0.00000124 -0.00282226
vn -0.61117614 0.00000076 -0.79149461
vn -0.61117614 0.00000076 -0.79149461
vn -0.12616506 0.00000016 0.99200926
vn -0.12616506 0.00000016 0.99200926
vn 0.60757531 -0.00000075 -0.79426208
vn 0.60757531 -0.00000075 -0.79426208
vn 0.92494237 -0.00000114 0.38010738
vn 0.92494237 -0.00000114 0.38010738
vn -0.99102841 0.00000122 0.13365137
vn -0.99102841 0.00000122 0.13365137
vn -0.92500480 0.00000114 -0.37995541
vn -0.92500480 0.00000114 -0.37995541
vn -0.99124777 0.00000122 0.13201460
vn -0.99124777 0.00000122 0.13201460
vn 0.79527622 -0.00000098 0.60624726
vn 0.79527622 -0.00000098 0.60624726
vn 0.50275841 -0.00000062 0.86442697
vn 0.50275594 -0.00000062 0.86442840
vn 0.99184034 -0.00000123 0.12748625
vn 0.99184034 -0.00000123 0.12748625
vn -0.92277889 0.00000114 0.38532989
vn -0.92277889 0.00000114 0.38532989
vn -0.92277889 0.00000114 0.38532989
vn -0.92277889 0.00000114 0.38532989
vn -0.38266684 0.00000047 -0.92388641
vn -0.38266684 0.00000047 -0.92388641
vn 0.13370900 -0.00000017 0.99102064
vn 0.13370900 -0.00000017 0.99102064
vn 0.60620791 -0.00000075 -0.79530622
vn 0.60620791 -0.00000075 -0.79530622
vn -0.50276586 0.00000062 -0.86442263
vn -0.50276586 0.00000062 -0.86442263
vn -0.13364894 0.00000017 -0.99102874
vn -0.13364894 0.00000017 -0.99102874
vn -0.38268624 0.00000047 0.92387837
vn -0.38268624 0.00000047 0.92387837
vn -0.38009910 0.00000047 0.92494577
vn -0.38009910 0.00000047 0.92494577
vn -0.79532340 0.00000098 -0.60618535
vn -0.79532340 0.00000098 -0.60618535
vn -0.99184228 0.00000123 -0.12747111
vn -0.99184228 0.00000123 -0.12747111
vn 0.79153805 -0.00000098 -0.61111989
vn 0.79153805 -0.00000098 -0.61111989
vn 0.96514876 -0.00000119 -0.26170189
vn 0.96514876 -0.00000119 -0.26170189
vn -0.96476342 0.00000119 0.26311889
vn -0.96476342 0.00000119 0.26311889
vn -0.99200887 0.00000123 -0.12616814
vn -0.99200887 0.00000123 -0.12616814
vn -0.79148716 0.00000098 0.61118580
vn -0.79148716 0.00000098 0.61118580
vn -0.96514892 0.00000119 0.26170128
vn -0.96514892 0.00000119 0.26170128
vn -0.26171370 0.00000032 -0.96514555
vn -0.26171370 0.00000032 -0.96514555
vn 0.12755813 -0.00000016 -0.99183110
vn 0.12755813 -0.00000016 -0.99183110
vn 0.61112951 -0.00000076 0.79153062
vn 0.61112951 -0.00000076 0.79153062
vn 0.26169315 -0.00000032 0.96515112
vn 0.26169315 -0.00000032 0.96515112
vn -0.12758595 0.00000016 0.99182752
vn -0.12758595 0.00000016 0.99182752
vn -0.00000124 -1.00000000 -0.00000000
vn -0.00000124 -1.00000000 -0.00000000
vn -0.00000124 -1.00000000 -0.00000000
vn -0.00000124 -1.00000000 -0.00000000
vn 0.00000072 -1.00000000 0.00000144
vn 0.00000047 -1.00000000 0.00000030
vn 0.00000026 -1.00000000 -0.00001079
vn 0.00000178 -1.00000000 -0.00001136
vn -0.00000124 -1.00000000 -0.00000000
vn -0.00000124 -1.00000000 -0.00000000
vn -0.00000124 -1.00000000 -0.00000000
vn -0.00000124 -1.00000000 -0.00000000
vn 0.00000813 -1.00000000 0.00000249
vn 0.00000772 -1.00000000 0.00000339
vn -0.00000124 -1.00000000 -0.00000000
vn -0.00000124 -1.00000000 0.00000000
vn -0.00000124 -1.00000000 -0.00000000
vn -0.00000124 -1.00000000 -0.00000000
vn -0.00000124 -1.00000000 0.00000000
vn -0.00000124 -1.00000000 0.00000000
vn -0.00000124 -1.00000000 0.00000000
vn -0.00000124 -1.00000000 0.00000000
vn -0.00000124 -1.00000000 -0.00000000
vn -0.00000124 -1.00000000 -0.00000000
vn -0.00000124 -1.00000000 -0.00000000
vn -0.00000124 -1.00000000 -0.00000000
vn -0.00000124 -1.00000000 -0.00000000
vn -0.00000124 -1.00000000 -0.00000000
vn -0.00000124 -1.00000000 -0.00000000
vn -0.00000124 -1.00000000 -0.00000000
vn -0.00000124 -1.00000000 0.00000000
vn -0.00000124 -1.00000000 0.00000000
vn -0.00000124 -1.00000000 -0.00000000
vn -0.00000124 -1.00000000 -0.00000000
vn -0.00000124 -1.00000000 0.00000000
vn -0.00000124 -1.00000000 0.00000000
vn -0.00000124 -1.00000000 0.00000000
vn -0.00000124 -1.00000000 0.00000000
vn -0.00000124 -1.00000000 0.00000000
vn -0.00000124 -1.00000000 0.00000000
vn -0.00000124 -1.00000000 -0.00000000
vn -0.00000124 -1.00000000 -0.00000000
vn -0.00000124 -1.00000000 -0.00000000
vn -0.00000124 -1.00000000 -0.00000000
vn -0.00000124 -1.00000000 -0.00000000
vn -0.00000124 -1.00000000 -0.00000000
vn -0.00000124 -1.00000000 -0.00000000
vn -0.00000124 -1.00000000 -0.00000000
vn -0.00000124 -1.00000000 -0.00000000
vn -0.00000124 -1.00000000 -0.00000000
vn -0.00000124 -1.00000000 -0.00000000
vn -0.00000124 -1.00000000 -0.00000000
vn -0.00000124 -1.00000000 0.00000000
vn -0.00000124 -1.00000000 0.00000000
vn -0.00000124 -1.00000000 -0.00000000
vn -0.00000124 -1.00000000 -0.00000000
vn -0.00000124 -1.00000000 -0.00000000
vn -0.00000124 -1.00000000 -0.00000000
vn -0.00000124 -1.00000000 -0.00000000
vn -0.00000124 -1.00000000 -0.00000000
vn -0.00000124 -1.00000000 0.00000000
vn -0.00000124 -1.00000000 0.00000000
vn -0.00000124 -1.00000000 -0.00000000
vn -0.00000124 -1.00000000 -0.00000000
vn -0.00000124 -1.00000000 -0.00000000
vn -0.00000124 -1.00000000 -0.00000000
vn -0.00000124 -1.00000000 -0.00000000
vn -0.00000124 -1.00000000 -0.00000000
vn -0.00000124 -1.00000000 -0.00000000
vn -0.00000124 -1.00000000 -0.00000000
vn -0.00000124 -1.00000000 0.00000000
vn -0.00000124 -1.00000000 0.00000000
vn -0.00000124 -1.00000000 0.00000000
vn -0.00000124 -1.00000000 0.00000000
vn -0.39173686 0.91385327 0.10683837
vn 0.00000945 1.00000000 -0.00001736
vn -0.35254536 0.91384666 -0.20148463
vn -0.20196494 0.91384906 0.35226418
vn -0.00000264 1.00000000 0.00000716
vn -0.39188672 0.91385644 0.10626011
vn -0.10626232 0.91385861 -0.39188104
vn 0.20196613 0.91385818 -0.35223985
vn 0.35224889 0.91385432 0.20196780
vn 0.10626046 0.91385437 0.39189144
vn 0.40646769 0.91366516 -0.00000149
vn 0.00000054 1.00000000 0.00000206
vn 0.28741890 0.91366446 0.28741543
vn -0.92387447 0.00000114 0.38269565
vn -0.92387447 0.00000114 0.38269565
vn -0.92387447 0.00000114 0.38269565
vn -0.92387447 0.00000114 0.38269565
vn -0.70912998 0.00000088 -0.70507777
vn -0.70912998 0.00000088 -0.70507777
vn -0.00284572 0.00000000 -0.99999595
vn -0.00284572 0.00000000 -0.99999595
vn -0.60624327 0.00000075 0.79527925
vn -0.60624327 0.00000075 0.79527925
vn -0.86444345 0.00000107 0.50273007
vn -0.86444345 0.00000107 0.50273007
vn -0.92387679 0.00000114 -0.38269006
vn -0.92387679 0.00000114 -0.38269006
vn -0.70710648 0.00000087 -0.70710709
vn -0.70710648 0.00000087 -0.70710709
vn 0.61231421 -0.00000076 0.79061452
vn 0.61231421 -0.00000076 0.79061452
vn 0.26310341 -0.00000033 0.96476764
vn 0.26310341 -0.00000033 0.96476764
vn 0.86441508 -0.00000107 -0.50277886
vn 0.86441508 -0.00000107 -0.50277886
vn 0.99102089 -0.00000122 -0.13370710
vn 0.99102089 -0.00000122 -0.13370710
vn -0.79421227 0.00000098 -0.60764042
vn -0.79421227 0.00000098 -0.60764042
vn -0.50122377 0.00000062 -0.86531770
vn -0.50122377 0.00000062 -0.86531770
vn 0.86524634 -0.00000107 -0.50134696
vn 0.86524634 -0.00000107 -0.50134696
vn 0.99124418 -0.00000122 -0.13204159
vn 0.99124418 -0.00000122 -0.13204159
vn 0.38537589 -0.00000048 0.92275968
vn 0.38537589 -0.00000048 0.92275968
vn 0.00287649 -0.00000000 0.99999586
vn 0.00287649 -0.00000000 0.99999586
vn -0.13192905 0.00000016 -0.99125916
vn -0.13192905 0.00000016 -0.99125916
vn -0.60757536 0.00000075 0.79426204
vn -0.60757536 0.00000075 0.79426204
vn -0.86526094 0.00000107 0.50132176
vn -0.86526094 0.00000107 0.50132176
vn 0.50128034 -0.00000062 0.86528493
vn 0.50128034 -0.00000062 0.86528493
vn 0.13199149 -0.00000016 0.99125085
vn 0.13199149 -0.00000016 0.99125085
vn 0.38004873 -0.00000047 -0.92496647
vn 0.38004873 -0.00000047 -0.92496647
vn -0.26303654 0.00000033 -0.96478587
vn -0.26303654 0.00000033 -0.96478587
vn 0.12618970 -0.00000016 -0.99200613
vn 0.12618970 -0.00000016 -0.99200613
vn 0.38268564 0.00000206 -0.92387862
vn 0.38268997 -0.00000047 -0.92387682
vn 0.70710507 0.00000461 -0.70710849
vn 0.70710978 0.00000266 -0.70710378
vn 0.79425344 -0.00000098 0.60758660
vn 0.79425344 -0.00000098 0.60758660
vn 0.96476105 -0.00000119 -0.26312756
vn 0.96476105 -0.00000119 -0.26312756
vn 0.99201487 -0.00000123 0.12612099
vn 0.99201487 -0.00000123 0.12612099
vn 0.79061541 -0.00000098 -0.61231305
vn 0.79061541 -0.00000098 -0.61231305
vn 0.38268299 -0.00000047 0.92387971
vn 0.38268299 -0.00000047 0.92387971
vn -0.00000381 0.00000000 1.00000000
vn -0.00000381 0.00000000 1.00000000
vn -0.79059732 0.00000098 0.61233641
vn -0.79059732 0.00000098 0.61233641
vn -0.61221863 0.00000076 -0.79068853
vn -0.61221863 0.00000076 -0.79068853
vn 0.92278418 -0.00000114 -0.38531721
vn 0.92278418 -0.00000114 -0.38531721
vn 0.99999604 -0.00000124 -0.00281251
vn 0.99999604 -0.00000124 -0.00281251
vn -0.61114101 0.00000076 -0.79152174
vn -0.61114101 0.00000076 -0.79152174
vn -0.12617211 0.00000016 0.99200837
vn -0.12617211 0.00000016 0.99200837
vn 0.60750443 -0.00000075 -0.79431629
vn 0.60750443 -0.00000075 -0.79431629
vn 0.92493699 -0.00000114 0.38012046
vn 0.92493699 -0.00000114 0.38012046
vn -0.99103007 0.00000122 0.13363904
vn -0.99103007 0.00000122 0.13363904
vn -0.92498138 0.00000114 -0.38001242
vn -0.92498138 0.00000114 -0.38001242
vn -0.99124008 0.00000122 0.13207235
vn -0.99124008 0.00000122 0.13207235
vn 0.79526261 -0.00000098 0.60626510
vn 0.79526261 -0.00000098 0.60626510
vn 0.50275971 -0.00000062 0.86442621
vn 0.50275971 -0.00000062 0.86442621
vn 0.99183138 -0.00000123 0.12755594
vn 0.99183138 -0.00000123 0.12755594
vn -0.92278353 0.00000114 0.38531876
vn -0.92278353 0.00000114 0.38531876
vn -0.92278353 0.00000114 0.38531876
vn -0.92278353 0.00000114 0.38531876
vn -0.38268926 0.00000047 -0.92387712
vn -0.38268926 0.00000047 -0.92387712
vn 0.13373421 -0.00000017 0.99101724
vn 0.13373421 -0.00000017 0.99101724
vn 0.60620811 -0.00000075 -0.79530606
vn 0.60620811 -0.00000075 -0.79530606
vn -0.50273444 0.00000062 -0.86444091
vn -0.50273444 0.00000062 -0.86444091
vn -0.13362147 0.00000017 -0.99103244
vn -0.13362147 0.00000017 -0.99103244
vn -0.38269003 0.00000047 0.92387680
vn -0.38269003 0.00000047 0.92387680
vn 1.00000000 0.00000208 -0.00000187
vn 1.00000000 -0.00000124 0.00000379
vn -0.38006091 0.00000047 0.92496146
vn -0.38006091 0.00000047 0.92496146
vn -0.79529614 0.00000098 -0.60622113
vn -0.79529614 0.00000098 -0.60622113
vn -0.99182059 0.00000123 -0.12763978
vn -0.99182059 0.00000123 -0.12763978
vn 0.92388051 -0.00000114 0.38268107
vn 0.92388051 -0.00000114 0.38268107
vn 0.39189050 0.91385450 -0.10626288
vn -0.28741756 0.91366371 0.28741917
vn -0.40646543 0.91366616 0.00000100
vn -0.28796217 0.91383796 -0.28631796
vn -0.00001319 1.00000000 0.00000054
vn -0.00115255 0.91383770 -0.40607799
vn -0.10382848 0.91385939 0.39253109
vn -0.00000250 1.00000000 -0.00000670
vn -0.35099727 0.91385557 0.20412966
vn -0.28741537 0.91366516 -0.28741673
vn 0.35256500 0.91384400 0.20146234
vn 0.10683344 0.91385119 0.39174305
vn 0.35098949 0.91385489 -0.20414605
vn 0.39252883 0.91385881 0.10384213
vn -0.39274754 0.91367647 -0.10461679
vn -0.00000766 1.00000000 0.00002377
vn -0.20371657 0.91367692 -0.35170165
vn 0.35165866 0.91368356 -0.20376098
vn 0.39275737 0.91367304 0.10460986
vn 0.28795917 0.91383744 0.28632264
vn 0.00117095 0.91384186 0.40606858
vn 0.10460135 0.91367258 -0.39276070
vn -0.10462042 0.91366081 0.39278301
vn -0.35170624 0.91366276 0.20377214
vn 0.20376020 0.91366359 0.35171100
vn 0.28631654 0.91384333 -0.28794654
vn -0.10681796 0.91383698 -0.39178041
vn 0.20149073 0.91383159 -0.35258093
vn 0.00000129 0.91366564 -0.40646660
vn 0.28741784 0.91366445 -0.28741651
vn 0.39176181 0.91384180 -0.10684503
vn -0.00000019 0.91366359 0.40647120
vn -0.20146276 0.91384539 0.35256114
vn 0.40605558 0.91384766 -0.00114437
vn -0.35224402 0.91385221 -0.20198587
vn -0.39254231 0.91385216 -0.10384976
vn -0.40608663 0.91383384 0.00116449
vn 0.20414080 0.91385488 0.35099258
vn -0.28632500 0.91383515 0.28796409
vn 0.10385240 0.91384947 -0.39254787
vn -0.20412993 0.91385555 -0.35099716
vn -0.00000038 0.00000000 1.00000000
vn -0.00000038 0.00000000 1.00000000
vn -0.00119345 0.70751417 0.70669815
vn 0.00000060 0.70785007 0.70636271
vn -0.00128226 0.70682763 0.70738466
vn 0.00007867 -0.70272904 0.71145758
vn 0.00008430 -0.70277498 0.71141220
vn -0.00000114 -0.70270663 0.71147972
vn -0.00000038 0.00000000 1.00000000
vn -0.00000038 0.00000000 1.00000000
vn -0.00000038 0.00000000 1.00000000
vn -0.00000038 0.00000000 1.00000000
vn -0.00000842 0.70388035 0.71031855
vn 0.00000060 0.70299726 0.71119256
vn 0.00127849 0.70757765 0.70663444
vn 0.00123171 0.70694578 0.70726668
vn 0.00000060 0.70785007 0.70636271
vn -0.00000114 -0.70270663 0.71147972
vn -0.00000114 -0.70270663 0.71147972
vn -0.00001929 -0.70275071 0.71143618
vn -0.00005682 -0.70300027 0.71118957
vn -0.00004646 -0.70299986 0.71118998
vn -0.96592727 -0.25881365 -0.00000037
vn -0.79064836 -0.33683136 0.51129229
vn -0.92454598 -0.00000240 0.38107051
vn -1.00000000 0.00000124 -0.00000038
vn 0.49998352 0.86603492 0.00000019
vn 0.49998352 0.86603492 0.00000019
vn 0.70714309 0.70707047 0.00000027
vn 0.70714309 0.70707047 0.00000027
vn -0.49997364 0.86604062 -0.00000019
vn -0.43176773 0.86792497 0.24552573
vn -0.06003690 0.96755659 0.24541765
vn -0.00000615 1.00000000 -0.00000000
vn 0.70704648 -0.70716708 0.00000027
vn 0.70704648 -0.70716708 0.00000027
vn 0.50001233 -0.86601828 0.00000019
vn 0.50001233 -0.86601828 0.00000019
vn -0.50000674 -0.86602151 -0.00000019
vn -0.43181628 -0.86789417 0.24554920
vn -0.70702514 -0.70718841 -0.00000027
vn -0.70702514 -0.70718841 -0.00000027
vn -0.70711826 0.70709530 -0.00000027
vn -0.70711826 0.70709530 -0.00000027
vn 1.00000000 -0.00000124 0.00000038
vn 1.00000000 -0.00000124 0.00000038
vn 0.96592668 -0.25881587 0.00000037
vn 0.96592668 -0.25881587 0.00000037
vn -0.00000862 -1.00000000 -0.00000000
vn -0.05998953 -0.96748677 0.24570433
vn -0.79081503 0.33682960 0.51103562
vn -0.96592663 0.25881604 -0.00000037
vn 0.96592732 0.25881349 0.00000037
vn 0.96592732 0.25881349 0.00000037
vn 0.67390252 -0.00001916 0.73882027
vn 0.41136833 -0.00001601 0.91146920
vn 0.35606188 -0.20551651 0.91158263
vn 0.58330844 -0.33682864 0.73911957
vn -0.17757987 -0.66270584 0.72752069
vn -0.17777870 -0.66315130 0.72706609
vn -0.67391210 -0.00000931 0.73881153
vn -0.58373481 0.33711253 0.73865338
vn 0.58367018 0.33689193 0.73880508
vn 0.35622080 0.20572276 0.91147402
vn 0.33694079 -0.58364227 0.73880485
vn 0.20566699 -0.35627182 0.91146666
vn 0.07670210 -0.28613631 0.95511403
vn 0.17764970 -0.66269718 0.72751154
vn -0.58350123 -0.33682495 0.73896905
vn 0.33695729 0.58365460 0.73878759
vn 0.20568250 0.35628045 0.91145979
vn -0.17771397 0.66320906 0.72702922
vn -0.17775097 0.66356412 0.72669612
vn -0.48545679 -0.48550959 0.72705718
vn -0.48547639 -0.48552381 0.72703460
vn 0.17779132 0.66355355 0.72669590
vn 0.07677879 0.28654674 0.95498481
vn -0.48551827 0.48550551 0.72701886
vn -0.48550959 0.48549355 0.72703263
vn -0.00000038 0.00000000 1.00000000
vn -0.00000038 0.00000000 1.00000000
vn -0.00000038 0.00000000 1.00000000
vn -0.00000038 0.00000000 1.00000000
vn -0.00000038 0.00000000 1.00000000
vn -0.00000038 0.00000000 1.00000000
vn -0.00000038 0.00000000 1.00000000
vn -0.00000038 0.00000000 1.00000000
vn -0.00000038 0.00000000 1.00000000
vn -0.00000038 0.00000000 1.00000000
vn -0.00000038 0.00000000 1.00000000
vn -0.00000038 0.00000000 1.00000000
vn -0.00000038 0.00000000 1.00000000
vn -0.00000038 0.00000000 1.00000000
vn -0.00000038 0.00000000 1.00000000
vn -0.00000038 0.00000000 1.00000000
vn -0.00000038 0.00000000 1.00000000
vn -0.00939432 -0.53667872 0.84373438
vn -0.11875527 -0.38679122 0.91448878
vn -0.23245967 -0.37715941 0.89650057
vn -0.25097133 -0.43504129 0.86472682
vn -0.70718345 0.70703010 -0.00000027
vn -0.70718345 0.70703010 -0.00000027
vn -0.49949726 0.86631546 -0.00000019
vn -0.49966259 0.86622005 0.00034676
vn 1.00000000 -0.00000124 0.00000038
vn 1.00000000 -0.00000124 0.00000038
vn 0.96591977 -0.25884166 0.00000037
vn 0.96591977 -0.25884166 0.00000037
vn 0.26987904 -0.44059833 0.85617663
vn 0.24029686 -0.36215960 0.90060970
vn 0.08875893 -0.36286310 0.92760564
vn -1.00000000 0.00000124 -0.00000038
vn -0.88460977 0.00000327 0.46633202
vn -0.86075463 0.23063787 0.45377047
vn -0.96592599 0.25881842 -0.00000037
vn 0.96592040 0.25883928 0.00000037
vn 0.96592040 0.25883928 0.00000037
vn 0.00039371 -0.99999822 0.00184615
vn 0.00039412 -0.99999822 0.00184623
vn -0.49986227 -0.86610484 0.00034763
vn -0.50002791 -0.86600929 -0.00000019
vn -0.96592663 -0.25881603 -0.00000037
vn -0.86075509 -0.23064107 0.45376797
vn 0.49999836 0.86602635 0.00000019
vn 0.49983311 0.86612167 0.00034714
vn 0.70717240 0.70704116 0.00000027
vn 0.70717240 0.70704116 0.00000027
vn 0.00940646 0.53663478 0.84376219
vn 0.11874521 0.38680058 0.91448613
vn 0.23244041 0.37712049 0.89652194
vn 0.25087330 0.43497908 0.86478655
vn 0.70706705 -0.70714651 0.00000027
vn 0.70706705 -0.70714651 0.00000027
vn 0.49951290 -0.86630645 0.00000019
vn 0.49967862 -0.86621081 0.00034801
vn -0.70708160 -0.70713196 -0.00000027
vn -0.70708160 -0.70713196 -0.00000027
vn -0.33170726 -0.25345898 0.90869623
vn -0.36433383 -0.36435945 0.85703154
vn -0.00038921 0.99999823 0.00184123
vn -0.00038961 0.99999823 0.00184132
vn -0.36433577 0.36430494 0.85705388
vn -0.33170735 0.25345155 0.90869827
vn -0.24029287 0.36209614 0.90063629
vn -0.26980899 0.44047223 0.85626358
vn 0.50220688 0.00000263 0.86474751
vn 0.44202281 0.00000273 0.89700381
vn 0.38148542 -0.21972611 0.89788045
vn 0.43493294 -0.25112653 0.86473626
vn -0.50220042 0.00000760 0.86475126
vn -0.49770327 0.13336358 0.85703303
vn 0.43494240 0.25109432 0.86474086
vn 0.38149162 0.21970453 0.89788310
vn -0.49769125 -0.13337067 0.85703891
vn -0.08872381 0.36284101 0.92761764
vn -0.00000038 0.00000000 1.00000000
vn -0.00000038 0.00000000 1.00000000
vn 1.00000000 0.00000060 0.00000049
vn 1.00000000 0.00000028 0.00000049
vn 1.00000000 0.00000506 0.00000076
vn -1.00000000 0.00000352 -0.00000052
vn -1.00000000 0.00000351 -0.00000050
vn -1.00000000 0.00000354 -0.00000052
vn -1.00000000 0.00000148 0.00000981
vn -1.00000000 0.00000051 0.00001139
vn -1.00000000 0.00000264 0.00000086
vn -1.00000000 0.00000322 -0.00000040
vn 1.00000000 -0.00000351 0.00000050
vn 1.00000000 -0.00000350 0.00000052
vn 1.00000000 -0.00000351 0.00000040
vn 1.00000000 -0.00000352 0.00000037
vn -0.00000038 0.00000000 1.00000000
vn -0.00000038 0.00000000 1.00000000
vn -0.00000038 0.00000000 1.00000000
vn -0.00000038 0.00000000 1.00000000
vn -1.00000000 0.00000410 0.00001160
vn 1.00000000 -0.00000354 0.00000052
vn -0.23538332 0.16083407 0.95850253
vn -0.28430410 0.00000026 0.95873415
vn -0.16874404 -0.00000745 0.98565990
vn -0.16464247 0.22053658 0.96138259
vn 0.23536702 0.16082312 0.95850837
vn 0.16463871 0.22052981 0.96138478
vn 0.16874720 -0.00000819 0.98565936
vn 0.28428375 -0.00000045 0.95874019
vn -0.35764922 0.00000053 0.93385600
vn -0.23536258 -0.16084628 0.95850557
vn -0.16458333 -0.22051014 0.96139878
vn 0.23534506 -0.16083977 0.95851097
vn 0.16458171 -0.22050837 0.96139946
vn -0.00000124 -1.00000000 -0.00000000
vn -0.00000124 -1.00000000 0.00000000
vn -0.00000124 -1.00000000 -0.00000000
vn -0.00000124 -1.00000000 0.00000000
vn -0.00000124 -1.00000000 -0.00000000
vn -0.00000124 -1.00000000 0.00000000
vn -0.00000124 -1.00000000 -0.00000000
vn -0.00000124 -1.00000000 0.00000000
vn -0.00007039 -1.00000000 0.00001316
vn -0.00000350 -1.00000000 0.00000043
vn -0.00000124 -1.00000000 -0.00000000
vn -0.00000124 -1.00000000 -0.00000000
vn -0.00000124 -1.00000000 -0.00000000
vn -0.00000124 -1.00000000 -0.00000000
vn -0.00000124 -1.00000000 0.00000000
vn -0.00000124 -1.00000000 -0.00000000
vn -0.00000124 -1.00000000 -0.00000000
vn -0.00000124 -1.00000000 0.00000000
vn -0.00000124 -1.00000000 -0.00000000
vn -0.00000124 -1.00000000 0.00000000
vn -0.00000124 -1.00000000 -0.00000000
vn -0.00000124 -1.00000000 0.00000000
vn -0.00000124 -1.00000000 -0.00000000
vn -0.00000124 -1.00000000 -0.00000000
vn 0.00012746 -0.99999999 -0.00004906
vn 0.00000310 -1.00000000 -0.00000165
vn -0.00000124 -1.00000000 -0.00000000
vn -0.00000124 -1.00000000 -0.00000000
vn -0.00000732 -1.00000000 -0.00000001
vn -0.00003649 -1.00000000 -0.00001626
vn 0.00000646 -1.00000000 0.00000124
vn 0.00000118 -1.00000000 0.00000041
vn -0.00000124 -1.00000000 0.00000000
vn 0.00000124 1.00000000 0.00000000
vn 0.00000124 1.00000000 -0.00000000
vn 0.00000124 1.00000000 0.00000000
vn 0.00000124 1.00000000 -0.00000000
vn 0.00000124 1.00000000 0.00000000
vn 0.00000124 1.00000000 0.00000000
vn 0.00000124 1.00000000 0.00000000
vn 0.00000124 1.00000000 0.00000000
vn 0.00000124 1.00000000 0.00000000
vn 0.00000124 1.00000000 0.00000000
vn 0.00000124 1.00000000 0.00000000
vn -0.00000788 1.00000000 0.00000354
vn -0.00025365 0.99999996 0.00009898
vn 0.00000124 1.00000000 -0.00000000
vn 0.00000124 1.00000000 -0.00000000
vn 0.00000124 1.00000000 -0.00000000
vn -0.00000696 1.00000000 0.00001118
vn -0.00001798 1.00000000 0.00007246
vn -0.00000048 1.00000000 0.00000129
vn -0.00000530 1.00000000 -0.00007697
vn 0.00000897 1.00000000 0.00001629
vn -0.00003061 1.00000000 -0.00003658
vn 0.00000124 1.00000000 -0.00000000
vn -0.00005793 1.00000000 -0.00004318
vn 0.00002263 1.00000000 0.00000471
vn 0.00001050 1.00000000 -0.00000039
vn 0.00000601 1.00000000 -0.00000094
vn 0.00013923 0.99999999 -0.00002704
vn 0.00000124 1.00000000 0.00000000
vn 0.00000124 1.00000000 -0.00000000
vn 0.00000124 1.00000000 -0.00000000
vn 0.00000124 1.00000000 -0.00000000
vn 0.00000124 1.00000000 -0.00000000
vt 0.22705629 0.97838718
vt 0.23250560 0.98038453
vt 0.23246659 0.98046780
vt 0.22703260 0.97847629
vt 0.79660243 0.93532491
vt 0.79594457 0.94180489
vt 0.79573017 0.94178933
vt 0.79638982 0.93529189
vt 0.03645819 0.97209030
vt 0.03202933 0.96838319
vt 0.03209424 0.96831810
vt 0.03651100 0.97201490
vt 0.31274089 0.96544647
vt 0.31373590 0.97114742
vt 0.31364429 0.97115541
vt 0.31265199 0.96547031
vt 0.23751131 0.98327148
vt 0.23745871 0.98334682
vt 0.02831143 0.96393800
vt 0.02838677 0.96388531
vt 0.31373590 0.97693408
vt 0.31364429 0.97692603
vt 0.24195001 0.98698902
vt 0.24188501 0.98705411
vt 0.02542001 0.95892942
vt 0.02550315 0.95889062
vt 0.31273600 0.98263413
vt 0.31264710 0.98261029
vt 0.24566171 0.99142802
vt 0.24558631 0.99148083
vt 0.12967490 0.99180943
vt 0.12864260 0.98612911
vt 0.12873420 0.98612112
vt 0.12976369 0.99178571
vt 0.35168481 0.96965122
vt 0.34969589 0.97508597
vt 0.34961250 0.97504699
vt 0.35159579 0.96962738
vt 0.24855520 0.99643970
vt 0.24847171 0.99647862
vt 0.12864240 0.98032922
vt 0.12873420 0.98033732
vt 0.34680271 0.98009729
vt 0.34672719 0.98004448
vt 0.31075680 0.96001011
vt 0.31067339 0.96004897
vt 0.12964840 0.97464490
vt 0.12973730 0.97466880
vt 0.34308660 0.98453391
vt 0.34302151 0.98446882
vt 0.05259817 0.97797787
vt 0.04694598 0.97682953
vt 0.04696995 0.97674108
vt 0.05260646 0.97788608
vt 0.13163520 0.96919119
vt 0.13171861 0.96923012
vt 0.33864710 0.98824590
vt 0.33859429 0.98817062
vt 0.02347368 0.95347929
vt 0.02356261 0.95345563
vt 0.13462099 0.96426272
vt 0.13469620 0.96431530
vt 0.33363560 0.99113941
vt 0.33359659 0.99105591
vt 0.13823409 0.95975852
vt 0.13829920 0.95982361
vt 0.19498590 0.98698092
vt 0.19943410 0.98326141
vt 0.19948690 0.98333669
vt 0.19505110 0.98704600
vt 0.06953233 0.97499943
vt 0.06409490 0.97698379
vt 0.06407111 0.97689492
vt 0.06949335 0.97491598
vt 0.22136059 0.97751200
vt 0.22135261 0.97760332
vt 0.20444299 0.98036969
vt 0.20448180 0.98045301
vt 0.05839896 0.97797668
vt 0.05839097 0.97788501
vt 0.20987770 0.97839081
vt 0.20990160 0.97847992
vt 0.21558709 0.97739011
vt 0.21559510 0.97748172
vt 0.04148352 0.97499472
vt 0.04152244 0.97491127
vt 0.94748849 0.54687351
vt 0.94745368 0.54021949
vt 0.95758998 0.54016560
vt 0.95762491 0.54681963
vt 0.79574293 0.94845188
vt 0.79552788 0.94845432
vt 0.59165281 0.94499522
vt 0.59206372 0.95162070
vt 0.59184992 0.95164299
vt 0.59143788 0.94499952
vt 0.79894012 0.97204268
vt 0.80055952 0.97644413
vt 0.80035752 0.97652233
vt 0.79873371 0.97210890
vt 0.79594761 0.95499152
vt 0.79573321 0.95501161
vt 0.59288090 0.95811307
vt 0.59266919 0.95815277
vt 0.79655558 0.96124238
vt 0.79634291 0.96127927
vt 0.59407270 0.96430779
vt 0.59386432 0.96436441
vt 0.79755348 0.96702349
vt 0.79734337 0.96707612
vt 0.59564328 0.96986961
vt 0.59741938 0.97494578
vt 0.59722012 0.97503102
vt 0.59543908 0.96994120
vt 0.71868390 0.97553420
vt 0.71848178 0.96977019
vt 0.71866667 0.96981370
vt 0.71886933 0.97559333
vt 0.94781232 0.56539828
vt 0.94758028 0.55962849
vt 0.94776553 0.55967093
vt 0.94799823 0.56545627
vt 0.71834362 0.96355033
vt 0.71852809 0.96357691
vt 0.94740868 0.52745271
vt 0.94758010 0.52170879
vt 0.94776517 0.52164882
vt 0.94759327 0.52740818
vt 0.94740939 0.55340320
vt 0.94759411 0.55342883
vt 0.71827388 0.95700401
vt 0.71845818 0.95701301
vt 0.94781190 0.51662242
vt 0.94799763 0.51654857
vt 0.94730413 0.54686552
vt 0.71827358 0.95037121
vt 0.71845800 0.95036232
vt 0.59741938 0.91342998
vt 0.59559512 0.91685081
vt 0.59539092 0.91677910
vt 0.59722012 0.91334921
vt 0.94726938 0.54022938
vt 0.71834582 0.94384122
vt 0.71848112 0.93760562
vt 0.71866602 0.93756211
vt 0.71853042 0.94381458
vt 0.59406859 0.92121792
vt 0.59386021 0.92115802
vt 0.94730449 0.53369278
vt 0.94748890 0.53366518
vt 0.71868271 0.93184263
vt 0.71886808 0.93178362
vt 0.59287870 0.92637622
vt 0.59266698 0.92633033
vt 0.80055952 0.91832358
vt 0.79890090 0.92335731
vt 0.79869437 0.92329192
vt 0.80035752 0.91824472
vt 0.59206259 0.93217587
vt 0.59184867 0.93214571
vt 0.79754770 0.92909050
vt 0.79733759 0.92904061
vt 0.59165311 0.93844903
vt 0.59143817 0.93843567
vt 0.78684711 0.96097797
vt 0.78784758 0.96677482
vt 0.78769863 0.96671468
vt 0.78670073 0.96093249
vt 0.72880250 0.93756223
vt 0.72866678 0.94381469
vt 0.58437991 0.92175758
vt 0.58591062 0.91737860
vt 0.95762521 0.53361130
vt 0.72900462 0.93178368
vt 0.58318681 0.92692977
vt 0.95772970 0.52735430
vt 0.71912712 0.92669767
vt 0.72926372 0.92669767
vt 0.58236849 0.93274522
vt 0.58595878 0.97054082
vt 0.58438420 0.96496391
vt 0.78784180 0.92873931
vt 0.78919858 0.92299050
vt 0.58195800 0.93903518
vt 0.72859460 0.95036238
vt 0.78689402 0.93499053
vt 0.58195770 0.94559902
vt 0.78623438 0.94148803
vt 0.78603208 0.94815302
vt 0.58236969 0.95224249
vt 0.94828999 0.57043511
vt 0.95813441 0.56540251
vt 0.95842642 0.57038122
vt 0.78623742 0.95471030
vt 0.58318901 0.95875227
vt 0.71913582 0.98055851
vt 0.72900581 0.97559333
vt 0.72927213 0.98055851
vt 0.78923798 0.97180748
vt 0.72880322 0.96981382
vt 0.95790178 0.55961710
vt 0.72866458 0.96357691
vt 0.95790148 0.52159482
vt 0.95773029 0.55337489
vt 0.72859472 0.95701307
vt 0.95813400 0.51649469
vt 0.94828397 0.51226348
vt 0.95842028 0.51220959
vt 0.72920108 0.97553831
vt 0.72946680 0.98049092
vt 0.95875281 0.57475340
vt 0.95862061 0.57031250
vt 0.95894623 0.57467371
vt 0.72899890 0.96977317
vt 0.95809728 0.55957538
vt 0.95832938 0.56534618
vt 0.72886068 0.96355212
vt 0.95809710 0.52164900
vt 0.95792568 0.52739388
vt 0.95792639 0.55334902
vt 0.72879088 0.95700473
vt 0.95832902 0.51656163
vt 0.95782101 0.54681021
vt 0.72879082 0.95037079
vt 0.95861459 0.51228732
vt 0.95778650 0.54017287
vt 0.72899818 0.93760282
vt 0.72886300 0.94383949
vt 0.95875281 0.50888878
vt 0.95894623 0.50897479
vt 0.95782143 0.53363508
vt 0.72919989 0.93183869
vt 0.58304000 0.92699450
vt 0.58423001 0.92183518
vt 0.72945821 0.92676562
vt 0.58222371 0.93279523
vt 0.72957391 0.98494828
vt 0.72976768 0.98486960
vt 0.72957391 0.92240489
vt 0.72976768 0.92248362
vt 0.58181423 0.93906939
vt 0.78674752 0.93501049
vt 0.78769290 0.92877489
vt 0.58181381 0.94561672
vt 0.78608948 0.94149160
vt 0.78588778 0.94813979
vt 0.58222491 0.95224351
vt 0.78609252 0.95468050
vt 0.58304209 0.95873702
vt 0.58423418 0.96493268
vt 0.81823659 0.57611251
vt 0.81783712 0.57563668
vt 0.81810552 0.57536823
vt 0.81851548 0.57551628
vt 0.81854868 0.57557392
vt 0.81847280 0.57546550
vt 0.81857139 0.57563621
vt 0.81858277 0.57570148
vt 0.81858277 0.57576799
vt 0.81857133 0.57583332
vt 0.81854868 0.57589573
vt 0.81851542 0.57595330
vt 0.81847280 0.57600403
vt 0.81842208 0.57604671
vt 0.81836450 0.57607991
vt 0.81830192 0.57610261
vt 0.81817031 0.57611412
vt 0.81810492 0.57610250
vt 0.81804258 0.57608002
vt 0.81798512 0.57604659
vt 0.81793439 0.57600403
vt 0.81789190 0.57595301
vt 0.81785840 0.57589591
vt 0.81783563 0.57583332
vt 0.81782430 0.57576811
vt 0.81782418 0.57570148
vt 0.81785840 0.57557392
vt 0.81789160 0.57551640
vt 0.81793422 0.57546550
vt 0.81798512 0.57542282
vt 0.81804281 0.57538968
vt 0.81817019 0.57535529
vt 0.81823683 0.57535553
vt 0.81830221 0.57536697
vt 0.81836450 0.57538962
vt 0.81842202 0.57542282
vt 0.20772330 0.81463188
vt 0.20730250 0.81422758
vt 0.20770960 0.81387472
vt 0.94616199 0.81901288
vt 0.94616199 0.82563210
vt 0.92165202 0.82563198
vt 0.92165202 0.81901288
vt 0.21568540 0.90688121
vt 0.21568540 0.90067661
vt 0.24019530 0.90067661
vt 0.24019530 0.90688121
vt 0.21568540 0.93876100
vt 0.21568540 0.93293512
vt 0.24019530 0.93293512
vt 0.24019530 0.93876100
vt 0.72432500 0.39842671
vt 0.72432500 0.39053100
vt 0.74883503 0.39053100
vt 0.74883503 0.39842671
vt 0.21568540 0.89497972
vt 0.24019530 0.89497972
vt 0.34751219 0.91319001
vt 0.34751210 0.91981733
vt 0.32300219 0.91981739
vt 0.32300219 0.91319013
vt 0.72432500 0.38412941
vt 0.74883503 0.38412941
vt 0.21568540 0.88997829
vt 0.24019530 0.88997829
vt 0.72432500 0.41633850
vt 0.72432500 0.41022530
vt 0.74692732 0.41022530
vt 0.74749362 0.41633239
vt 0.72432500 0.37825811
vt 0.74883509 0.37825811
vt 0.34751210 0.88940948
vt 0.34751210 0.89454693
vt 0.32300219 0.89454699
vt 0.32300219 0.88940948
vt 0.72432512 0.37282839
vt 0.74883509 0.37282839
vt 0.94616199 0.79003799
vt 0.94616199 0.79466182
vt 0.92165202 0.79466182
vt 0.92165202 0.79003799
vt 0.34751210 0.90033901
vt 0.32300219 0.90033913
vt 0.94616199 0.80002898
vt 0.92165202 0.80002898
vt 0.34751210 0.90661150
vt 0.32300219 0.90661162
vt 0.24935789 0.93293512
vt 0.24935789 0.92663401
vt 0.25768071 0.92663401
vt 0.25768071 0.93293512
vt 0.94616199 0.80599612
vt 0.92165202 0.80599612
vt 0.94616210 0.81239837
vt 0.92165208 0.81239837
vt 0.34751219 0.92635942
vt 0.32300219 0.92635942
vt 0.34751219 0.93260747
vt 0.32300219 0.93260747
vt 0.94616210 0.83210838
vt 0.92165202 0.83210838
vt 0.34751219 0.93833047
vt 0.32300219 0.93833047
vt 0.94616210 0.83818817
vt 0.92165202 0.83818817
vt 0.34751219 0.94412929
vt 0.32300219 0.94412929
vt 0.21568540 0.92663401
vt 0.21568540 0.92005950
vt 0.24019530 0.92005950
vt 0.24019530 0.92663401
vt 0.94616210 0.84372252
vt 0.92165202 0.84372252
vt 0.72432500 0.42100301
vt 0.74883503 0.42100301
vt 0.21568540 0.91340691
vt 0.24019530 0.91340691
vt 0.94616210 0.84851521
vt 0.92165202 0.84851521
vt 0.72432500 0.40378171
vt 0.74749351 0.40378791
vt 0.21568540 0.94394368
vt 0.24019530 0.94394368
vt 0.91248947 0.84851521
vt 0.91248947 0.84372252
vt 0.91248947 0.81239837
vt 0.91248941 0.81901288
vt 0.90416682 0.81901288
vt 0.90416688 0.81239837
vt 0.24935789 0.90688121
vt 0.24935789 0.91340691
vt 0.24935789 0.93876100
vt 0.24935789 0.94394368
vt 0.24935789 0.90067661
vt 0.75799751 0.39053100
vt 0.75799751 0.39842671
vt 0.24935789 0.89497972
vt 0.31383961 0.91981733
vt 0.31383970 0.91319013
vt 0.75799757 0.38412941
vt 0.24935789 0.88997829
vt 0.75799757 0.37825811
vt 0.31383961 0.89454699
vt 0.31383961 0.88940960
vt 0.75799757 0.37282839
vt 0.91248941 0.79466182
vt 0.91248941 0.79003799
vt 0.31383961 0.90033913
vt 0.91248941 0.82563198
vt 0.91248941 0.80002898
vt 0.31383961 0.90661162
vt 0.91248941 0.80599612
vt 0.31383961 0.92635942
vt 0.31383961 0.93260747
vt 0.91248947 0.83210838
vt 0.31383961 0.93833059
vt 0.91248947 0.83818817
vt 0.31383970 0.94412929
vt 0.24935789 0.92005950
vt 0.76632023 0.37825811
vt 0.76632023 0.38412941
vt 0.30551711 0.93260759
vt 0.30551711 0.92635947
vt 0.90416688 0.83210838
vt 0.90416682 0.82563210
vt 0.30551711 0.93833059
vt 0.90416688 0.83818817
vt 0.30551711 0.94412929
vt 0.25768071 0.92005950
vt 0.90416688 0.84372252
vt 0.75799757 0.42100301
vt 0.75935870 0.41633239
vt 0.76632023 0.41633850
vt 0.76632023 0.42100301
vt 0.25768071 0.91340691
vt 0.90416688 0.84851521
vt 0.75990522 0.41022530
vt 0.75935870 0.40378791
vt 0.76632023 0.40378171
vt 0.76632023 0.41022530
vt 0.25768071 0.90688121
vt 0.25768071 0.93876100
vt 0.25768071 0.94394368
vt 0.76632023 0.39842671
vt 0.25768071 0.90067661
vt 0.76632023 0.39053100
vt 0.25768071 0.89497972
vt 0.30551699 0.91981733
vt 0.30551711 0.91319013
vt 0.25768071 0.88997829
vt 0.30551699 0.89454699
vt 0.30551699 0.88940960
vt 0.76632023 0.37282839
vt 0.90416688 0.79466182
vt 0.90416682 0.79003799
vt 0.30551699 0.90033913
vt 0.90416682 0.80002898
vt 0.30551699 0.90661162
vt 0.90416682 0.80599618
vt 0.59352630 0.84560788
vt 0.59407222 0.84621292
vt 0.58896917 0.85182399
vt 0.58831221 0.85134172
vt 0.87341791 0.41040960
vt 0.87341791 0.41367111
vt 0.86868382 0.41367111
vt 0.86868382 0.41040960
vt 0.25852060 0.92000520
vt 0.25852060 0.92643929
vt 0.64986581 0.89651889
vt 0.64920890 0.89603680
vt 0.65258503 0.89046490
vt 0.65331560 0.89082551
vt 0.59790170 0.84217972
vt 0.59835392 0.84285760
vt 0.25852060 0.91349459
vt 0.64546943 0.90151209
vt 0.64490640 0.90092337
vt 0.76716018 0.40365991
vt 0.76716018 0.40996590
vt 0.25852060 0.90710819
vt 0.64027941 0.90567547
vt 0.63982707 0.90499789
vt 0.76716012 0.39841920
vt 0.60219061 0.90815181
vt 0.60255128 0.90742129
vt 0.60861921 0.90978271
vt 0.60839093 0.91056460
vt 0.63444781 0.90887970
vt 0.63411993 0.90813369
vt 0.76716018 0.39069211
vt 0.59649980 0.90470338
vt 0.59698200 0.90404660
vt 0.30467701 0.91973847
vt 0.30467710 0.91325277
vt 0.62980169 0.83729410
vt 0.62957311 0.83807629
vt 0.62316811 0.83679873
vt 0.62325698 0.83598870
vt 0.59150600 0.90030652
vt 0.59209478 0.89974362
vt 0.60375541 0.83901632
vt 0.60408270 0.83976167
vt 0.63592398 0.83982670
vt 0.63556468 0.84055471
vt 0.58734262 0.89511663
vt 0.58802032 0.89466441
vt 0.64167362 0.84314603
vt 0.64119160 0.84380323
vt 0.64667761 0.84755152
vt 0.64608872 0.84811473
vt 0.58413792 0.88928390
vt 0.58488411 0.88895619
vt 0.90332693 0.82550740
vt 0.90332693 0.81902963
vt 0.65083832 0.85273880
vt 0.65016061 0.85319120
vt 0.58201498 0.88298428
vt 0.58280641 0.88279110
vt 0.65403610 0.85856938
vt 0.65329021 0.85889733
vt 0.30467701 0.90681469
vt 0.65617073 0.86488301
vt 0.65537912 0.86507612
vt 0.30467710 0.92614102
vt 0.90332693 0.81255621
vt 0.58487290 0.85702211
vt 0.58560318 0.85738307
vt 0.58323193 0.86346859
vt 0.58244979 0.86324042
vt 0.90332693 0.83184540
vt 0.62814301 0.91100597
vt 0.62794971 0.91021460
vt 0.65494019 0.88440412
vt 0.65572220 0.88463253
vt 0.59703553 0.89502448
vt 0.59366220 0.89123809
vt 0.63156718 0.90232152
vt 0.62644821 0.90404803
vt 0.61060601 0.90367413
vt 0.60557181 0.90129268
vt 0.60102642 0.89853847
vt 0.61194593 0.84436321
vt 0.61022383 0.83764273
vt 0.61540681 0.83676559
vt 0.61722422 0.84355211
vt 0.58938181 0.88148969
vt 0.58181381 0.87634009
vt 0.58892697 0.87597090
vt 0.58918309 0.87063551
vt 0.58212501 0.86985773
vt 0.59009439 0.86537558
vt 0.63251841 0.84673637
vt 0.63716352 0.84941810
vt 0.64956373 0.87195671
vt 0.65622997 0.87151808
vt 0.65622997 0.87800229
vt 0.64956373 0.87734008
vt 0.62772930 0.84470463
vt 0.64109749 0.85288173
vt 0.63629961 0.89972132
vt 0.64900810 0.86682153
vt 0.64851898 0.88252449
vt 0.62151378 0.91120362
vt 0.62119401 0.90484130
vt 0.64043611 0.89638531
vt 0.59168333 0.86058748
vt 0.64475310 0.85715169
vt 0.64674050 0.88779950
vt 0.88029748 0.40425581
vt 0.88029748 0.40770450
vt 0.87945747 0.40762240
vt 0.87945747 0.40430659
vt 0.53364712 0.73379451
vt 0.53364712 0.73689592
vt 0.52891308 0.73689592
vt 0.52891308 0.73379451
vt 0.87341779 0.40718839
vt 0.86868382 0.40718839
vt 0.53364712 0.73063821
vt 0.52891302 0.73063821
vt 0.87341779 0.39989349
vt 0.87341791 0.40351900
vt 0.86868382 0.40351900
vt 0.86868382 0.39989349
vt 0.53364712 0.72698790
vt 0.52891308 0.72698790
vt 0.87341779 0.39683080
vt 0.86868382 0.39683080
vt 0.53364712 0.72018528
vt 0.53364712 0.72337919
vt 0.52891308 0.72337919
vt 0.52891308 0.72018528
vt 0.87341791 0.39386171
vt 0.86868382 0.39386171
vt 0.87377858 0.68222970
vt 0.87377858 0.68550712
vt 0.86904460 0.68550712
vt 0.86904460 0.68222982
vt 0.53364712 0.71699381
vt 0.52891308 0.71699381
vt 0.87341779 0.39123121
vt 0.86868382 0.39123121
vt 0.87377858 0.67877883
vt 0.86904460 0.67877883
vt 0.53364712 0.71412408
vt 0.52891308 0.71412408
vt 0.88065821 0.68597108
vt 0.88065821 0.68882263
vt 0.87592423 0.68882263
vt 0.87592423 0.68597108
vt 0.87377858 0.67532641
vt 0.86904460 0.67532653
vt 0.53364712 0.71163172
vt 0.52891308 0.71163172
vt 0.88065821 0.67933381
vt 0.88065821 0.68273968
vt 0.87592423 0.68273968
vt 0.87592423 0.67933381
vt 0.87377858 0.67193222
vt 0.86904460 0.67193228
vt 0.87377858 0.68853050
vt 0.87377870 0.69125098
vt 0.86904472 0.69125110
vt 0.86904460 0.68853062
vt 0.88065821 0.67591047
vt 0.87592423 0.67591047
vt 0.87377858 0.66867542
vt 0.86904460 0.66867548
vt 0.88065821 0.67248273
vt 0.87592423 0.67248273
vt 0.87377858 0.66571897
vt 0.86904460 0.66571897
vt 0.88065821 0.66931570
vt 0.87592423 0.66931570
vt 0.87377870 0.66311771
vt 0.86904472 0.66311771
vt 0.88065821 0.66608661
vt 0.87592423 0.66608661
vt 0.87341791 0.41667581
vt 0.87341791 0.41937241
vt 0.86868382 0.41937241
vt 0.86868382 0.41667581
vt 0.88065821 0.66311771
vt 0.87592423 0.66311771
vt 0.53364712 0.73970598
vt 0.53364712 0.74198061
vt 0.52891308 0.74198061
vt 0.52891308 0.73970598
vt 0.61026829 0.89176351
vt 0.60731488 0.88997388
vt 0.60776877 0.88935572
vt 0.61060828 0.89107633
vt 0.86653811 0.40551719
vt 0.86653823 0.40917331
vt 0.86569822 0.40905610
vt 0.86569822 0.40554091
vt 0.88029748 0.41094339
vt 0.87945747 0.41073650
vt 0.60471767 0.88768709
vt 0.60527170 0.88715702
vt 0.60800540 0.85740942
vt 0.61109960 0.85573721
vt 0.61140758 0.85643870
vt 0.60843259 0.85804641
vt 0.88029748 0.41431299
vt 0.87945747 0.41397610
vt 0.60253233 0.88496292
vt 0.60317057 0.88453788
vt 0.62786019 0.85618860
vt 0.63100410 0.85800362
vt 0.63054490 0.85861778
vt 0.62752211 0.85687268
vt 0.63346571 0.86017090
vt 0.63291162 0.86070150
vt 0.60087001 0.88193733
vt 0.60157228 0.88162881
vt 0.87167478 0.10081200
vt 0.87167478 0.09720003
vt 0.87251472 0.09728056
vt 0.87251472 0.10075340
vt 0.63564408 0.86288673
vt 0.63500601 0.86331260
vt 0.86653823 0.40227070
vt 0.86569822 0.40241960
vt 0.86569822 0.39922601
vt 0.86653823 0.39894909
vt 0.63730621 0.86591721
vt 0.63660407 0.86622632
vt 0.87167478 0.10753730
vt 0.87167490 0.10443830
vt 0.87251472 0.10423980
vt 0.87251472 0.10721950
vt 0.86653823 0.41275969
vt 0.86569822 0.41250429
vt 0.86653823 0.41575190
vt 0.86569822 0.41538101
vt 0.87167478 0.09396612
vt 0.87251472 0.09417140
vt 0.60126001 0.86510050
vt 0.60304451 0.86215347
vt 0.60366291 0.86260772
vt 0.60194731 0.86544108
vt 0.87855440 0.10465010
vt 0.87855440 0.10128520
vt 0.87939417 0.10117010
vt 0.87939417 0.10440550
vt 0.87167478 0.09069949
vt 0.87251472 0.09103071
vt 0.60533470 0.85955143
vt 0.60586500 0.86010587
vt 0.87855440 0.09779965
vt 0.87939417 0.09781903
vt 0.63692510 0.88275158
vt 0.63513631 0.88570380
vt 0.63451773 0.88525021
vt 0.63623750 0.88241178
vt 0.87855440 0.09436786
vt 0.87939417 0.09451949
vt 0.63284999 0.88830042
vt 0.63231951 0.88774657
vt 0.88029748 0.39755160
vt 0.88029748 0.40086639
vt 0.87945759 0.40104789
vt 0.87945759 0.39786080
vt 0.87855440 0.09104937
vt 0.87939417 0.09132897
vt 0.63012570 0.89048582
vt 0.62970030 0.88984782
vt 0.61352283 0.89303011
vt 0.61373740 0.89229399
vt 0.87855440 0.10781320
vt 0.87939417 0.10744650
vt 0.86569822 0.39624879
vt 0.86180413 0.39922601
vt 0.86180413 0.39624879
vt 0.87640887 0.09728056
vt 0.87640887 0.10075340
vt 0.87251472 0.11269750
vt 0.87251472 0.11011290
vt 0.87640887 0.11011290
vt 0.87640887 0.11269750
vt 0.86180413 0.40241960
vt 0.87640887 0.10721950
vt 0.86180413 0.40554091
vt 0.87640887 0.10423980
vt 0.86180419 0.41250429
vt 0.86180419 0.40905610
vt 0.86180413 0.41538101
vt 0.87640887 0.09417140
vt 0.86569822 0.41813540
vt 0.86180419 0.41813540
vt 0.88328838 0.10117010
vt 0.88328838 0.10440550
vt 0.87640887 0.09103071
vt 0.86569822 0.42053670
vt 0.86180413 0.42053670
vt 0.88328838 0.09781903
vt 0.87251472 0.08817100
vt 0.87640887 0.08817100
vt 0.87945759 0.39232469
vt 0.87945747 0.39488870
vt 0.87556350 0.39488870
vt 0.87556362 0.39232469
vt 0.88328838 0.09451949
vt 0.87251472 0.08564716
vt 0.87640887 0.08564716
vt 0.87556350 0.40104789
vt 0.87556350 0.39786080
vt 0.88328838 0.09132897
vt 0.87939417 0.11024330
vt 0.88328838 0.10744650
vt 0.88328850 0.11024330
vt 0.87556350 0.40430659
vt 0.87939417 0.08832132
vt 0.88328838 0.08832132
vt 0.87556350 0.40762240
vt 0.87939417 0.08564710
vt 0.88328850 0.08564710
vt 0.87556350 0.41073650
vt 0.86569822 0.39123109
vt 0.86569822 0.39353871
vt 0.86180413 0.39353871
vt 0.86180413 0.39123109
vt 0.87556350 0.41397610
vt 0.87945747 0.41700199
vt 0.87556350 0.41700199
vt 0.87945747 0.41937229
vt 0.87556350 0.41937229
vt 0.86680961 0.68383110
vt 0.83983672 0.69942379
vt 0.82892537 0.68382847
vt 0.61827260 0.90732622
vt 0.61500353 0.91106570
vt 0.61543143 0.90815163
vt 0.61283880 0.90672630
vt 0.58978599 0.88991928
vt 0.58765018 0.88787252
vt 0.58758712 0.88491488
vt 0.59059072 0.85652113
vt 0.59130001 0.85364902
vt 0.59383219 0.85211962
vt 0.60545731 0.84306538
vt 0.60794789 0.84301013
vt 0.61994529 0.84060711
vt 0.62278152 0.83977783
vt 0.62537342 0.84119701
vt 0.64842552 0.85798413
vt 0.65056467 0.86002243
vt 0.65063602 0.86297637
vt 0.64760989 0.89138258
vt 0.64690489 0.89425588
vt 0.64437461 0.89578909
vt 0.60373521 0.84486562
vt 0.61627978 0.90046722
vt 0.61691582 0.89371192
vt 0.62036812 0.89378500
vt 0.61887252 0.90189260
vt 0.61343873 0.90129262
vt 0.59472752 0.88476282
vt 0.59479028 0.88772041
vt 0.59259152 0.88271612
vt 0.59976608 0.87866157
vt 0.59752452 0.85823321
vt 0.59499222 0.85976261
vt 0.59823370 0.85536110
vt 0.60980332 0.84722269
vt 0.61441642 0.85459280
vt 0.60808140 0.84902292
vt 0.62194729 0.84745431
vt 0.62125528 0.85414988
vt 0.61780661 0.85407168
vt 0.61935538 0.84603512
vt 0.62478352 0.84662497
vt 0.62449312 0.85479581
vt 0.64350450 0.86314863
vt 0.64343321 0.86019462
vt 0.64564377 0.86518693
vt 0.63835847 0.86902970
vt 0.64067322 0.88968033
vt 0.64320350 0.88814718
vt 0.63996810 0.89255363
vt 0.60559082 0.84907818
vt 0.61969793 0.90473360
vt 0.61201340 0.90388519
vt 0.59274358 0.88985628
vt 0.58963400 0.88277912
vt 0.59212011 0.85905337
vt 0.59670430 0.85282892
vt 0.59798521 0.85200411
vt 0.60379052 0.84735620
vt 0.60214049 0.84867108
vt 0.60974813 0.84473211
vt 0.61852622 0.84319901
vt 0.62620270 0.84403318
vt 0.64547151 0.85805541
vt 0.64859772 0.86511558
vt 0.64607680 0.88885242
vt 0.64150119 0.89508402
vt 0.63883841 0.87627459
vt 0.63818842 0.87950051
vt 0.63883841 0.87266231
vt 0.62709928 0.89214861
vt 0.62382001 0.89325458
vt 0.59926927 0.87543398
vt 0.59944552 0.87176651
vt 0.60007232 0.86814851
vt 0.59390581 0.85260469
vt 0.59169501 0.85393989
vt 0.59491849 0.85927743
vt 0.59712940 0.85794222
vt 0.58983129 0.88322830
vt 0.58804440 0.88509297
vt 0.92503452 0.85207361
vt 0.92503452 0.85818201
vt 0.92323411 0.85818201
vt 0.92323411 0.85207361
vt 0.59107578 0.85644740
vt 0.59254622 0.88940710
vt 0.59433317 0.88754243
vt 0.64566988 0.85850352
vt 0.64389038 0.86037117
vt 0.92370892 0.68317491
vt 0.92671609 0.68192929
vt 0.92547047 0.68493640
vt 0.02090167 0.95179981
vt 0.02090167 0.94569141
vt 0.02339226 0.94569141
vt 0.02339226 0.95179981
vt 0.24911240 0.95219767
vt 0.24911240 0.94608933
vt 0.25160220 0.94608933
vt 0.25160220 0.95219767
vt 0.01909852 0.95179957
vt 0.01909852 0.94569141
vt 0.92924702 0.85207361
vt 0.92924702 0.85818201
vt 0.92752522 0.85818201
vt 0.92752522 0.85207361
vt 0.01446723 0.94569129
vt 0.01446723 0.95179957
vt 0.01259130 0.95179957
vt 0.01259130 0.94569129
vt 0.01695305 0.94569129
vt 0.01695305 0.95179957
vt 0.86867881 0.12196950
vt 0.86817181 0.12196950
vt 0.86817181 0.11938750
vt 0.86867881 0.11938750
vt 0.92796183 0.68493640
vt 0.92972332 0.68317491
vt 0.92972332 0.68068361
vt 0.92796183 0.67892212
vt 0.92370892 0.68068361
vt 0.92547047 0.67892212
vt 0.88326532 0.57369637
vt 0.88275820 0.57369637
vt 0.88275820 0.57182831
vt 0.88326532 0.57182831
vt 0.48202261 0.94798827
vt 0.48252970 0.94798827
vt 0.48252970 0.95046711
vt 0.48202261 0.95046711
vt 0.86867881 0.12383750
vt 0.86817181 0.12383750
vt 0.52716130 0.95050341
vt 0.52766818 0.95050341
vt 0.52766818 0.95269728
vt 0.52716130 0.95269728
vt 0.88326532 0.57627851
vt 0.88275820 0.57627851
vt 0.59241110 0.85865831
vt 0.59774858 0.85543472
vt 0.59641337 0.85322392
vt 0.62272853 0.84026510
vt 0.62025237 0.84098911
vt 0.61921012 0.90467972
vt 0.61848950 0.90219933
vt 0.61973733 0.84572810
vt 0.62200022 0.84696710
vt 0.62499142 0.84150398
vt 0.61901331 0.84325188
vt 0.64045310 0.89247942
vt 0.64179170 0.89468849
vt 0.62447637 0.84624308
vt 0.65011662 0.86022091
vt 0.64824891 0.85844117
vt 0.64395261 0.86295021
vt 0.65017891 0.86279982
vt 0.62571537 0.84398019
vt 0.64582032 0.86472982
vt 0.64650929 0.89396560
vt 0.64712489 0.89145702
vt 0.64327782 0.88863218
vt 0.64106870 0.88997078
vt 0.64839917 0.86466748
vt 0.64430022 0.89530402
vt 0.64578640 0.88924778
vt 0.61548531 0.90766382
vt 0.61796582 0.90694332
vt 0.61622602 0.90095502
vt 0.61322182 0.90641952
vt 0.59241343 0.88317323
vt 0.61374551 0.90167558
vt 0.58809942 0.88767511
vt 0.58996409 0.88946211
vt 0.61250120 0.90393913
vt 0.59427822 0.88496017
vt 0.71564412 0.57611167
vt 0.71560448 0.57601571
vt 0.71737468 0.57424551
vt 0.71747071 0.57428521
vt 0.72799772 0.57170218
vt 0.72809368 0.57174188
vt 0.72809368 0.57424521
vt 0.72799772 0.57428497
vt 0.71306109 0.56987578
vt 0.71310091 0.56997192
vt 0.71133071 0.57174212
vt 0.71123481 0.57170242
vt 0.71306121 0.57611167
vt 0.71310103 0.57601577
vt 0.71747053 0.57170230
vt 0.71737462 0.57174212
vt 0.71560431 0.56997168
vt 0.71564412 0.56987578
vt 0.52891302 0.75388831
vt 0.52942002 0.75388831
vt 0.52942002 0.75646961
vt 0.52891302 0.75646961
vt 0.93052948 0.68708211
vt 0.93103647 0.68708211
vt 0.93103647 0.68936098
vt 0.93052948 0.68936098
vt 0.52236301 0.95266640
vt 0.52185601 0.95266640
vt 0.52185601 0.95052332
vt 0.52236301 0.95052332
vt 0.90412360 0.09071499
vt 0.90463060 0.09071499
vt 0.90463060 0.09315699
vt 0.90412360 0.09315699
vt 0.48467520 0.95025402
vt 0.48518220 0.95025402
vt 0.48518220 0.95273310
vt 0.48467520 0.95273310
vt 0.53297341 0.95049840
vt 0.53246641 0.95049840
vt 0.53246641 0.94798827
vt 0.53297341 0.94798827
vt 0.52185601 0.94798827
vt 0.52236301 0.94798827
vt 0.53032082 0.95049429
vt 0.52981383 0.95049429
vt 0.52981383 0.94798827
vt 0.53032082 0.94798827
vt 0.48467520 0.94798821
vt 0.48518220 0.94798821
vt 0.87745291 0.57182842
vt 0.87795991 0.57182842
vt 0.87795991 0.57440501
vt 0.87745291 0.57440501
vt 0.54042441 0.94798827
vt 0.54093152 0.94798827
vt 0.54093152 0.95026648
vt 0.54042441 0.95026648
vt 0.88295001 0.39359680
vt 0.88244301 0.39359680
vt 0.88244301 0.39127669
vt 0.88295001 0.39127669
vt 0.86817181 0.11760380
vt 0.86867881 0.11760380
vt 0.88295013 0.41937241
vt 0.88244307 0.41937241
vt 0.88244307 0.41758570
vt 0.88295013 0.41758570
vt 0.52450848 0.94798827
vt 0.52501547 0.94798827
vt 0.52501547 0.95050442
vt 0.52450842 0.95050442
vt 0.33726251 0.94854301
vt 0.33675539 0.94854301
vt 0.33675539 0.94627488
vt 0.33726251 0.94627488
vt 0.88061249 0.57634211
vt 0.88010550 0.57634211
vt 0.88010550 0.57376790
vt 0.88061249 0.57376790
vt 0.53156573 0.75388831
vt 0.53207272 0.75388831
vt 0.53207272 0.75646633
vt 0.53156573 0.75646633
vt 0.48732790 0.94798827
vt 0.48783490 0.94798827
vt 0.48783490 0.95049679
vt 0.48732790 0.95049679
vt 0.53562611 0.95270473
vt 0.53511900 0.95270473
vt 0.53511900 0.95019507
vt 0.53562611 0.95019507
vt 0.88541090 0.57182842
vt 0.88591790 0.57182842
vt 0.88591790 0.57369912
vt 0.88541090 0.57369912
vt 0.53032082 0.95269978
vt 0.52981383 0.95269978
vt 0.93103647 0.69183218
vt 0.93052948 0.69183218
vt 0.53777158 0.94798827
vt 0.53827870 0.94798827
vt 0.53827870 0.95025331
vt 0.53777158 0.95025331
vt 0.54093152 0.95273352
vt 0.54042441 0.95273352
vt 0.48252970 0.95273352
vt 0.48202261 0.95273352
vt 0.53827870 0.95272821
vt 0.53777158 0.95272821
vt 0.88591790 0.57627797
vt 0.88541090 0.57627797
vt 0.51920331 0.95013142
vt 0.51971030 0.95013142
vt 0.51971030 0.95266241
vt 0.51920331 0.95266241
vt 0.53297341 0.95270419
vt 0.53246641 0.95270419
vt 0.88010550 0.57182842
vt 0.88061249 0.57182842
vt 0.51920331 0.94798827
vt 0.51971030 0.94798827
vt 0.88244307 0.41500649
vt 0.88295013 0.41500649
vt 0.87795991 0.57635170
vt 0.87745291 0.57635170
vt 0.48783490 0.95270532
vt 0.48732790 0.95270532
vt 0.52501547 0.95269662
vt 0.52450848 0.95269662
vt 0.52716130 0.94798827
vt 0.52766818 0.94798827
vt 0.88244307 0.41314560
vt 0.88295013 0.41314560
vt 0.33726251 0.95102042
vt 0.33675539 0.95102042
vt 0.88295001 0.39604020
vt 0.88244301 0.39604020
vt 0.90463060 0.09547841
vt 0.90412360 0.09547841
vt 0.53511900 0.94798827
vt 0.53562611 0.94798827
vt 0.73413712 0.57174188
vt 0.73364711 0.57194477
vt 0.73216403 0.57046181
vt 0.73236692 0.56997192
vt 0.75749779 0.57600808
vt 0.75729501 0.57551879
vt 0.75877631 0.57403737
vt 0.75926572 0.57424009
vt 0.71971232 0.57174212
vt 0.72020221 0.57194501
vt 0.72020221 0.57404262
vt 0.71971232 0.57424557
vt 0.73824459 0.57601511
vt 0.73844761 0.57552528
vt 0.74054492 0.57552528
vt 0.74074781 0.57601511
vt 0.75499737 0.57600808
vt 0.75520009 0.57551879
vt 0.71540147 0.57552570
vt 0.71688461 0.57404250
vt 0.75495768 0.57610410
vt 0.75753748 0.57610399
vt 0.73820478 0.57611108
vt 0.74078751 0.57611108
vt 0.71961617 0.57170242
vt 0.71961617 0.57428533
vt 0.75936151 0.57427990
vt 0.73423302 0.57170218
vt 0.73240668 0.56987578
vt 0.72585207 0.57170242
vt 0.72575611 0.57174212
vt 0.72398591 0.56997192
vt 0.72402573 0.56987578
vt 0.74658382 0.56987590
vt 0.74662352 0.56997180
vt 0.74485540 0.57173991
vt 0.74475962 0.57170010
vt 0.74658382 0.57610422
vt 0.74662352 0.57600838
vt 0.74912387 0.57600832
vt 0.74916369 0.57610422
vt 0.74078763 0.56987578
vt 0.74074781 0.56997192
vt 0.73824459 0.56997192
vt 0.73820478 0.56987578
vt 0.74485540 0.57424033
vt 0.74475962 0.57428002
vt 0.75098789 0.57170022
vt 0.75089198 0.57173991
vt 0.74912387 0.56997180
vt 0.74916369 0.56987590
vt 0.75098789 0.57428002
vt 0.75089198 0.57424021
vt 0.74251789 0.57424510
vt 0.74261391 0.57428491
vt 0.72982389 0.57611132
vt 0.72986370 0.57601541
vt 0.73236692 0.57601541
vt 0.73240668 0.57611132
vt 0.75936151 0.57169998
vt 0.75926560 0.57173967
vt 0.75749761 0.56997192
vt 0.75753742 0.56987578
vt 0.73423302 0.57428497
vt 0.73413700 0.57424527
vt 0.75313348 0.57170022
vt 0.75322932 0.57173991
vt 0.75322938 0.57424021
vt 0.75313348 0.57427990
vt 0.72982389 0.56987578
vt 0.72986370 0.56997192
vt 0.74251789 0.57174188
vt 0.74261391 0.57170212
vt 0.71123481 0.57428533
vt 0.71133071 0.57424557
vt 0.72148252 0.57601577
vt 0.72144270 0.57611167
vt 0.73637861 0.57428491
vt 0.73647457 0.57424510
vt 0.72148252 0.56997192
vt 0.72144270 0.56987578
vt 0.73637861 0.57170212
vt 0.73647457 0.57174188
vt 0.72585207 0.57428533
vt 0.72575611 0.57424557
vt 0.72402573 0.57611167
vt 0.72398591 0.57601577
vt 0.75499731 0.56997168
vt 0.75495762 0.56987602
vt 0.94047570 0.19988140
vt 0.94047570 0.20749781
vt 0.93869412 0.20749781
vt 0.93869412 0.19988140
vt 0.94144559 0.67670870
vt 0.94144559 0.66909218
vt 0.94348878 0.66909218
vt 0.94348878 0.67670870
vt 0.93821728 0.11820820
vt 0.93821728 0.11059180
vt 0.94000942 0.11059180
vt 0.94000942 0.11820820
vt 0.56548911 0.84366381
vt 0.56548911 0.85128027
vt 0.56350482 0.85128027
vt 0.56350482 0.84366381
vt 0.56162077 0.85128027
vt 0.56162077 0.84366381
vt 0.68506223 0.83338022
vt 0.68506223 0.82576382
vt 0.68657339 0.82576382
vt 0.68657339 0.83338022
vt 0.72526622 0.57194501
vt 0.72378302 0.57046181
vt 0.74682617 0.57046121
vt 0.74534470 0.57194263
vt 0.74682617 0.57551903
vt 0.74892122 0.57551903
vt 0.74054492 0.57046181
vt 0.73844761 0.57046181
vt 0.74534470 0.57403761
vt 0.75040269 0.57194263
vt 0.74892122 0.57046121
vt 0.75040269 0.57403761
vt 0.74202800 0.57404220
vt 0.73006672 0.57552540
vt 0.73216403 0.57552540
vt 0.75877631 0.57194251
vt 0.75729501 0.57046121
vt 0.73364711 0.57404232
vt 0.75371861 0.57194263
vt 0.75371867 0.57403749
vt 0.73006672 0.57046181
vt 0.72858351 0.57194477
vt 0.72858351 0.57404232
vt 0.74202800 0.57194477
vt 0.71182072 0.57404262
vt 0.71330398 0.57552582
vt 0.72168541 0.57552582
vt 0.73696452 0.57404220
vt 0.72168541 0.57046181
vt 0.71688467 0.57194501
vt 0.73696452 0.57194477
vt 0.72526622 0.57404262
vt 0.72378302 0.57552582
vt 0.75520003 0.57046121
vt 0.71182072 0.57194501
vt 0.71540141 0.57046181
vt 0.71330380 0.57046181
vt 0.78839952 0.57050008
vt 0.78817582 0.56996012
vt 0.79072070 0.56996012
vt 0.79049712 0.57050008
vt 0.79878652 0.57050008
vt 0.79901022 0.56996012
vt 0.80080962 0.57175952
vt 0.80026960 0.57198328
vt 0.84871370 0.38924870
vt 0.84849018 0.38870931
vt 0.85103202 0.38870931
vt 0.85080862 0.38924870
vt 0.79198021 0.57408082
vt 0.79252028 0.57430458
vt 0.79072082 0.57610422
vt 0.79049712 0.57556409
vt 0.70112848 0.83136731
vt 0.70135218 0.83190727
vt 0.69880748 0.83190727
vt 0.69903117 0.83136731
vt 0.84723228 0.39073011
vt 0.84669298 0.39050660
vt 0.92437911 0.87097722
vt 0.92437911 0.86336082
vt 0.92639202 0.86336082
vt 0.92639202 0.87097722
vt 0.08492809 0.85641330
vt 0.08492809 0.86402971
vt 0.08283460 0.86402971
vt 0.08283460 0.85641330
vt 0.67785442 0.82576370
vt 0.67785442 0.83338010
vt 0.67575771 0.83338010
vt 0.67575771 0.82576370
vt 0.92803460 0.10082980
vt 0.92803460 0.10844630
vt 0.92618388 0.10844630
vt 0.92618388 0.10082980
vt 0.00683224 0.95330763
vt 0.00683224 0.94569123
vt 0.00835150 0.94569123
vt 0.00835150 0.95330763
vt 0.56162077 0.86104220
vt 0.56162077 0.85342580
vt 0.56360400 0.85342580
vt 0.56360400 0.86104220
vt 0.93841541 0.86336082
vt 0.93841541 0.87097722
vt 0.93637711 0.87097722
vt 0.93637711 0.86336082
vt 0.93139249 0.85969001
vt 0.93139249 0.85207361
vt 0.93323177 0.85207361
vt 0.93323177 0.85969001
vt 0.93917841 0.85969001
vt 0.93917841 0.85207349
vt 0.94121349 0.85207349
vt 0.94121349 0.85969001
vt 0.94741452 0.67670858
vt 0.94741452 0.66909218
vt 0.94950700 0.66909218
vt 0.94950700 0.67670858
vt 0.93524170 0.85207361
vt 0.93524170 0.85969001
vt 0.93018019 0.11820820
vt 0.93018019 0.11059180
vt 0.93203032 0.11059180
vt 0.93203032 0.11820820
vt 0.94409251 0.87097722
vt 0.94409251 0.86336082
vt 0.94614792 0.86336082
vt 0.94614792 0.87097722
vt 0.67430907 0.83338010
vt 0.67430907 0.82576370
vt 0.93726271 0.66909218
vt 0.93726271 0.67670858
vt 0.93546921 0.67670858
vt 0.93546921 0.66909218
vt 0.68151683 0.83338022
vt 0.68151683 0.82576382
vt 0.68296772 0.82576382
vt 0.68296772 0.83338022
vt 0.94235229 0.87097722
vt 0.94235229 0.86336082
vt 0.92601901 0.11059180
vt 0.92601901 0.11820810
vt 0.92417723 0.11820810
vt 0.92417723 0.11059180
vt 0.92803091 0.11059180
vt 0.92803091 0.11820810
vt 0.95176500 0.11059180
vt 0.95176500 0.11820820
vt 0.94967443 0.11820820
vt 0.94967443 0.11059180
vt 0.94251812 0.19988140
vt 0.94251812 0.20749781
vt 0.93929982 0.66909218
vt 0.93929982 0.67670858
vt 0.00107276 0.95330769
vt 0.00107276 0.94569129
vt 0.00316960 0.94569129
vt 0.00316960 0.95330769
vt 0.93617928 0.11820820
vt 0.93617928 0.11059180
vt 0.56548917 0.85342580
vt 0.56548917 0.86104220
vt 0.93738753 0.85969001
vt 0.93738753 0.85207349
vt 0.00468659 0.94569129
vt 0.00468659 0.95330769
vt 0.92417711 0.10844630
vt 0.92417711 0.10082980
vt 0.67937130 0.82576370
vt 0.67937130 0.83338010
vt 0.93403357 0.11059180
vt 0.93403357 0.11820820
vt 0.94595391 0.11059180
vt 0.94595391 0.11820820
vt 0.94421351 0.11820820
vt 0.94421351 0.11059180
vt 0.92823249 0.86336082
vt 0.92823249 0.87097722
vt 0.52891308 0.75174260
vt 0.52891308 0.74412620
vt 0.53100932 0.74412620
vt 0.53100932 0.75174260
vt 0.01044571 0.94569123
vt 0.01044571 0.95330763
vt 0.94215500 0.11820820
vt 0.94215500 0.11059180
vt 0.94020671 0.86336082
vt 0.94020671 0.87097722
vt 0.93221802 0.87097710
vt 0.93221802 0.86336070
vt 0.93423128 0.86336070
vt 0.93423128 0.87097710
vt 0.94809937 0.11820820
vt 0.94809937 0.11059180
vt 0.95108777 0.66909218
vt 0.95108777 0.67670858
vt 0.93037808 0.87097710
vt 0.93037808 0.86336070
vt 0.94526911 0.66909218
vt 0.94526911 0.67670870
vt 0.91566700 0.26093629
vt 0.91566712 0.25624049
vt 0.91810918 0.25624049
vt 0.91810918 0.26093629
vt 0.03448712 0.94569123
vt 0.03448712 0.95038712
vt 0.03232568 0.95038712
vt 0.03232568 0.94569123
vt 0.06485879 0.94569123
vt 0.06485873 0.95038712
vt 0.06237947 0.95038712
vt 0.06237947 0.94569123
vt 0.94191331 0.50725698
vt 0.94191331 0.51195282
vt 0.93973893 0.51195282
vt 0.93973893 0.50725698
vt 0.89303511 0.25624049
vt 0.89303511 0.26093641
vt 0.89062768 0.26093629
vt 0.89062768 0.25624049
vt 0.88834178 0.26093641
vt 0.88834178 0.25624049
vt 0.84252661 0.39430660
vt 0.84275001 0.39484599
vt 0.84020811 0.39484599
vt 0.84043151 0.39430660
vt 0.83894998 0.39073011
vt 0.83841068 0.39050671
vt 0.84020811 0.38870931
vt 0.84043151 0.38924870
vt 0.69903117 0.82630378
vt 0.69880748 0.82576382
vt 0.70135218 0.82576382
vt 0.70112848 0.82630378
vt 0.83841068 0.39304861
vt 0.83894998 0.39282519
vt 0.84400803 0.39073011
vt 0.84454727 0.39050671
vt 0.84454727 0.39304861
vt 0.84400791 0.39282510
vt 0.84252661 0.38924870
vt 0.84275001 0.38870931
vt 0.69700819 0.83010793
vt 0.69754821 0.82988417
vt 0.79520601 0.57408059
vt 0.79466587 0.57430440
vt 0.79466587 0.57175952
vt 0.79520601 0.57198328
vt 0.85228992 0.39073011
vt 0.85282928 0.39050660
vt 0.85282928 0.39304841
vt 0.85228992 0.39282501
vt 0.79668897 0.57050008
vt 0.79646528 0.56996012
vt 0.84871370 0.39430639
vt 0.84849018 0.39484569
vt 0.84669298 0.39304841
vt 0.84723228 0.39282501
vt 0.80026960 0.57408059
vt 0.80080962 0.57430440
vt 0.79901022 0.57610381
vt 0.79878652 0.57556373
vt 0.79668897 0.57556373
vt 0.79646540 0.57610381
vt 0.69700819 0.82756323
vt 0.69754821 0.82778680
vt 0.78010982 0.57556421
vt 0.77988613 0.57610422
vt 0.77808648 0.57430458
vt 0.77862662 0.57408088
vt 0.78817582 0.57610422
vt 0.78839952 0.57556409
vt 0.70261163 0.82988417
vt 0.70315158 0.83010793
vt 0.79252028 0.57175970
vt 0.79198021 0.57198328
vt 0.78010970 0.57050008
vt 0.77988613 0.56996012
vt 0.78243101 0.56996012
vt 0.78220731 0.57050008
vt 0.70261163 0.82778680
vt 0.70315158 0.82756323
vt 0.78691632 0.57198328
vt 0.78637618 0.57175970
vt 0.78691632 0.57408082
vt 0.78637618 0.57430458
vt 0.85103202 0.39484569
vt 0.85080868 0.39430639
vt 0.78220743 0.57556409
vt 0.78243101 0.57610422
vt 0.78369051 0.57198328
vt 0.78423059 0.57175970
vt 0.78423059 0.57430458
vt 0.78369051 0.57408100
vt 0.77808648 0.57175970
vt 0.77862662 0.57198328
vt 0.80475467 0.57610410
vt 0.80602711 0.57303232
vt 0.80729949 0.57610410
vt 0.77159649 0.56996012
vt 0.77286887 0.57303208
vt 0.76979691 0.57175958
vt 0.77159631 0.57610410
vt 0.77414131 0.57610428
vt 0.77594090 0.57175982
vt 0.77414149 0.56996018
vt 0.21174251 0.88783270
vt 0.21047160 0.88476437
vt 0.21353979 0.88603550
vt 0.47733691 0.95268410
vt 0.47733691 0.94798827
vt 0.47987700 0.94798827
vt 0.47987700 0.95268410
vt 0.93487602 0.10660580
vt 0.93018019 0.10660580
vt 0.93018019 0.10406180
vt 0.93487602 0.10406180
vt 0.90670002 0.25624049
vt 0.90670002 0.26093641
vt 0.90445459 0.26093641
vt 0.90445459 0.25624049
vt 0.23319280 0.94608933
vt 0.23319280 0.95078522
vt 0.23134960 0.95078510
vt 0.23134971 0.94608933
vt 0.89987421 0.25624049
vt 0.89987421 0.26093629
vt 0.89746797 0.26093629
vt 0.89746797 0.25624049
vt 0.94539100 0.25624061
vt 0.94539100 0.26093641
vt 0.94291800 0.26093641
vt 0.94291800 0.25624061
vt 0.93397897 0.25624061
vt 0.93397897 0.26093641
vt 0.93174738 0.26093641
vt 0.93174738 0.25624061
vt 0.02771103 0.95038712
vt 0.02771103 0.94569123
vt 0.03017985 0.94569123
vt 0.03017985 0.95038712
vt 0.05131942 0.94569123
vt 0.05131942 0.95038712
vt 0.04878062 0.95038712
vt 0.04878062 0.94569123
vt 0.92930877 0.26093641
vt 0.92930877 0.25624061
vt 0.92716330 0.25624070
vt 0.92716330 0.26093650
vt 0.92491859 0.26093650
vt 0.92491859 0.25624070
vt 0.04160451 0.94569129
vt 0.04160451 0.95038712
vt 0.03911077 0.95038712
vt 0.03911077 0.94569129
vt 0.93018019 0.10230430
vt 0.93487602 0.10230430
vt 0.93830079 0.25624061
vt 0.93830079 0.26093650
vt 0.93612468 0.26093650
vt 0.93612468 0.25624061
vt 0.93702167 0.10230430
vt 0.94171751 0.10230430
vt 0.94171751 0.10406480
vt 0.93702167 0.10406470
vt 0.04371619 0.94569129
vt 0.04371619 0.95038712
vt 0.91128647 0.26093641
vt 0.91128647 0.25624049
vt 0.91352117 0.25624049
vt 0.91352117 0.26093641
vt 0.90884560 0.26093641
vt 0.90884560 0.25624049
vt 0.22013269 0.94608933
vt 0.22013269 0.95078522
vt 0.21759640 0.95078528
vt 0.21759640 0.94608939
vt 0.03696537 0.94569123
vt 0.03696537 0.95038712
vt 0.94077241 0.25624061
vt 0.94077241 0.26093650
vt 0.22227819 0.95078522
vt 0.22227819 0.94608933
vt 0.22482240 0.94608933
vt 0.22482240 0.95078522
vt 0.94438601 0.50725698
vt 0.94438601 0.51195282
vt 0.89518082 0.26093629
vt 0.89518082 0.25624049
vt 0.02553778 0.95038712
vt 0.02553778 0.94569123
vt 0.22666290 0.94608933
vt 0.22666290 0.95078522
vt 0.90201968 0.26093641
vt 0.90201968 0.25624049
vt 0.93487602 0.10844630
vt 0.93018019 0.10844630
vt 0.92248797 0.26093650
vt 0.92248797 0.25624070
vt 0.05346477 0.95038712
vt 0.05346477 0.94569123
vt 0.05557656 0.94569129
vt 0.05557656 0.95038712
vt 0.92034239 0.25624049
vt 0.92034239 0.26093629
vt 0.94971007 0.26093650
vt 0.94971007 0.25624070
vt 0.95225340 0.25624070
vt 0.95225340 0.26093650
vt 0.22880870 0.95078510
vt 0.22880870 0.94608933
vt 0.05807393 0.94569123
vt 0.05807393 0.95038712
vt 0.94756442 0.25624061
vt 0.94756442 0.26093641
vt 0.92594129 0.69177788
vt 0.92594129 0.68708211
vt 0.92838389 0.68708211
vt 0.92838389 0.69177788
vt 0.21568540 0.95078528
vt 0.21568540 0.94608939
vt 0.94171751 0.10660600
vt 0.93702167 0.10660600
vt 0.04686272 0.95038712
vt 0.04686272 0.94569129
vt 0.92370892 0.69177788
vt 0.92370892 0.68708211
vt 0.06021982 0.95038712
vt 0.06021982 0.94569123
vt 0.94171751 0.10843950
vt 0.93702167 0.10843950
vt 0.77594090 0.57430482
vt 0.21174251 0.88169622
vt 0.20920070 0.88169640
vt 0.69051850 0.83190727
vt 0.69179088 0.82883561
vt 0.69306332 0.83190727
vt 0.76330668 0.57610422
vt 0.76457918 0.57303220
vt 0.76585168 0.57610422
vt 0.20740360 0.88349360
vt 0.80475467 0.56996047
vt 0.80295533 0.57175988
vt 0.76330668 0.56996012
vt 0.76150721 0.57175970
vt 0.83626503 0.39050680
vt 0.83319682 0.39177760
vt 0.83446759 0.38870931
vt 0.83012837 0.39050680
vt 0.83012837 0.39304870
vt 0.69306332 0.82576382
vt 0.69051850 0.82576382
vt 0.83192569 0.38870931
vt 0.83446759 0.39484599
vt 0.83626503 0.39304870
vt 0.83192569 0.39484599
vt 0.69486260 0.83010793
vt 0.80909890 0.57430470
vt 0.80909890 0.57175988
vt 0.20740360 0.88603532
vt 0.20920070 0.88783270
vt 0.80729949 0.56996047
vt 0.21353979 0.88349360
vt 0.80295533 0.57430470
vt 0.69486260 0.82756323
vt 0.76979691 0.57430458
vt 0.76765132 0.57430458
vt 0.68871921 0.83010793
vt 0.76150721 0.57430458
vt 0.68871921 0.82756323
vt 0.76585168 0.56996012
vt 0.76765132 0.57175970
vt 0.74883503 0.41535890
vt 0.75799757 0.41535890
vt 0.92068762 0.10603540
vt 0.92203158 0.10082980
vt 0.92203158 0.10679040
vt 0.38071761 0.87554330
vt 0.38206169 0.87478840
vt 0.38206169 0.88074881
vt 0.75799751 0.40407071
vt 0.74883503 0.40407071
vt 0.75799751 0.40971479
vt 0.74883503 0.40971479
vt 0.92014593 0.11264970
vt 0.92203158 0.11275080
vt 0.92068762 0.11928300
vt 0.92203158 0.11871130
vt 0.92203158 0.12467160
vt 0.38206169 0.85690701
vt 0.38206169 0.86286747
vt 0.38071761 0.86229563
vt 0.38206169 0.86882788
vt 0.38017601 0.86892891
vt 0.37196419 0.78024662
vt 0.37564349 0.78024662
vt 0.37543201 0.78214371
vt 0.37175259 0.78214371
vt 0.94386297 0.10705080
vt 0.94790971 0.10705080
vt 0.94790971 0.10843950
vt 0.94386297 0.10843950
vt 0.94386297 0.10325670
vt 0.94790971 0.10325670
vt 0.94790971 0.10515370
vt 0.94386297 0.10515370
vt 0.85497499 0.38870960
vt 0.85902172 0.38870960
vt 0.85902160 0.39009830
vt 0.85497493 0.39009830
vt 0.85497493 0.39389250
vt 0.85902160 0.39389250
vt 0.85902172 0.39528120
vt 0.85497499 0.39528120
vt 0.94386297 0.10186790
vt 0.94790971 0.10186790
vt 0.86971492 0.24688859
vt 0.86971492 0.24311920
vt 0.87161201 0.24330410
vt 0.87161201 0.24707350
vt 0.85497493 0.39199540
vt 0.85902160 0.39199540
vt 0.37564349 0.78404081
vt 0.37196419 0.78404081
vt 0.86781782 0.24707350
vt 0.86781782 0.24330410
vt 0.82702798 0.39467469
vt 0.82687718 0.39453191
vt 0.82779002 0.39289871
vt 0.82798290 0.39296621
vt 0.85917437 0.39199540
vt 0.85917437 0.39380881
vt 0.37564051 0.78214371
vt 0.37584281 0.78395700
vt 0.82537413 0.39572120
vt 0.82529640 0.39553231
vt 0.82798290 0.39105359
vt 0.82779002 0.39107060
vt 0.82687718 0.38953719
vt 0.82702798 0.38944939
vt 0.37584281 0.78033030
vt 0.82346439 0.39582539
vt 0.82347077 0.39563191
vt 0.94806242 0.10334030
vt 0.94806242 0.10515370
vt 0.37622169 0.77885783
vt 0.37639540 0.77900279
vt 0.82181048 0.39495930
vt 0.82188988 0.39480409
vt 0.37639540 0.78528452
vt 0.37622169 0.78542948
vt 0.82097721 0.39144251
vt 0.82112050 0.39147311
vt 0.82112050 0.39322430
vt 0.82097721 0.39327061
vt 0.82677227 0.39443249
vt 0.82764661 0.39286819
vt 0.82677227 0.38964799
vt 0.82525802 0.38885501
vt 0.82529628 0.38870931
vt 0.82188988 0.38980931
vt 0.82199490 0.38990870
vt 0.82525802 0.39539081
vt 0.82764661 0.39111689
vt 0.82347077 0.38880900
vt 0.82350928 0.38895041
vt 0.82350928 0.39548621
vt 0.82199490 0.39469329
vt 0.66931450 0.83270782
vt 0.66989827 0.83190292
vt 0.67072880 0.83154839
vt 0.67095941 0.83224452
vt 0.86817181 0.10944100
vt 0.86914921 0.10944100
vt 0.86914921 0.11071250
vt 0.86817181 0.11071250
vt 0.87249202 0.57463658
vt 0.87340242 0.57463658
vt 0.87323308 0.57637370
vt 0.87232262 0.57637370
vt 0.66766971 0.83224452
vt 0.66820008 0.83154839
vt 0.66903073 0.83190292
vt 0.86838061 0.57463670
vt 0.86926931 0.57463670
vt 0.86946309 0.57637370
vt 0.86857438 0.57637370
vt 0.87232262 0.57289958
vt 0.87323308 0.57289958
vt 0.70627481 0.82877260
vt 0.70529729 0.82877260
vt 0.70529729 0.82703543
vt 0.70627481 0.82703543
vt 0.86857438 0.57289958
vt 0.86946309 0.57289958
vt 0.86817181 0.11418670
vt 0.86914921 0.11418670
vt 0.86914921 0.11545830
vt 0.86817181 0.11545830
vt 0.66931450 0.82576382
vt 0.66903073 0.82656860
vt 0.66820008 0.82692319
vt 0.66766971 0.82622713
vt 0.70627469 0.83178121
vt 0.70529717 0.83178121
vt 0.70529729 0.83050960
vt 0.70627481 0.83050960
vt 0.70529717 0.82576382
vt 0.70627469 0.82576382
vt 0.67165440 0.83057088
vt 0.67216349 0.83097279
vt 0.86817181 0.11244960
vt 0.86914933 0.11244960
vt 0.67216349 0.82749867
vt 0.67165440 0.82790059
vt 0.67072880 0.82692319
vt 0.67095941 0.82622713
vt 0.66602480 0.82923579
vt 0.66693580 0.82923579
vt 0.66727459 0.83057088
vt 0.66646552 0.83097291
vt 0.87002802 0.57463670
vt 0.87017697 0.57597190
vt 0.66646552 0.82749867
vt 0.66727459 0.82790071
vt 0.87017697 0.57330137
vt 0.66989827 0.82656860
vt 0.66903073 0.83056939
vt 0.66989827 0.83056939
vt 0.88301247 0.40699920
vt 0.88259202 0.40697250
vt 0.88301247 0.40566561
vt 0.88299888 0.39951929
vt 0.88258839 0.39949259
vt 0.88299888 0.39818570
vt 0.88299888 0.40218651
vt 0.88258839 0.40221319
vt 0.88244301 0.40085289
vt 0.88299888 0.40085289
vt 0.88301247 0.40966639
vt 0.88259202 0.40969309
vt 0.88244301 0.40833279
vt 0.88301247 0.40833279
vt 0.66903073 0.82790220
vt 0.66989827 0.82790220
vt 0.66989827 0.82923579
vt 0.66903073 0.82923579
vt 0.88299888 0.40352011
vt 0.88301247 0.41099989
vt 0.67092139 0.82827699
vt 0.67120790 0.82923579
vt 0.67009473 0.82923579
vt 0.67004341 0.82787538
vt 0.66823751 0.82827699
vt 0.66917580 0.82787549
vt 0.66922730 0.82923579
vt 0.66795558 0.82923579
vt 0.67199308 0.82923579
vt 0.67092139 0.83019447
vt 0.67004341 0.83059603
vt 0.66823751 0.83019447
vt 0.66917580 0.83059603
vt 0.20731290 0.81416202
vt 0.20733450 0.81409901
vt 0.20736679 0.81404078
vt 0.20740861 0.81398910
vt 0.20745870 0.81394541
vt 0.20751581 0.81391108
vt 0.20757790 0.81388730
vt 0.20764330 0.81387442
vt 0.20777540 0.81388360
vt 0.20783840 0.81390518
vt 0.20789661 0.81393749
vt 0.20794819 0.81397933
vt 0.20802499 0.81408709
vt 0.20799211 0.81402951
vt 0.20805010 0.81414849
vt 0.20806290 0.81421399
vt 0.20806290 0.81429332
vt 0.20805369 0.81434619
vt 0.20803180 0.81440890
vt 0.20800000 0.81446731
vt 0.20796540 0.81451088
vt 0.20790790 0.81456280
vt 0.20785090 0.81459689
vt 0.20778871 0.81462091
vt 0.20765699 0.81463480
vt 0.20759121 0.81462443
vt 0.20752820 0.81460291
vt 0.20747010 0.81457061
vt 0.20741840 0.81452882
vt 0.20737460 0.81447858
vt 0.20734040 0.81442159
vt 0.20731650 0.81435949
vt 0.20730370 0.81429422
vt 0.83978450 0.66484231
vt 0.84291238 0.66370767
vt 0.83691168 0.66650659
vt 0.84621888 0.66312271
vt 0.84953880 0.66311783
vt 0.85281497 0.66369933
vt 0.85597092 0.66484571
vt 0.85884857 0.66650152
vt 0.86139500 0.66864300
vt 0.86355489 0.67121392
vt 0.86521858 0.67408592
vt 0.86635113 0.67721051
vt 0.86689889 0.68030202
vt 0.86628598 0.68732238
vt 0.86521071 0.69027811
vt 0.86355990 0.69314963
vt 0.86141509 0.69570071
vt 0.85889471 0.69781780
vt 0.85595691 0.69949251
vt 0.85279369 0.70066488
vt 0.84954631 0.70123953
vt 0.84622991 0.70123953
vt 0.84310371 0.70068932
vt 0.83677518 0.69774783
vt 0.83436191 0.69571823
vt 0.83220881 0.69315529
vt 0.83054519 0.69027847
vt 0.82946593 0.68730962
vt 0.82884657 0.68035632
vt 0.82940131 0.67724133
vt 0.83054471 0.67408878
vt 0.83219981 0.67121232
vt 0.83434069 0.66866660
f 1/1/1 2/2/2 3/3/3
f 1/1/1 3/3/3 4/4/4
f 5/5/5 6/6/6 7/7/7
f 5/5/5 7/7/7 8/8/8
f 9/9/9 10/10/10 11/11/11
f 9/9/9 11/11/11 12/12/12
f 13/13/13 14/14/14 15/15/15
f 13/13/13 15/15/15 16/16/16
f 2/2/2 17/17/17 18/18/18
f 2/2/2 18/18/18 3/3/3
f 10/10/10 19/19/19 20/20/20
f 10/10/10 20/20/20 11/11/11
f 14/14/14 21/21/21 22/22/22
f 14/14/14 22/22/22 15/15/15
f 17/17/17 23/23/23 24/24/24
f 17/17/17 24/24/24 18/18/18
f 19/19/19 25/25/25 26/26/26
f 19/19/19 26/26/26 20/20/20
f 21/21/21 27/27/27 28/28/28
f 21/21/21 28/28/28 22/22/22
f 23/23/23 29/29/29 30/30/30
f 23/23/23 30/30/30 24/24/24
f 31/31/31 32/32/32 33/33/33
f 31/31/31 33/33/33 34/34/34
f 35/35/35 36/36/36 37/37/37
f 35/35/35 37/37/37 38/38/38
f 29/29/29 39/39/39 40/40/40
f 29/29/29 40/40/40 30/30/30
f 32/32/32 41/41/41 42/42/42
f 32/32/32 42/42/42 33/33/33
f 36/36/36 43/43/43 44/44/44
f 36/36/36 44/44/44 37/37/37
f 45/45/45 13/13/13 16/16/16
f 45/45/45 16/16/16 46/46/46
f 41/41/41 47/47/47 48/48/48
f 41/41/41 48/48/48 42/42/42
f 43/43/43 49/49/49 50/50/50
f 43/43/43 50/50/50 44/44/44
f 51/51/51 52/52/52 53/53/53
f 51/51/51 53/53/53 54/54/54
f 47/47/47 55/55/55 56/56/56
f 47/47/47 56/56/56 48/48/48
f 49/49/49 57/57/57 58/58/58
f 49/49/49 58/58/58 50/50/50
f 25/25/25 59/59/59 60/60/60
f 25/25/25 60/60/60 26/26/26
f 55/55/55 61/61/61 62/62/62
f 55/55/55 62/62/62 56/56/56
f 57/57/57 63/63/63 64/64/64
f 57/57/57 64/64/64 58/58/58
f 61/61/61 65/65/65 66/66/66
f 61/61/61 66/66/66 62/62/62
f 67/67/67 68/68/68 69/69/69
f 67/67/67 69/69/69 70/70/70
f 71/71/71 72/72/72 73/73/73
f 71/71/71 73/73/73 74/74/74
f 75/75/75 1/1/1 4/4/4
f 75/75/75 4/4/4 76/76/76
f 68/68/68 77/77/77 78/78/78
f 68/68/68 78/78/78 69/69/69
f 72/72/72 79/79/79 80/80/80
f 72/72/72 80/80/80 73/73/73
f 77/77/77 81/81/81 82/82/82
f 77/77/77 82/82/82 78/78/78
f 79/79/79 51/51/51 54/54/54
f 79/79/79 54/54/54 80/80/80
f 81/81/81 83/83/83 84/84/84
f 81/81/81 84/84/84 82/82/82
f 52/52/52 85/85/85 86/86/86
f 52/52/52 86/86/86 53/53/53
f 83/83/83 75/75/75 76/76/76
f 83/83/83 76/76/76 84/84/84
f 85/85/85 9/9/9 12/12/12
f 85/85/85 12/12/12 86/86/86
f 87/87/87 88/88/88 89/89/89
f 87/87/87 89/89/89 90/90/90
f 6/6/6 91/91/91 92/92/92
f 6/6/6 92/92/92 7/7/7
f 93/93/93 94/94/94 95/95/95
f 93/93/93 95/95/95 96/96/96
f 97/97/97 98/98/98 99/99/99
f 97/97/97 99/99/99 100/100/100
f 91/91/91 101/101/101 102/102/102
f 91/91/91 102/102/102 92/92/92
f 94/94/94 103/103/103 104/104/104
f 94/94/94 104/104/104 95/95/95
f 101/101/101 105/105/105 106/106/106
f 101/101/101 106/106/106 102/102/102
f 103/103/103 107/107/107 108/108/108
f 103/103/103 108/108/108 104/104/104
f 105/105/105 109/109/109 110/110/110
f 105/105/105 110/110/110 106/106/106
f 111/111/111 112/112/112 113/113/113
f 111/111/111 113/113/113 114/114/114
f 109/109/109 97/97/97 100/100/100
f 109/109/109 100/100/100 110/110/110
f 115/115/115 116/116/116 117/117/117
f 115/115/115 117/117/117 118/118/118
f 119/119/119 120/120/120 121/121/121
f 119/119/119 121/121/121 122/122/122
f 116/116/116 123/123/123 124/124/124
f 116/116/116 124/124/124 117/117/117
f 125/125/125 126/126/126 127/127/127
f 125/125/125 127/127/127 128/128/128
f 120/120/120 129/129/129 130/130/130
f 120/120/120 130/130/130 121/121/121
f 123/123/123 131/131/131 132/132/132
f 123/123/123 132/132/132 124/124/124
f 126/126/126 133/133/133 134/134/134
f 126/126/126 134/134/134 127/127/127
f 129/129/129 135/135/135 87/87/87
f 129/129/129 87/87/87 130/130/130
f 131/131/131 136/136/136 137/137/137
f 131/131/131 137/137/137 132/132/132
f 138/138/138 139/139/139 140/140/140
f 138/138/138 140/140/140 141/141/141
f 135/135/135 142/142/142 88/88/88
f 135/135/135 88/88/88 87/87/87
f 143/143/143 144/144/144 145/145/145
f 143/143/143 145/145/145 146/146/146
f 139/139/139 147/147/147 148/148/148
f 139/139/139 148/148/148 140/140/140
f 142/142/142 149/149/149 150/150/150
f 142/142/142 150/150/150 88/88/88
f 144/144/144 151/151/151 152/152/152
f 144/144/144 152/152/152 145/145/145
f 147/147/147 153/153/153 154/154/154
f 147/147/147 154/154/154 148/148/148
f 149/149/149 125/125/125 128/128/128
f 149/149/149 128/128/128 150/150/150
f 155/155/155 156/156/156 157/157/157
f 155/155/155 157/157/157 158/158/158
f 153/153/153 159/159/159 160/160/160
f 153/153/153 160/160/160 154/154/154
f 107/107/107 111/111/111 114/114/114
f 107/107/107 114/114/114 108/108/108
f 156/156/156 161/161/161 162/162/162
f 156/156/156 162/162/162 157/157/157
f 159/159/159 163/163/163 164/164/164
f 159/159/159 164/164/164 160/160/160
f 136/136/136 143/143/143 146/146/146
f 136/136/136 146/146/146 137/137/137
f 161/161/161 5/5/5 8/8/8
f 161/161/161 8/8/8 162/162/162
f 163/163/163 93/93/93 96/96/96
f 163/163/163 96/96/96 164/164/164
f 165/165/165 166/166/166 167/167/167
f 165/165/165 167/167/167 168/168/168
f 146/146/146 145/145/145 169/169/169
f 146/146/146 169/169/169 170/170/170
f 140/140/140 148/148/148 171/171/171
f 140/140/140 171/171/171 172/172/172
f 88/88/88 150/150/150 173/173/173
f 88/88/88 173/173/173 89/89/89
f 145/145/145 152/152/152 174/174/174
f 145/145/145 174/174/174 169/169/169
f 148/148/148 154/154/154 175/175/175
f 148/148/148 175/175/175 171/171/171
f 150/150/150 128/128/128 176/176/176
f 150/150/150 176/176/176 173/173/173
f 152/152/152 177/177/177 178/178/178
f 152/152/152 178/178/178 174/174/174
f 154/154/154 160/160/160 179/179/179
f 154/154/154 179/179/179 175/175/175
f 108/108/108 114/114/114 180/180/180
f 108/108/108 180/180/180 181/181/181
f 157/157/157 162/162/162 182/182/182
f 157/157/157 182/182/182 183/183/183
f 160/160/160 164/164/164 184/184/184
f 160/160/160 184/184/184 179/179/179
f 137/137/137 146/146/146 170/170/170
f 137/137/137 170/170/170 185/185/185
f 162/162/162 8/8/8 186/186/186
f 162/162/162 186/186/186 182/182/182
f 164/164/164 96/96/96 187/187/187
f 164/164/164 187/187/187 184/184/184
f 8/8/8 7/7/7 188/188/188
f 8/8/8 188/188/188 186/186/186
f 7/7/7 92/92/92 189/189/189
f 7/7/7 189/189/189 188/188/188
f 96/96/96 95/95/95 190/190/190
f 96/96/96 190/190/190 187/187/187
f 191/191/191 122/122/122 192/192/192
f 191/191/191 192/192/192 193/193/193
f 92/92/92 102/102/102 194/194/194
f 92/92/92 194/194/194 189/189/189
f 95/95/95 104/104/104 195/195/195
f 95/95/95 195/195/195 190/190/190
f 102/102/102 106/106/106 165/165/165
f 102/102/102 165/165/165 194/194/194
f 104/104/104 108/108/108 181/181/181
f 104/104/104 181/181/181 195/195/195
f 106/106/106 110/110/110 166/166/166
f 106/106/106 166/166/166 165/165/165
f 196/196/196 118/118/118 197/197/197
f 196/196/196 197/197/197 198/198/198
f 110/110/110 100/100/100 199/199/199
f 110/110/110 199/199/199 166/166/166
f 118/118/118 117/117/117 200/200/200
f 118/118/118 200/200/200 197/197/197
f 122/122/122 121/121/121 201/201/201
f 122/122/122 201/201/201 192/192/192
f 117/117/117 124/124/124 202/202/202
f 117/117/117 202/202/202 200/200/200
f 128/128/128 127/127/127 203/203/203
f 128/128/128 203/203/203 176/176/176
f 121/121/121 130/130/130 204/204/204
f 121/121/121 204/204/204 201/201/201
f 124/124/124 132/132/132 205/205/205
f 124/124/124 205/205/205 202/202/202
f 127/127/127 134/134/134 206/206/206
f 127/127/127 206/206/206 203/203/203
f 130/130/130 87/87/87 90/90/90
f 130/130/130 90/90/90 204/204/204
f 132/132/132 137/137/137 185/185/185
f 132/132/132 185/185/185 205/205/205
f 134/134/134 207/207/207 208/208/208
f 134/134/134 208/208/208 206/206/206
f 198/198/198 197/197/197 209/209/209
f 198/198/198 209/209/209 210/210/210
f 211/211/211 193/193/193 212/212/212
f 211/211/211 212/212/212 213/213/213
f 197/197/197 200/200/200 214/214/214
f 197/197/197 214/214/214 209/209/209
f 192/192/192 201/201/201 215/215/215
f 192/192/192 215/215/215 216/216/216
f 200/200/200 202/202/202 217/217/217
f 200/200/200 217/217/217 214/214/214
f 176/176/176 203/203/203 218/218/218
f 176/176/176 218/218/218 219/219/219
f 201/201/201 204/204/204 220/220/220
f 201/201/201 220/220/220 215/215/215
f 202/202/202 205/205/205 221/221/221
f 202/202/202 221/221/221 217/217/217
f 203/203/203 206/206/206 222/222/222
f 203/203/203 222/222/222 218/218/218
f 204/204/204 90/90/90 223/223/223
f 204/204/204 223/223/223 220/220/220
f 205/205/205 185/185/185 224/224/224
f 205/205/205 224/224/224 221/221/221
f 206/206/206 208/208/208 225/225/225
f 206/206/206 225/225/225 222/222/222
f 90/90/90 89/89/89 226/226/226
f 90/90/90 226/226/226 223/223/223
f 170/170/170 169/169/169 227/227/227
f 170/170/170 227/227/227 228/228/228
f 208/208/208 229/229/229 230/230/230
f 208/208/208 230/230/230 225/225/225
f 89/89/89 173/173/173 231/231/231
f 89/89/89 231/231/231 226/226/226
f 169/169/169 174/174/174 232/232/232
f 169/169/169 232/232/232 227/227/227
f 171/171/171 175/175/175 233/233/233
f 171/171/171 233/233/233 234/234/234
f 173/173/173 176/176/176 219/219/219
f 173/173/173 219/219/219 231/231/231
f 174/174/174 178/178/178 235/235/235
f 174/174/174 235/235/235 232/232/232
f 175/175/175 179/179/179 236/236/236
f 175/175/175 236/236/236 233/233/233
f 237/237/237 198/198/198 210/210/210
f 237/237/237 210/210/210 238/238/238
f 178/178/178 239/239/239 240/240/240
f 178/178/178 240/240/240 235/235/235
f 179/179/179 184/184/184 241/241/241
f 179/179/179 241/241/241 236/236/236
f 185/185/185 170/170/170 228/228/228
f 185/185/185 228/228/228 224/224/224
f 182/182/182 186/186/186 242/242/242
f 182/182/182 242/242/242 243/243/243
f 184/184/184 187/187/187 244/244/244
f 184/184/184 244/244/244 241/241/241
f 186/186/186 188/188/188 245/245/245
f 186/186/186 245/245/245 242/242/242
f 188/188/188 189/189/189 246/246/246
f 188/188/188 246/246/246 245/245/245
f 187/187/187 190/190/190 247/247/247
f 187/187/187 247/247/247 244/244/244
f 193/193/193 192/192/192 216/216/216
f 193/193/193 216/216/216 212/212/212
f 189/189/189 194/194/194 248/248/248
f 189/189/189 248/248/248 246/246/246
f 190/190/190 195/195/195 249/249/249
f 190/190/190 249/249/249 247/247/247
f 194/194/194 165/165/165 168/168/168
f 194/194/194 168/168/168 248/248/248
f 195/195/195 181/181/181 250/250/250
f 195/195/195 250/250/250 249/249/249
f 251/251/251 252/252/252 253/253/253
f 254/254/254 255/255/255 256/256/256
f 255/255/255 257/257/257 253/253/253
f 257/257/257 258/258/258 259/259/259
f 259/259/259 260/260/260 251/251/251
f 260/260/260 261/261/261 262/262/262
f 251/251/251 260/260/260 262/262/262
f 262/262/262 263/263/263 251/251/251
f 263/263/263 264/264/264 251/251/251
f 264/264/264 265/265/265 251/251/251
f 265/265/265 266/266/266 251/251/251
f 251/251/251 267/267/267 268/268/268
f 268/268/268 269/269/269 251/251/251
f 269/269/269 270/270/270 251/251/251
f 270/270/270 271/271/271 272/272/272
f 272/272/272 273/273/273 274/274/274
f 274/274/274 275/275/275 252/252/252
f 275/275/275 276/276/276 252/252/252
f 252/252/252 277/277/277 278/278/278
f 274/274/274 252/252/252 272/272/272
f 278/278/278 279/279/279 252/252/252
f 279/279/279 280/280/280 253/253/253
f 280/280/280 281/281/281 253/253/253
f 253/253/253 282/282/282 283/283/283
f 284/284/284 253/253/253 283/283/283
f 284/284/284 285/285/285 286/286/286
f 286/286/286 256/256/256 253/253/253
f 253/253/253 256/256/256 255/255/255
f 257/257/257 259/259/259 251/251/251
f 270/270/270 272/272/272 251/251/251
f 253/253/253 284/284/284 286/286/286
f 257/257/257 251/251/251 253/253/253
f 253/253/253 252/252/252 279/279/279
f 272/272/272 252/252/252 251/251/251
f 287/287/287 288/288/288 289/289/289
f 290/290/290 291/291/291 292/292/292
f 290/290/290 292/292/292 293/293/293
f 294/294/294 295/295/295 296/296/296
f 294/294/294 296/296/296 297/297/297
f 298/298/298 299/299/299 300/300/300
f 298/298/298 300/300/300 301/301/301
f 302/302/302 303/303/303 304/304/304
f 302/302/302 304/304/304 305/305/305
f 295/295/295 306/306/306 307/307/307
f 295/295/295 307/307/307 296/296/296
f 308/308/308 309/309/309 310/310/310
f 308/308/308 310/310/310 311/311/311
f 303/303/303 312/312/312 313/313/313
f 303/303/303 313/313/313 304/304/304
f 306/306/306 314/314/314 315/315/315
f 306/306/306 315/315/315 307/307/307
f 316/316/316 317/317/317 318/318/318
f 316/316/316 318/318/318 319/319/319
f 312/312/312 320/320/320 321/321/321
f 312/312/312 321/321/321 313/313/313
f 322/322/322 323/323/323 324/324/324
f 322/322/322 324/324/324 325/325/325
f 326/326/326 327/327/327 321/321/321
f 326/326/326 321/321/321 320/320/320
f 328/328/328 329/329/329 330/330/330
f 328/328/328 330/330/330 331/331/331
f 323/323/323 332/332/332 333/333/333
f 323/323/323 333/333/333 324/324/324
f 329/329/329 334/334/334 335/335/335
f 329/329/329 335/335/335 330/330/330
f 332/332/332 336/336/336 337/337/337
f 332/332/332 337/337/337 333/333/333
f 338/338/338 339/339/339 340/340/340
f 338/338/338 340/340/340 341/341/341
f 334/334/334 342/342/342 343/343/343
f 334/334/334 343/343/343 335/335/335
f 336/336/336 308/308/308 311/311/311
f 336/336/336 311/311/311 337/337/337
f 342/342/342 344/344/344 345/345/345
f 342/342/342 345/345/345 343/343/343
f 309/309/309 346/346/346 347/347/347
f 309/309/309 347/347/347 310/310/310
f 344/344/344 290/290/290 293/293/293
f 344/344/344 293/293/293 345/345/345
f 346/346/346 348/348/348 349/349/349
f 346/346/346 349/349/349 347/347/347
f 291/291/291 350/350/350 351/351/351
f 291/291/291 351/351/351 292/292/292
f 348/348/348 352/352/352 353/353/353
f 348/348/348 353/353/353 349/349/349
f 350/350/350 354/354/354 355/355/355
f 350/350/350 355/355/355 351/351/351
f 352/352/352 356/356/356 357/357/357
f 352/352/352 357/357/357 353/353/353
f 358/358/358 359/359/359 360/360/360
f 358/358/358 360/360/360 361/361/361
f 354/354/354 362/362/362 363/363/363
f 354/354/354 363/363/363 355/355/355
f 364/364/364 316/316/316 319/319/319
f 364/364/364 319/319/319 365/365/365
f 359/359/359 366/366/366 367/367/367
f 359/359/359 367/367/367 360/360/360
f 362/362/362 368/368/368 369/369/369
f 362/362/362 369/369/369 363/363/363
f 317/317/317 370/370/370 371/371/371
f 317/317/317 371/371/371 318/318/318
f 366/366/366 294/294/294 297/297/297
f 366/366/366 297/297/297 367/367/367
f 372/372/372 298/298/298 301/301/301
f 372/372/372 301/301/301 373/373/373
f 370/370/370 302/302/302 305/305/305
f 370/370/370 305/305/305 371/371/371
f 369/369/369 374/374/374 375/375/375
f 369/369/369 375/375/375 363/363/363
f 376/376/376 377/377/377 378/378/378
f 376/376/376 378/378/378 379/379/379
f 297/297/297 380/380/380 381/381/381
f 297/297/297 381/381/381 367/367/367
f 301/301/301 382/382/382 383/383/383
f 301/301/301 383/383/383 373/373/373
f 296/296/296 384/384/384 380/380/380
f 296/296/296 380/380/380 297/297/297
f 300/300/300 338/338/338 382/382/382
f 300/300/300 382/382/382 301/301/301
f 304/304/304 385/385/385 386/386/386
f 304/304/304 386/386/386 305/305/305
f 307/307/307 387/387/387 384/384/384
f 307/307/307 384/384/384 296/296/296
f 310/310/310 388/388/388 389/389/389
f 310/310/310 389/389/389 311/311/311
f 313/313/313 390/390/390 385/385/385
f 313/313/313 385/385/385 304/304/304
f 315/315/315 391/391/391 387/387/387
f 315/315/315 387/387/387 307/307/307
f 321/321/321 392/392/392 390/390/390
f 321/321/321 390/390/390 313/313/313
f 324/324/324 393/393/393 394/394/394
f 324/324/324 394/394/394 325/325/325
f 327/327/327 395/395/395 392/392/392
f 327/327/327 392/392/392 321/321/321
f 330/330/330 396/396/396 397/397/397
f 330/330/330 397/397/397 331/331/331
f 333/333/333 398/398/398 393/393/393
f 333/333/333 393/393/393 324/324/324
f 292/292/292 399/399/399 377/377/377
f 292/292/292 377/377/377 293/293/293
f 335/335/335 400/400/400 396/396/396
f 335/335/335 396/396/396 330/330/330
f 337/337/337 401/401/401 398/398/398
f 337/337/337 398/398/398 333/333/333
f 343/343/343 402/402/402 400/400/400
f 343/343/343 400/400/400 335/335/335
f 311/311/311 389/389/389 401/401/401
f 311/311/311 401/401/401 337/337/337
f 345/345/345 376/376/376 402/402/402
f 345/345/345 402/402/402 343/343/343
f 347/347/347 403/403/403 388/388/388
f 347/347/347 388/388/388 310/310/310
f 293/293/293 377/377/377 376/376/376
f 293/293/293 376/376/376 345/345/345
f 349/349/349 404/404/404 403/403/403
f 349/349/349 403/403/403 347/347/347
f 351/351/351 405/405/405 399/399/399
f 351/351/351 399/399/399 292/292/292
f 353/353/353 406/406/406 404/404/404
f 353/353/353 404/404/404 349/349/349
f 361/361/361 339/339/339 338/338/338
f 361/361/361 338/338/338 300/300/300
f 355/355/355 407/407/407 405/405/405
f 355/355/355 405/405/405 351/351/351
f 357/357/357 408/408/408 406/406/406
f 357/357/357 406/406/406 353/353/353
f 360/360/360 409/409/409 339/339/339
f 360/360/360 339/339/339 361/361/361
f 363/363/363 375/375/375 407/407/407
f 363/363/363 407/407/407 355/355/355
f 299/299/299 358/358/358 361/361/361
f 299/299/299 361/361/361 300/300/300
f 367/367/367 381/381/381 409/409/409
f 367/367/367 409/409/409 360/360/360
f 390/390/390 392/392/392 410/410/410
f 390/390/390 410/410/410 411/411/411
f 403/403/403 404/404/404 412/412/412
f 403/403/403 412/412/412 413/413/413
f 399/399/399 405/405/405 414/414/414
f 399/399/399 414/414/414 415/415/415
f 404/404/404 406/406/406 416/416/416
f 404/404/404 416/416/416 412/412/412
f 405/405/405 407/407/407 417/417/417
f 405/405/405 417/417/417 414/414/414
f 406/406/406 408/408/408 418/418/418
f 406/406/406 418/418/418 416/416/416
f 339/339/339 409/409/409 419/419/419
f 339/339/339 419/419/419 340/340/340
f 407/407/407 375/375/375 420/420/420
f 407/407/407 420/420/420 417/417/417
f 421/421/421 422/422/422 423/423/423
f 421/421/421 423/423/423 424/424/424
f 409/409/409 381/381/381 425/425/425
f 409/409/409 425/425/425 419/419/419
f 375/375/375 374/374/374 426/426/426
f 375/375/375 426/426/426 420/420/420
f 427/427/427 428/428/428 429/429/429
f 427/427/427 429/429/429 430/430/430
f 381/381/381 380/380/380 431/431/431
f 381/381/381 431/431/431 425/425/425
f 383/383/383 382/382/382 432/432/432
f 383/383/383 432/432/432 433/433/433
f 428/428/428 386/386/386 434/434/434
f 428/428/428 434/434/434 429/429/429
f 380/380/380 384/384/384 435/435/435
f 380/380/380 435/435/435 431/431/431
f 382/382/382 338/338/338 341/341/341
f 382/382/382 341/341/341 432/432/432
f 386/386/386 385/385/385 436/436/436
f 386/386/386 436/436/436 434/434/434
f 384/384/384 387/387/387 437/437/437
f 384/384/384 437/437/437 435/435/435
f 389/389/389 388/388/388 438/438/438
f 389/389/389 438/438/438 439/439/439
f 390/390/390 411/411/411 436/436/436
f 390/390/390 436/436/436 385/385/385
f 387/387/387 391/391/391 440/440/440
f 387/387/387 440/440/440 437/437/437
f 422/422/422 427/427/427 430/430/430
f 422/422/422 430/430/430 423/423/423
f 394/394/394 393/393/393 441/441/441
f 394/394/394 441/441/441 442/442/442
f 392/392/392 395/395/395 443/443/443
f 392/392/392 443/443/443 410/410/410
f 397/397/397 396/396/396 444/444/444
f 397/397/397 444/444/444 445/445/445
f 393/393/393 398/398/398 446/446/446
f 393/393/393 446/446/446 441/441/441
f 377/377/377 399/399/399 415/415/415
f 377/377/377 415/415/415 378/378/378
f 396/396/396 400/400/400 447/447/447
f 396/396/396 447/447/447 444/444/444
f 398/398/398 401/401/401 448/448/448
f 398/398/398 448/448/448 446/446/446
f 400/400/400 402/402/402 449/449/449
f 400/400/400 449/449/449 447/447/447
f 401/401/401 389/389/389 439/439/439
f 401/401/401 439/439/439 448/448/448
f 402/402/402 376/376/376 379/379/379
f 402/402/402 379/379/379 449/449/449
f 388/388/388 403/403/403 413/413/413
f 388/388/388 413/413/413 438/438/438
f 450/450/450 451/451/451 452/452/452
f 450/450/450 452/452/452 453/453/453
f 454/454/454 455/455/455 456/456/456
f 454/454/454 456/456/456 457/457/457
f 419/419/419 458/458/458 459/459/459
f 419/419/419 459/459/459 340/340/340
f 460/460/460 461/461/461 462/462/462
f 460/460/460 462/462/462 463/463/463
f 464/464/464 465/465/465 451/451/451
f 464/464/464 451/451/451 450/450/450
f 425/425/425 466/466/466 458/458/458
f 425/425/425 458/458/458 419/419/419
f 467/467/467 468/468/468 461/461/461
f 467/467/467 461/461/461 460/460/460
f 429/429/429 469/469/469 470/470/470
f 429/429/429 470/470/470 430/430/430
f 431/431/431 471/471/471 466/466/466
f 431/431/431 466/466/466 425/425/425
f 472/472/472 473/473/473 468/468/468
f 472/472/472 468/468/468 467/467/467
f 434/434/434 474/474/474 469/469/469
f 434/434/434 469/469/469 429/429/429
f 475/475/475 476/476/476 477/477/477
f 475/475/475 477/477/477 478/478/478
f 479/479/479 480/480/480 473/473/473
f 479/479/479 473/473/473 472/472/472
f 436/436/436 481/481/481 474/474/474
f 436/436/436 474/474/474 434/434/434
f 482/482/482 483/483/483 476/476/476
f 482/482/482 476/476/476 475/475/475
f 438/438/438 484/484/484 485/485/485
f 438/438/438 485/485/485 439/439/439
f 486/486/486 487/487/487 488/488/488
f 486/486/486 488/488/488 489/489/489
f 490/490/490 491/491/491 483/483/483
f 490/490/490 483/483/483 482/482/482
f 492/492/492 493/493/493 465/465/465
f 492/492/492 465/465/465 464/464/464
f 494/494/494 495/495/495 487/487/487
f 494/494/494 487/487/487 486/486/486
f 496/496/496 497/497/497 491/491/491
f 496/496/496 491/491/491 490/490/490
f 498/498/498 499/499/499 495/495/495
f 498/498/498 495/495/495 494/494/494
f 500/500/500 501/501/501 499/499/499
f 500/500/500 499/499/499 498/498/498
f 502/502/502 503/503/503 497/497/497
f 502/502/502 497/497/497 496/496/496
f 415/415/415 504/504/504 505/505/505
f 415/415/415 505/505/505 378/378/378
f 506/506/506 507/507/507 501/501/501
f 506/506/506 501/501/501 500/500/500
f 508/508/508 509/509/509 503/503/503
f 508/508/508 503/503/503 502/502/502
f 510/510/510 511/511/511 507/507/507
f 510/510/510 507/507/507 506/506/506
f 439/439/439 485/485/485 512/512/512
f 439/439/439 512/512/512 448/448/448
f 513/513/513 514/514/514 511/511/511
f 513/513/513 511/511/511 510/510/510
f 413/413/413 515/515/515 484/484/484
f 413/413/413 484/484/484 438/438/438
f 378/378/378 505/505/505 516/516/516
f 378/378/378 516/516/516 379/379/379
f 517/517/517 518/518/518 519/519/519
f 517/517/517 519/519/519 520/520/520
f 414/414/414 521/521/521 504/504/504
f 414/414/414 504/504/504 415/415/415
f 453/453/453 452/452/452 518/518/518
f 453/453/453 518/518/518 517/517/517
f 522/522/522 523/523/523 480/480/480
f 522/522/522 480/480/480 479/479/479
f 463/463/463 462/462/462 524/524/524
f 463/463/463 524/524/524 525/525/525
f 526/526/526 491/491/491 497/497/497
f 526/526/526 497/497/497 527/527/527
f 528/528/528 480/480/480 523/523/523
f 528/528/528 523/523/523 529/529/529
f 530/530/530 477/477/477 476/476/476
f 530/530/530 476/476/476 531/531/531
f 531/531/531 476/476/476 483/483/483
f 531/531/531 483/483/483 532/532/532
f 532/532/532 483/483/483 491/491/491
f 532/532/532 491/491/491 526/526/526
f 533/533/533 534/534/534 535/535/535
f 533/533/533 535/535/535 536/536/536
f 537/537/537 509/509/509 538/538/538
f 537/537/537 538/538/538 539/539/539
f 540/540/540 541/541/541 519/519/519
f 540/540/540 519/519/519 542/542/542
f 539/539/539 538/538/538 541/541/541
f 539/539/539 541/541/541 540/540/540
f 543/543/543 495/495/495 499/499/499
f 543/543/543 499/499/499 544/544/544
f 545/545/545 546/546/546 547/547/547
f 545/545/545 547/547/547 548/548/548
f 549/549/549 487/487/487 495/495/495
f 549/549/549 495/495/495 543/543/543
f 544/544/544 499/499/499 501/501/501
f 544/544/544 501/501/501 550/550/550
f 551/551/551 473/473/473 480/480/480
f 551/551/551 480/480/480 528/528/528
f 552/552/552 514/514/514 546/546/546
f 552/552/552 546/546/546 545/545/545
f 548/548/548 547/547/547 524/524/524
f 548/548/548 524/524/524 553/553/553
f 529/529/529 523/523/523 554/554/554
f 529/529/529 554/554/554 555/555/555
f 556/556/556 468/468/468 473/473/473
f 556/556/556 473/473/473 551/551/551
f 542/542/542 519/519/519 518/518/518
f 542/542/542 518/518/518 557/557/557
f 550/550/550 501/501/501 507/507/507
f 550/550/550 507/507/507 558/558/558
f 553/553/553 524/524/524 462/462/462
f 553/553/553 462/462/462 559/559/559
f 560/560/560 561/561/561 562/562/562
f 560/560/560 562/562/562 563/563/563
f 564/564/564 565/565/565 566/566/566
f 564/564/564 566/566/566 567/567/567
f 568/568/568 454/454/454 457/457/457
f 568/568/568 457/457/457 569/569/569
f 570/570/570 564/564/564 567/567/567
f 570/570/570 567/567/567 571/571/571
f 572/572/572 573/573/573 574/574/574
f 572/572/572 574/574/574 575/575/575
f 576/576/576 570/570/570 571/571/571
f 576/576/576 571/571/571 577/577/577
f 578/578/578 572/572/572 575/575/575
f 578/578/578 575/575/575 579/579/579
f 580/580/580 581/581/581 582/582/582
f 580/580/580 582/582/582 583/583/583
f 584/584/584 578/578/578 579/579/579
f 584/584/584 579/579/579 585/585/585
f 586/586/586 587/587/587 588/588/588
f 586/586/586 588/588/588 589/589/589
f 590/590/590 580/580/580 583/583/583
f 590/590/590 583/583/583 591/591/591
f 592/592/592 584/584/584 585/585/585
f 592/592/592 585/585/585 593/593/593
f 594/594/594 586/586/586 589/589/589
f 594/594/594 589/589/589 595/595/595
f 596/596/596 590/590/590 591/591/591
f 596/596/596 591/591/591 597/597/597
f 598/598/598 599/599/599 600/600/600
f 598/598/598 600/600/600 601/601/601
f 602/602/602 594/594/594 595/595/595
f 602/602/602 595/595/595 603/603/603
f 604/604/604 596/596/596 597/597/597
f 604/604/604 597/597/597 605/605/605
f 606/606/606 607/607/607 608/608/608
f 606/606/606 608/608/608 609/609/609
f 610/610/610 602/602/602 603/603/603
f 610/610/610 603/603/603 611/611/611
f 612/612/612 613/613/613 614/614/614
f 612/612/612 614/614/614 615/615/615
f 616/616/616 606/606/606 609/609/609
f 616/616/616 609/609/609 617/617/617
f 618/618/618 610/610/610 611/611/611
f 618/618/618 611/611/611 619/619/619
f 587/587/587 612/612/612 615/615/615
f 587/587/587 615/615/615 588/588/588
f 620/620/620 616/616/616 617/617/617
f 620/620/620 617/617/617 621/621/621
f 622/622/622 618/618/618 619/619/619
f 622/622/622 619/619/619 623/623/623
f 573/573/573 568/568/568 569/569/569
f 573/573/573 569/569/569 574/574/574
f 624/624/624 620/620/620 621/621/621
f 624/624/624 621/621/621 625/625/625
f 626/626/626 622/622/622 623/623/623
f 626/626/626 623/623/623 627/627/627
f 607/607/607 598/598/598 601/601/601
f 607/607/607 601/601/601 608/608/608
f 628/628/628 624/624/624 625/625/625
f 628/628/628 625/625/625 629/629/629
f 630/630/630 631/631/631 632/632/632
f 630/630/630 632/632/632 633/633/633
f 634/634/634 628/628/628 629/629/629
f 634/634/634 629/629/629 635/635/635
f 636/636/636 637/637/637 638/638/638
f 636/636/636 638/638/638 639/639/639
f 455/455/455 630/630/630 633/633/633
f 455/455/455 633/633/633 456/456/456
f 581/581/581 576/576/576 577/577/577
f 581/581/581 577/577/577 582/582/582
f 565/565/565 636/636/636 639/639/639
f 565/565/565 639/639/639 566/566/566
f 640/640/640 641/641/641 642/642/642
f 640/640/640 642/642/642 643/643/643
f 644/644/644 645/645/645 646/646/646
f 644/644/644 646/646/646 647/647/647
f 561/561/561 648/648/648 649/649/649
f 561/561/561 649/649/649 562/562/562
f 641/641/641 650/650/650 651/651/651
f 641/641/641 651/651/651 642/642/642
f 652/652/652 653/653/653 654/654/654
f 652/652/652 654/654/654 655/655/655
f 648/648/648 656/656/656 657/657/657
f 648/648/648 657/657/657 649/649/649
f 650/650/650 658/658/658 659/659/659
f 650/650/650 659/659/659 651/651/651
f 660/660/660 661/661/661 662/662/662
f 660/660/660 662/662/662 663/663/663
f 661/661/661 664/664/664 665/665/665
f 661/661/661 665/665/665 662/662/662
f 658/658/658 666/666/666 667/667/667
f 658/658/658 667/667/667 659/659/659
f 668/668/668 669/669/669 670/670/670
f 668/668/668 670/670/670 671/671/671
f 664/664/664 672/672/672 673/673/673
f 664/664/664 673/673/673 665/665/665
f 674/674/674 675/675/675 676/676/676
f 674/674/674 676/676/676 677/677/677
f 672/672/672 678/678/678 679/679/679
f 672/672/672 679/679/679 673/673/673
f 674/674/674 644/644/644 647/647/647
f 674/674/674 647/647/647 675/675/675
f 680/680/680 681/681/681 682/682/682
f 680/680/680 682/682/682 683/683/683
f 645/645/645 684/684/684 685/685/685
f 645/645/645 685/685/685 646/646/646
f 681/681/681 668/668/668 671/671/671
f 681/681/681 671/671/671 682/682/682
f 684/684/684 686/686/686 687/687/687
f 684/684/684 687/687/687 685/685/685
f 669/669/669 688/688/688 689/689/689
f 669/669/669 689/689/689 670/670/670
f 690/690/690 691/691/691 692/692/692
f 690/690/690 692/692/692 693/693/693
f 694/694/694 695/695/695 696/696/696
f 694/694/694 696/696/696 697/697/697
f 688/688/688 698/698/698 699/699/699
f 688/688/688 699/699/699 689/689/689
f 691/691/691 700/700/700 701/701/701
f 691/691/691 701/701/701 692/692/692
f 695/695/695 702/702/702 703/703/703
f 695/695/695 703/703/703 696/696/696
f 704/704/704 705/705/705 706/706/706
f 704/704/704 706/706/706 707/707/707
f 700/700/700 652/652/652 655/655/655
f 700/700/700 655/655/655 701/701/701
f 702/702/702 708/708/708 709/709/709
f 702/702/702 709/709/709 703/703/703
f 705/705/705 710/710/710 711/711/711
f 705/705/705 711/711/711 706/706/706
f 712/712/712 713/713/713 714/714/714
f 712/712/712 714/714/714 715/715/715
f 708/708/708 716/716/716 717/717/717
f 708/708/708 717/717/717 709/709/709
f 710/710/710 718/718/718 719/719/719
f 710/710/710 719/719/719 711/711/711
f 713/713/713 560/560/560 563/563/563
f 713/713/713 563/563/563 714/714/714
f 720/720/720 640/640/640 643/643/643
f 720/720/720 643/643/643 721/721/721
f 722/722/722 694/694/694 697/697/697
f 722/722/722 697/697/697 723/723/723
f 724/724/724 676/676/676 725/725/725
f 724/724/724 725/725/725 726/726/726
f 671/671/671 670/670/670 727/727/727
f 671/671/671 727/727/727 728/728/728
f 729/729/729 730/730/730 731/731/731
f 729/729/729 731/731/731 732/732/732
f 675/675/675 733/733/733 725/725/725
f 675/675/675 725/725/725 676/676/676
f 730/730/730 683/683/683 734/734/734
f 730/730/730 734/734/734 731/731/731
f 675/675/675 647/647/647 735/735/735
f 675/675/675 735/735/735 733/733/733
f 683/683/683 682/682/682 736/736/736
f 683/683/683 736/736/736 734/734/734
f 646/646/646 685/685/685 737/737/737
f 646/646/646 737/737/737 738/738/738
f 682/682/682 671/671/671 728/728/728
f 682/682/682 728/728/728 736/736/736
f 685/685/685 687/687/687 739/739/739
f 685/685/685 739/739/739 737/737/737
f 670/670/670 689/689/689 740/740/740
f 670/670/670 740/740/740 727/727/727
f 687/687/687 741/741/741 742/742/742
f 687/687/687 742/742/742 739/739/739
f 697/697/697 696/696/696 743/743/743
f 697/697/697 743/743/743 744/744/744
f 689/689/689 699/699/699 745/745/745
f 689/689/689 745/745/745 740/740/740
f 741/741/741 746/746/746 747/747/747
f 741/741/741 747/747/747 742/742/742
f 696/696/696 703/703/703 748/748/748
f 696/696/696 748/748/748 743/743/743
f 699/699/699 749/749/749 750/750/750
f 699/699/699 750/750/750 745/745/745
f 751/751/751 752/752/752 753/753/753
f 751/751/751 753/753/753 754/754/754
f 703/703/703 709/709/709 755/755/755
f 703/703/703 755/755/755 748/748/748
f 749/749/749 756/756/756 757/757/757
f 749/749/749 757/757/757 750/750/750
f 715/715/715 714/714/714 758/758/758
f 715/715/715 758/758/758 759/759/759
f 709/709/709 717/717/717 760/760/760
f 709/709/709 760/760/760 755/755/755
f 761/761/761 723/723/723 762/762/762
f 761/761/761 762/762/762 763/763/763
f 714/714/714 563/563/563 764/764/764
f 714/714/714 764/764/764 758/758/758
f 717/717/717 765/765/765 766/766/766
f 717/717/717 766/766/766 760/760/760
f 723/723/723 697/697/697 744/744/744
f 723/723/723 744/744/744 762/762/762
f 563/563/563 562/562/562 767/767/767
f 563/563/563 767/767/767 764/764/764
f 765/765/765 768/768/768 769/769/769
f 765/765/765 769/769/769 766/766/766
f 647/647/647 646/646/646 738/738/738
f 647/647/647 738/738/738 735/735/735
f 562/562/562 649/649/649 770/770/770
f 562/562/562 770/770/770 767/767/767
f 771/771/771 772/772/772 773/773/773
f 771/771/771 773/773/773 774/774/774
f 752/752/752 715/715/715 759/759/759
f 752/752/752 759/759/759 753/753/753
f 649/649/649 657/657/657 775/775/775
f 649/649/649 775/775/775 770/770/770
f 772/772/772 724/724/724 726/726/726
f 772/772/772 726/726/726 773/773/773
f 657/657/657 776/776/776 777/777/777
f 657/657/657 777/777/777 775/775/775
f 776/776/776 778/778/778 779/779/779
f 776/776/776 779/779/779 777/777/777
f 780/780/780 781/781/781 782/782/782
f 783/783/783 554/554/554 784/784/784
f 783/783/783 784/784/784 785/785/785
f 785/785/785 784/784/784 477/477/477
f 785/785/785 477/477/477 786/786/786
f 787/787/787 497/497/497 503/503/503
f 787/787/787 503/503/503 788/788/788
f 788/788/788 503/503/503 509/509/509
f 788/788/788 509/509/509 789/789/789
f 790/790/790 518/518/518 452/452/452
f 790/790/790 452/452/452 791/791/791
f 791/791/791 452/452/452 451/451/451
f 791/791/791 451/451/451 792/792/792
f 793/793/793 493/493/493 534/534/534
f 793/793/793 534/534/534 794/794/794
f 795/795/795 535/535/535 488/488/488
f 795/795/795 488/488/488 796/796/796
f 796/796/796 488/488/488 487/487/487
f 796/796/796 487/487/487 797/797/797
f 798/798/798 507/507/507 511/511/511
f 798/798/798 511/511/511 799/799/799
f 799/799/799 511/511/511 514/514/514
f 799/799/799 514/514/514 800/800/800
f 801/801/801 462/462/462 461/461/461
f 801/801/801 461/461/461 802/802/802
f 802/802/802 461/461/461 468/468/468
f 802/802/802 468/468/468 803/803/803
f 804/804/804 465/465/465 493/493/493
f 804/804/804 493/493/493 793/793/793
f 805/805/805 806/806/806 807/807/807
f 805/805/805 807/807/807 808/808/808
f 809/809/809 720/720/720 806/806/806
f 809/809/809 806/806/806 805/805/805
f 810/810/810 666/666/666 658/658/658
f 810/810/810 658/658/658 811/811/811
f 812/812/812 813/813/813 666/666/666
f 812/812/812 666/666/666 810/810/810
f 814/814/814 691/691/691 690/690/690
f 814/814/814 690/690/690 815/815/815
f 816/816/816 700/700/700 691/691/691
f 816/816/816 691/691/691 814/814/814
f 817/817/817 818/818/818 653/653/653
f 817/817/817 653/653/653 819/819/819
f 820/820/820 821/821/821 822/822/822
f 820/820/820 822/822/822 823/823/823
f 824/824/824 825/825/825 821/821/821
f 824/824/824 821/821/821 820/820/820
f 826/826/826 678/678/678 672/672/672
f 826/826/826 672/672/672 827/827/827
f 828/828/828 829/829/829 678/678/678
f 828/828/828 678/678/678 826/826/826
f 830/830/830 705/705/705 704/704/704
f 830/830/830 704/704/704 831/831/831
f 832/832/832 710/710/710 705/705/705
f 832/832/832 705/705/705 830/830/830
f 819/819/819 653/653/653 652/652/652
f 819/819/819 652/652/652 833/833/833
f 834/834/834 555/555/555 554/554/554
f 834/834/834 554/554/554 783/783/783
f 835/835/835 530/530/530 720/720/720
f 835/835/835 720/720/720 809/809/809
f 836/836/836 527/527/527 497/497/497
f 836/836/836 497/497/497 787/787/787
f 837/837/837 537/537/537 813/813/813
f 837/837/837 813/813/813 812/812/812
f 838/838/838 557/557/557 518/518/518
f 838/838/838 518/518/518 790/790/790
f 839/839/839 840/840/840 700/700/700
f 839/839/839 700/700/700 816/816/816
f 841/841/841 842/842/842 465/465/465
f 841/841/841 465/465/465 804/804/804
f 843/843/843 533/533/533 818/818/818
f 843/843/843 818/818/818 817/817/817
f 844/844/844 536/536/536 535/535/535
f 844/844/844 535/535/535 795/795/795
f 845/845/845 549/549/549 825/825/825
f 845/845/845 825/825/825 824/824/824
f 846/846/846 558/558/558 507/507/507
f 846/846/846 507/507/507 798/798/798
f 847/847/847 552/552/552 829/829/829
f 847/847/847 829/829/829 828/828/828
f 848/848/848 559/559/559 462/462/462
f 848/848/848 462/462/462 801/801/801
f 849/849/849 556/556/556 710/710/710
f 849/849/849 710/710/710 832/832/832
f 833/833/833 652/652/652 842/842/842
f 833/833/833 842/842/842 841/841/841
f 792/792/792 451/451/451 840/840/840
f 792/792/792 840/840/840 839/839/839
f 815/815/815 690/690/690 557/557/557
f 815/815/815 557/557/557 838/838/838
f 789/789/789 509/509/509 537/537/537
f 789/789/789 537/537/537 837/837/837
f 823/823/823 822/822/822 536/536/536
f 823/823/823 536/536/536 844/844/844
f 794/794/794 534/534/534 533/533/533
f 794/794/794 533/533/533 843/843/843
f 827/827/827 672/672/672 558/558/558
f 827/827/827 558/558/558 846/846/846
f 797/797/797 487/487/487 549/549/549
f 797/797/797 549/549/549 845/845/845
f 831/831/831 704/704/704 559/559/559
f 831/831/831 559/559/559 848/848/848
f 800/800/800 514/514/514 552/552/552
f 800/800/800 552/552/552 847/847/847
f 803/803/803 468/468/468 556/556/556
f 803/803/803 556/556/556 849/849/849
f 808/808/808 807/807/807 555/555/555
f 808/808/808 555/555/555 834/834/834
f 811/811/811 658/658/658 527/527/527
f 811/811/811 527/527/527 836/836/836
f 786/786/786 477/477/477 530/530/530
f 786/786/786 530/530/530 835/835/835
f 840/840/840 451/451/451 465/465/465
f 840/840/840 465/465/465 842/842/842
f 850/850/850 548/548/548 553/553/553
f 850/850/850 553/553/553 851/851/851
f 852/852/852 545/545/545 548/548/548
f 852/852/852 548/548/548 850/850/850
f 829/829/829 552/552/552 545/545/545
f 829/829/829 545/545/545 852/852/852
f 851/851/851 553/553/553 559/559/559
f 851/851/851 559/559/559 704/704/704
f 718/718/718 551/551/551 528/528/528
f 718/718/718 528/528/528 853/853/853
f 853/853/853 528/528/528 529/529/529
f 853/853/853 529/529/529 854/854/854
f 710/710/710 556/556/556 551/551/551
f 710/710/710 551/551/551 718/718/718
f 854/854/854 529/529/529 555/555/555
f 854/854/854 555/555/555 807/807/807
f 641/641/641 532/532/532 526/526/526
f 641/641/641 526/526/526 650/650/650
f 640/640/640 531/531/531 532/532/532
f 640/640/640 532/532/532 641/641/641
f 720/720/720 530/530/530 531/531/531
f 720/720/720 531/531/531 640/640/640
f 650/650/650 526/526/526 527/527/527
f 650/650/650 527/527/527 658/658/658
f 855/855/855 539/539/539 540/540/540
f 855/855/855 540/540/540 856/856/856
f 856/856/856 540/540/540 542/542/542
f 856/856/856 542/542/542 857/857/857
f 813/813/813 537/537/537 539/539/539
f 813/813/813 539/539/539 855/855/855
f 857/857/857 542/542/542 557/557/557
f 857/857/857 557/557/557 690/690/690
f 700/700/700 840/840/840 842/842/842
f 700/700/700 842/842/842 652/652/652
f 818/818/818 533/533/533 536/536/536
f 818/818/818 536/536/536 822/822/822
f 661/661/661 544/544/544 550/550/550
f 661/661/661 550/550/550 664/664/664
f 660/660/660 543/543/543 544/544/544
f 660/660/660 544/544/544 661/661/661
f 664/664/664 550/550/550 558/558/558
f 664/664/664 558/558/558 672/672/672
f 825/825/825 549/549/549 543/543/543
f 825/825/825 543/543/543 660/660/660
f 792/792/792 858/858/858 859/859/859
f 792/792/792 859/859/859 791/791/791
f 815/815/815 860/860/860 861/861/861
f 815/815/815 861/861/861 814/814/814
f 837/837/837 862/862/862 863/863/863
f 837/837/837 863/863/863 789/789/789
f 864/864/864 865/865/865 866/866/866
f 864/864/864 866/866/866 867/867/867
f 791/791/791 859/859/859 868/868/868
f 791/791/791 868/868/868 790/790/790
f 836/836/836 869/869/869 870/870/870
f 836/836/836 870/870/870 811/811/811
f 846/846/846 871/871/871 872/872/872
f 846/846/846 872/872/872 827/827/827
f 873/873/873 874/874/874 875/875/875
f 876/876/876 877/877/877 878/878/878
f 876/876/876 878/878/878 879/879/879
f 880/880/880 881/881/881 882/882/882
f 880/880/880 882/882/882 883/883/883
f 884/884/884 885/885/885 877/877/877
f 884/884/884 877/877/877 876/876/876
f 886/886/886 887/887/887 888/888/888
f 886/886/886 888/888/888 889/889/889
f 890/890/890 891/891/891 892/892/892
f 890/890/890 892/892/892 893/893/893
f 894/894/894 895/895/895 891/891/891
f 894/894/894 891/891/891 890/890/890
f 889/889/889 888/888/888 865/865/865
f 889/889/889 865/865/865 864/864/864
f 896/896/896 897/897/897 898/898/898
f 896/896/896 898/898/898 899/899/899
f 900/900/900 874/874/874 901/901/901
f 875/875/875 874/874/874 900/900/900
f 902/902/902 874/874/874 903/903/903
f 904/904/904 874/874/874 873/873/873
f 903/903/903 874/874/874 905/905/905
f 905/905/905 874/874/874 904/904/904
f 901/901/901 874/874/874 902/902/902
f 906/906/906 907/907/907 908/908/908
f 906/906/906 908/908/908 909/909/909
f 910/910/910 911/911/911 912/912/912
f 910/910/910 912/912/912 913/913/913
f 914/914/914 915/915/915 897/897/897
f 914/914/914 897/897/897 896/896/896
f 916/916/916 917/917/917 918/918/918
f 916/916/916 918/918/918 919/919/919
f 920/920/920 921/921/921 907/907/907
f 920/920/920 907/907/907 906/906/906
f 790/790/790 868/868/868 922/922/922
f 790/790/790 922/922/922 838/838/838
f 816/816/816 923/923/923 924/924/924
f 816/816/816 924/924/924 839/839/839
f 814/814/814 861/861/861 923/923/923
f 814/814/814 923/923/923 816/816/816
f 839/839/839 924/924/924 858/858/858
f 839/839/839 858/858/858 792/792/792
f 796/796/796 925/925/925 926/926/926
f 796/796/796 926/926/926 795/795/795
f 834/834/834 927/927/927 928/928/928
f 834/834/834 928/928/928 808/808/808
f 823/823/823 929/929/929 930/930/930
f 823/823/823 930/930/930 820/820/820
f 797/797/797 931/931/931 925/925/925
f 797/797/797 925/925/925 796/796/796
f 844/844/844 932/932/932 929/929/929
f 844/844/844 929/929/929 823/823/823
f 832/832/832 933/933/933 934/934/934
f 832/832/832 934/934/934 849/849/849
f 820/820/820 930/930/930 935/935/935
f 820/820/820 935/935/935 824/824/824
f 799/799/799 936/936/936 937/937/937
f 799/799/799 937/937/937 798/798/798
f 795/795/795 926/926/926 932/932/932
f 795/795/795 932/932/932 844/844/844
f 827/827/827 872/872/872 938/938/938
f 827/827/827 938/938/938 826/826/826
f 800/800/800 939/939/939 936/936/936
f 800/800/800 936/936/936 799/799/799
f 845/845/845 940/940/940 931/931/931
f 845/845/845 931/931/931 797/797/797
f 826/826/826 938/938/938 941/941/941
f 826/826/826 941/941/941 828/828/828
f 802/802/802 942/942/942 943/943/943
f 802/802/802 943/943/943 801/801/801
f 798/798/798 937/937/937 871/871/871
f 798/798/798 871/871/871 846/846/846
f 831/831/831 944/944/944 945/945/945
f 831/831/831 945/945/945 830/830/830
f 828/828/828 941/941/941 946/946/946
f 828/828/828 946/946/946 847/847/847
f 803/803/803 947/947/947 942/942/942
f 803/803/803 942/942/942 802/802/802
f 847/847/847 946/946/946 939/939/939
f 847/847/847 939/939/939 800/800/800
f 830/830/830 945/945/945 933/933/933
f 830/830/830 933/933/933 832/832/832
f 848/848/848 948/948/948 944/944/944
f 848/848/848 944/944/944 831/831/831
f 801/801/801 943/943/943 948/948/948
f 801/801/801 948/948/948 848/848/848
f 785/785/785 949/949/949 950/950/950
f 785/785/785 950/950/950 783/783/783
f 808/808/808 928/928/928 951/951/951
f 808/808/808 951/951/951 805/805/805
f 849/849/849 934/934/934 947/947/947
f 849/849/849 947/947/947 803/803/803
f 786/786/786 952/952/952 949/949/949
f 786/786/786 949/949/949 785/785/785
f 812/812/812 953/953/953 862/862/862
f 812/812/812 862/862/862 837/837/837
f 783/783/783 950/950/950 927/927/927
f 783/783/783 927/927/927 834/834/834
f 805/805/805 951/951/951 954/954/954
f 805/805/805 954/954/954 809/809/809
f 788/788/788 955/955/955 956/956/956
f 788/788/788 956/956/956 787/787/787
f 838/838/838 922/922/922 860/860/860
f 838/838/838 860/860/860 815/815/815
f 835/835/835 957/957/957 952/952/952
f 835/835/835 952/952/952 786/786/786
f 811/811/811 870/870/870 958/958/958
f 811/811/811 958/958/958 810/810/810
f 824/824/824 935/935/935 940/940/940
f 824/824/824 940/940/940 845/845/845
f 809/809/809 954/954/954 957/957/957
f 809/809/809 957/957/957 835/835/835
f 789/789/789 863/863/863 955/955/955
f 789/789/789 955/955/955 788/788/788
f 787/787/787 956/956/956 869/869/869
f 787/787/787 869/869/869 836/836/836
f 810/810/810 958/958/958 953/953/953
f 810/810/810 953/953/953 812/812/812
f 959/959/959 960/960/960 961/961/961
f 959/959/959 961/961/961 962/962/962
f 963/963/963 964/964/964 965/965/965
f 963/963/963 965/965/965 966/966/966
f 967/967/967 968/968/968 969/969/969
f 967/967/967 969/969/969 970/970/970
f 971/971/971 972/972/972 960/960/960
f 971/971/971 960/960/960 959/959/959
f 973/973/973 974/974/974 975/975/975
f 973/973/973 975/975/975 976/976/976
f 976/976/976 975/975/975 968/968/968
f 976/976/976 968/968/968 967/967/967
f 977/977/977 978/978/978 979/979/979
f 977/977/977 979/979/979 980/980/980
f 981/981/981 982/982/982 983/983/983
f 981/981/981 983/983/983 984/984/984
f 985/985/985 986/986/986 987/987/987
f 985/985/985 987/987/987 988/988/988
f 989/989/989 990/990/990 991/991/991
f 989/989/989 991/991/991 992/992/992
f 993/993/993 994/994/994 995/995/995
f 993/993/993 995/995/995 996/996/996
f 997/997/997 998/998/998 999/999/999
f 997/997/997 999/999/999 1000/1000/1000
f 988/988/988 987/987/987 1001/1001/1001
f 988/988/988 1001/1001/1001 1002/1002/1002
f 1003/1003/1003 1004/1004/1004 1005/1005/1005
f 1003/1003/1003 1005/1005/1005 1006/1006/1006
f 1007/1007/1007 1008/1008/1008 994/994/994
f 1007/1007/1007 994/994/994 993/993/993
f 1009/1009/1009 1010/1010/1010 1011/1011/1011
f 1009/1009/1009 1011/1011/1011 1012/1012/1012
f 1013/1013/1013 1014/1014/1014 1015/1015/1015
f 1013/1013/1013 1015/1015/1015 1016/1016/1016
f 1017/1017/1017 1018/1018/1018 1019/1019/1019
f 1017/1017/1017 1019/1019/1019 1020/1020/1020
f 899/899/899 898/898/898 1021/1021/1021
f 899/899/899 1021/1021/1021 1022/1022/1022
f 1023/1023/1023 1024/1024/1024 1025/1025/1025
f 1023/1023/1023 1025/1025/1025 1026/1026/1026
f 1027/1027/1027 1028/1028/1028 1029/1029/1029
f 1027/1027/1027 1029/1029/1029 1030/1030/1030
f 1031/1031/1031 1032/1032/1032 1033/1033/1033
f 1031/1031/1031 1033/1033/1033 1034/1034/1034
f 1035/1035/1035 1036/1036/1036 1037/1037/1037
f 1035/1035/1035 1037/1037/1037 1038/1038/1038
f 1039/1039/1039 1040/1040/1040 1041/1041/1041
f 1039/1039/1039 1041/1041/1041 1042/1042/1042
f 1043/1043/1043 1044/1044/1044 1045/1045/1045
f 1043/1043/1043 1045/1045/1045 1046/1046/1046
f 1047/1047/1047 1048/1048/1048 1049/1049/1049
f 1047/1047/1047 1049/1049/1049 1050/1050/1050
f 1051/1051/1051 1052/1052/1052 1053/1053/1053
f 1051/1051/1051 1053/1053/1053 1054/1054/1054
f 1055/1055/1055 1056/1056/1056 1004/1004/1004
f 1055/1055/1055 1004/1004/1004 1003/1003/1003
f 984/984/984 983/983/983 1057/1057/1057
f 984/984/984 1057/1057/1057 1058/1058/1058
f 1059/1059/1059 1060/1060/1060 1061/1061/1061
f 1059/1059/1059 1061/1061/1061 1062/1062/1062
f 1016/1016/1016 1015/1015/1015 1063/1063/1063
f 1016/1016/1016 1063/1063/1063 1064/1064/1064
f 913/913/913 912/912/912 1065/1065/1065
f 913/913/913 1065/1065/1065 1066/1066/1066
f 1062/1062/1062 1061/1061/1061 1067/1067/1067
f 1062/1062/1062 1067/1067/1067 1068/1068/1068
f 1054/1054/1054 1053/1053/1053 1069/1069/1069
f 1054/1054/1054 1069/1069/1069 1070/1070/1070
f 1071/1071/1071 1072/1072/1072 1073/1073/1073
f 1071/1071/1071 1073/1073/1073 1074/1074/1074
f 1075/1075/1075 1076/1076/1076 998/998/998
f 1075/1075/1075 998/998/998 997/997/997
f 1038/1038/1038 1037/1037/1037 1077/1077/1077
f 1038/1038/1038 1077/1077/1077 1078/1078/1078
f 1079/1079/1079 1080/1080/1080 1072/1072/1072
f 1079/1079/1079 1072/1072/1072 1071/1071/1071
f 1026/1026/1026 1025/1025/1025 1081/1081/1081
f 1026/1026/1026 1081/1081/1081 1082/1082/1082
f 1012/1012/1012 1011/1011/1011 1083/1083/1083
f 1012/1012/1012 1083/1083/1083 1084/1084/1084
f 1046/1046/1046 1045/1045/1045 1085/1085/1085
f 1046/1046/1046 1085/1085/1085 1086/1086/1086
f 1030/1030/1030 1029/1029/1029 1087/1087/1087
f 1030/1030/1030 1087/1087/1087 1088/1088/1088
f 1089/1089/1089 1090/1090/1090 917/917/917
f 1089/1089/1089 917/917/917 916/916/916
f 1082/1082/1082 1081/1081/1081 1091/1091/1091
f 1082/1082/1082 1091/1091/1091 1092/1092/1092
f 1093/1093/1093 1094/1094/1094 1032/1032/1032
f 1093/1093/1093 1032/1032/1032 1031/1031/1031
f 1095/1095/1095 1096/1096/1096 1018/1018/1018
f 1095/1095/1095 1018/1018/1018 1017/1017/1017
f 992/992/992 991/991/991 1097/1097/1097
f 992/992/992 1097/1097/1097 1098/1098/1098
f 1050/1050/1050 1049/1049/1049 1099/1099/1099
f 1050/1050/1050 1099/1099/1099 1100/1100/1100
f 1101/1101/1101 1102/1102/1102 1103/1103/1103
f 1101/1101/1101 1103/1103/1103 1104/1104/1104
f 1105/1105/1105 1106/1106/1106 1107/1107/1107
f 1105/1105/1105 1107/1107/1107 1108/1108/1108
f 1109/1109/1109 1110/1110/1110 1111/1111/1111
f 1109/1109/1109 1111/1111/1111 1112/1112/1112
f 1113/1113/1113 1114/1114/1114 1115/1115/1115
f 1113/1113/1113 1115/1115/1115 1116/1116/1116
f 1117/1117/1117 1118/1118/1118 1106/1106/1106
f 1117/1117/1117 1106/1106/1106 1105/1105/1105
f 960/960/960 1119/1119/1119 1120/1120/1120
f 960/960/960 1120/1120/1120 961/961/961
f 1121/1121/1121 1117/1117/1117 1105/1105/1105
f 1121/1121/1121 1105/1105/1105 1122/1122/1122
f 1123/1123/1123 1113/1113/1113 1116/1116/1116
f 1123/1123/1123 1116/1116/1116 1124/1124/1124
f 1125/1125/1125 1109/1109/1109 1112/1112/1112
f 1125/1125/1125 1112/1112/1112 1126/1126/1126
f 1122/1122/1122 1105/1105/1105 1108/1108/1108
f 1122/1122/1122 1108/1108/1108 1127/1127/1127
f 1128/1128/1128 1101/1101/1101 1104/1104/1104
f 1128/1128/1128 1104/1104/1104 1129/1129/1129
f 1130/1130/1130 1131/1131/1131 1132/1132/1132
f 1130/1130/1130 1132/1132/1132 1133/1133/1133
f 1134/1134/1134 1135/1135/1135 1136/1136/1136
f 1134/1134/1134 1136/1136/1136 1137/1137/1137
f 1138/1138/1138 1139/1139/1139 1140/1140/1140
f 1138/1138/1138 1140/1140/1140 1141/1141/1141
f 1142/1142/1142 1143/1143/1143 1144/1144/1144
f 1142/1142/1142 1144/1144/1144 1145/1145/1145
f 1137/1137/1137 1136/1136/1136 1146/1146/1146
f 1137/1137/1137 1146/1146/1146 1147/1147/1147
f 1148/1148/1148 1149/1149/1149 1150/1150/1150
f 1148/1148/1148 1150/1150/1150 1151/1151/1151
f 1152/1152/1152 1153/1153/1153 1149/1149/1149
f 1152/1152/1152 1149/1149/1149 1148/1148/1148
f 1124/1124/1124 1116/1116/1116 1154/1154/1154
f 1124/1124/1124 1154/1154/1154 1155/1155/1155
f 1156/1156/1156 1157/1157/1157 1158/1158/1158
f 1156/1156/1156 1158/1158/1158 1159/1159/1159
f 1160/1160/1160 1161/1161/1161 1162/1162/1162
f 1160/1160/1160 1162/1162/1162 1163/1163/1163
f 1141/1141/1141 1140/1140/1140 1153/1153/1153
f 1141/1141/1141 1153/1153/1153 1152/1152/1152
f 1164/1164/1164 1165/1165/1165 1101/1101/1101
f 1164/1164/1164 1101/1101/1101 1128/1128/1128
f 1159/1159/1159 1158/1158/1158 1165/1165/1165
f 1159/1159/1159 1165/1165/1165 1164/1164/1164
f 1166/1166/1166 1167/1167/1167 1168/1168/1168
f 1166/1166/1166 1168/1168/1168 1169/1169/1169
f 1170/1170/1170 1171/1171/1171 964/964/964
f 1170/1170/1170 964/964/964 963/963/963
f 966/966/966 965/965/965 1157/1157/1157
f 966/966/966 1157/1157/1157 1156/1156/1156
f 1155/1155/1155 1154/1154/1154 1172/1172/1172
f 1155/1155/1155 1172/1172/1172 1173/1173/1173
f 1174/1174/1174 1175/1175/1175 972/972/972
f 1174/1174/1174 972/972/972 971/971/971
f 1129/1129/1129 1104/1104/1104 1171/1171/1171
f 1129/1129/1129 1171/1171/1171 1170/1170/1170
f 1147/1147/1147 1146/1146/1146 1139/1139/1139
f 1147/1147/1147 1139/1139/1139 1138/1138/1138
f 1173/1173/1173 1172/1172/1172 1143/1143/1143
f 1173/1173/1173 1143/1143/1143 1142/1142/1142
f 1126/1126/1126 1112/1112/1112 1176/1176/1176
f 1126/1126/1126 1176/1176/1176 1177/1177/1177
f 1178/1178/1178 1179/1179/1179 1113/1113/1113
f 1178/1178/1178 1113/1113/1113 1123/1123/1123
f 1151/1151/1151 1150/1150/1150 1135/1135/1135
f 1151/1151/1151 1135/1135/1135 1134/1134/1134
f 1133/1133/1133 1132/1132/1132 1180/1180/1180
f 1133/1133/1133 1180/1180/1180 1181/1181/1181
f 962/962/962 961/961/961 974/974/974
f 962/962/962 974/974/974 973/973/973
f 1182/1182/1182 1183/1183/1183 1179/1179/1179
f 1182/1182/1182 1179/1179/1179 1178/1178/1178
f 1127/1127/1127 1108/1108/1108 1161/1161/1161
f 1127/1127/1127 1161/1161/1161 1160/1160/1160
f 1181/1181/1181 1180/1180/1180 1109/1109/1109
f 1181/1181/1181 1109/1109/1109 1125/1125/1125
f 1184/1184/1184 1185/1185/1185 1131/1131/1131
f 1184/1184/1184 1131/1131/1131 1130/1130/1130
f 1186/1186/1186 1187/1187/1187 1185/1185/1185
f 1186/1186/1186 1185/1185/1185 1184/1184/1184
f 1169/1169/1169 1168/1168/1168 1117/1117/1117
f 1169/1169/1169 1117/1117/1117 1121/1121/1121
f 1163/1163/1163 1162/1162/1162 1188/1188/1188
f 1163/1163/1163 1188/1188/1188 1189/1189/1189
f 1145/1145/1145 1144/1144/1144 1183/1183/1183
f 1145/1145/1145 1183/1183/1183 1182/1182/1182
f 1177/1177/1177 1176/1176/1176 1187/1187/1187
f 1177/1177/1177 1187/1187/1187 1186/1186/1186
f 970/970/970 969/969/969 1175/1175/1175
f 970/970/970 1175/1175/1175 1174/1174/1174
f 1189/1189/1189 1188/1188/1188 1167/1167/1167
f 1189/1189/1189 1167/1167/1167 1166/1166/1166
f 1190/1190/1190 1191/1191/1191 1192/1192/1192
f 1190/1190/1190 1192/1192/1192 1193/1193/1193
f 1194/1194/1194 1195/1195/1195 1196/1196/1196
f 1194/1194/1194 1196/1196/1196 1197/1197/1197
f 1198/1198/1198 1199/1199/1199 1200/1200/1200
f 1198/1198/1198 1200/1200/1200 1201/1201/1201
f 1202/1202/1202 1203/1203/1203 1204/1204/1204
f 1202/1202/1202 1204/1204/1204 1205/1205/1205
f 1205/1205/1205 1204/1204/1204 1206/1206/1206
f 1205/1205/1205 1206/1206/1206 1207/1207/1207
f 1208/1208/1208 1209/1209/1209 1210/1210/1210
f 1208/1208/1208 1210/1210/1210 1211/1211/1211
f 1131/1131/1131 1212/1212/1212 1213/1213/1213
f 1131/1131/1131 1213/1213/1213 1132/1132/1132
f 1135/1135/1135 1214/1214/1214 1215/1215/1215
f 1135/1135/1135 1215/1215/1215 1136/1136/1136
f 1139/1139/1139 1216/1216/1216 1217/1217/1217
f 1139/1139/1139 1217/1217/1217 1140/1140/1140
f 1143/1143/1143 1218/1218/1218 1219/1219/1219
f 1143/1143/1143 1219/1219/1219 1144/1144/1144
f 1136/1136/1136 1215/1215/1215 1220/1220/1220
f 1136/1136/1136 1220/1220/1220 1146/1146/1146
f 1149/1149/1149 1221/1221/1221 1222/1222/1222
f 1149/1149/1149 1222/1222/1222 1150/1150/1150
f 1153/1153/1153 1223/1223/1223 1221/1221/1221
f 1153/1153/1153 1221/1221/1221 1149/1149/1149
f 1116/1116/1116 1115/1115/1115 1224/1224/1224
f 1116/1116/1116 1224/1224/1224 1154/1154/1154
f 1157/1157/1157 1225/1225/1225 1226/1226/1226
f 1157/1157/1157 1226/1226/1226 1158/1158/1158
f 1161/1161/1161 1227/1227/1227 1228/1228/1228
f 1161/1161/1161 1228/1228/1228 1162/1162/1162
f 1140/1140/1140 1217/1217/1217 1223/1223/1223
f 1140/1140/1140 1223/1223/1223 1153/1153/1153
f 1165/1165/1165 1229/1229/1229 1102/1102/1102
f 1165/1165/1165 1102/1102/1102 1101/1101/1101
f 1158/1158/1158 1226/1226/1226 1229/1229/1229
f 1158/1158/1158 1229/1229/1229 1165/1165/1165
f 1167/1167/1167 1230/1230/1230 1231/1231/1231
f 1167/1167/1167 1231/1231/1231 1168/1168/1168
f 1171/1171/1171 1232/1232/1232 1233/1233/1233
f 1171/1171/1171 1233/1233/1233 964/964/964
f 965/965/965 1234/1234/1234 1225/1225/1225
f 965/965/965 1225/1225/1225 1157/1157/1157
f 1154/1154/1154 1224/1224/1224 1235/1235/1235
f 1154/1154/1154 1235/1235/1235 1172/1172/1172
f 1175/1175/1175 1236/1236/1236 1237/1237/1237
f 1175/1175/1175 1237/1237/1237 972/972/972
f 1104/1104/1104 1103/1103/1103 1232/1232/1232
f 1104/1104/1104 1232/1232/1232 1171/1171/1171
f 1146/1146/1146 1220/1220/1220 1216/1216/1216
f 1146/1146/1146 1216/1216/1216 1139/1139/1139
f 1172/1172/1172 1235/1235/1235 1218/1218/1218
f 1172/1172/1172 1218/1218/1218 1143/1143/1143
f 1112/1112/1112 1111/1111/1111 1238/1238/1238
f 1112/1112/1112 1238/1238/1238 1176/1176/1176
f 1179/1179/1179 1239/1239/1239 1114/1114/1114
f 1179/1179/1179 1114/1114/1114 1113/1113/1113
f 1150/1150/1150 1222/1222/1222 1214/1214/1214
f 1150/1150/1150 1214/1214/1214 1135/1135/1135
f 1132/1132/1132 1213/1213/1213 1240/1240/1240
f 1132/1132/1132 1240/1240/1240 1180/1180/1180
f 961/961/961 1120/1120/1120 1241/1241/1241
f 961/961/961 1241/1241/1241 974/974/974
f 1183/1183/1183 1242/1242/1242 1239/1239/1239
f 1183/1183/1183 1239/1239/1239 1179/1179/1179
f 1108/1108/1108 1107/1107/1107 1227/1227/1227
f 1108/1108/1108 1227/1227/1227 1161/1161/1161
f 1180/1180/1180 1240/1240/1240 1110/1110/1110
f 1180/1180/1180 1110/1110/1110 1109/1109/1109
f 1185/1185/1185 1243/1243/1243 1212/1212/1212
f 1185/1185/1185 1212/1212/1212 1131/1131/1131
f 1187/1187/1187 1244/1244/1244 1243/1243/1243
f 1187/1187/1187 1243/1243/1243 1185/1185/1185
f 1168/1168/1168 1231/1231/1231 1118/1118/1118
f 1168/1168/1168 1118/1118/1118 1117/1117/1117
f 1162/1162/1162 1228/1228/1228 1245/1245/1245
f 1162/1162/1162 1245/1245/1245 1188/1188/1188
f 1144/1144/1144 1219/1219/1219 1242/1242/1242
f 1144/1144/1144 1242/1242/1242 1183/1183/1183
f 1176/1176/1176 1238/1238/1238 1244/1244/1244
f 1176/1176/1176 1244/1244/1244 1187/1187/1187
f 969/969/969 1246/1246/1246 1236/1236/1236
f 969/969/969 1236/1236/1236 1175/1175/1175
f 1188/1188/1188 1245/1245/1245 1230/1230/1230
f 1188/1188/1188 1230/1230/1230 1167/1167/1167
f 975/975/975 1247/1247/1247 1248/1248/1248
f 975/975/975 1248/1248/1248 968/968/968
f 974/974/974 1241/1241/1241 1247/1247/1247
f 974/974/974 1247/1247/1247 975/975/975
f 972/972/972 1237/1237/1237 1119/1119/1119
f 972/972/972 1119/1119/1119 960/960/960
f 968/968/968 1248/1248/1248 1246/1246/1246
f 968/968/968 1246/1246/1246 969/969/969
f 964/964/964 1233/1233/1233 1234/1234/1234
f 964/964/964 1234/1234/1234 965/965/965
f 1249/1249/1249 1250/1250/1250 1251/1251/1251
f 1249/1249/1249 1251/1251/1251 1252/1252/1252
f 1253/1253/1253 1254/1254/1254 1255/1255/1255
f 1253/1253/1253 1255/1255/1255 1256/1256/1256
f 1257/1257/1257 1258/1258/1258 1259/1259/1259
f 1257/1257/1257 1259/1259/1259 1260/1260/1260
f 1261/1261/1261 1262/1262/1262 1263/1263/1263
f 1261/1261/1261 1263/1263/1263 1264/1264/1264
f 1265/1265/1265 1266/1266/1266 1267/1267/1267
f 1265/1265/1265 1267/1267/1267 1268/1268/1268
f 1269/1269/1269 1270/1270/1270 1258/1258/1258
f 1269/1269/1269 1258/1258/1258 1257/1257/1257
f 1271/1271/1271 1272/1272/1272 1273/1273/1273
f 1271/1271/1271 1273/1273/1273 1274/1274/1274
f 1275/1275/1275 1276/1276/1276 1277/1277/1277
f 1275/1275/1275 1277/1277/1277 1278/1278/1278
f 1279/1279/1279 1280/1280/1280 1281/1281/1281
f 1279/1279/1279 1281/1281/1281 1282/1282/1282
f 1283/1283/1283 1284/1284/1284 1285/1285/1285
f 1283/1283/1283 1285/1285/1285 1286/1286/1286
f 1287/1287/1287 1288/1288/1288 1289/1289/1289
f 1287/1287/1287 1289/1289/1289 1290/1290/1290
f 1291/1291/1291 1292/1292/1292 1293/1293/1293
f 1291/1291/1291 1293/1293/1293 1294/1294/1294
f 1295/1295/1295 1296/1296/1296 1297/1297/1297
f 1295/1295/1295 1297/1297/1297 1298/1298/1298
f 1299/1299/1299 1300/1300/1300 1301/1301/1301
f 1299/1299/1299 1301/1301/1301 1302/1302/1302
f 1303/1303/1303 1304/1304/1304 1305/1305/1305
f 1303/1303/1303 1305/1305/1305 1306/1306/1306
f 1307/1307/1307 1308/1308/1308 1309/1309/1309
f 1307/1307/1307 1309/1309/1309 1310/1310/1310
f 1302/1302/1302 1301/1301/1301 1311/1311/1311
f 1302/1302/1302 1311/1311/1311 1312/1312/1312
f 1313/1313/1313 1314/1314/1314 1315/1315/1315
f 1313/1313/1313 1315/1315/1315 1316/1316/1316
f 1317/1317/1317 1318/1318/1318 1319/1319/1319
f 1317/1317/1317 1319/1319/1319 1320/1320/1320
f 1282/1282/1282 1281/1281/1281 1321/1321/1321
f 1282/1282/1282 1321/1321/1321 1322/1322/1322
f 1323/1323/1323 1324/1324/1324 1325/1325/1325
f 1323/1323/1323 1325/1325/1325 1326/1326/1326
f 1327/1327/1327 1328/1328/1328 1329/1329/1329
f 1327/1327/1327 1329/1329/1329 1330/1330/1330
f 1331/1331/1331 1332/1332/1332 1318/1318/1318
f 1331/1331/1331 1318/1318/1318 1317/1317/1317
f 1333/1333/1333 1334/1334/1334 1335/1335/1335
f 1333/1333/1333 1335/1335/1335 1336/1336/1336
f 1337/1337/1337 1338/1338/1338 1334/1334/1334
f 1337/1337/1337 1334/1334/1334 1333/1333/1333
f 1339/1339/1339 1340/1340/1340 1341/1341/1341
f 1339/1339/1339 1341/1341/1341 1342/1342/1342
f 1343/1343/1343 1344/1344/1344 1191/1191/1191
f 1343/1343/1343 1191/1191/1191 1190/1190/1190
f 1345/1345/1345 1346/1346/1346 1324/1324/1324
f 1345/1345/1345 1324/1324/1324 1323/1323/1323
f 1347/1347/1347 1348/1348/1348 1349/1349/1349
f 1347/1347/1347 1349/1349/1349 1350/1350/1350
f 1351/1351/1351 1352/1352/1352 1199/1199/1199
f 1351/1351/1351 1199/1199/1199 1198/1198/1198
f 1294/1294/1294 1293/1293/1293 1353/1353/1353
f 1294/1294/1294 1353/1353/1353 1354/1354/1354
f 1355/1355/1355 1356/1356/1356 1304/1304/1304
f 1355/1355/1355 1304/1304/1304 1303/1303/1303
f 1350/1350/1350 1349/1349/1349 1357/1357/1357
f 1350/1350/1350 1357/1357/1357 1358/1358/1358
f 1286/1286/1286 1285/1285/1285 1359/1359/1359
f 1286/1286/1286 1359/1359/1359 1360/1360/1360
f 1361/1361/1361 1362/1362/1362 1280/1280/1280
f 1361/1361/1361 1280/1280/1280 1279/1279/1279
f 1316/1316/1316 1315/1315/1315 1363/1363/1363
f 1316/1316/1316 1363/1363/1363 1364/1364/1364
f 1365/1365/1365 1366/1366/1366 1367/1367/1367
f 1365/1365/1365 1367/1367/1367 1368/1368/1368
f 1274/1274/1274 1273/1273/1273 1369/1369/1369
f 1274/1274/1274 1369/1369/1369 1370/1370/1370
f 1371/1371/1371 1372/1372/1372 1373/1373/1373
f 1371/1371/1371 1373/1373/1373 1374/1374/1374
f 1290/1290/1290 1289/1289/1289 1375/1375/1375
f 1290/1290/1290 1375/1375/1375 1376/1376/1376
f 1368/1368/1368 1367/1367/1367 1377/1377/1377
f 1368/1368/1368 1377/1377/1377 1378/1378/1378
f 1379/1379/1379 1380/1380/1380 1296/1296/1296
f 1379/1379/1379 1296/1296/1296 1295/1295/1295
f 1381/1381/1381 1382/1382/1382 1383/1383/1383
f 1381/1381/1381 1383/1383/1383 1384/1384/1384
f 1342/1342/1342 1341/1341/1341 1385/1385/1385
f 1342/1342/1342 1385/1385/1385 1386/1386/1386
f 1330/1330/1330 1329/1329/1329 1209/1209/1209
f 1330/1330/1330 1209/1209/1209 1208/1208/1208
f 1310/1310/1310 1309/1309/1309 1387/1387/1387
f 1310/1310/1310 1387/1387/1387 1388/1388/1388
f 1389/1389/1389 1390/1390/1390 1382/1382/1382
f 1389/1389/1389 1382/1382/1382 1381/1381/1381
f 1197/1197/1197 1196/1196/1196 1391/1391/1391
f 1197/1197/1197 1391/1391/1391 1392/1392/1392
f 1393/1393/1393 1394/1394/1394 1395/1395/1395
f 1393/1393/1393 1395/1395/1395 1396/1396/1396
f 1397/1397/1397 1398/1398/1398 1399/1399/1399
f 1397/1397/1397 1399/1399/1399 1400/1400/1400
f 1401/1401/1401 1402/1402/1402 1403/1403/1403
f 1401/1401/1401 1403/1403/1403 1404/1404/1404
f 1405/1405/1405 1406/1406/1406 1407/1407/1407
f 1405/1405/1405 1407/1407/1407 1408/1408/1408
f 1409/1409/1409 1410/1410/1410 1411/1411/1411
f 1409/1409/1409 1411/1411/1411 1412/1412/1412
f 1412/1412/1412 1411/1411/1411 1413/1413/1413
f 1412/1412/1412 1413/1413/1413 1414/1414/1414
f 1415/1415/1415 1416/1416/1416 1417/1417/1417
f 1415/1415/1415 1417/1417/1417 1418/1418/1418
f 1419/1419/1419 1420/1420/1420 1421/1421/1421
f 1419/1419/1419 1421/1421/1421 1422/1422/1422
f 1423/1423/1423 1424/1424/1424 1425/1425/1425
f 1423/1423/1423 1425/1425/1425 1426/1426/1426
f 1418/1418/1418 1417/1417/1417 1427/1427/1427
f 1418/1418/1418 1427/1427/1427 1428/1428/1428
f 1429/1429/1429 1430/1430/1430 1431/1431/1431
f 1429/1429/1429 1431/1431/1431 1432/1432/1432
f 1433/1433/1433 1434/1434/1434 1430/1430/1430
f 1433/1433/1433 1430/1430/1430 1429/1429/1429
f 1268/1268/1268 1267/1267/1267 1435/1435/1435
f 1268/1268/1268 1435/1435/1435 1436/1436/1436
f 1437/1437/1437 1438/1438/1438 1439/1439/1439
f 1437/1437/1437 1439/1439/1439 1440/1440/1440
f 1441/1441/1441 1442/1442/1442 1443/1443/1443
f 1441/1441/1441 1443/1443/1443 1444/1444/1444
f 1422/1422/1422 1421/1421/1421 1434/1434/1434
f 1422/1422/1422 1434/1434/1434 1433/1433/1433
f 1445/1445/1445 1446/1446/1446 1254/1254/1254
f 1445/1445/1445 1254/1254/1254 1253/1253/1253
f 1440/1440/1440 1439/1439/1439 1446/1446/1446
f 1440/1440/1440 1446/1446/1446 1445/1445/1445
f 1447/1447/1447 1448/1448/1448 1449/1449/1449
f 1447/1447/1447 1449/1449/1449 1450/1450/1450
f 1451/1451/1451 1452/1452/1452 1453/1453/1453
f 1451/1451/1451 1453/1453/1453 1454/1454/1454
f 1455/1455/1455 1456/1456/1456 1438/1438/1438
f 1455/1455/1455 1438/1438/1438 1437/1437/1437
f 1436/1436/1436 1435/1435/1435 1457/1457/1457
f 1436/1436/1436 1457/1457/1457 1458/1458/1458
f 1459/1459/1459 1460/1460/1460 1461/1461/1461
f 1459/1459/1459 1461/1461/1461 1462/1462/1462
f 1256/1256/1256 1255/1255/1255 1452/1452/1452
f 1256/1256/1256 1452/1452/1452 1451/1451/1451
f 1428/1428/1428 1427/1427/1427 1420/1420/1420
f 1428/1428/1428 1420/1420/1420 1419/1419/1419
f 1458/1458/1458 1457/1457/1457 1424/1424/1424
f 1458/1458/1458 1424/1424/1424 1423/1423/1423
f 1264/1264/1264 1263/1263/1263 1463/1463/1463
f 1264/1264/1264 1463/1463/1463 1464/1464/1464
f 1465/1465/1465 1466/1466/1466 1266/1266/1266
f 1465/1465/1465 1266/1266/1266 1265/1265/1265
f 1432/1432/1432 1431/1431/1431 1416/1416/1416
f 1432/1432/1432 1416/1416/1416 1415/1415/1415
f 1252/1252/1252 1251/1251/1251 1467/1467/1467
f 1252/1252/1252 1467/1467/1467 1468/1468/1468
f 1469/1469/1469 1470/1470/1470 1471/1471/1471
f 1469/1469/1469 1471/1471/1471 1472/1472/1472
f 1473/1473/1473 1474/1474/1474 1466/1466/1466
f 1473/1473/1473 1466/1466/1466 1465/1465/1465
f 1260/1260/1260 1259/1259/1259 1442/1442/1442
f 1260/1260/1260 1442/1442/1442 1441/1441/1441
f 1468/1468/1468 1467/1467/1467 1262/1262/1262
f 1468/1468/1468 1262/1262/1262 1261/1261/1261
f 1475/1475/1475 1476/1476/1476 1250/1250/1250
f 1475/1475/1475 1250/1250/1250 1249/1249/1249
f 1477/1477/1477 1478/1478/1478 1476/1476/1476
f 1477/1477/1477 1476/1476/1476 1475/1475/1475
f 1450/1450/1450 1449/1449/1449 1270/1270/1270
f 1450/1450/1450 1270/1270/1270 1269/1269/1269
f 1444/1444/1444 1443/1443/1443 1479/1479/1479
f 1444/1444/1444 1479/1479/1479 1480/1480/1480
f 1426/1426/1426 1425/1425/1425 1474/1474/1474
f 1426/1426/1426 1474/1474/1474 1473/1473/1473
f 1464/1464/1464 1463/1463/1463 1478/1478/1478
f 1464/1464/1464 1478/1478/1478 1477/1477/1477
f 1481/1481/1481 1482/1482/1482 1460/1460/1460
f 1481/1481/1481 1460/1460/1460 1459/1459/1459
f 1480/1480/1480 1479/1479/1479 1448/1448/1448
f 1480/1480/1480 1448/1448/1448 1447/1447/1447
f 1483/1483/1483 1484/1484/1484 1485/1485/1485
f 1483/1483/1483 1485/1485/1485 1486/1486/1486
f 1472/1472/1472 1471/1471/1471 1484/1484/1484
f 1472/1472/1472 1484/1484/1484 1483/1483/1483
f 1462/1462/1462 1461/1461/1461 1487/1487/1487
f 1462/1462/1462 1487/1487/1487 1488/1488/1488
f 1486/1486/1486 1485/1485/1485 1482/1482/1482
f 1486/1486/1486 1482/1482/1482 1481/1481/1481
f 1454/1454/1454 1453/1453/1453 1456/1456/1456
f 1454/1454/1454 1456/1456/1456 1455/1455/1455
f 1488/1488/1488 1487/1487/1487 1470/1470/1470
f 1488/1488/1488 1470/1470/1470 1469/1469/1469
f 1489/1489/1489 1490/1490/1490 1491/1491/1491
f 1492/1492/1492 1493/1493/1493 1494/1494/1494
f 1495/1495/1495 1493/1493/1493 1496/1496/1496
f 1497/1497/1497 1493/1493/1493 1498/1498/1498
f 1498/1498/1498 1493/1493/1493 1492/1492/1492
f 1499/1499/1499 1500/1500/1500 1501/1501/1501
f 1502/1502/1502 1503/1503/1503 1504/1504/1504
f 1502/1502/1502 1504/1504/1504 1505/1505/1505
f 1506/1506/1506 1507/1507/1507 1508/1508/1508
f 1506/1506/1506 1508/1508/1508 1509/1509/1509
f 1510/1510/1510 1511/1511/1511 1512/1512/1512
f 1510/1510/1510 1512/1512/1512 1513/1513/1513
f 1514/1514/1514 1515/1515/1515 1516/1516/1516
f 1514/1514/1514 1516/1516/1516 1517/1517/1517
f 1518/1518/1518 1519/1519/1519 1520/1520/1520
f 1518/1518/1518 1520/1520/1520 1521/1521/1521
f 1522/1522/1522 1523/1523/1523 1524/1524/1524
f 1522/1522/1522 1524/1524/1524 1525/1525/1525
f 1526/1526/1526 1527/1527/1527 1528/1528/1528
f 1526/1526/1526 1528/1528/1528 1529/1529/1529
f 1530/1530/1530 1531/1531/1531 1532/1532/1532
f 1530/1530/1530 1532/1532/1532 1533/1533/1533
f 1534/1534/1534 1535/1535/1535 1536/1536/1536
f 1534/1534/1534 1536/1536/1536 1537/1537/1537
f 1529/1529/1529 1528/1528/1528 1538/1538/1538
f 1529/1529/1529 1538/1538/1538 1539/1539/1539
f 1540/1540/1540 1541/1541/1541 1542/1542/1542
f 1540/1540/1540 1542/1542/1542 1543/1543/1543
f 1544/1544/1544 1545/1545/1545 1546/1546/1546
f 1544/1544/1544 1546/1546/1546 1547/1547/1547
f 1509/1509/1509 1508/1508/1508 1548/1548/1548
f 1509/1509/1509 1548/1548/1548 1549/1549/1549
f 1550/1550/1550 1551/1551/1551 1552/1552/1552
f 1550/1550/1550 1552/1552/1552 1553/1553/1553
f 1554/1554/1554 1555/1555/1555 1556/1556/1556
f 1554/1554/1554 1556/1556/1556 1557/1557/1557
f 1558/1558/1558 1559/1559/1559 1545/1545/1545
f 1558/1558/1558 1545/1545/1545 1544/1544/1544
f 1560/1560/1560 1561/1561/1561 1562/1562/1562
f 1560/1560/1560 1562/1562/1562 1563/1563/1563
f 1564/1564/1564 1565/1565/1565 1561/1561/1561
f 1564/1564/1564 1561/1561/1561 1560/1560/1560
f 1566/1566/1566 1567/1567/1567 1568/1568/1568
f 1566/1566/1566 1568/1568/1568 1569/1569/1569
f 1570/1570/1570 1571/1571/1571 1398/1398/1398
f 1570/1570/1570 1398/1398/1398 1397/1397/1397
f 1572/1572/1572 1573/1573/1573 1551/1551/1551
f 1572/1572/1572 1551/1551/1551 1550/1550/1550
f 1574/1574/1574 1575/1575/1575 1576/1576/1576
f 1574/1574/1574 1576/1576/1576 1577/1577/1577
f 1578/1578/1578 1579/1579/1579 1406/1406/1406
f 1578/1578/1578 1406/1406/1406 1405/1405/1405
f 1521/1521/1521 1520/1520/1520 1580/1580/1580
f 1521/1521/1521 1580/1580/1580 1581/1581/1581
f 1582/1582/1582 1583/1583/1583 1531/1531/1531
f 1582/1582/1582 1531/1531/1531 1530/1530/1530
f 1577/1577/1577 1576/1576/1576 1584/1584/1584
f 1577/1577/1577 1584/1584/1584 1585/1585/1585
f 1513/1513/1513 1512/1512/1512 1586/1586/1586
f 1513/1513/1513 1586/1586/1586 1587/1587/1587
f 1588/1588/1588 1589/1589/1589 1507/1507/1507
f 1588/1588/1588 1507/1507/1507 1506/1506/1506
f 1543/1543/1543 1542/1542/1542 1590/1590/1590
f 1543/1543/1543 1590/1590/1590 1591/1591/1591
f 1592/1592/1592 1593/1593/1593 1594/1594/1594
f 1592/1592/1592 1594/1594/1594 1595/1595/1595
f 1396/1396/1396 1395/1395/1395 1596/1596/1596
f 1396/1396/1396 1596/1596/1596 1597/1597/1597
f 1598/1598/1598 1599/1599/1599 1600/1600/1600
f 1598/1598/1598 1600/1600/1600 1601/1601/1601
f 1517/1517/1517 1516/1516/1516 1602/1602/1602
f 1517/1517/1517 1602/1602/1602 1603/1603/1603
f 1595/1595/1595 1594/1594/1594 1604/1604/1604
f 1595/1595/1595 1604/1604/1604 1605/1605/1605
f 1606/1606/1606 1607/1607/1607 1523/1523/1523
f 1606/1606/1606 1523/1523/1523 1522/1522/1522
f 1608/1608/1608 1609/1609/1609 1610/1610/1610
f 1608/1608/1608 1610/1610/1610 1611/1611/1611
f 1569/1569/1569 1568/1568/1568 1612/1612/1612
f 1569/1569/1569 1612/1612/1612 1613/1613/1613
f 1557/1557/1557 1556/1556/1556 1614/1614/1614
f 1557/1557/1557 1614/1614/1614 1615/1615/1615
f 1537/1537/1537 1536/1536/1536 1616/1616/1616
f 1537/1537/1537 1616/1616/1616 1617/1617/1617
f 1618/1618/1618 1619/1619/1619 1609/1609/1609
f 1618/1618/1618 1609/1609/1609 1608/1608/1608
f 1404/1404/1404 1403/1403/1403 1620/1620/1620
f 1404/1404/1404 1620/1620/1620 1621/1621/1621
f 1615/1615/1615 1614/1614/1614 1622/1622/1622
f 1615/1615/1615 1622/1622/1622 1623/1623/1623
f 1496/1496/1496 1493/1493/1493 1624/1624/1624
f 1625/1625/1625 1500/1500/1500 1626/1626/1626
f 1627/1627/1627 1628/1628/1628 1629/1629/1629
f 1630/1630/1630 1631/1631/1631 1632/1632/1632
f 1626/1626/1626 1500/1500/1500 1633/1633/1633
f 1634/1634/1634 1490/1490/1490 1635/1635/1635
f 1636/1636/1636 1631/1631/1631 1637/1637/1637
f 1638/1638/1638 1639/1639/1639 1640/1640/1640
f 1641/1641/1641 1639/1639/1639 1642/1642/1642
f 1643/1643/1643 1628/1628/1628 1644/1644/1644
f 1640/1640/1640 1639/1639/1639 1645/1645/1645
f 1646/1646/1646 1639/1639/1639 1647/1647/1647
f 1648/1648/1648 1639/1639/1639 1646/1646/1646
f 1629/1629/1629 1628/1628/1628 1649/1649/1649
f 1650/1650/1650 1490/1490/1490 1651/1651/1651
f 1652/1652/1652 1500/1500/1500 1653/1653/1653
f 1642/1642/1642 1639/1639/1639 1648/1648/1648
f 1654/1654/1654 1490/1490/1490 1634/1634/1634
f 1651/1651/1651 1490/1490/1490 1654/1654/1654
f 1501/1501/1501 1500/1500/1500 1655/1655/1655
f 1656/1656/1656 1490/1490/1490 1489/1489/1489
f 1491/1491/1491 1490/1490/1490 1650/1650/1650
f 1649/1649/1649 1628/1628/1628 1657/1657/1657
f 1658/1658/1658 1493/1493/1493 1495/1495/1495
f 1635/1635/1635 1490/1490/1490 1656/1656/1656
f 1645/1645/1645 1639/1639/1639 1641/1641/1641
f 1657/1657/1657 1628/1628/1628 1643/1643/1643
f 1632/1632/1632 1631/1631/1631 1659/1659/1659
f 1660/1660/1660 1628/1628/1628 1627/1627/1627
f 1647/1647/1647 1639/1639/1639 1638/1638/1638
f 1637/1637/1637 1631/1631/1631 1661/1661/1661
f 1624/1624/1624 1493/1493/1493 1497/1497/1497
f 1662/1662/1662 1628/1628/1628 1660/1660/1660
f 1633/1633/1633 1500/1500/1500 1652/1652/1652
f 1661/1661/1661 1631/1631/1631 1630/1630/1630
f 1663/1663/1663 1631/1631/1631 1636/1636/1636
f 1664/1664/1664 1631/1631/1631 1663/1663/1663
f 1655/1655/1655 1500/1500/1500 1625/1625/1625
f 1653/1653/1653 1500/1500/1500 1499/1499/1499
f 1644/1644/1644 1628/1628/1628 1662/1662/1662
f 1659/1659/1659 1631/1631/1631 1664/1664/1664
f 1494/1494/1494 1493/1493/1493 1658/1658/1658
f 1665/1665/1665 1666/1666/1666 421/421/421
f 1665/1665/1665 421/421/421 365/365/365
f 1667/1667/1667 1668/1668/1668 1669/1669/1669
f 1670/1670/1670 1671/1671/1671 1672/1672/1672
f 305/305/305 386/386/386 1673/1673/1673
f 305/305/305 1673/1673/1673 1674/1674/1674
f 1674/1674/1674 1673/1673/1673 1675/1675/1675
f 1674/1674/1674 1675/1675/1675 1676/1676/1676
f 1676/1676/1676 1675/1675/1675 1666/1666/1666
f 1676/1676/1676 1666/1666/1666 1665/1665/1665
f 1677/1677/1677 1667/1667/1667 1669/1669/1669
f 1677/1677/1677 1669/1669/1669 1678/1678/1678
f 1679/1679/1679 1680/1680/1680 1681/1681/1681
f 1677/1677/1677 1678/1678/1678 1680/1680/1680
f 1677/1677/1677 1680/1680/1680 1679/1679/1679
f 1682/1682/1682 1683/1683/1683 1684/1684/1684
f 1684/1684/1684 1683/1683/1683 1685/1685/1685
f 1684/1684/1684 1685/1685/1685 1686/1686/1686
f 1686/1686/1686 1685/1685/1685 1671/1671/1671
f 1686/1686/1686 1671/1671/1671 1670/1670/1670
f 1687/1687/1687 1688/1688/1688 1689/1689/1689
f 1687/1687/1687 1689/1689/1689 1690/1690/1690
f 1691/1691/1691 1692/1692/1692 1693/1693/1693
f 1691/1691/1691 1693/1693/1693 1694/1694/1694
f 1695/1695/1695 1696/1696/1696 1697/1697/1697
f 1695/1695/1695 1697/1697/1697 1698/1698/1698
f 1699/1699/1699 1700/1700/1700 1701/1701/1701
f 1699/1699/1699 1701/1701/1701 1702/1702/1702
f 1703/1703/1703 1704/1704/1704 1705/1705/1705
f 1703/1703/1703 1705/1705/1705 1706/1706/1706
f 1698/1698/1698 1697/1697/1697 1692/1692/1692
f 1698/1698/1698 1692/1692/1692 1691/1691/1691
f 1707/1707/1707 1708/1708/1708 1696/1696/1696
f 1707/1707/1707 1696/1696/1696 1695/1695/1695
f 1709/1709/1709 1710/1710/1710 1711/1711/1711
f 1709/1709/1709 1711/1711/1711 1712/1712/1712
f 1713/1713/1713 1714/1714/1714 1704/1704/1704
f 1713/1713/1713 1704/1704/1704 1703/1703/1703
f 1690/1690/1690 1689/1689/1689 1715/1715/1715
f 1690/1690/1690 1715/1715/1715 1716/1716/1716
f 1717/1717/1717 1718/1718/1718 1710/1710/1710
f 1717/1717/1717 1710/1710/1710 1709/1709/1709
f 1702/1702/1702 1701/1701/1701 1714/1714/1714
f 1702/1702/1702 1714/1714/1714 1713/1713/1713
f 1719/1719/1719 1720/1720/1720 1721/1721/1721
f 1719/1719/1719 1721/1721/1721 1722/1722/1722
f 1714/1714/1714 1723/1723/1723 1724/1724/1724
f 1714/1714/1714 1724/1724/1724 1704/1704/1704
f 1689/1689/1689 1725/1725/1725 1726/1726/1726
f 1689/1689/1689 1726/1726/1726 1715/1715/1715
f 1727/1727/1727 1728/1728/1728 1720/1720/1720
f 1727/1727/1727 1720/1720/1720 1719/1719/1719
f 1729/1729/1729 1730/1730/1730 1731/1731/1731
f 1729/1729/1729 1731/1731/1731 1732/1732/1732
f 1688/1688/1688 1733/1733/1733 1725/1725/1725
f 1688/1688/1688 1725/1725/1725 1689/1689/1689
f 1734/1734/1734 1735/1735/1735 1728/1728/1728
f 1734/1734/1734 1728/1728/1728 1727/1727/1727
f 1696/1696/1696 1736/1736/1736 1737/1737/1737
f 1696/1696/1696 1737/1737/1737 1697/1697/1697
f 1722/1722/1722 1721/1721/1721 1730/1730/1730
f 1722/1722/1722 1730/1730/1730 1729/1729/1729
f 1738/1738/1738 1739/1739/1739 1733/1733/1733
f 1738/1738/1738 1733/1733/1733 1688/1688/1688
f 1740/1740/1740 1741/1741/1741 1735/1735/1735
f 1740/1740/1740 1735/1735/1735 1734/1734/1734
f 1715/1715/1715 1726/1726/1726 1742/1742/1742
f 1715/1715/1715 1742/1742/1742 1743/1743/1743
f 1744/1744/1744 1745/1745/1745 1746/1746/1746
f 1744/1744/1744 1746/1746/1746 1747/1747/1747
f 1720/1720/1720 1748/1748/1748 1749/1749/1749
f 1720/1720/1720 1749/1749/1749 1721/1721/1721
f 1731/1731/1731 1750/1750/1750 1751/1751/1751
f 1731/1731/1731 1751/1751/1751 1752/1752/1752
f 1753/1753/1753 1754/1754/1754 1745/1745/1745
f 1753/1753/1753 1745/1745/1745 1744/1744/1744
f 1728/1728/1728 1755/1755/1755 1748/1748/1748
f 1728/1728/1728 1748/1748/1748 1720/1720/1720
f 1730/1730/1730 1756/1756/1756 1750/1750/1750
f 1730/1730/1730 1750/1750/1750 1731/1731/1731
f 1757/1757/1757 1758/1758/1758 1754/1754/1754
f 1757/1757/1757 1754/1754/1754 1753/1753/1753
f 1735/1735/1735 1759/1759/1759 1755/1755/1755
f 1735/1735/1735 1755/1755/1755 1728/1728/1728
f 1747/1747/1747 1746/1746/1746 1760/1760/1760
f 1747/1747/1747 1760/1760/1760 1741/1741/1741
f 1721/1721/1721 1749/1749/1749 1756/1756/1756
f 1721/1721/1721 1756/1756/1756 1730/1730/1730
f 1752/1752/1752 1751/1751/1751 1758/1758/1758
f 1752/1752/1752 1758/1758/1758 1757/1757/1757
f 1741/1741/1741 1760/1760/1760 1759/1759/1759
f 1741/1741/1741 1759/1759/1759 1735/1735/1735
f 1761/1761/1761 1762/1762/1762 1763/1763/1763
f 1761/1761/1761 1763/1763/1763 1764/1764/1764
f 1765/1765/1765 1766/1766/1766 1767/1767/1767
f 1765/1765/1765 1767/1767/1767 1768/1768/1768
f 1769/1769/1769 1770/1770/1770 1771/1771/1771
f 1769/1769/1769 1771/1771/1771 1772/1772/1772
f 1773/1773/1773 1774/1774/1774 1775/1775/1775
f 1773/1773/1773 1775/1775/1775 1761/1761/1761
f 1776/1776/1776 1777/1777/1777 1778/1778/1778
f 1776/1776/1776 1778/1778/1778 1779/1779/1779
f 1780/1780/1780 1781/1781/1781 1770/1770/1770
f 1780/1780/1780 1770/1770/1770 1769/1769/1769
f 1782/1782/1782 1783/1783/1783 1784/1784/1784
f 1782/1782/1782 1784/1784/1784 1785/1785/1785
f 1786/1786/1786 1787/1787/1787 1777/1777/1777
f 1786/1786/1786 1777/1777/1777 1776/1776/1776
f 1788/1788/1788 1789/1789/1789 1790/1790/1790
f 1788/1788/1788 1790/1790/1790 1791/1791/1791
f 1792/1792/1792 1793/1793/1793 1794/1794/1794
f 1792/1792/1792 1794/1794/1794 1795/1795/1795
f 1796/1796/1796 1797/1797/1797 1798/1798/1798
f 1796/1796/1796 1798/1798/1798 1799/1799/1799
f 1785/1785/1785 1784/1784/1784 1800/1800/1800
f 1785/1785/1785 1800/1800/1800 1801/1801/1801
f 1764/1764/1764 1763/1763/1763 1802/1802/1802
f 1764/1764/1764 1802/1802/1802 1803/1803/1803
f 1804/1804/1804 1805/1805/1805 1789/1789/1789
f 1804/1804/1804 1789/1789/1789 1788/1788/1788
f 1806/1806/1806 1807/1807/1807 1808/1808/1808
f 1806/1806/1806 1808/1808/1808 1809/1809/1809
f 1810/1810/1810 1811/1811/1811 1812/1812/1812
f 1810/1810/1810 1812/1812/1812 1813/1813/1813
f 1799/1799/1799 1798/1798/1798 1783/1783/1783
f 1799/1799/1799 1783/1783/1783 1782/1782/1782
f 1777/1777/1777 1814/1814/1814 1815/1815/1815
f 1777/1777/1777 1815/1815/1815 1778/1778/1778
f 1816/1816/1816 1817/1817/1817 1811/1811/1811
f 1816/1816/1816 1811/1811/1811 1810/1810/1810
f 1787/1787/1787 1818/1818/1818 1814/1814/1814
f 1787/1787/1787 1814/1814/1814 1777/1777/1777
f 1795/1795/1795 1794/1794/1794 1817/1817/1817
f 1795/1795/1795 1817/1817/1817 1816/1816/1816
f 1768/1768/1768 1767/1767/1767 1805/1805/1805
f 1768/1768/1768 1805/1805/1805 1804/1804/1804
f 1813/1813/1813 1812/1812/1812 1774/1774/1774
f 1813/1813/1813 1774/1774/1774 1773/1773/1773
f 1819/1819/1819 1793/1793/1793 1792/1792/1792
f 1775/1775/1775 1762/1762/1762 1761/1761/1761
f 1809/1809/1809 1808/1808/1808 1819/1819/1819
f 1809/1809/1809 1819/1819/1819 1792/1792/1792
f 1820/1820/1820 1821/1821/1821 1762/1762/1762
f 1820/1820/1820 1762/1762/1762 1775/1775/1775
f 1822/1822/1822 1823/1823/1823 1824/1824/1824
f 1825/1825/1825 1826/1826/1826 1827/1827/1827
f 1828/1828/1828 1829/1829/1829 1830/1830/1830
f 1828/1828/1828 1830/1830/1830 1831/1831/1831
f 1832/1832/1832 1833/1833/1833 1834/1834/1834
f 1832/1832/1832 1834/1834/1834 1835/1835/1835
f 1836/1836/1836 1837/1837/1837 1838/1838/1838
f 1836/1836/1836 1838/1838/1838 1839/1839/1839
f 1840/1840/1840 1829/1829/1829 1828/1828/1828
f 1835/1835/1835 1834/1834/1834 1823/1823/1823
f 1835/1835/1835 1823/1823/1823 1822/1822/1822
f 1839/1839/1839 1838/1838/1838 1821/1821/1821
f 1839/1839/1839 1821/1821/1821 1820/1820/1820
f 1793/1793/1793 1819/1819/1819 1837/1837/1837
f 1793/1793/1793 1837/1837/1837 1836/1836/1836
f 1841/1841/1841 1833/1833/1833 1832/1832/1832
f 1831/1831/1831 1830/1830/1830 1826/1826/1826
f 1831/1831/1831 1826/1826/1826 1825/1825/1825
f 1842/1842/1842 1843/1843/1843 1844/1844/1844
f 1842/1842/1842 1844/1844/1844 1845/1845/1845
f 1846/1846/1846 1847/1847/1847 1848/1848/1848
f 1846/1846/1846 1848/1848/1848 1849/1849/1849
f 1808/1808/1808 1842/1842/1842 1845/1845/1845
f 1808/1808/1808 1845/1845/1845 1819/1819/1819
f 1807/1807/1807 1850/1850/1850 1843/1843/1843
f 1807/1807/1807 1843/1843/1843 1842/1842/1842
f 1808/1808/1808 1807/1807/1807 1842/1842/1842
f 1794/1794/1794 1793/1793/1793 1847/1847/1847
f 1794/1794/1794 1847/1847/1847 1846/1846/1846
f 1817/1817/1817 1846/1846/1846 1849/1849/1849
f 1817/1817/1817 1849/1849/1849 1811/1811/1811
f 1817/1817/1817 1794/1794/1794 1846/1846/1846
f 1851/1851/1851 1852/1852/1852 1844/1844/1844
f 1851/1851/1851 1844/1844/1844 1843/1843/1843
f 1853/1853/1853 1849/1849/1849 1848/1848/1848
f 1853/1853/1853 1848/1848/1848 1854/1854/1854
f 1763/1763/1763 1762/1762/1762 1852/1852/1852
f 1763/1763/1763 1852/1852/1852 1851/1851/1851
f 1802/1802/1802 1851/1851/1851 1843/1843/1843
f 1802/1802/1802 1843/1843/1843 1850/1850/1850
f 1763/1763/1763 1851/1851/1851 1802/1802/1802
f 1774/1774/1774 1853/1853/1853 1854/1854/1854
f 1774/1774/1774 1854/1854/1854 1775/1775/1775
f 1812/1812/1812 1811/1811/1811 1849/1849/1849
f 1812/1812/1812 1849/1849/1849 1853/1853/1853
f 1812/1812/1812 1853/1853/1853 1774/1774/1774
f 288/288/288 1855/1855/1855 289/289/289
f 1855/1855/1855 1856/1856/1856 1857/1857/1857
f 289/289/289 1857/1857/1857 1858/1858/1858
f 1855/1855/1855 1857/1857/1857 289/289/289
f 1858/1858/1858 1859/1859/1859 1860/1860/1860
f 1860/1860/1860 1861/1861/1861 289/289/289
f 1861/1861/1861 1862/1862/1862 289/289/289
f 289/289/289 1863/1863/1863 1864/1864/1864
f 1865/1865/1865 289/289/289 1864/1864/1864
f 1865/1865/1865 1866/1866/1866 1867/1867/1867
f 1866/1866/1866 1868/1868/1868 1867/1867/1867
f 1867/1867/1867 1869/1869/1869 1870/1870/1870
f 1865/1865/1865 1867/1867/1867 289/289/289
f 1870/1870/1870 1871/1871/1871 1867/1867/1867
f 1871/1871/1871 1872/1872/1872 1873/1873/1873
f 1873/1873/1873 1874/1874/1874 1875/1875/1875
f 1875/1875/1875 1876/1876/1876 287/287/287
f 1876/1876/1876 1877/1877/1877 287/287/287
f 1877/1877/1877 1878/1878/1878 287/287/287
f 287/287/287 1879/1879/1879 1880/1880/1880
f 1880/1880/1880 1881/1881/1881 287/287/287
f 1881/1881/1881 1882/1882/1882 287/287/287
f 1882/1882/1882 1883/1883/1883 287/287/287
f 1883/1883/1883 1884/1884/1884 1885/1885/1885
f 287/287/287 1883/1883/1883 1885/1885/1885
f 1885/1885/1885 1886/1886/1886 287/287/287
f 1886/1886/1886 1887/1887/1887 288/288/288
f 1858/1858/1858 1860/1860/1860 289/289/289
f 287/287/287 1873/1873/1873 1875/1875/1875
f 289/289/289 1867/1867/1867 287/287/287
f 1871/1871/1871 1873/1873/1873 1867/1867/1867
f 1886/1886/1886 288/288/288 287/287/287
f 1873/1873/1873 287/287/287 1867/1867/1867
f 1888/1888/1888 1889/1889/1889 1890/1890/1890
f 1889/1889/1889 1891/1891/1891 782/782/782
f 1891/1891/1891 1892/1892/1892 1893/1893/1893
f 1893/1893/1893 1894/1894/1894 780/780/780
f 1894/1894/1894 1895/1895/1895 780/780/780
f 1895/1895/1895 1896/1896/1896 780/780/780
f 1896/1896/1896 1897/1897/1897 780/780/780
f 1897/1897/1897 1898/1898/1898 780/780/780
f 1898/1898/1898 1899/1899/1899 780/780/780
f 1899/1899/1899 1900/1900/1900 780/780/780
f 780/780/780 1901/1901/1901 1902/1902/1902
f 1902/1902/1902 1903/1903/1903 780/780/780
f 1903/1903/1903 1904/1904/1904 780/780/780
f 1904/1904/1904 1905/1905/1905 1906/1906/1906
f 1906/1906/1906 1907/1907/1907 1908/1908/1908
f 1908/1908/1908 1909/1909/1909 781/781/781
f 1909/1909/1909 1910/1910/1910 781/781/781
f 781/781/781 1911/1911/1911 1912/1912/1912
f 1908/1908/1908 781/781/781 1906/1906/1906
f 1912/1912/1912 1913/1913/1913 781/781/781
f 1913/1913/1913 1914/1914/1914 782/782/782
f 1914/1914/1914 1915/1915/1915 782/782/782
f 782/782/782 1916/1916/1916 1917/1917/1917
f 1918/1918/1918 782/782/782 1917/1917/1917
f 1918/1918/1918 1919/1919/1919 1920/1920/1920
f 1920/1920/1920 1890/1890/1890 782/782/782
f 782/782/782 1890/1890/1890 1889/1889/1889
f 1891/1891/1891 1893/1893/1893 780/780/780
f 1904/1904/1904 1906/1906/1906 780/780/780
f 782/782/782 1918/1918/1918 1920/1920/1920
f 1891/1891/1891 780/780/780 782/782/782
f 782/782/782 781/781/781 1913/1913/1913
f 1906/1906/1906 781/781/781 780/780/780

