# https://github.com/mikedh/trimesh
mtllib material.mtl
usemtl material_0
v 0.01103369 0.05507502 -0.05128926
v 0.00335679 0.05304116 -0.05242890
v 0.00100146 0.05827260 -0.05233281
v 0.00767539 0.05978428 -0.05170255
v -0.01506883 0.06492306 -0.04978622
v -0.00997217 0.06082947 -0.05127900
v -0.01322170 0.05562355 -0.05078226
v -0.02119620 0.06046101 -0.04779882
v -0.01905316 0.07175502 -0.04784543
v -0.02629221 0.06634805 -0.04481048
v -0.02008592 0.07894113 -0.04655690
v -0.03053301 0.07625643 -0.04092259
v 0.01395641 0.06389890 -0.05014187
v 0.01815561 0.05830589 -0.04908924
v 0.01827949 0.07011881 -0.04825919
v 0.02351444 0.06282380 -0.04651158
v 0.01997311 0.07781603 -0.04672401
v 0.02832615 0.07043214 -0.04311495
v 0.03155918 0.08093031 -0.03926758
v 0.01859219 0.08526548 -0.04608195
v -0.01821039 0.08643928 -0.04603094
v -0.03249942 0.08591692 -0.03741617
v -0.00445100 0.05316359 -0.05235296
v -0.00445487 0.05872793 -0.05213636
v 0.01452455 0.09160278 -0.04612094
v 0.02130946 0.09450712 -0.04242401
v 0.00802675 0.09613906 -0.04642540
v 0.00850920 0.10280739 -0.04369229
v -0.00101116 0.09783405 -0.04657042
v -0.00089071 0.10431620 -0.04382151
v 0.03257866 0.08754302 -0.03681187
v 0.02212749 0.10110187 -0.03916346
v 0.00885098 0.10927909 -0.03976064
v -0.00076467 0.11029530 -0.04012507
v 0.03294167 0.09410532 -0.03405683
v 0.03257866 0.08754302 -0.03681187
v 0.02212749 0.10110187 -0.03916346
v 0.02235936 0.10740167 -0.03488182
v 0.02235936 0.10740167 -0.03488182
v 0.00889545 0.11487729 -0.03467100
v -0.00066216 0.11548390 -0.03536361
v 0.03255144 0.10046106 -0.03084438
v 0.02178989 0.11278357 -0.02983443
v 0.00889545 0.11487729 -0.03467100
v 0.00863147 0.11912189 -0.02884536
v 0.00863147 0.11912189 -0.02884536
v 0.00889545 0.11487729 -0.03467100
v -0.00066216 0.11548390 -0.03536361
v -0.00056792 0.11963210 -0.02965885
v 0.03133914 0.10639466 -0.02706341
v 0.02058071 0.11705867 -0.02428631
v 0.00816751 0.12225989 -0.02257496
v 0.00816751 0.12225989 -0.02257496
v -0.00045833 0.12275110 -0.02332383
v 0.02929019 0.11168836 -0.02272587
v 0.01882976 0.12040467 -0.01845245
v 0.01882976 0.12040467 -0.01845245
v 0.02058071 0.11705867 -0.02428631
v 0.00751126 0.12450059 -0.01613074
v -0.00034984 0.12500730 -0.01660591
v 0.02650111 0.11623036 -0.01795577
v 0.01673394 0.12301028 -0.01256447
v 0.01673394 0.12301028 -0.01256447
v 0.00671995 0.12616408 -0.00963610
v -0.00024495 0.12660550 -0.00971836
v 0.02311957 0.11999907 -0.01293413
v 0.02650111 0.11623036 -0.01795577
v 0.01435154 0.12503679 -0.00665295
v 0.00582034 0.12737019 -0.00307852
v -0.00012713 0.12775490 -0.00271970
v 0.01943886 0.12307197 -0.00766742
v 0.01185196 0.12659809 -0.00071221
v 0.00487537 0.12824539 0.00350762
v 0.00000486 0.12855680 0.00430983
v 0.01545632 0.12546677 -0.00229817
v 0.01124793 0.12726249 0.00329471
v 0.00690914 0.12855259 0.00894708
v 0.00018186 0.12916450 0.01133579
v -0.02007549 0.12266233 -0.00840659
v -0.01582300 0.12527103 -0.00267435
v -0.01105618 0.12733452 0.00365895
v -0.01156324 0.12675081 -0.00046713
v -0.00612271 0.12868921 0.00979906
v -0.00475996 0.12829720 0.00378638
v -0.02375841 0.11956244 -0.01358820
v -0.01411557 0.12518882 -0.00645245
v -0.00595247 0.12740310 -0.00279343
v -0.02668161 0.11621234 -0.01801426
v -0.01627457 0.12334503 -0.01211525
v -0.00695019 0.12621171 -0.00925523
v -0.02897269 0.11261084 -0.02187568
v -0.01806366 0.12114523 -0.01753212
v -0.00779950 0.12466511 -0.01560527
v -0.03073873 0.10865705 -0.02535636
v -0.02897269 0.11261084 -0.02187568
v -0.01806366 0.12114523 -0.01753212
v -0.01961713 0.11836873 -0.02282376
v -0.01961713 0.11836873 -0.02282376
v -0.00855189 0.12252211 -0.02185446
v -0.03203405 0.10416795 -0.02859587
v -0.02087349 0.11479373 -0.02801723
v -0.02087349 0.11479373 -0.02801723
v -0.00918132 0.11958811 -0.02793771
v -0.03284487 0.09883867 -0.03172070
v -0.02172763 0.11007773 -0.03304810
v -0.02172763 0.11007773 -0.03304810
v -0.00974917 0.11550801 -0.03373235
v -0.03303596 0.09282254 -0.03461153
v -0.02202012 0.10419633 -0.03751356
v -0.02202012 0.10419633 -0.03751356
v -0.02172763 0.11007773 -0.03304810
v -0.00974917 0.11550801 -0.03373235
v -0.01001335 0.11011911 -0.03887552
v -0.03249942 0.08591692 -0.03741617
v -0.02174278 0.09723886 -0.04122592
v -0.02174278 0.09723886 -0.04122592
v -0.01010270 0.10355101 -0.04299134
v -0.01410499 0.09215786 -0.04612869
v -0.00835505 0.09605170 -0.04640620
v 0.00266912 0.04942439 -0.05183464
v 0.01155427 0.05143849 -0.05051295
v 0.01167056 0.04822675 -0.04869097
v 0.00187191 0.04627031 -0.05008167
v 0.01981769 0.05545166 -0.04766648
v 0.02085951 0.05294486 -0.04538183
v 0.01981769 0.05545166 -0.04766648
v 0.02585981 0.06085975 -0.04450171
v 0.02723978 0.05919506 -0.04158334
v 0.02085951 0.05294486 -0.04538183
v 0.03077971 0.06954867 -0.04049866
v 0.03216975 0.06877637 -0.03709631
v 0.03343011 0.07961518 -0.03655975
v 0.03456318 0.07831181 -0.03345577
v 0.03437705 0.08653176 -0.03391819
v 0.03544009 0.08545280 -0.03069751
v 0.03467997 0.09299577 -0.03116702
v 0.03559359 0.09173108 -0.02796952
v 0.03428676 0.09894497 -0.02813773
v 0.03515562 0.09715093 -0.02518336
v 0.03275929 0.10579876 -0.02365772
v 0.03332613 0.10481255 -0.02007227
v 0.03072308 0.11068235 -0.01950984
v 0.03139058 0.10921696 -0.01619332
v 0.02795898 0.11495186 -0.01488118
v 0.02883040 0.11323456 -0.01179139
v 0.02466761 0.11871567 -0.00983696
v 0.02565973 0.11696757 -0.00684892
v 0.02112281 0.12204107 -0.00439780
v 0.02207439 0.12028046 -0.00125056
v 0.01699715 0.12485967 0.00147445
v 0.01750493 0.12306907 0.00515467
v 0.01211530 0.12687868 0.00798256
v 0.01218313 0.12521818 0.01242977
v 0.01211530 0.12687868 0.00798256
v 0.00733537 0.12831369 0.01298028
v 0.00721305 0.12656549 0.01669937
v 0.01218313 0.12521818 0.01242977
v 0.00065999 0.12893149 0.01511865
v 0.00101959 0.12703250 0.01847285
v -0.00535440 0.12850941 0.01411825
v -0.00416869 0.12677740 0.01801317
v -0.01094442 0.12726182 0.00940734
v -0.01004356 0.12577762 0.01486593
v -0.01580721 0.12528092 0.00307172
v -0.01491767 0.12408852 0.00862759
v -0.03045345 0.11140025 -0.01877589
v -0.03257657 0.10678005 -0.02292651
v -0.03358616 0.10448405 -0.02034396
v -0.03121062 0.10983884 -0.01569897
v -0.03376003 0.10275955 -0.02583606
v -0.03457447 0.10100485 -0.02283150
v -0.03460273 0.09740327 -0.02899308
v -0.03544643 0.09571914 -0.02595622
v -0.02449054 0.11897273 -0.00931949
v -0.02755082 0.11566924 -0.01394576
v -0.02777750 0.11476924 -0.00996787
v -0.02462399 0.11797704 -0.00517834
v -0.02052694 0.12233263 -0.00355191
v -0.02023763 0.12127973 0.00114708
v -0.02052694 0.12233263 -0.00355191
v -0.02023763 0.12127973 0.00114708
v -0.00547162 0.04975290 -0.05159717
v -0.00629256 0.04678387 -0.04972165
v -0.01443538 0.05242266 -0.04971653
v -0.01519963 0.04958870 -0.04771323
v -0.02262302 0.05747661 -0.04640610
v -0.02332743 0.05480788 -0.04415912
v -0.02833230 0.06407634 -0.04290325
v -0.02262302 0.05747661 -0.04640610
v -0.02332743 0.05480788 -0.04415912
v -0.02926893 0.06202284 -0.04006053
v -0.03240621 0.07434534 -0.03854770
v -0.03341507 0.07248507 -0.03562362
v -0.03427969 0.08427702 -0.03480143
v -0.03528224 0.08259450 -0.03180606
v -0.03480730 0.09131222 -0.03192550
v -0.03572151 0.08966307 -0.02889056
v 0.01321532 0.08353606 -0.04828339
v 0.01450885 0.07837567 -0.04870253
v 0.01381731 0.07317368 -0.04951876
v -0.01271694 0.06832065 -0.05016916
v -0.01245719 0.06882282 -0.05031223
v -0.00848479 0.06504483 -0.05140203
v -0.00862641 0.06451422 -0.05129784
v -0.00333865 0.06287169 -0.05211693
v -0.00345702 0.06235356 -0.05202752
v 0.00223665 0.06280463 -0.05218368
v 0.00208645 0.06221354 -0.05211418
v -0.01523733 0.07348819 -0.04897136
v -0.01479059 0.07378019 -0.04920573
v -0.01568799 0.07916088 -0.04811675
v -0.01516835 0.07926615 -0.04840673
v -0.01401911 0.08470912 -0.04772676
v -0.01351902 0.08456971 -0.04803675
v -0.01047627 0.08922549 -0.04771250
v -0.01003865 0.08894099 -0.04801040
v -0.00552812 0.09214402 -0.04784065
v -0.00516221 0.09170968 -0.04813379
v 0.00021971 0.09313666 -0.04788976
v 0.00038707 0.09263670 -0.04816347
v 0.00610116 0.09186988 -0.04782742
v 0.00587353 0.09142034 -0.04810696
v 0.01099248 0.08863244 -0.04771035
v 0.01056554 0.08834039 -0.04800719
v 0.01428659 0.08387247 -0.04777735
v 0.01377566 0.08377663 -0.04808712
v 0.01563061 0.07825538 -0.04823464
v 0.01511860 0.07838664 -0.04852110
v 0.01480341 0.07257852 -0.04916805
v 0.01437366 0.07297823 -0.04939287
v 0.01203995 0.06754384 -0.05035859
v 0.01182978 0.06808106 -0.05047625
v 0.00747578 0.06423371 -0.05152767
v 0.00744741 0.06491421 -0.05156064
v -0.02674801 0.11617084 -0.01770348
v -0.02908582 0.11251834 -0.02163888
v -0.03297904 0.09872899 -0.03151233
v -0.03317127 0.09270714 -0.03440637
v -0.03263531 0.08579163 -0.03721673
v -0.03067618 0.07611041 -0.04074079
v -0.02644808 0.06617448 -0.04466481
v -0.02644808 0.06617448 -0.04466481
v -0.02130522 0.06023266 -0.04769213
v -0.02833230 0.06407634 -0.04290325
v -0.01331468 0.05537899 -0.05070084
v -0.00452891 0.05290330 -0.05229490
v 0.00330428 0.05276519 -0.05238348
v -0.01582181 0.12527172 -0.00223530
v -0.02010995 0.12263703 -0.00803561
v -0.02381420 0.11951733 -0.01326210
v -0.02449054 0.11897273 -0.00931949
v -0.02381420 0.11951733 -0.01326210
v -0.03216626 0.10406025 -0.02838499
v -0.03087903 0.10851354 -0.02517075
v -0.01104766 0.12732892 0.00409811
v -0.00606405 0.12867551 0.01012903
v 0.00021861 0.12914680 0.01162499
v 0.00694067 0.12853379 0.00925595
v 0.01131785 0.12723349 0.00365055
v 0.01557546 0.12542047 -0.00201022
v 0.01699715 0.12485967 0.00147445
v 0.01956611 0.12299307 -0.00741714
v 0.01557546 0.12542047 -0.00201022
v 0.02323502 0.11990067 -0.01269655
v 0.02661263 0.11613266 -0.01772062
v 0.02939968 0.11161155 -0.02248017
v 0.03144763 0.10634906 -0.02680366
v 0.03268399 0.10034525 -0.03063785
v 0.03307445 0.09402049 -0.03383569
v 0.03271641 0.08746578 -0.03659110
v 0.03170229 0.08082981 -0.03906094
v 0.02851367 0.07036467 -0.04291467
v 0.02369372 0.06267377 -0.04635786
v 0.01828263 0.05808815 -0.04898052
v 0.02369372 0.06267377 -0.04635786
v 0.02585981 0.06085975 -0.04450171
v 0.01107345 0.05479751 -0.05123013
v 0.00036910 0.09200626 -0.04832410
v 0.00562760 0.09084503 -0.04828006
v 0.01013436 0.08790419 -0.04819697
v 0.01136005 0.06850324 -0.05057150
v 0.00714695 0.06544422 -0.05156517
v 0.00211887 0.06341189 -0.05215281
v -0.00320024 0.06350273 -0.05209511
v -0.00496337 0.09114838 -0.04828327
v -0.00962779 0.08847869 -0.04819601
v -0.01297602 0.08429642 -0.04823482
v -0.01456211 0.07921667 -0.04859645
v -0.01419842 0.07395776 -0.04935652
v -0.01194941 0.06920357 -0.05040246
v -0.00813092 0.06558192 -0.05143076
v 0.02351444 0.06282380 -0.04651158
v 0.02832615 0.07043214 -0.04311495
v 0.03155918 0.08093031 -0.03926758
v 0.02311957 0.11999907 -0.01293413
v 0.01943886 0.12307197 -0.00766742
v 0.01545632 0.12546677 -0.00229817
v -0.02375841 0.11956244 -0.01358820
v -0.02668161 0.11621234 -0.01801426
v -0.03053301 0.07625643 -0.04092259
v -0.02629221 0.06634805 -0.04481048
v -0.04629553 0.00249916 0.01851002
v -0.04897499 0.00250018 0.00930850
v -0.04905498 0.00250018 0.00932376
v -0.04637110 0.00249916 0.01854018
v 0.04189832 0.00249916 -0.02723174
v 0.04637099 0.00249827 -0.01861528
v 0.04644663 0.00249827 -0.01864568
v 0.04196644 0.00249916 -0.02727585
v -0.03576410 0.00250006 0.03475194
v -0.04184670 0.00250006 0.02713506
v -0.04191489 0.00250006 0.02717935
v -0.03582258 0.00250006 0.03480868
v 0.03574980 0.00249916 -0.03488182
v 0.03580779 0.00249916 -0.03493910
v -0.02824522 0.00249994 0.04110228
v -0.02829135 0.00249994 0.04116957
v 0.02817888 0.00249928 -0.04121630
v 0.03574980 0.00249916 -0.03488182
v 0.03580779 0.00249916 -0.03493910
v 0.02822489 0.00249928 -0.04128329
v -0.01955087 0.00249994 0.04589288
v -0.02824522 0.00249994 0.04110228
v -0.02829135 0.00249994 0.04116957
v -0.01958312 0.00249994 0.04596739
v 0.01944399 0.00249928 -0.04597037
v 0.01947607 0.00249928 -0.04604577
v -0.01002266 0.00249976 0.04888111
v -0.01003923 0.00249976 0.04896086
v 0.00989206 0.00249946 -0.04890090
v 0.00990816 0.00249946 -0.04898077
v 0.00988535 0.00249946 0.04893368
v -0.00006623 0.00249958 0.04987967
v -0.00006634 0.00249958 0.04996109
v 0.00990151 0.00249946 0.04901355
v -0.01000038 0.00249958 -0.04886955
v -0.00006464 0.00249958 -0.04989808
v -0.00006475 0.00249958 -0.04997950
v -0.01001671 0.00249958 -0.04894948
v 0.01940111 0.00249928 0.04600758
v 0.01943276 0.00249928 0.04608232
v 0.04908645 0.00249809 -0.00937323
v 0.04916656 0.00249809 -0.00938861
v -0.01948014 0.00249946 -0.04590291
v -0.01951227 0.00249946 -0.04597796
v 0.02808927 0.00249928 0.04129679
v 0.02813511 0.00249928 0.04136438
v -0.02811931 0.00249994 -0.04117007
v -0.02816521 0.00249994 -0.04123730
v 0.03562312 0.00249928 0.03503413
v 0.03568093 0.00249928 0.03509141
v -0.04614680 0.00250006 -0.01884932
v -0.04169361 0.00249928 -0.02734453
v -0.04176204 0.00249928 -0.02738894
v -0.04622214 0.00250006 -0.01887997
v -0.03559898 0.00249928 -0.03490717
v -0.03565674 0.00249928 -0.03496415
v 0.04175632 0.00249916 0.02745742
v 0.04182445 0.00249916 0.02750201
v 0.04624961 0.00249898 0.01892634
v 0.04632544 0.00249898 0.01895686
v -0.04889523 0.00249916 -0.00971802
v -0.04614680 0.00250006 -0.01884932
v -0.04622214 0.00250006 -0.01887997
v -0.04897511 0.00249916 -0.00973375
v 0.04902058 0.00249898 0.00974555
v 0.04624961 0.00249898 0.01892634
v 0.04632544 0.00249898 0.01895686
v 0.04910057 0.00249898 0.00976153
v -0.04986119 0.00250018 -0.00018342
v -0.04994255 0.00250018 -0.00018378
v 0.04998856 0.00249898 0.00017043
v 0.05007052 0.00249898 0.00017066
v 0.04998856 0.00249898 0.00017043
v 0.05007052 0.00249898 0.00017066
v -0.01001671 0.00249958 -0.04894948
v -0.00006475 0.00249958 -0.04997950
v -0.00006475 0.00095255 -0.04997950
v -0.01001671 0.00095266 -0.04894948
v 0.01943276 0.00249928 0.04608232
v 0.00990151 0.00249946 0.04901355
v 0.00990151 0.00095249 0.04901355
v 0.01943276 0.00095222 0.04608232
v 0.04644663 0.00249827 -0.01864568
v 0.04916656 0.00249809 -0.00938861
v 0.04916656 0.00095103 -0.00938861
v 0.04644663 0.00095128 -0.01864568
v -0.01951227 0.00249946 -0.04597796
v -0.01951227 0.00095246 -0.04597796
v 0.02813511 0.00249928 0.04136438
v 0.02813511 0.00095233 0.04136438
v 0.00990816 0.00249946 -0.04898077
v 0.00990816 0.00095245 -0.04898077
v -0.02816521 0.00249994 -0.04123730
v -0.02816521 0.00095288 -0.04123730
v 0.03568093 0.00249928 0.03509141
v 0.03568093 0.00095224 0.03509141
v -0.04622214 0.00250006 -0.01887997
v -0.04176204 0.00249928 -0.02738894
v -0.04176204 0.00095230 -0.02738894
v -0.04622214 0.00095309 -0.01887997
v -0.03565674 0.00249928 -0.03496415
v -0.03565674 0.00095224 -0.03496415
v 0.04182445 0.00249916 0.02750201
v 0.03568093 0.00249928 0.03509141
v 0.03568093 0.00095224 0.03509141
v 0.04182445 0.00095217 0.02750201
v -0.04191489 0.00250006 0.02717935
v -0.04637110 0.00249916 0.01854018
v -0.04637110 0.00095212 0.01854018
v -0.04191489 0.00095310 0.02717935
v -0.03565674 0.00249928 -0.03496415
v -0.03565674 0.00095224 -0.03496415
v 0.04632544 0.00249898 0.01895686
v 0.04632544 0.00095192 0.01895686
v -0.04897511 0.00249916 -0.00973375
v -0.04897511 0.00095218 -0.00973375
v 0.04910057 0.00249898 0.00976153
v 0.04910057 0.00095206 0.00976153
v -0.04994255 0.00250018 -0.00018378
v -0.04994255 0.00095315 -0.00018378
v 0.05007052 0.00249898 0.00017066
v 0.05007052 0.00095204 0.00017066
v -0.04905498 0.00250018 0.00932376
v -0.04905498 0.00095315 0.00932376
v 0.04196644 0.00249916 -0.02727585
v 0.04196644 0.00095210 -0.02727585
v -0.03582258 0.00250006 0.03480868
v -0.03582258 0.00095304 0.03480868
v 0.03580779 0.00249916 -0.03493910
v 0.03580779 0.00095216 -0.03493910
v -0.02829135 0.00249994 0.04116957
v -0.03582258 0.00250006 0.03480868
v -0.03582258 0.00095304 0.03480868
v -0.02829135 0.00095296 0.04116957
v 0.02822489 0.00249928 -0.04128329
v 0.03580779 0.00249916 -0.03493910
v 0.03580779 0.00095216 -0.03493910
v 0.02822489 0.00095224 -0.04128329
v -0.01958312 0.00249994 0.04596739
v -0.01958312 0.00095287 0.04596739
v 0.01947607 0.00249928 -0.04604577
v 0.01947607 0.00095234 -0.04604577
v -0.01003923 0.00249976 0.04896086
v -0.01003923 0.00095276 0.04896086
v -0.00006634 0.00249958 0.04996109
v -0.00006634 0.00095265 0.04996109
v 0.04619030 0.09637987 0.05900081
v 0.04619031 0.09631145 0.04181546
v 0.04169004 0.10485520 0.04027159
v 0.04169003 0.10492920 0.05900057
v 0.04903083 0.06768512 0.03793629
v 0.04903089 0.06693685 0.02910705
v 0.04993515 0.07636690 0.02366622
v 0.04993491 0.07721859 0.03433640
v -0.04909839 0.06767612 0.05900149
v -0.04909838 0.06762611 0.04700104
v -0.04634579 0.05848062 0.04865245
v -0.04634579 0.05852532 0.05900066
v 0.04896531 0.08717966 0.05900069
v 0.04896532 0.08711707 0.04347701
v -0.05006512 0.07723075 0.05900054
v -0.05006512 0.07717454 0.04527405
v 0.04993466 0.07758420 0.05900069
v 0.04993467 0.07752776 0.04521044
v -0.04917736 0.08674293 0.05900054
v -0.04917736 0.08668059 0.04355637
v 0.04903070 0.06802028 0.05900164
v 0.04903071 0.06797009 0.04693849
v -0.04649372 0.09596377 0.05900161
v -0.04649372 0.09589576 0.04189197
v 0.04183171 0.05012387 0.05900068
v 0.04183172 0.05008482 0.05017013
v 0.04631106 0.05871433 0.04861135
v 0.04631106 0.05875843 0.05900104
v -0.03594698 0.11224000 0.05900054
v -0.03594697 0.11216150 0.03895091
v -0.04203845 0.10453340 0.04032986
v -0.04203846 0.10460710 0.05900054
v 0.03567341 0.04245764 0.05900068
v 0.03567341 0.04242318 0.05155463
v -0.02841647 0.11860400 0.05900054
v -0.02841640 0.11852140 0.03780179
v 0.02809141 0.03611004 0.05900068
v 0.02809141 0.03608000 0.05270130
v 0.03567341 0.04242318 0.05155463
v 0.03567341 0.04245764 0.05900068
v -0.01970913 0.12340440 0.05900055
v -0.01970912 0.12331870 0.03693478
v 0.01934371 0.03134572 0.05900068
v 0.01934371 0.03131872 0.05356138
v -0.01016672 0.12639880 0.05900055
v -0.01016665 0.12631130 0.03639394
v 0.00977705 0.02840936 0.05900067
v 0.00977699 0.02838397 0.05409193
v 0.00977151 0.12645130 0.05900055
v 0.00977151 0.12636361 0.03638452
v -0.00019500 0.12731150 0.03621304
v -0.00019502 0.12739970 0.05900055
v -0.01014562 0.02844083 0.05900067
v -0.01014562 0.02841562 0.05408614
v -0.00019462 0.02738535 0.05427271
v -0.00019462 0.02740985 0.05900067
v 0.01930145 0.12351890 0.05900080
v 0.01930146 0.12343320 0.03691412
v -0.01963957 0.03141385 0.05900078
v -0.01963957 0.03138685 0.05354945
v 0.02800254 0.11879810 0.05900056
v 0.02800255 0.11871540 0.03776628
v -0.02829130 0.03615707 0.05900066
v -0.02829130 0.03612697 0.05269282
v 0.03554771 0.11252240 0.05900056
v 0.03554772 0.11244360 0.03889984
v -0.04188617 0.04997313 0.05019121
v -0.04188617 0.05001211 0.05900101
v -0.03578188 0.04243326 0.05900101
v -0.03578188 0.04239892 0.05155997
v 0.03554772 0.11244360 0.03889984
v 0.03554771 0.11252240 0.05900056
v -0.04203846 0.10460710 0.05900054
v -0.04203845 0.10453340 0.04032986
v -0.03578188 0.04239892 0.05155997
v -0.03578188 0.04243326 0.05900101
v 0.02809452 0.03222531 0.04266960
v 0.02809571 0.03032732 0.04204840
v 0.03567360 0.03397709 0.03587205
v 0.03567360 0.03690594 0.03673023
v -0.04649354 0.09554076 0.02742079
v -0.04649305 0.09449088 0.01321105
v -0.04917694 0.08539795 0.01845435
v -0.04917712 0.08634853 0.03088943
v 0.04183172 0.04984492 0.04466814
v 0.04183172 0.04928958 0.03928412
v 0.04631107 0.05780392 0.03437382
v 0.04631107 0.05845230 0.04142042
v -0.03594620 0.11176550 0.02129655
v -0.03594589 0.11053970 0.00395327
v -0.04203706 0.10301320 0.00829451
v -0.04203791 0.10415650 0.02416830
v 0.03567341 0.04220247 0.04755301
v 0.03567341 0.04172950 0.04364414
v -0.02841563 0.11810940 0.01890223
v -0.02841550 0.11681500 0.00033396
v 0.02809147 0.03587484 0.04994125
v 0.02809147 0.03547072 0.04725463
v 0.03567341 0.04172950 0.04364414
v 0.03567341 0.04220247 0.04755301
v -0.01970894 0.12289470 0.01709609
v -0.01961779 0.12083970 -0.00215483
v 0.01934383 0.03112548 0.05173380
v 0.01934401 0.03077280 0.04996408
v -0.01016604 0.12587970 0.01596945
v -0.01016587 0.12450120 -0.00409931
v 0.00977723 0.02819836 0.05283862
v 0.00977747 0.02787733 0.05163449
v 0.00977176 0.12593199 0.01594930
v 0.00977200 0.12455300 -0.00412905
v -0.00019453 0.12548810 -0.00466877
v -0.00019476 0.12687740 0.01559275
v -0.01014508 0.02822971 0.05282682
v -0.01014484 0.02790838 0.05161643
v -0.00019415 0.02689146 0.05220276
v -0.00019438 0.02720201 0.05321455
v 0.01930182 0.12300890 0.01705283
v 0.01930207 0.12166160 -0.00246113
v -0.01963945 0.03119349 0.05170839
v -0.01963933 0.03083992 0.04992585
v 0.02800266 0.11830290 0.01882929
v 0.02800345 0.11700640 0.00022382
v -0.02829130 0.03592175 0.04992335
v -0.02829130 0.03551679 0.04722755
v 0.03554820 0.11204680 0.02119071
v 0.03554832 0.11081810 0.00379349
v -0.04634578 0.05821967 0.04150633
v -0.04634578 0.05757325 0.03450362
v -0.04188622 0.04917949 0.03934734
v -0.04188617 0.04973340 0.04471080
v -0.03578188 0.04217845 0.04756241
v -0.03578187 0.04170620 0.04365782
v 0.04169022 0.10447750 0.02404780
v 0.04169106 0.10333070 0.00811274
v 0.03554832 0.11081810 0.00379349
v 0.03554820 0.11204680 0.02119071
v -0.04203791 0.10415650 0.02416830
v -0.04203706 0.10301320 0.00829451
v -0.03578187 0.04170620 0.04365782
v -0.03578188 0.04217845 0.04756241
v 0.04619049 0.09595525 0.02726490
v 0.04619127 0.09490072 0.01297576
v -0.04909826 0.06734198 0.03806440
v -0.04909820 0.06659740 0.02930001
v 0.04896568 0.08678388 0.03072651
v 0.04896604 0.08582860 0.01820870
v -0.05006505 0.07686626 0.03446857
v -0.05006481 0.07601839 0.02386478
v -0.01011612 0.02467381 0.04915434
v -0.01009895 0.02339524 0.04901248
v -0.00013900 0.02320981 0.05002892
v -0.00015987 0.02428323 0.05016714
v -0.01969270 0.09659564 -0.03911227
v -0.01968800 0.08051770 -0.04302627
v -0.02838914 0.07775777 -0.03835553
v -0.02839564 0.09305590 -0.03462130
v 0.01935038 0.02871209 0.04712827
v 0.01935301 0.02758800 0.04668528
v -0.01015411 0.09880369 -0.04191523
v -0.01015065 0.08223551 -0.04594296
v 0.00978713 0.02654689 0.04987818
v 0.00979034 0.02590012 0.04954648
v 0.00978245 0.09884238 -0.04196268
v 0.00978585 0.08226752 -0.04599123
v -0.00018123 0.08281475 -0.04692095
v -0.00018448 0.09954172 -0.04285591
v -0.01013680 0.02657020 0.04984670
v -0.01013400 0.02591836 0.04951328
v -0.00018075 0.02532559 0.05051416
v -0.00018409 0.02580994 0.05080968
v 0.01931543 0.09668016 -0.03921501
v 0.01931979 0.08058357 -0.04313247
v 0.04631130 0.04892683 0.02147706
v 0.04631148 0.04334998 0.02000763
v 0.04903715 0.04867506 0.01099058
v 0.04903547 0.05575639 0.01280727
v -0.01963474 0.02876240 0.04706019
v -0.01963319 0.02762794 0.04661386
v 0.02802045 0.09319889 -0.03478853
v 0.02802599 0.07786911 -0.03852694
v -0.02829063 0.03226006 0.04261105
v -0.02829057 0.03035455 0.04198425
v -0.01963319 0.02762794 0.04661386
v -0.01963474 0.02876240 0.04706019
v 0.03555209 0.08859539 -0.02876680
v 0.03557516 0.07426089 -0.03240256
v 0.02802599 0.07786911 -0.03852694
v 0.02802045 0.09319889 -0.03478853
v -0.04634733 0.04875427 0.02162979
v -0.04634762 0.04321551 0.02015368
v -0.04188878 0.03832155 0.02846615
v -0.04188777 0.04247725 0.02961855
v -0.03578491 0.03688848 0.03672354
v -0.03578604 0.03396368 0.03585820
v 0.04171217 0.08297199 -0.02178209
v 0.04171891 0.06989508 -0.02499418
v -0.04201542 0.08273464 -0.02152414
v -0.04200821 0.06971025 -0.02473408
v -0.04646426 0.06474173 -0.01632752
v -0.04647104 0.07636213 -0.01343997
v 0.04621041 0.07666790 -0.01376490
v 0.04621715 0.06497973 -0.01665262
v -0.04909420 0.05550289 0.01305143
v -0.04909276 0.04847759 0.01122848
v 0.04898113 0.06988352 -0.00514082
v 0.04898583 0.05968976 -0.00767980
v -0.05005455 0.06254768 0.00410490
v -0.05005145 0.05396997 0.00192277
v 0.04994481 0.06280797 0.00384458
v 0.04994851 0.05417311 0.00166650
v -0.04916054 0.06956177 -0.00481005
v -0.04915529 0.05943924 -0.00735159
v -0.04647104 0.07636213 -0.01343997
v -0.04646426 0.06474173 -0.01632752
v 0.04183047 0.04255884 0.02955634
v 0.04183029 0.03838497 0.02841050
v -0.03592293 0.08836311 -0.02866895
v -0.03591536 0.07409876 -0.03216523
v 0.03567360 0.03690594 0.03673023
v 0.03567360 0.03397709 0.03587205
v -0.03579778 0.02591449 0.03496103
v -0.04189635 0.02727890 0.02736621
v -0.04190916 0.02064174 0.02717583
v -0.03581805 0.02064168 0.03480367
v 0.01934738 0.06071341 -0.04504268
v 0.01937570 0.04050964 -0.04595236
v 0.00982984 0.04103744 -0.04888337
v 0.00980784 0.06182473 -0.04794925
v 0.04631285 0.03616631 0.01920087
v 0.04631416 0.02885264 0.01886030
v 0.04905802 0.03051990 0.00963612
v 0.04904747 0.03967714 0.01004227
v -0.01962323 0.02580136 0.04620259
v -0.01961399 0.02393054 0.04603319
v 0.02806134 0.05892390 -0.04035287
v 0.02809704 0.03965950 -0.04121761
v 0.00983040 0.02338927 0.04905326
v 0.00981037 0.02466171 0.04919153
v -0.02829034 0.02759915 0.04148655
v -0.02828974 0.02478462 0.04126947
v -0.01961399 0.02393054 0.04603319
v -0.01962323 0.02580136 0.04620259
v 0.03561628 0.05654484 -0.03411417
v 0.03565825 0.03852999 -0.03491651
v -0.04635114 0.03607738 0.01924602
v -0.04635430 0.02881062 0.01880399
v -0.04189230 0.03285121 0.02771859
v -0.03579188 0.02997869 0.03524320
v 0.04176289 0.05366683 -0.02656977
v 0.04180736 0.03716284 -0.02729850
v 0.03565825 0.03852999 -0.03491651
v 0.03561628 0.05654484 -0.03411417
v -0.04196237 0.05354475 -0.02637452
v -0.04191636 0.03710556 -0.02717037
v -0.04637389 0.03555071 -0.01859422
v -0.04641907 0.05026984 -0.01784797
v 0.04625786 0.05042576 -0.01807455
v 0.04629851 0.03562361 -0.01872030
v -0.04908502 0.03954732 0.01015965
v -0.04907691 0.03045850 0.00963203
v 0.04901748 0.04693830 -0.00894145
v 0.04904919 0.03396767 -0.00950305
v -0.05003041 0.04316800 0.00070457
v -0.05000931 0.03217816 0.00010626
v 0.04996949 0.04330164 0.00055678
v 0.04999053 0.03224050 0.00006814
v -0.04912132 0.04677367 -0.00873228
v -0.04908746 0.03388983 -0.00941463
v -0.04641907 0.05026984 -0.01784797
v -0.04637389 0.03555071 -0.01859422
v 0.04182820 0.03289294 0.02773119
v 0.04182594 0.02729809 0.02744753
v -0.03586750 0.05643802 -0.03392178
v -0.03581958 0.03847914 -0.03477115
v 0.03567444 0.02998661 0.03530652
v 0.03567486 0.02591812 0.03507323
v -0.02834772 0.05885082 -0.04020227
v -0.02830629 0.03962492 -0.04108888
v 0.02810203 0.02758055 0.04157514
v 0.02810870 0.02477562 0.04138202
v 0.03567486 0.02591812 0.03507323
v 0.03567444 0.02998661 0.03530652
v -0.01965556 0.06066989 -0.04494221
v -0.01962315 0.04048877 -0.04585887
v 0.01936685 0.02577501 0.04628283
v 0.01938120 0.02391803 0.04612142
v -0.01012615 0.06180495 -0.04790318
v -0.01010129 0.04102820 -0.04884070
v -0.00013894 0.04120796 -0.04985386
v -0.00016008 0.06215775 -0.04891461
v 0.04644055 0.02063989 -0.01864318
v 0.04196132 0.02064073 -0.02727251
v -0.04904854 0.02064180 0.00932257
v -0.04636503 0.02064073 0.01853768
v 0.04916006 0.02063930 -0.00938742
v -0.04993563 0.02064180 -0.00018378
v 0.05006361 0.02064067 0.00017066
v -0.04896897 0.02064079 -0.00973256
v 0.04909420 0.02064067 0.00976022
v -0.04621612 0.02064174 -0.01887758
v 0.04181860 0.02064079 0.02749867
v 0.04631899 0.02064055 0.01895471
v -0.03565221 0.02064085 -0.03495962
v -0.04175656 0.02064085 -0.02738554
v 0.03567635 0.02064085 0.03508688
v -0.02816151 0.02064150 -0.04123182
v 0.02813141 0.02064085 0.04135860
v 0.03567635 0.02064085 0.03508688
v -0.01950972 0.02064085 -0.04597194
v 0.01943020 0.02064085 0.04607624
v -0.01001540 0.02064096 -0.04894310
v 0.00990020 0.02064085 0.04900676
v -0.00006474 0.02064085 -0.04997313
v -0.01003774 0.02064102 0.04895406
v -0.00006633 0.02064090 0.04995483
v 0.01947350 0.02064085 -0.04603975
v 0.00990690 0.02064085 -0.04897433
v -0.01958055 0.02064150 0.04596142
v 0.02822114 0.02064085 -0.04127817
v -0.02828748 0.02064162 0.04116409
v -0.01958055 0.02064150 0.04596142
v 0.03580308 0.02064079 -0.03493445
v 0.03580308 0.02064079 -0.03493445
v -0.04621612 0.02064174 -0.01887758
v -0.02832454 0.11251960 -0.01456780
v -0.02840208 0.10525670 -0.02692217
v -0.03593056 0.09974426 -0.02147884
v -0.03593820 0.10700890 -0.01018793
v 0.03567348 0.04087281 0.04070730
v 0.03567354 0.03929913 0.03829891
v 0.04183064 0.04593986 0.03173919
v 0.04183136 0.04813838 0.03512002
v -0.04202270 0.09313261 -0.01494641
v -0.04202967 0.09977483 -0.00462414
v 0.04631113 0.05341953 0.02435190
v 0.04631113 0.05632269 0.02882798
v -0.04648578 0.09158390 0.00167416
v -0.04647845 0.08564674 -0.00755347
v -0.04916608 0.07765883 0.00033657
v -0.04917109 0.08284413 0.00839428
v 0.04903238 0.06510049 0.02207728
v 0.04903387 0.06144177 0.01642551
v 0.04994153 0.06972551 0.00823279
v 0.04993844 0.07416391 0.01510127
v -0.05005770 0.06941956 0.00848512
v -0.05006141 0.07382899 0.01533202
v 0.04897618 0.07803696 0.00001831
v 0.04897075 0.08325797 0.00810571
v -0.04909558 0.06114405 0.01666478
v -0.04909689 0.06477427 0.02229837
v 0.04620409 0.08600628 -0.00786440
v 0.04619777 0.09197759 0.00139482
v -0.04634691 0.05321693 0.02450483
v -0.04634601 0.05610096 0.02897266
v 0.04170520 0.09341150 -0.01519112
v 0.04169780 0.10008000 -0.00484257
v -0.04188645 0.04803282 0.03518609
v -0.04188747 0.04584348 0.03180479
v -0.03578413 0.03927832 0.03829841
v -0.03578319 0.04085022 0.04071455
v -0.04202967 0.09977483 -0.00462414
v -0.04202270 0.09313261 -0.01494641
v 0.03548337 0.09984469 -0.02110343
v 0.03555536 0.10727640 -0.01038222
v -0.02829112 0.03384155 0.04367881
v -0.02829118 0.03490144 0.04529344
v 0.02801461 0.10542480 -0.02707820
v 0.02767092 0.11293940 -0.01425569
v -0.01963629 0.02973330 0.04774486
v -0.01963778 0.03040629 0.04875486
v -0.00019080 0.02661103 0.05167371
v -0.00018745 0.02626496 0.05117255
v 0.00978391 0.02713066 0.05031996
v 0.00978069 0.02755856 0.05094689
v 0.02767092 0.11293940 -0.01425569
v 0.02801461 0.10542480 -0.02707820
v 0.01931108 0.10951390 -0.03112333
v 0.01930661 0.11769860 -0.01840501
v -0.01963778 0.03040629 0.04875486
v -0.01963629 0.02973330 0.04774486
v -0.01013960 0.02715796 0.05029207
v -0.01014204 0.02758806 0.05092293
v 0.00977905 0.11205390 -0.03363502
v 0.00977553 0.12047770 -0.02054351
v -0.00019112 0.12137650 -0.02123695
v -0.00018778 0.11287540 -0.03445065
v -0.01015829 0.11200850 -0.03359133
v -0.01016216 0.12042790 -0.02050596
v 0.01934854 0.02967405 0.04780609
v 0.01934591 0.03034150 0.04880578
v -0.01969819 0.10941460 -0.03102845
v -0.01970308 0.11759000 -0.01832325
v 0.02809368 0.03380084 0.04372937
v 0.02809261 0.03485655 0.04533297
v 0.02809261 0.03485655 0.04533297
v 0.02809368 0.03380084 0.04372937
v -0.02840208 0.10525670 -0.02692217
v -0.03593056 0.09974426 -0.02147884
v -0.04202270 0.09313261 -0.01494641
v -0.04201542 0.08273464 -0.02152414
v -0.00018745 0.02626496 0.05117255
v 0.00978391 0.02713066 0.05031996
v 0.02801461 0.10542480 -0.02707820
v 0.01931108 0.10951390 -0.03112333
v -0.01013680 0.02657020 0.04984670
v -0.01013960 0.02715796 0.05029207
v 0.00977905 0.11205390 -0.03363502
v -0.01013960 0.02715796 0.05029207
v -0.00018778 0.11287540 -0.03445065
v -0.01015829 0.11200850 -0.03359133
v 0.01934854 0.02967405 0.04780609
v -0.01969819 0.10941460 -0.03102845
v 0.02809368 0.03380084 0.04372937
v 0.03567354 0.03929913 0.03829891
v 0.03567348 0.04087281 0.04070730
v -0.02829118 0.03490144 0.04529344
v 0.02800345 0.11700640 0.00022382
v -0.02829130 0.03551679 0.04722755
v 0.03557516 0.07426089 -0.03240256
v -0.02816151 0.01839989 -0.04123182
v -0.03565221 0.01839900 -0.03495962
v 0.03567635 0.01839900 0.03508688
v 0.04181860 0.01839900 0.02749867
v -0.04636503 0.01839900 0.01853768
v -0.04190916 0.01840013 0.02717583
v -0.04175656 0.01839900 -0.02738554
v 0.04631899 0.01839894 0.01895471
v -0.04621612 0.01840013 -0.01887758
v -0.04896897 0.01839900 -0.00973256
v 0.04909420 0.01839900 0.00976022
v -0.04993563 0.01840019 -0.00018378
v 0.05006361 0.01839900 0.00017066
v -0.04904854 0.01840019 0.00932257
v 0.04916006 0.01839768 -0.00938742
v 0.04644055 0.01839834 -0.01864318
v 0.04196132 0.01839900 -0.02727251
v -0.03581805 0.01840007 0.03480367
v 0.03580308 0.01839900 -0.03493445
v -0.02828748 0.01840001 0.04116409
v 0.03580308 0.01839900 -0.03493445
v 0.02822114 0.01839900 -0.04127817
v -0.01958055 0.01839989 0.04596142
v 0.01947350 0.01839900 -0.04603975
v -0.01958055 0.01839989 0.04596142
v -0.01003774 0.01839983 0.04895406
v 0.00990690 0.01839911 -0.04897433
v -0.00006633 0.01839971 0.04995483
v 0.00990020 0.01839917 0.04900676
v -0.00006474 0.01839959 -0.04997313
v -0.01001540 0.01839971 -0.04894310
v 0.01943020 0.01839900 0.04607624
v -0.01950972 0.01839911 -0.04597194
v 0.02813141 0.01839900 0.04135860
v 0.03567635 0.01839900 0.03508688
v -0.04621612 0.01840013 -0.01887758
v 0.05006361 0.01839900 0.00017066
v 0.04909420 0.01839900 0.00976022
v 0.04903316 0.01839900 0.00974794
v 0.05000144 0.01839900 0.00017043
v -0.04904854 0.01840019 0.00932257
v -0.04993563 0.01840019 -0.00018378
v -0.04987365 0.01840019 -0.00018354
v -0.04898715 0.01840019 0.00931088
v 0.04916006 0.01839768 -0.00938742
v 0.04909873 0.01839768 -0.00937561
v -0.04636503 0.01839900 0.01853768
v -0.04630679 0.01839900 0.01851455
v 0.04196132 0.01839900 -0.02727251
v 0.04644055 0.01839834 -0.01864318
v 0.04638219 0.01839834 -0.01861994
v 0.04190887 0.01839900 -0.02723818
v -0.03581805 0.01840007 0.03480367
v -0.04190916 0.01840013 0.02717583
v -0.04185719 0.01840013 0.02714168
v -0.03577304 0.01840007 0.03476064
v 0.03580308 0.01839900 -0.03493445
v 0.04196132 0.01839900 -0.02727251
v 0.04190887 0.01839900 -0.02723818
v 0.03575874 0.01839900 -0.03489082
v -0.02828748 0.01840001 0.04116409
v -0.02825231 0.01840001 0.04111283
v 0.02822114 0.01839900 -0.04127817
v 0.02818597 0.01839900 -0.04122667
v -0.01958055 0.01839989 0.04596142
v -0.01955611 0.01839989 0.04590403
v 0.01947350 0.01839900 -0.04603975
v 0.01944919 0.01839900 -0.04598217
v -0.01003774 0.01839983 0.04895406
v -0.01002546 0.01839983 0.04889339
v 0.00990690 0.01839911 -0.04897433
v 0.00989451 0.01839911 -0.04891318
v 0.00990020 0.01839917 0.04900676
v -0.00006633 0.01839971 0.04995483
v -0.00006625 0.01839971 0.04989248
v 0.00988786 0.01839917 0.04894596
v -0.01003774 0.01839983 0.04895406
v -0.01002546 0.01839983 0.04889339
v -0.01001540 0.01839971 -0.04894310
v -0.00006474 0.01839959 -0.04997313
v -0.00006466 0.01839959 -0.04991096
v -0.01000301 0.01839971 -0.04888170
v 0.01943020 0.01839900 0.04607624
v 0.00990020 0.01839917 0.04900676
v 0.00988786 0.01839917 0.04894596
v 0.01940594 0.01839900 0.04601878
v -0.01950972 0.01839911 -0.04597194
v -0.01001540 0.01839971 -0.04894310
v -0.01000301 0.01839971 -0.04888170
v -0.01948540 0.01839911 -0.04591460
v 0.02813141 0.01839900 0.04135860
v 0.02809601 0.01839900 0.04130728
v -0.02816151 0.01839989 -0.04123182
v -0.02812617 0.01839989 -0.04118044
v 0.03567635 0.01839900 0.03508688
v 0.03563206 0.01839900 0.03504313
v -0.04621612 0.01840013 -0.01887758
v -0.04175656 0.01839900 -0.02738554
v -0.04170404 0.01839900 -0.02735127
v -0.04615861 0.01840013 -0.01885410
v -0.03565221 0.01839900 -0.03495962
v -0.03560786 0.01839900 -0.03491599
v 0.04181860 0.01839900 0.02749867
v 0.04176675 0.01839900 0.02746434
v -0.04190916 0.01840013 0.02717583
v -0.04185719 0.01840013 0.02714168
v 0.04631899 0.01839894 0.01895471
v 0.04626136 0.01839894 0.01893099
v -0.04896897 0.01839900 -0.00973256
v -0.04890745 0.01839900 -0.00972040
v 0.03575874 0.01839900 -0.03489082
v 0.04190887 0.01839900 -0.02723818
v 0.04190887 0.01627248 -0.02723818
v 0.03575874 0.01627254 -0.03489082
v -0.02825231 0.01840001 0.04111283
v -0.03577304 0.01840007 0.03476064
v -0.03577304 0.01627326 0.03476064
v -0.02825231 0.01627326 0.04111283
v 0.02818597 0.01839900 -0.04122667
v 0.03575874 0.01839900 -0.03489082
v 0.03575874 0.01627254 -0.03489082
v 0.02818597 0.01627266 -0.04122667
v -0.01955611 0.01839989 0.04590403
v -0.01955611 0.01627326 0.04590403
v 0.01944919 0.01839900 -0.04598217
v 0.01944919 0.01627272 -0.04598217
v -0.01002546 0.01839983 0.04889339
v -0.01955611 0.01839989 0.04590403
v -0.01955611 0.01627326 0.04590403
v -0.01002546 0.01627314 0.04889339
v 0.00989451 0.01839911 -0.04891318
v 0.00989451 0.01627284 -0.04891318
v 0.00988786 0.01839917 0.04894596
v -0.00006625 0.01839971 0.04989248
v -0.00006625 0.01627308 0.04989248
v 0.00988786 0.01627290 0.04894596
v -0.01000301 0.01839971 -0.04888170
v -0.00006466 0.01839959 -0.04991096
v -0.00006466 0.01627296 -0.04991096
v -0.01000301 0.01627308 -0.04888170
v 0.01940594 0.01839900 0.04601878
v 0.01940594 0.01627260 0.04601878
v 0.04638219 0.01839834 -0.01861994
v 0.04909873 0.01839768 -0.00937561
v 0.04909873 0.01627141 -0.00937561
v 0.04638219 0.01627171 -0.01861994
v -0.01948540 0.01839911 -0.04591460
v -0.01948540 0.01627284 -0.04591460
v 0.02809601 0.01839900 0.04130728
v 0.02809601 0.01627272 0.04130728
v -0.02812617 0.01839989 -0.04118044
v -0.02812617 0.01627326 -0.04118044
v 0.03563206 0.01839900 0.03504313
v 0.03563206 0.01627266 0.03504313
v -0.04615861 0.01840013 -0.01885410
v -0.04170404 0.01839900 -0.02735127
v -0.04170404 0.01627272 -0.02735127
v -0.04615861 0.01627326 -0.01885410
v -0.03560786 0.01839900 -0.03491599
v -0.03560786 0.01627266 -0.03491599
v 0.04176675 0.01839900 0.02746434
v 0.03563206 0.01839900 0.03504313
v 0.03563206 0.01627266 0.03504313
v 0.04176675 0.01627254 0.02746434
v -0.04185719 0.01840013 0.02714168
v -0.04630679 0.01839900 0.01851455
v -0.04630679 0.01627254 0.01851455
v -0.04185719 0.01627326 0.02714168
v 0.04626136 0.01839894 0.01893099
v 0.04626136 0.01627230 0.01893099
v -0.04890745 0.01839900 -0.00972040
v -0.04615861 0.01840013 -0.01885410
v -0.04615861 0.01627326 -0.01885410
v -0.04890745 0.01627260 -0.00972040
v 0.04903316 0.01839900 0.00974794
v 0.04903316 0.01627248 0.00974794
v -0.04987365 0.01840019 -0.00018354
v -0.04987365 0.01627326 -0.00018354
v 0.05000144 0.01839900 0.00017043
v 0.05000144 0.01627242 0.00017043
v -0.04898715 0.01840019 0.00931088
v -0.04898715 0.01627326 0.00931088
v 0.02800253 0.11879810 0.08317429
v 0.01930144 0.12351890 0.08317441
v 0.01930144 0.12351890 0.08440096
v 0.02800253 0.11879810 0.08440084
v -0.00019462 0.02740985 0.08317428
v 0.00977704 0.02840936 0.08317428
v 0.00977704 0.02840936 0.08440084
v -0.00019462 0.02740985 0.08440083
v -0.02829131 0.03615707 0.08317427
v -0.01963958 0.03141385 0.08317463
v -0.01963958 0.03141385 0.08440118
v -0.02829131 0.03615707 0.08440082
v 0.03554770 0.11252230 0.08317429
v 0.03554770 0.11252230 0.08440084
v -0.04634580 0.05852532 0.08317427
v -0.04188618 0.05001211 0.08317499
v -0.04188618 0.05001211 0.08440153
v -0.04634580 0.05852532 0.08440082
v -0.03578189 0.04243326 0.08317499
v -0.03578189 0.04243326 0.08440153
v 0.04169002 0.10492920 0.08317429
v 0.03554770 0.11252230 0.08317429
v 0.03554770 0.11252230 0.08440084
v 0.04169002 0.10492920 0.08440085
v -0.04203847 0.10460710 0.08317427
v -0.04649373 0.09596377 0.08317523
v -0.04649373 0.09596377 0.08440176
v -0.04203847 0.10460710 0.08440082
v -0.03578189 0.04243326 0.08317499
v -0.03578189 0.04243326 0.08440153
v 0.04619029 0.09637987 0.08317442
v 0.04619029 0.09637987 0.08440097
v -0.04909840 0.06767606 0.08317523
v -0.04909840 0.06767606 0.08440176
v 0.04896530 0.08717966 0.08317430
v 0.04896530 0.08717966 0.08440085
v -0.05006513 0.07723075 0.08317426
v -0.05006513 0.07723075 0.08440082
v 0.04993465 0.07758420 0.08317430
v 0.04993465 0.07758420 0.08440085
v -0.04917737 0.08674293 0.08317426
v -0.04917737 0.08674293 0.08440082
v 0.04903069 0.06802028 0.08317538
v 0.04903069 0.06802028 0.08440191
v 0.04183170 0.05012387 0.08317429
v 0.04631105 0.05875843 0.08317514
v 0.04631105 0.05875843 0.08440168
v 0.04183170 0.05012387 0.08440085
v -0.03594699 0.11224000 0.08317427
v -0.04203847 0.10460710 0.08317427
v -0.04203847 0.10460710 0.08440082
v -0.03594699 0.11224000 0.08440082
v 0.03567340 0.04245764 0.08317429
v 0.03567340 0.04245764 0.08440084
v -0.02841648 0.11860400 0.08317427
v -0.02841648 0.11860400 0.08440082
v 0.02809140 0.03611004 0.08317429
v 0.03567340 0.04245764 0.08317429
v 0.03567340 0.04245764 0.08440084
v 0.02809140 0.03611004 0.08440084
v -0.01970914 0.12340440 0.08317427
v -0.01970914 0.12340440 0.08440083
v 0.01934370 0.03134572 0.08317429
v 0.01934370 0.03134572 0.08440084
v -0.01016673 0.12639880 0.08317416
v -0.01016673 0.12639880 0.08440071
v 0.00977150 0.12645130 0.08317428
v -0.00019503 0.12739959 0.08317416
v -0.00019503 0.12739959 0.08440083
v 0.00977150 0.12645130 0.08440084
v -0.01014563 0.02844083 0.08317428
v -0.01014563 0.02844083 0.08440083
v 0.04619029 0.09637987 0.08440097
v 0.04169002 0.10492920 0.08440085
v 0.04161182 0.10487770 0.08440085
v 0.04610332 0.09634441 0.08440097
v -0.04909840 0.06767606 0.08440176
v -0.04634580 0.05852532 0.08440082
v -0.04625943 0.05856055 0.08440082
v -0.04900679 0.06769430 0.08440176
v 0.04896530 0.08717966 0.08440085
v 0.04887351 0.08716142 0.08440085
v -0.05006513 0.07723075 0.08440082
v -0.04997167 0.07723110 0.08440082
v 0.04993465 0.07758420 0.08440085
v 0.04984065 0.07758390 0.08440085
v -0.04917737 0.08674293 0.08440082
v -0.05006513 0.07723075 0.08440082
v -0.04997167 0.07723110 0.08440082
v -0.04908600 0.08672547 0.08440082
v 0.04903069 0.06802028 0.08440191
v 0.04893872 0.06803786 0.08440191
v -0.04649373 0.09596377 0.08440176
v -0.04640743 0.09592908 0.08440176
v 0.04183170 0.05012387 0.08440085
v 0.04631105 0.05875843 0.08440168
v 0.04622384 0.05879366 0.08440167
v 0.04175326 0.05017513 0.08440085
v -0.03594699 0.11224000 0.08440082
v -0.04203847 0.10460710 0.08440082
v -0.04196009 0.10455630 0.08440082
v -0.03587988 0.11217490 0.08440082
v 0.03567340 0.04245764 0.08440084
v 0.03560677 0.04252266 0.08440084
v -0.02841648 0.11860400 0.08440082
v -0.02836355 0.11852700 0.08440082
v 0.02809140 0.03611004 0.08440084
v 0.02803865 0.03618729 0.08440084
v -0.01970914 0.12340440 0.08440083
v -0.01967272 0.12331840 0.08440083
v 0.01934370 0.03134572 0.08440084
v 0.01930728 0.03143185 0.08440084
v -0.01016673 0.12639880 0.08440071
v -0.01014778 0.12630720 0.08440071
v 0.00977704 0.02840936 0.08440084
v 0.00975850 0.02850097 0.08440084
v 0.00977150 0.12645130 0.08440084
v -0.00019503 0.12739959 0.08440083
v -0.00019491 0.12730619 0.08440083
v 0.00975296 0.12635960 0.08440084
v -0.01014563 0.02844083 0.08440083
v -0.00019462 0.02740985 0.08440083
v -0.00019450 0.02750337 0.08440083
v -0.01012668 0.02853238 0.08440083
v 0.01930144 0.12351890 0.08440096
v 0.01926514 0.12343270 0.08440096
v 0.04631105 0.05875843 0.08440168
v 0.04622384 0.05879366 0.08440167
v -0.01963958 0.03141385 0.08440118
v -0.01960310 0.03149986 0.08440118
v 0.02800253 0.11879810 0.08440084
v 0.02794978 0.11872070 0.08440084
v -0.02829131 0.03615707 0.08440082
v -0.02823862 0.03623420 0.08440082
v 0.03554770 0.11252230 0.08440084
v 0.03548064 0.11245670 0.08440084
v -0.04188618 0.05001211 0.08440153
v -0.04180786 0.05006337 0.08440153
v -0.03578189 0.04243326 0.08440153
v -0.03571543 0.04249835 0.08440153
v 0.03554770 0.11252230 0.08440084
v 0.03548064 0.11245670 0.08440084
v -0.04649373 0.09596377 0.08440176
v -0.04640743 0.09592908 0.08440176
v -0.03578189 0.04243326 0.08440153
v -0.03571543 0.04249835 0.08440153
v 0.04893872 0.06803786 0.08440191
v 0.04984065 0.07758390 0.08440085
v 0.04984065 0.07758390 0.08442731
v 0.04893872 0.06803786 0.08442838
v -0.04640743 0.09592908 0.08440176
v -0.04908600 0.08672547 0.08440082
v -0.04908600 0.08672547 0.08442727
v -0.04640743 0.09592908 0.08442824
v 0.04175326 0.05017513 0.08440085
v 0.04622384 0.05879366 0.08440167
v 0.04622384 0.05879366 0.08442815
v 0.04175326 0.05017513 0.08442730
v -0.03587988 0.11217490 0.08440082
v -0.04196009 0.10455630 0.08440082
v -0.04196009 0.10455630 0.08442728
v -0.03587988 0.11217490 0.08442728
v 0.03560677 0.04252266 0.08440084
v 0.03560677 0.04252266 0.08442730
v -0.02836355 0.11852700 0.08440082
v -0.02836355 0.11852700 0.08442728
v 0.02803865 0.03618729 0.08440084
v 0.03560677 0.04252266 0.08440084
v 0.03560677 0.04252266 0.08442730
v 0.02803865 0.03618729 0.08442730
v -0.01967272 0.12331840 0.08440083
v -0.01967272 0.12331840 0.08442728
v 0.01930728 0.03143185 0.08440084
v 0.01930728 0.03143185 0.08442730
v -0.01014778 0.12630720 0.08440071
v -0.01014778 0.12630720 0.08442717
v 0.00975850 0.02850097 0.08440084
v 0.00975850 0.02850097 0.08442729
v 0.00975296 0.12635960 0.08440084
v -0.00019491 0.12730619 0.08440083
v -0.00019491 0.12730619 0.08442729
v 0.00975296 0.12635960 0.08442729
v -0.01012668 0.02853238 0.08440083
v -0.00019450 0.02750337 0.08440083
v -0.00019450 0.02750337 0.08442729
v -0.01012668 0.02853238 0.08442729
v 0.01926514 0.12343270 0.08440096
v 0.01926514 0.12343270 0.08442742
v -0.01960310 0.03149986 0.08440118
v -0.01960310 0.03149986 0.08442764
v 0.02794978 0.11872070 0.08440084
v 0.02794978 0.11872070 0.08442730
v -0.02823862 0.03623420 0.08440082
v -0.02823862 0.03623420 0.08442728
v 0.03548064 0.11245670 0.08440084
v 0.03548064 0.11245670 0.08442730
v -0.04625943 0.05856055 0.08440082
v -0.04180786 0.05006337 0.08440153
v -0.04180786 0.05006337 0.08442800
v -0.04625943 0.05856055 0.08442727
v -0.03571543 0.04249835 0.08440153
v -0.03571543 0.04249835 0.08442800
v 0.04161182 0.10487770 0.08440085
v 0.03548064 0.11245670 0.08440084
v 0.03548064 0.11245670 0.08442730
v 0.04161182 0.10487770 0.08442730
v -0.04196009 0.10455630 0.08440082
v -0.04196009 0.10455630 0.08442728
v -0.03571543 0.04249835 0.08440153
v -0.03571543 0.04249835 0.08442800
v 0.04610332 0.09634441 0.08440097
v 0.04610332 0.09634441 0.08442742
v -0.04900679 0.06769430 0.08440176
v -0.04900679 0.06769430 0.08442823
v 0.04887351 0.08716142 0.08440085
v 0.04887351 0.08716142 0.08442731
v -0.04997167 0.07723110 0.08440082
v -0.04997167 0.07723110 0.08442727
v 0.03565070 0.04247975 0.08465082
v 0.02807340 0.03613615 0.08465082
v -0.02839854 0.11857780 0.08465080
v -0.01969692 0.12337520 0.08465080
v 0.01933136 0.03137487 0.08465081
v -0.01015999 0.12636781 0.08465068
v 0.00977072 0.02844035 0.08465081
v -0.00019499 0.12736800 0.08465081
v 0.00976524 0.12642010 0.08465081
v -0.00019458 0.02744150 0.08465081
v -0.01013895 0.02847146 0.08465080
v 0.01928916 0.12348970 0.08465093
v 0.04899921 0.06802624 0.08465190
v 0.04628130 0.05877023 0.08465166
v -0.01962724 0.03144294 0.08465117
v 0.02798446 0.11877190 0.08465082
v -0.02827349 0.03618294 0.08465080
v 0.03552511 0.11250010 0.08465082
v -0.04185935 0.05002909 0.08465151
v -0.04631659 0.05853730 0.08465079
v -0.03575930 0.04245537 0.08465151
v 0.03552511 0.11250010 0.08465082
v 0.04166319 0.10491170 0.08465082
v -0.04640743 0.09592908 0.08442824
v -0.04646477 0.09595203 0.08465175
v -0.04201158 0.10458990 0.08465079
v -0.04180786 0.05006337 0.08442800
v -0.04185935 0.05002909 0.08465151
v 0.04616066 0.09636789 0.08465094
v -0.04906711 0.06768226 0.08465174
v 0.04893425 0.08717346 0.08465082
v -0.05003348 0.07723087 0.08465079
v 0.04990258 0.07758408 0.08465082
v -0.04914668 0.08673703 0.08465079
v -0.04646477 0.09595203 0.08465175
v 0.04180482 0.05014145 0.08465082
v -0.03592398 0.11221800 0.08465080
v 0.03565070 0.04247975 0.08465082
v -0.01016673 0.12639880 0.08233314
v -0.00019503 0.12739970 0.08233314
v 0.00977150 0.12645130 0.08233314
v 0.01934370 0.03134572 0.08233327
v 0.00977704 0.02840936 0.08233326
v -0.01970914 0.12340440 0.08233313
v 0.02809140 0.03611004 0.08233327
v -0.02841648 0.11860400 0.08233313
v 0.03567340 0.04245764 0.08233327
v -0.03594699 0.11224000 0.08233313
v 0.04183170 0.05012387 0.08233327
v 0.03567340 0.04245764 0.08233327
v -0.04203847 0.10460710 0.08233313
v 0.04631105 0.05875843 0.08233400
v -0.04917737 0.08674293 0.08233312
v -0.04649373 0.09596377 0.08233420
v 0.04993465 0.07758420 0.08233316
v 0.04903069 0.06802028 0.08233424
v -0.05006513 0.07723075 0.08233312
v 0.04896530 0.08717966 0.08233316
v -0.04909840 0.06767606 0.08233408
v 0.04619029 0.09637987 0.08233339
v -0.04634580 0.05852532 0.08233312
v 0.04169002 0.10492920 0.08233315
v -0.03578189 0.04243326 0.08233397
v -0.04188618 0.05001211 0.08233397
v -0.04203847 0.10460710 0.08233313
v 0.03554770 0.11252240 0.08233315
v -0.02829131 0.03615707 0.08233325
v -0.03578189 0.04243326 0.08233397
v 0.02800253 0.11879810 0.08233315
v 0.03554770 0.11252240 0.08233315
v -0.01963958 0.03141385 0.08233349
v -0.00019462 0.02740985 0.08233326
v 0.01930144 0.12351890 0.08233338
v -0.01014563 0.02844083 0.08233326
v -0.04644081 0.05876094 0.08465151
v -0.04631963 0.09638410 0.08465091
v 0.00008006 0.12740511 0.08465069
v -0.01942238 0.12352430 0.08465092
v -0.00988945 0.12645669 0.08465080
v 0.01005437 0.12640411 0.08465069
v 0.01960018 0.12340930 0.08465069
v 0.02830991 0.11860860 0.08465070
v 0.03584232 0.11224420 0.08465070
v 0.04193589 0.10461080 0.08465070
v 0.04639253 0.09596693 0.08465178
v 0.04907706 0.08674556 0.08465070
v 0.04996481 0.07723289 0.08465070
v 0.04899755 0.06767767 0.08465178
v 0.04624405 0.05852609 0.08465070
v 0.04178294 0.05001252 0.08465154
v 0.03567656 0.04243350 0.08465142
v 0.02818348 0.03615725 0.08465070
v 0.01952943 0.03141379 0.08465106
v -0.00989607 0.02840948 0.08465068
v 0.01003256 0.02844071 0.08465069
v 0.00007857 0.02740985 0.08465069
v -0.01946559 0.03134614 0.08465068
v -0.02821591 0.03611052 0.08465068
v -0.03580012 0.04245883 0.08465068
v -0.04196015 0.05012547 0.08465067
v -0.04916080 0.06802296 0.08465174
v -0.05006513 0.07758742 0.08465067
v -0.04909560 0.08718341 0.08465067
v -0.04181787 0.10493370 0.08465067
v -0.03567335 0.11252730 0.08465068
v -0.02812621 0.11880330 0.08465068
v 0.00989453 0.01627282 -0.04891318
v 0.01944921 0.01627269 -0.04598217
v 0.01947919 0.01604935 -0.04605311
v 0.00990979 0.01604949 -0.04898864
v 0.00988788 0.01627289 0.04894596
v -0.00006622 0.01627308 0.04989248
v -0.00006633 0.01604968 0.04996937
v 0.00990308 0.01604949 0.04902142
v -0.01002543 0.01627316 0.04889339
v -0.01004075 0.01604981 0.04896873
v -0.01000299 0.01627309 -0.04888170
v -0.00006464 0.01627296 -0.04991096
v -0.00006474 0.01604956 -0.04998785
v -0.01001830 0.01604969 -0.04895704
v 0.01940597 0.01627257 0.04601878
v 0.01943589 0.01604923 0.04608971
v 0.04638221 0.01627164 -0.01861994
v 0.04909876 0.01627134 -0.00937561
v 0.04917410 0.01604800 -0.00939016
v 0.04645410 0.01604824 -0.01864866
v -0.01948537 0.01627287 -0.04591460
v -0.01951541 0.01604953 -0.04598547
v 0.02809603 0.01627268 0.04130728
v 0.02813966 0.01604934 0.04137064
v -0.02812614 0.01627330 -0.04118044
v -0.02816971 0.01604996 -0.04124386
v 0.03563208 0.01627261 0.03504313
v 0.02809603 0.01627268 0.04130728
v 0.02813966 0.01604934 0.04137064
v 0.03568692 0.01604921 0.03509731
v -0.04615858 0.01627333 -0.01885410
v -0.04170402 0.01627278 -0.02735127
v -0.04176864 0.01604938 -0.02739347
v -0.04622969 0.01605017 -0.01888295
v -0.03560784 0.01627271 -0.03491599
v -0.02812614 0.01627330 -0.04118044
v -0.02816971 0.01604996 -0.04124386
v -0.03566274 0.01604931 -0.03496951
v 0.04176677 0.01627248 0.02746434
v 0.04183084 0.01604914 0.02750654
v -0.04185716 0.01627332 0.02714168
v -0.04630676 0.01627261 0.01851455
v -0.04637853 0.01604885 0.01854316
v -0.04192166 0.01605016 0.02718370
v 0.04626139 0.01627223 0.01893099
v 0.04633255 0.01604854 0.01895984
v -0.04890742 0.01627267 -0.00972040
v -0.04898288 0.01604927 -0.00973542
v 0.04903318 0.01627241 0.00974794
v 0.04910882 0.01604865 0.00976308
v -0.04987363 0.01627333 -0.00018354
v -0.04995052 0.01605017 -0.00018378
v 0.05000146 0.01627235 0.00017043
v 0.05007853 0.01604865 0.00017066
v -0.04898713 0.01627333 0.00931088
v -0.04906253 0.01605017 0.00932531
v 0.04190889 0.01627242 -0.02723818
v 0.04197356 0.01604872 -0.02728038
v -0.03577302 0.01627331 0.03476064
v -0.03582852 0.01605015 0.03481399
v 0.03575877 0.01627249 -0.03489082
v 0.03581360 0.01604915 -0.03494458
v -0.02825229 0.01627330 0.04111283
v -0.03577302 0.01627331 0.03476064
v -0.03582852 0.01605015 0.03481399
v -0.02829586 0.01605002 0.04117613
v 0.02818600 0.01627262 -0.04122667
v 0.03575877 0.01627249 -0.03489082
v 0.03581360 0.01604915 -0.03494458
v 0.02822945 0.01604922 -0.04129021
v -0.01955609 0.01627329 0.04590403
v -0.01958625 0.01604995 0.04597490
v -0.01951543 0.00274947 -0.04598547
v -0.02816973 0.00274990 -0.04124386
v 0.02813964 0.00274934 0.04137064
v 0.03568690 0.00274921 0.03509731
v -0.04176866 0.00274932 -0.02739347
v -0.04622971 0.00275023 -0.01888295
v -0.02816973 0.00274990 -0.04124386
v -0.03566275 0.00274932 -0.03496951
v 0.04183083 0.00274908 0.02750654
v -0.04637855 0.00274921 0.01854316
v -0.04192168 0.00275022 0.02718370
v 0.04633253 0.00274890 0.01895984
v -0.04898290 0.00274922 -0.00973542
v 0.04910880 0.00274901 0.00976308
v -0.04995054 0.00275023 -0.00018378
v 0.05007852 0.00274901 0.00017066
v -0.04906255 0.00275023 0.00932531
v 0.04917408 0.00274800 -0.00939016
v 0.04645408 0.00274812 -0.01864866
v 0.04197354 0.00274908 -0.02728038
v -0.03582854 0.00275009 0.03481399
v 0.03581359 0.00274909 -0.03494458
v -0.03582854 0.00275009 0.03481399
v -0.02829588 0.00275002 0.04117613
v 0.03581359 0.00274909 -0.03494458
v 0.02822943 0.00274922 -0.04129021
v -0.01958627 0.00274989 0.04597490
v 0.01947917 0.00274935 -0.04605311
v -0.01004077 0.00274976 0.04896873
v 0.00990977 0.00274943 -0.04898864
v -0.00006635 0.00274968 0.04996937
v 0.00990306 0.00274943 0.04902142
v -0.00006476 0.00274956 -0.04998785
v -0.01001832 0.00274970 -0.04895704
v 0.01943587 0.00274924 0.04608971
v 0.02813964 0.00274934 0.04137064
v -0.04614680 0.00250012 -0.01884932
v -0.04889522 0.00249923 -0.00971802
v 0.04624962 0.00249892 0.01892634
v 0.04902058 0.00249891 0.00974555
v -0.04986119 0.00250025 -0.00018354
v 0.04998856 0.00249891 0.00017043
v -0.04897499 0.00250025 0.00930862
v 0.04908646 0.00249802 -0.00937335
v -0.04629552 0.00249923 0.01851002
v 0.04637099 0.00249820 -0.01861528
v 0.04189832 0.00249910 -0.02723174
v -0.04192168 0.00275022 0.02718370
v -0.04184669 0.00250012 0.02713506
v -0.03576410 0.00250011 0.03475194
v 0.04197354 0.00274908 -0.02728038
v 0.04189832 0.00249910 -0.02723174
v 0.03574980 0.00249911 -0.03488182
v -0.02824522 0.00249998 0.04110228
v 0.02817889 0.00249924 -0.04121630
v -0.01955086 0.00249991 0.04589288
v 0.01944400 0.00249925 -0.04597037
v -0.01002265 0.00249977 0.04888111
v 0.00989207 0.00249945 -0.04890102
v -0.00006623 0.00249958 0.04987967
v 0.00988536 0.00249945 0.04893368
v -0.00006464 0.00249958 -0.04989808
v -0.01000038 0.00249959 -0.04886955
v 0.01940106 0.00249925 0.04600758
v -0.01948014 0.00249949 -0.04590279
v 0.02808927 0.00249924 0.04129679
v -0.02811930 0.00249998 -0.04117007
v 0.03568690 0.00274921 0.03509731
v 0.03562312 0.00249923 0.03503413
v -0.04169361 0.00249934 -0.02734453
v -0.03566275 0.00274932 -0.03496951
v -0.03559897 0.00249933 -0.03490729
v 0.03562312 0.00249923 0.03503413
v 0.04175632 0.00249910 0.02745742
v -0.04184669 0.00250012 0.02713506
v -0.03559897 0.00249933 -0.03490729
v -0.04622214 0.00095316 -0.01887997
v -0.04176204 0.00095235 -0.02738894
v -0.04176204 0.00000006 -0.02738894
v -0.04622214 0.00000074 -0.01887997
v 0.03568093 0.00095219 0.03509141
v 0.02813511 0.00095229 0.04136426
v 0.02813511 -0.00000004 0.04136426
v 0.03568093 -0.00000023 0.03509141
v -0.02816520 0.00095291 -0.04123742
v -0.01951227 0.00095248 -0.04597796
v -0.01951227 0.00000003 -0.04597796
v -0.02816521 0.00000050 -0.04123742
v -0.00006475 0.00095255 -0.04997998
v 0.00990816 0.00095242 -0.04898089
v 0.00990816 -0.00000001 -0.04898089
v -0.00006475 0.00000013 -0.04997998
v 0.02813511 0.00095229 0.04136426
v 0.01943277 0.00095219 0.04608220
v 0.01943276 -0.00000022 0.04608220
v 0.02813511 -0.00000004 0.04136426
v -0.01001671 0.00095267 -0.04894948
v -0.01001671 0.00000025 -0.04894948
v 0.04644663 0.00095122 -0.01864580
v 0.04916651 0.00095095 -0.00938873
v 0.04916650 -0.00000146 -0.00938873
v 0.04644663 -0.00000120 -0.01864580
v 0.00990151 0.00095248 0.04901307
v 0.00990151 -0.00000001 0.04901307
v -0.00006634 0.00095265 0.04996109
v -0.01003923 0.00095278 0.04896038
v -0.01003923 0.00000036 0.04896038
v -0.00006634 0.00000024 0.04996109
v 0.01947607 0.00095230 -0.04604577
v 0.01947607 -0.00000003 -0.04604577
v -0.01958311 0.00095290 0.04596739
v -0.01958312 0.00000048 0.04596739
v 0.02822489 0.00095220 -0.04128329
v 0.02822489 -0.00000022 -0.04128329
v -0.02829135 0.00095299 0.04116957
v -0.02829135 0.00000058 0.04116957
v 0.03580779 0.00095210 -0.03493910
v 0.03580779 -0.00000031 -0.03493910
v -0.03582258 0.00095309 0.03480820
v -0.03582258 0.00000068 0.03480820
v 0.03580779 0.00095210 -0.03493910
v 0.04196644 0.00095204 -0.02727585
v 0.04196644 -0.00000038 -0.02727585
v 0.03580779 -0.00000031 -0.03493910
v -0.03582258 0.00095309 0.03480820
v -0.04191489 0.00095316 0.02717929
v -0.04191489 0.00000075 0.02717929
v -0.03582258 0.00000068 0.03480820
v -0.04637110 0.00095218 0.01854007
v -0.04905498 0.00095322 0.00932364
v -0.04905498 0.00000081 0.00932364
v -0.04637110 -0.00000024 0.01854007
v 0.05007046 0.00095196 0.00017055
v 0.05007046 -0.00000045 0.00017055
v -0.04994255 0.00095322 -0.00018390
v -0.04994255 0.00000080 -0.00018390
v 0.04910057 0.00095199 0.00976141
v 0.04910057 -0.00000043 0.00976141
v -0.04897511 0.00095225 -0.00973399
v -0.04897511 -0.00000017 -0.00973399
v 0.04632544 0.00095185 0.01895686
v 0.04632544 -0.00000057 0.01895686
v 0.04182445 0.00095210 0.02750201
v 0.04182445 -0.00000031 0.02750201
v -0.03565674 0.00095229 -0.03496427
v -0.03565674 -0.00000013 -0.03496427
v -0.02816520 0.00095291 -0.04123742
v -0.02816521 0.00000050 -0.04123742
v -0.01014559 0.02844084 0.08233338
v -0.00019458 0.02740991 0.08233326
v -0.00019458 0.02740991 0.08317452
v -0.01014559 0.02844084 0.08317452
v 0.01930162 0.12351898 0.08233350
v 0.00977168 0.12645128 0.08233326
v 0.00977168 0.12645128 0.08317440
v 0.01930162 0.12351898 0.08317464
v 0.04631114 0.05875836 0.08233412
v 0.04903079 0.06802027 0.08233435
v 0.04903079 0.06802027 0.08317550
v 0.04631114 0.05875836 0.08317526
v -0.01963953 0.03141388 0.08233361
v -0.01963953 0.03141388 0.08317475
v 0.02800270 0.11879806 0.08233327
v 0.02800270 0.11879806 0.08317441
v 0.00977708 0.02840935 0.08233338
v 0.00977708 0.02840935 0.08317452
v -0.02829125 0.03615711 0.08233325
v -0.02829125 0.03615711 0.08317451
v 0.03554787 0.11252235 0.08233327
v 0.03554787 0.11252235 0.08317441
v -0.04634571 0.05852545 0.08233324
v -0.04188611 0.05001217 0.08233409
v -0.04188611 0.05001217 0.08317523
v -0.04634571 0.05852545 0.08317438
v -0.03578183 0.04243331 0.08233397
v -0.03578183 0.04243331 0.08317523
v 0.04169018 0.10492914 0.08233327
v 0.04169018 0.10492914 0.08317441
v -0.04203832 0.10460716 0.08233325
v -0.04649359 0.09596384 0.08233420
v -0.04649359 0.09596384 0.08317546
v -0.04203832 0.10460716 0.08317439
v -0.04188611 0.05001217 0.08233409
v -0.04188611 0.05001217 0.08317523
v 0.04619043 0.09637980 0.08233351
v 0.04169018 0.10492914 0.08233327
v 0.04169018 0.10492914 0.08317441
v 0.04619043 0.09637980 0.08317465
v -0.04909830 0.06767619 0.08233420
v -0.04909830 0.06767619 0.08317534
v 0.04896543 0.08717959 0.08233328
v 0.04896543 0.08717959 0.08317442
v -0.05006502 0.07723088 0.08233324
v -0.05006502 0.07723088 0.08317438
v 0.04993477 0.07758413 0.08233328
v 0.04993477 0.07758413 0.08317454
v -0.04917724 0.08674300 0.08233324
v -0.04917724 0.08674300 0.08317438
v 0.04183178 0.05012381 0.08233339
v 0.04183178 0.05012381 0.08317453
v -0.03594683 0.11224005 0.08233325
v -0.03594683 0.11224005 0.08317439
v 0.03567346 0.04245759 0.08233339
v 0.03567346 0.04245759 0.08317453
v -0.02841630 0.11860404 0.08233325
v -0.02841630 0.11860404 0.08317439
v 0.02809146 0.03611006 0.08233339
v 0.02809146 0.03611006 0.08317453
v -0.01970896 0.12340453 0.08233325
v -0.02841630 0.11860404 0.08233325
v -0.02841630 0.11860404 0.08317439
v -0.01970896 0.12340453 0.08317439
v 0.01934375 0.03134569 0.08233327
v 0.02809146 0.03611006 0.08233339
v 0.02809146 0.03611006 0.08317453
v 0.01934375 0.03134569 0.08317453
v -0.01016654 0.12639892 0.08233326
v -0.01016654 0.12639892 0.08317440
v -0.00019484 0.12739970 0.08233326
v -0.00019484 0.12739970 0.08317440
vn 0.24288255 -0.05263777 -0.96862652
vn 0.09112083 -0.07369129 -0.99310956
vn 0.02064490 0.03335791 -0.99923022
vn 0.14987544 0.02720633 -0.98833050
vn -0.29175687 0.06197117 -0.95448285
vn -0.18547506 0.04893431 -0.98142979
vn -0.28742097 -0.08434642 -0.95408326
vn -0.45632661 -0.05171664 -0.88830818
vn -0.37702822 0.09136462 -0.92168445
vn -0.51557774 0.01783740 -0.85665712
vn -0.42445895 0.14462257 -0.89382264
vn -0.50364830 0.16523812 -0.84795917
vn 0.27579109 0.04587741 -0.96012215
vn 0.38731605 -0.06351880 -0.91975629
vn 0.37297496 0.07997881 -0.92438794
vn 0.46543027 -0.02192564 -0.88481294
vn 0.42178833 0.13318822 -0.89685869
vn 0.47560783 0.12293433 -0.87102488
vn 0.50922834 0.18813811 -0.83981578
vn 0.42879604 0.23139837 -0.87326327
vn -0.40464668 0.19985205 -0.89236776
vn -0.51113660 0.20127208 -0.83560094
vn -0.09238216 -0.08504329 -0.99208527
vn -0.08244595 0.04345308 -0.99564778
vn 0.31914628 0.26779850 -0.90908174
vn 0.44506319 0.27265033 -0.85298333
vn 0.18232531 0.31599630 -0.93107670
vn 0.20685633 0.43192394 -0.87786797
vn -0.01632643 0.33969999 -0.94039213
vn -0.01714246 0.46218767 -0.88661643
vn 0.54618004 0.23615126 -0.80369145
vn 0.39838383 0.41933520 -0.81575016
vn 0.21918259 0.58004565 -0.78454193
vn -0.01206299 0.60383782 -0.79701591
vn 0.73893968 0.28100324 -0.61237679
vn 0.80815449 0.14888860 -0.56984077
vn 0.59256192 0.40966467 -0.69357424
vn 0.54175486 0.55788035 -0.62870596
vn 0.35053020 0.54747922 -0.75986517
vn 0.20414273 0.65828716 -0.72455763
vn -0.01407336 0.67977798 -0.73328292
vn 0.73651632 0.40315511 -0.54314793
vn 0.47333627 0.69131661 -0.54592501
vn 0.33746532 0.74292044 -0.57808856
vn 0.32055235 0.81466934 -0.48328052
vn 0.09193223 0.85244571 -0.51466958
vn 0.09348711 0.80669460 -0.58352720
vn -0.00050970 0.80926850 -0.58743870
vn -0.00424992 0.85453811 -0.51937131
vn 0.72108832 0.52198654 -0.45558939
vn 0.46595801 0.77958875 -0.41847881
vn 0.30434859 0.86066628 -0.40819786
vn 0.16095184 0.91837701 -0.36149435
vn -0.00282839 0.92354439 -0.38348110
vn 0.67542023 0.64489472 -0.35765669
vn 0.49079465 0.83077597 -0.26254886
vn 0.28820796 0.88974029 -0.35397513
vn 0.30588410 0.86259946 -0.40293560
vn 0.16823536 0.94744773 -0.27210231
vn -0.00231417 0.96116982 -0.27594787
vn 0.63250414 0.73287686 -0.25065917
vn 0.47788657 0.85353496 -0.20761140
vn 0.32320717 0.91793944 -0.23005284
vn 0.14457862 0.96944403 -0.19817997
vn -0.00480957 0.98056430 -0.19613902
vn 0.37529977 0.86298632 -0.33823762
vn 0.37631005 0.84472844 -0.38055828
vn 0.28154674 0.94465225 -0.16841483
vn 0.12147212 0.98225174 -0.14291967
vn -0.00402186 0.99017087 -0.13980514
vn 0.28650667 0.91288623 -0.29077939
vn 0.21033623 0.96706943 -0.14330174
vn 0.09412521 0.99000930 -0.10498590
vn 0.00196687 0.99508738 -0.09898096
vn 0.23346606 0.95057657 -0.20468949
vn 0.26682612 0.96166163 -0.06333035
vn 0.18090611 0.98332635 -0.01850069
vn 0.00336342 0.99999339 0.00138154
vn -0.25761580 0.90737709 -0.33211580
vn 0.24025136 0.81571982 -0.52619432
vn -0.27128500 0.96093520 -0.05484517
vn -0.22472993 0.96320188 -0.14744013
vn -0.21147750 0.97719598 0.01911216
vn -0.09776987 0.98935050 -0.10782690
vn -0.20718098 0.86400698 -0.45887686
vn -0.32733200 0.93458398 -0.13930739
vn -0.13913681 0.98125304 -0.13335446
vn -0.19769961 0.78907662 -0.58161238
vn -0.37152737 0.90724148 -0.19718090
vn -0.16255361 0.96928485 -0.18456220
vn -0.36468997 0.82462151 -0.43243564
vn -0.38732085 0.88216855 -0.26788282
vn -0.18538047 0.94903032 -0.25490298
vn -0.64239957 0.60219030 -0.47401437
vn -0.61095588 0.67758649 -0.40940135
vn -0.56428764 0.76586810 -0.30826209
vn -0.61193149 0.74264613 -0.27205987
vn -0.26575500 0.85219512 -0.45070807
vn -0.20852159 0.91240984 -0.35217473
vn -0.68215180 0.49232257 -0.54063612
vn -0.63974873 0.66465931 -0.38593985
vn -0.29506884 0.76910692 -0.56692938
vn -0.23062005 0.84862868 -0.47607116
vn -0.70885948 0.37766367 -0.59572509
vn -0.64960635 0.55872595 -0.51559374
vn -0.32363637 0.74225591 -0.58678418
vn -0.25559247 0.79959782 -0.54342968
vn -0.71762317 0.26746653 -0.64302305
vn -0.63310723 0.43329481 -0.64142875
vn -0.32384319 0.50765832 -0.79837874
vn -0.30804726 0.58496946 -0.75027836
vn -0.23873202 0.66481778 -0.70783074
vn -0.25329912 0.60082374 -0.75818889
vn -0.78889831 0.14453982 -0.59728359
vn -0.61824595 0.35068294 -0.70341554
vn -0.39687655 0.33087871 -0.85615903
vn -0.24497348 0.45175143 -0.85785117
vn -0.30099808 0.27306819 -0.91369246
vn -0.17771513 0.31887736 -0.93098580
vn 0.09134948 -0.35428005 -0.93066692
vn 0.33386670 -0.31897020 -0.88701242
vn 0.35189591 -0.45736584 -0.81669196
vn 0.06271264 -0.50395931 -0.86144770
vn 0.47827784 -0.27480432 -0.83410605
vn 0.48488946 -0.45855087 -0.74472365
vn 0.69264228 -0.33706205 -0.63768005
vn 0.74051153 -0.23629520 -0.62913215
vn 0.78232700 -0.28801481 -0.55227886
vn 0.69119692 -0.30838445 -0.65356396
vn 0.82510309 -0.11100165 -0.55397069
vn 0.89633857 -0.15869718 -0.41399563
vn 0.88635412 -0.00415576 -0.46298931
vn 0.93262851 -0.03791119 -0.35884092
vn 0.91318590 0.07810892 -0.39998813
vn 0.95210955 0.05118041 -0.30144316
vn 0.92590282 0.16699381 -0.33884662
vn 0.96422131 0.12972446 -0.23119004
vn 0.92307967 0.28301460 -0.26043553
vn 0.96196606 0.22928275 -0.14849484
vn 0.89789626 0.40750794 -0.16649201
vn 0.92999141 0.36410543 -0.05043038
vn 0.85005950 0.52003741 -0.08342627
vn 0.88768286 0.46000539 0.02035142
vn 0.79520541 0.60621939 -0.01210023
vn 0.83521417 0.54552707 0.06940819
vn 0.73821704 0.67397179 0.02824247
vn 0.78300777 0.61356957 0.10213335
vn 0.66641979 0.74321725 0.05926873
vn 0.72106588 0.67449280 0.15850384
vn 0.66147015 0.73295038 0.15887413
vn 0.67231009 0.69991658 0.24107245
vn 0.64338986 0.72034161 0.25914756
vn 0.64416356 0.71951756 0.25951452
vn 0.38230035 0.91969199 0.08951589
vn 0.34392036 0.90583941 0.24733328
vn 0.32425141 0.85790291 0.39857698
vn 0.48115614 0.82363526 0.30018949
vn 0.04059997 0.95328978 0.29931630
vn 0.06618853 0.87558926 0.47850029
vn -0.24984782 0.92761217 0.27769000
vn -0.20879679 0.85921773 0.46706401
vn -0.46581010 0.86803145 0.17187887
vn -0.47818451 0.80696515 0.34662200
vn -0.57046489 0.81156493 0.12622273
vn -0.64907193 0.71209519 0.26763048
vn -0.84607643 0.52930515 -0.06317221
vn -0.88760097 0.43894398 -0.13961626
vn -0.92981437 0.36558336 -0.04235619
vn -0.87995839 0.47429587 0.02677071
vn -0.91307110 0.34560793 -0.21646321
vn -0.95506301 0.27963843 -0.09827005
vn -0.92564706 0.24279910 -0.29021735
vn -0.96891620 0.18467635 -0.16460876
vn -0.76501145 0.63869413 0.08262739
vn -0.78864432 0.61482253 0.00577856
vn -0.81243382 0.57603562 0.09019009
vn -0.76074098 0.63393727 0.13927202
vn -0.74889899 0.63933236 0.17436871
vn -0.74948503 0.63466121 0.18835430
vn -0.59313160 0.80404563 0.04129814
vn -0.70409289 0.67786367 0.21155153
vn -0.16228893 -0.34563722 -0.92422790
vn -0.20539405 -0.48711911 -0.84883936
vn -0.39908866 -0.31712952 -0.86032384
vn -0.44646449 -0.44080050 -0.77869402
vn -0.54758541 -0.24378264 -0.80045002
vn -0.57908263 -0.43022230 -0.69251143
vn -0.80879184 -0.18723497 -0.55749334
vn -0.73321316 -0.31421531 -0.60304826
vn -0.74623005 -0.32417464 -0.58142198
vn -0.84113020 -0.26734446 -0.47013500
vn -0.86495591 -0.05309452 -0.49903131
vn -0.91487091 -0.11448992 -0.38717344
vn -0.90572949 0.04650009 -0.42129779
vn -0.94932429 -0.00134938 -0.31429535
vn -0.92282667 0.14147024 -0.35829750
vn -0.96694952 0.09114381 -0.23812064
vn 0.21367620 0.15051861 -0.96523916
vn 0.24149759 0.12949202 -0.96172279
vn 0.21697812 0.11342843 -0.96956407
vn -0.32221974 0.01148157 -0.94659527
vn -0.33349584 0.00931424 -0.94270556
vn -0.22786494 -0.03836395 -0.97293668
vn -0.21453465 -0.02332038 -0.97643794
vn -0.08404649 -0.06127966 -0.99457578
vn -0.08494326 -0.03895722 -0.99562391
vn 0.07705399 -0.05586904 -0.99546036
vn 0.05128965 -0.03425327 -0.99809623
vn -0.39341701 0.06571263 -0.91700867
vn -0.39424526 0.06982382 -0.91634890
vn -0.41039397 0.13877889 -0.90128642
vn -0.41052861 0.14998851 -0.89942743
vn -0.36779108 0.21882605 -0.90379471
vn -0.36617966 0.23467132 -0.90046756
vn -0.27816781 0.29052208 -0.91554333
vn -0.27068197 0.31415423 -0.90996615
vn -0.14769307 0.34049126 -0.92857550
vn -0.12840331 0.35678913 -0.92531838
vn 0.00846640 0.36833402 -0.92965498
vn 0.02416242 0.38399778 -0.92301781
vn 0.16709514 0.34303729 -0.92434010
vn 0.16222924 0.35527896 -0.92057511
vn 0.29405942 0.28553197 -0.91214064
vn 0.28707172 0.30113382 -0.90934496
vn 0.38162828 0.21247021 -0.89956449
vn 0.37642017 0.22387676 -0.89899224
vn 0.41307176 0.13043636 -0.90130909
vn 0.41250494 0.13712786 -0.90057516
vn 0.38213421 0.05646786 -0.92237998
vn 0.38391011 0.06120276 -0.92133992
vn 0.29160376 0.01049076 -0.95648167
vn 0.32564047 -0.00526020 -0.94547904
vn 0.17169324 0.00471178 -0.98513919
vn 0.17880782 0.00812059 -0.98385051
vn -0.74812516 0.65925955 -0.07540291
vn -0.79816979 0.58210284 -0.15518143
vn -0.86641442 0.29365195 -0.40384971
vn -0.86488939 0.18666348 -0.46596469
vn -0.84650696 0.08747223 -0.52514244
vn -0.78225737 0.00181973 -0.62295273
vn -0.68201078 -0.00296062 -0.73133613
vn -0.60400913 -0.11376877 -0.78881534
vn -0.52011440 -0.14103594 -0.84237158
vn -0.60986711 -0.11111114 -0.78467600
vn -0.33437172 -0.17652125 -0.92576228
vn -0.12096830 -0.17738300 -0.97667904
vn 0.08899236 -0.17733551 -0.98011860
vn -0.46400710 0.88583118 0.00072662
vn -0.58686167 0.80968679 0.00082995
vn -0.64097895 0.76754962 -0.00368192
vn -0.64075775 0.76772749 -0.00489989
vn -0.71929070 0.69385890 -0.03436160
vn -0.85398498 0.40210220 -0.33018702
vn -0.83183032 0.49829003 -0.24446956
vn -0.34412368 0.93877492 0.01674947
vn -0.19704021 0.97807173 0.06746001
vn 0.01022933 0.99823684 0.05846850
vn 0.21115508 0.97677764 0.03631779
vn 0.35043830 0.93653233 0.01000968
vn 0.38167256 0.92427221 -0.00685151
vn 0.37684205 0.92626572 -0.00467827
vn 0.56076257 0.82740394 -0.03079053
vn 0.46819938 0.88226081 -0.04904279
vn 0.67612449 0.73599654 -0.03412872
vn 0.75020102 0.65576191 -0.08470389
vn 0.80415215 0.56691179 -0.17874660
vn 0.85003787 0.45034646 -0.27317338
vn 0.86897028 0.32841187 -0.37018414
vn 0.87180975 0.20799048 -0.44349488
vn 0.86099701 0.10856994 -0.49688702
vn 0.82832340 0.02133697 -0.55984380
vn 0.72496650 -0.04593242 -0.68725089
vn 0.64138414 -0.04012789 -0.76616979
vn 0.45579647 -0.17443353 -0.87282445
vn 0.54765527 -0.18071702 -0.81695475
vn 0.54479856 -0.15884371 -0.82338521
vn 0.28179872 -0.16622316 -0.94496526
vn 0.00640907 0.19627051 -0.98052884
vn 0.09138260 0.19232910 -0.97706639
vn 0.16513500 0.17551913 -0.97052742
vn 0.19788628 0.08824757 -0.97624453
vn 0.11075601 0.09920801 -0.98888365
vn 0.03118214 0.09181764 -0.99528749
vn -0.05081201 0.08573272 -0.99502163
vn -0.07473942 0.18406561 -0.98006830
vn -0.15416126 0.17698319 -0.97206546
vn -0.21180074 0.15552879 -0.96485815
vn -0.24165225 0.13227881 -0.96130459
vn -0.23393591 0.11346227 -0.96560877
vn -0.19294268 0.10013317 -0.97608733
vn -0.13043125 0.08779928 -0.98756214
vn 0.62933973 -0.04722415 -0.77569413
vn 0.71760733 -0.06722530 -0.69319584
vn 0.82616771 0.01731083 -0.56315828
vn 0.68202773 0.73071311 -0.02994203
vn 0.56682288 0.82330020 -0.02980967
vn 0.46436003 0.88423635 -0.04995833
vn -0.73061665 0.68206740 -0.03135891
vn -0.76725840 0.63637704 -0.07961661
vn -0.78375675 -0.00302489 -0.62106054
vn -0.68054483 -0.00377531 -0.73269672
vn 0.00000244 1.00000000 0.00000626
vn 0.00000995 1.00000000 0.00005214
vn 0.00001001 1.00000000 0.00005214
vn 0.00000245 1.00000000 0.00000628
vn 0.00002501 1.00000000 0.00003870
vn 0.00002072 1.00000000 0.00005157
vn 0.00002077 1.00000000 0.00005154
vn 0.00002515 1.00000000 0.00003884
vn 0.00000423 1.00000000 0.00000436
vn -0.00002515 1.00000000 -0.00003880
vn -0.00002516 1.00000000 -0.00003873
vn 0.00000423 1.00000000 0.00000435
vn 0.00000000 1.00000000 0.00000000
vn 0.00000000 1.00000000 0.00000000
vn 0.00001000 1.00000000 0.00000687
vn 0.00001000 1.00000000 0.00000686
vn 0.00000497 1.00000000 0.00000342
vn 0.00000851 1.00000000 0.00000861
vn 0.00000852 1.00000000 0.00000860
vn 0.00000500 1.00000000 0.00000343
vn 0.00000830 1.00000000 0.00000359
vn 0.00000000 1.00000000 0.00000000
vn 0.00000000 1.00000000 0.00000000
vn 0.00000825 1.00000000 0.00000356
vn 0.00000831 1.00000000 0.00000353
vn 0.00000827 1.00000000 0.00000351
vn 0.00001761 1.00000000 0.00000367
vn 0.00001762 1.00000000 0.00000365
vn 0.00001467 1.00000000 0.00000296
vn 0.00001467 1.00000000 0.00000295
vn 0.00001471 1.00000000 -0.00000297
vn 0.00001496 1.00000000 0.00000003
vn 0.00001495 1.00000000 0.00000001
vn 0.00001472 1.00000000 -0.00000299
vn -0.00000590 1.00000000 0.00000121
vn 0.00000596 1.00000000 -0.00000000
vn 0.00000597 1.00000000 -0.00000001
vn -0.00000589 1.00000000 0.00000121
vn 0.00000833 1.00000000 -0.00000352
vn 0.00000829 1.00000000 -0.00000351
vn -0.00000701 1.00000000 -0.00003675
vn -0.00000705 1.00000000 -0.00003678
vn 0.00001680 1.00000000 -0.00000720
vn 0.00001687 1.00000000 -0.00000725
vn 0.00000000 1.00000000 0.00000000
vn 0.00000000 1.00000000 0.00000000
vn -0.00000784 1.00000000 0.00000538
vn -0.00000782 1.00000000 0.00000538
vn 0.00000432 1.00000000 -0.00000436
vn 0.00000431 1.00000000 -0.00000436
vn 0.00003061 1.00000000 -0.00007505
vn 0.00002203 1.00000000 -0.00003394
vn 0.00002213 1.00000000 -0.00003417
vn 0.00003054 1.00000000 -0.00007508
vn -0.00002367 1.00000000 0.00002395
vn -0.00002373 1.00000000 0.00002405
vn 0.00000846 1.00000000 -0.00001291
vn 0.00000845 1.00000000 -0.00001293
vn 0.00000697 1.00000000 -0.00001726
vn 0.00000695 1.00000000 -0.00001727
vn 0.00000110 1.00000000 -0.00000583
vn -0.00003548 1.00000000 0.00008723
vn -0.00003538 1.00000000 0.00008726
vn 0.00000114 1.00000000 -0.00000609
vn 0.00000000 1.00000000 0.00000000
vn 0.00000000 1.00000000 0.00000000
vn 0.00000000 1.00000000 0.00000000
vn 0.00000000 1.00000000 0.00000000
vn 0.00000028 1.00000000 -0.00005300
vn 0.00000023 1.00000000 -0.00005303
vn 0.00000000 1.00000000 0.00000000
vn 0.00000000 1.00000000 0.00000000
vn 0.00000027 1.00000000 -0.00009371
vn 0.00000017 1.00000000 -0.00009370
vn -0.20181197 0.00000000 -0.97942428
vn -0.00166016 0.00000000 -0.99999862
vn -0.00165908 0.00000000 -0.99999862
vn -0.20181262 0.00000000 -0.97942415
vn 0.38718409 0.00000000 0.92200243
vn 0.19530251 0.00000000 0.98074305
vn 0.19530485 0.00000000 0.98074258
vn 0.38718507 0.00000000 0.92200202
vn 0.92780501 0.00000000 -0.37306550
vn 0.98199875 0.00000000 -0.18888741
vn 0.98199787 0.00000000 -0.18889200
vn 0.92780755 0.00000000 -0.37305917
vn -0.39148552 0.00000000 -0.92018427
vn -0.39148382 0.00000000 -0.92018499
vn 0.56064955 0.00000000 0.82805318
vn 0.56064950 0.00000000 0.82805322
vn 0.19742030 0.00000000 -0.98031894
vn 0.19742186 0.00000000 -0.98031863
vn -0.56394733 0.00000000 -0.82581076
vn -0.56394842 0.00000000 -0.82581001
vn 0.63926894 0.00000000 0.76898324
vn 0.63926894 0.00000000 0.76898324
vn -0.92582610 0.00000000 -0.37794978
vn -0.83614735 0.00000000 -0.54850488
vn -0.83614444 0.00000000 -0.54850932
vn -0.92582639 0.00000000 -0.37794906
vn -0.64200686 0.00000000 -0.76669889
vn -0.64200686 0.00000000 -0.76669889
vn 0.83500666 0.00000000 0.55023984
vn 0.77725860 0.00000000 0.62918127
vn 0.77725860 0.00000000 0.62918127
vn 0.83500775 0.00000000 0.55023818
vn -0.83917212 0.00000000 0.54386593
vn -0.92874090 0.00000000 0.37072946
vn -0.92874067 0.00000000 0.37073004
vn -0.83917533 0.00000000 0.54386098
vn -0.77860066 0.00000000 -0.62751973
vn -0.77860066 0.00000000 -0.62751973
vn 0.92530617 0.00000000 0.37922089
vn 0.92530652 0.00000000 0.37922004
vn -0.98072396 0.00000000 -0.19539834
vn -0.98072386 0.00000000 -0.19539887
vn 0.98066836 0.00000000 0.19567722
vn 0.98066829 0.00000000 0.19567757
vn -0.99999226 -0.00000000 -0.00393401
vn -0.99999224 -0.00000000 -0.00394043
vn 0.99999470 0.00000000 0.00325657
vn 0.99999472 0.00000000 0.00325033
vn -0.98233817 -0.00000000 0.18711419
vn -0.98233696 0.00000000 0.18712056
vn 0.83760902 0.00000000 -0.54627020
vn 0.83761217 0.00000000 -0.54626537
vn -0.78142604 0.00000000 0.62399787
vn -0.78142604 0.00000000 0.62399787
vn 0.77947531 0.00000000 -0.62643295
vn 0.77947531 0.00000000 -0.62643295
vn -0.56667384 0.00000000 0.82394220
vn -0.64525116 0.00000000 0.76397051
vn -0.64525116 0.00000000 0.76397051
vn -0.56667308 0.00000000 0.82394273
vn 0.56265543 0.00000000 -0.82669152
vn 0.64168193 0.00000000 -0.76697086
vn 0.64168193 0.00000000 -0.76697086
vn 0.56265621 0.00000000 -0.82669099
vn -0.39287394 0.00000000 0.91959234
vn -0.39287284 0.00000000 0.91959281
vn 0.38764019 0.00000000 -0.92181076
vn 0.38764132 0.00000000 -0.92181029
vn -0.20057892 0.00000000 0.97967755
vn -0.20057709 0.00000000 0.97967792
vn -0.00259415 0.00000000 0.99999664
vn -0.00259237 0.00000000 0.99999664
vn 0.92534510 0.37912516 -0.00075208
vn 0.92542512 0.37889450 -0.00522520
vn 0.83535905 0.54965560 -0.00734712
vn 0.83511894 0.55006835 -0.00108301
vn 0.98288824 -0.18386383 0.01117177
vn 0.98504835 -0.16955112 0.03053132
vn 0.99996004 0.00891834 0.00061333
vn 0.99998817 0.00485475 0.00030861
vn -0.98077820 -0.19512549 0.00041162
vn -0.98104329 -0.19375261 0.00374016
vn -0.92676008 -0.37556774 0.00803943
vn -0.92595390 -0.37763566 0.00082090
vn 0.98067139 0.19566163 -0.00039186
vn 0.98064392 0.19578006 -0.00276804
vn -0.99999293 -0.00376133 0.00000810
vn -0.99999531 -0.00305649 0.00021044
vn 0.99999440 0.00334710 -0.00000578
vn 0.99999214 0.00396447 0.00010136
vn -0.98233181 0.18714717 -0.00037912
vn -0.98230133 0.18728712 -0.00276238
vn 0.98204206 -0.18866173 0.00039153
vn 0.98226388 -0.18747203 0.00344960
vn -0.92878032 0.37062995 -0.00073981
vn -0.92886036 0.37039248 -0.00527667
vn 0.83781650 -0.54595061 0.00119661
vn 0.83930319 -0.54351289 0.01280200
vn 0.92863823 -0.37091063 0.00750602
vn 0.92793676 -0.37273683 0.00078775
vn -0.71690697 0.69716750 -0.00136852
vn -0.71731299 0.69668930 -0.00927874
vn -0.78209394 0.62310923 -0.00799721
vn -0.78160913 0.62376730 -0.00123260
vn 0.77962978 -0.62623909 0.00142093
vn 0.78154353 -0.62363698 0.01632851
vn -0.56684716 0.82382141 -0.00160808
vn -0.56731611 0.82343052 -0.01070582
vn 0.56295720 -0.82648373 0.00195980
vn 0.56680901 -0.82324694 0.03149637
vn 0.64360166 -0.76498308 0.02403719
vn 0.64192860 -0.76676237 0.00177274
vn -0.39301602 0.91952989 -0.00178779
vn -0.39343765 0.91927633 -0.01174075
vn 0.38788907 -0.92170326 0.00227258
vn 0.39279395 -0.91830910 0.04920689
vn -0.20065821 0.97965947 -0.00189816
vn -0.20090503 0.97953257 -0.01237406
vn 0.19759614 -0.98028028 0.00251880
vn 0.20184346 -0.97670426 0.07285603
vn 0.19540193 0.98072141 -0.00189980
vn 0.19561537 0.98060320 -0.01232882
vn -0.00259132 0.99991770 -0.01256467
vn -0.00258264 0.99999479 -0.00193506
vn -0.20199388 -0.97938355 0.00251586
vn -0.20539546 -0.97587208 0.07407019
vn -0.00100132 -0.99618472 0.08726397
vn -0.00166730 -0.99999525 0.00259053
vn 0.38735485 0.92192897 -0.00178777
vn 0.38773527 0.92169710 -0.01165378
vn -0.39177316 -0.92005899 0.00229101
vn -0.39644191 -0.91665724 0.05072788
vn 0.56083025 0.82792925 -0.00160963
vn 0.56127704 0.82756019 -0.01059328
vn -0.56427076 -0.82558741 0.00198256
vn -0.56828149 -0.82217240 0.03299536
vn 0.63946971 0.76881483 -0.00150082
vn 0.64014313 0.76819732 -0.00946844
vn -0.83804685 -0.54542822 0.01362096
vn -0.83637058 -0.54816308 0.00122474
vn -0.64225537 -0.76648864 0.00178861
vn -0.64539544 -0.76343183 0.02523011
vn 0.77801721 0.62818220 -0.00873765
vn 0.77747226 0.62891603 -0.00123126
vn -0.88886548 0.45816736 -0.00090785
vn -0.88929839 0.45727621 -0.00684361
vn -0.78001200 -0.62552103 0.01745604
vn -0.77879812 -0.62727297 0.00144880
vn 0.62340253 -0.34041401 0.70390879
vn 0.59454946 -0.19162980 0.78088985
vn 0.67134090 -0.16477615 0.72259962
vn 0.69813587 -0.30968348 0.64552494
vn -0.93001704 0.36709136 -0.01767052
vn -0.93429442 0.35226335 -0.05481302
vn -0.98334648 0.17966332 -0.02740056
vn -0.98253920 0.18583609 -0.00903671
vn 0.84377397 -0.53525613 0.03932395
vn 0.85667875 -0.50690999 0.09562315
vn 0.93767903 -0.34198657 0.06167026
vn 0.93080292 -0.36475054 0.02372694
vn -0.72077878 0.69241675 -0.03220230
vn -0.73481247 0.67003855 -0.10535169
vn -0.79770022 0.59706867 -0.08475476
vn -0.78517080 0.61869659 -0.02685772
vn 0.78784366 -0.61387314 0.04961991
vn 0.80153783 -0.58762023 0.11063259
vn -0.57120544 0.81994178 -0.03768068
vn -0.56155032 0.81408155 -0.14809611
vn 0.57631403 -0.81221840 0.09035158
vn 0.59710495 -0.78131050 0.18171291
vn 0.67075856 -0.72458821 0.15828734
vn 0.65101651 -0.75578780 0.07044368
vn -0.39270876 0.91809556 -0.05366905
vn -0.42012012 0.89598986 -0.14387929
vn 0.40317275 -0.90491849 0.13628741
vn 0.42235377 -0.87224203 0.24659913
vn -0.20904861 0.97656493 -0.05118227
vn -0.23823499 0.96023657 -0.14556724
vn 0.20962147 -0.95792351 0.19606478
vn 0.22197086 -0.91730977 0.33056273
vn 0.19750306 0.97929533 -0.04442076
vn 0.20592581 0.96638346 -0.15394015
vn -0.00277043 0.98752718 -0.15742422
vn -0.00264103 0.99897184 -0.04525797
vn -0.21176764 -0.95748825 0.19588445
vn -0.22411005 -0.91772147 0.32796645
vn -0.00001586 -0.92480300 0.38044634
vn 0.00002552 -0.97300367 0.23078964
vn 0.39106711 0.91941060 -0.04184084
vn 0.40550725 0.90280018 -0.14323306
vn -0.40626243 -0.90354969 0.13619397
vn -0.42508004 -0.87173842 0.24367825
vn 0.56513364 0.82413512 -0.03775267
vn 0.54887753 0.82877229 -0.10894931
vn -0.57770328 -0.81118749 0.09074017
vn -0.57153487 -0.80337298 0.16715189
vn 0.64414242 0.76420036 -0.03283831
vn 0.64830731 0.75948725 -0.05363537
vn -0.92905493 -0.36914555 0.02425886
vn -0.93593866 -0.34664220 0.06211286
vn -0.85533257 -0.50921262 0.09543949
vn -0.84265840 -0.53697367 0.03982583
vn -0.65465531 -0.75260114 0.07083751
vn -0.65958354 -0.74619339 0.09024951
vn 0.83781156 0.54535838 -0.02561287
vn 0.84729666 0.52477779 -0.08183301
vn 0.75787562 0.63808882 -0.13589409
vn 0.78181466 0.62271860 -0.03142284
vn -0.89175903 0.45188471 -0.02379154
vn -0.90108145 0.42687956 -0.07632864
vn -0.76115774 -0.63231268 0.14428991
vn -0.78503953 -0.61741003 0.05017764
vn 0.92664981 0.37549698 -0.01794868
vn 0.93114348 0.36036807 -0.05573748
vn -0.98173696 -0.18988707 0.01163824
vn -0.98398440 -0.17550327 0.03119793
vn 0.98092035 0.19418404 -0.00937204
vn 0.98181711 0.18770719 -0.02830483
vn -0.99999787 -0.00195173 0.00066983
vn -0.99999642 0.00232186 0.00133276
vn -0.21322216 -0.19042968 0.95826554
vn -0.20459214 -0.06695667 0.97655459
vn -0.00243776 -0.07737388 0.99699917
vn -0.00380916 -0.22076471 0.97531966
vn -0.43592106 0.35157278 -0.82847415
vn -0.40964629 0.15265159 -0.89938168
vn -0.58540892 0.13518873 -0.79938752
vn -0.61425931 0.30663242 -0.72709150
vn 0.44308962 -0.42244023 0.79070592
vn 0.41988075 -0.26179819 0.86900050
vn -0.22641431 0.38202380 -0.89598793
vn -0.21068188 0.16402851 -0.96369487
vn 0.23042279 -0.51482284 0.82574983
vn 0.21851606 -0.35482195 0.90903912
vn 0.22068811 0.38259390 -0.89717260
vn 0.20545426 0.16451759 -0.96473961
vn -0.00270540 0.16818430 -0.98575186
vn -0.00286089 0.39263674 -0.91968919
vn -0.19858356 -0.49856899 0.84379709
vn -0.22715175 -0.35817247 0.90560177
vn -0.00502115 -0.41877361 0.90807679
vn -0.00377953 -0.57213702 0.82014935
vn 0.43012473 0.35280055 -0.83097803
vn 0.40410815 0.15347497 -0.90174388
vn 0.94655795 -0.12930912 0.29547792
vn 0.93648921 -0.06469301 0.34467780
vn 0.98457076 -0.03132850 0.17215962
vn 0.98760390 -0.06314568 0.14370510
vn -0.33104507 -0.35005593 0.87628192
vn -0.32320532 -0.28464998 0.90250358
vn 0.52772349 0.31900319 -0.78723877
vn 0.54187879 0.12004767 -0.83183889
vn -0.62564739 -0.34237479 0.70095994
vn -0.59728069 -0.19638955 0.77761618
vn -0.51944491 -0.24460322 0.81874676
vn -0.48202177 -0.44416621 0.75522936
vn 0.75255937 0.26635363 -0.60225422
vn 0.75909344 0.13467966 -0.63689759
vn 0.67340502 0.17995653 -0.71703649
vn 0.70655238 0.29448784 -0.64347545
vn -0.94539940 -0.13176164 0.29809200
vn -0.93545026 -0.06831062 0.34679457
vn -0.85440810 -0.10469399 0.50894593
vn -0.87318070 -0.19934670 0.44476552
vn -0.76686836 -0.26920018 0.58261838
vn -0.74067256 -0.14596506 0.65581884
vn 0.86161575 0.19616801 -0.46812008
vn 0.84690140 0.08917105 -0.52421994
vn -0.84372669 0.18329754 -0.50450697
vn -0.85002607 0.08707678 -0.51949333
vn -0.89760678 0.06767686 -0.43557079
vn -0.90322496 0.10299922 -0.41662433
vn 0.93890841 0.13169521 -0.31797385
vn 0.93120915 0.06135528 -0.35928408
vn -0.98687928 -0.06580842 0.14743994
vn -0.98384200 -0.03470274 0.17564352
vn 0.98372441 0.06794492 -0.16634231
vn 0.98201775 0.03188245 -0.18607699
vn -0.99997634 0.00004569 -0.00687884
vn -0.99999466 -0.00218108 -0.00243193
vn 0.99993207 0.00271964 -0.01133409
vn 0.99997677 0.00083396 -0.00676540
vn -0.98487534 0.06491426 -0.16064463
vn -0.98317338 0.02907279 -0.18034652
vn -0.95462198 0.13976861 -0.26298595
vn -0.96418010 0.04852005 -0.26077296
vn 0.87387577 -0.19729848 0.44431346
vn 0.85480120 -0.10075280 0.50908131
vn -0.75752964 0.25218892 -0.60212091
vn -0.73305023 0.11298042 -0.67072556
vn 0.81931838 -0.22835681 0.52589976
vn 0.79758014 -0.11812322 0.59153430
vn -0.71823316 -0.03237283 0.69504901
vn -0.83977642 -0.02404843 0.54239952
vn -0.83954051 -0.00691448 0.54325309
vn -0.71723089 -0.00898060 0.69677773
vn 0.39195954 0.06562398 -0.91763894
vn 0.38815447 0.02406487 -0.92128008
vn 0.19664322 0.02493201 -0.98015807
vn 0.19904374 0.06948259 -0.97752430
vn 0.93026568 -0.02940444 0.36570635
vn 0.92765111 -0.00682683 0.37338561
vn 0.98174416 -0.00136581 0.19020132
vn 0.98256943 -0.01335888 0.18541537
vn -0.30834587 -0.15280806 0.93892093
vn -0.30122635 -0.05657802 0.95187269
vn 0.56662028 0.05924558 -0.82184634
vn 0.56244234 0.02214569 -0.82653989
vn 0.19815897 -0.05769569 0.97847035
vn 0.20655938 -0.18437265 0.96090580
vn -0.57850939 -0.10284413 0.80916622
vn -0.56918239 -0.04182149 0.82114698
vn -0.48563246 -0.05000521 0.87273169
vn -0.49827123 -0.12974402 0.85725858
vn 0.64566303 0.05271704 -0.76180061
vn 0.64180863 0.01980049 -0.76660917
vn -0.93010686 -0.03417996 0.36569518
vn -0.92843848 -0.01716515 0.37108941
vn -0.84380746 -0.05266255 0.53405582
vn -0.72512970 -0.07478353 0.68453951
vn 0.83913202 0.04031342 -0.54243182
vn 0.83665851 0.01628091 -0.54748285
vn 0.77978180 0.01901329 -0.62576261
vn 0.78340167 0.04810619 -0.61965120
vn -0.84134469 0.03766497 -0.53918500
vn -0.83807650 0.01112897 -0.54543920
vn -0.88770300 0.00815935 -0.46034422
vn -0.89069890 0.03011397 -0.45359521
vn 0.92768128 0.02848393 -0.37228499
vn 0.92658263 0.01234088 -0.37588873
vn -0.98230956 -0.01784525 0.18641211
vn -0.98194181 -0.01094701 0.18886621
vn 0.98139746 0.01555489 -0.19135586
vn 0.98120268 0.00805319 -0.19281196
vn -0.99999669 -0.00242732 -0.00085413
vn -0.99998738 -0.00478572 -0.00152654
vn 0.99999490 0.00154811 -0.00279472
vn 0.99999292 0.00352957 -0.00130157
vn -0.98207639 0.01202328 -0.18809944
vn -0.98143963 0.00089562 -0.19176925
vn -0.96057495 0.02014225 -0.27729055
vn -0.95916635 0.00399862 -0.28281430
vn 0.84327100 -0.04742822 0.53539200
vn 0.83824340 -0.01280238 0.54514595
vn -0.72043875 0.04862033 -0.69181216
vn -0.71599655 0.01556273 -0.69793033
vn 0.78496396 -0.05688600 0.61692428
vn 0.77962396 -0.01552238 0.62605554
vn -0.57104861 0.05767452 -0.81888774
vn -0.56626568 0.01921956 -0.82399866
vn 0.57521729 -0.09648601 0.81229029
vn 0.56486196 -0.02882489 0.82468181
vn 0.64266445 -0.02322976 0.76579552
vn 0.65271792 -0.08004531 0.75336052
vn -0.39700715 0.06458595 -0.91554026
vn -0.39307301 0.02212770 -0.91924098
vn 0.40147845 -0.13586908 0.90573431
vn 0.39069636 -0.04190652 0.91956522
vn -0.20393087 0.06919798 -0.97653666
vn -0.20182096 0.02428807 -0.97912123
vn -0.00203198 0.02526784 -0.99967865
vn -0.00242596 0.07080761 -0.99748704
vn 0.92782430 0.00368593 -0.37299931
vn 0.83766217 0.00358544 -0.54617692
vn -0.98242523 -0.00394146 0.18661491
vn -0.92898451 -0.00519091 0.37008219
vn 0.98199710 0.00359909 -0.18886172
vn -0.99998674 -0.00277220 -0.00433983
vn 0.99998873 0.00346821 0.00324311
vn -0.98064434 -0.00166431 -0.19579047
vn 0.98065260 0.00333866 0.19572772
vn -0.95779293 -0.00143299 -0.28745548
vn 0.83510113 0.00201861 0.55009274
vn 0.92533018 0.00286335 0.37915149
vn -0.71352357 0.00057190 -0.70063099
vn -0.83602208 -0.00015853 -0.54869577
vn 0.77755530 0.00132652 0.62881316
vn -0.56381476 0.00116346 -0.82590046
vn 0.56107497 -0.00056384 0.82776480
vn 0.63923707 0.00108525 0.76900896
vn -0.39136466 0.00162258 -0.92023425
vn 0.38792917 -0.00327906 0.92168336
vn -0.20168847 0.00206922 -0.97944754
vn 0.19620710 -0.00579513 0.98054535
vn -0.00141770 0.00274849 -0.99999522
vn -0.20045401 -0.01295525 0.97961745
vn -0.00104432 -0.01392080 0.99990256
vn 0.38774903 0.00293182 -0.92176032
vn 0.19732540 0.00279277 -0.98033407
vn -0.29954051 -0.01220234 0.95400555
vn 0.56271153 0.00320452 -0.82664712
vn -0.56709432 -0.01070661 0.82358327
vn -0.48254192 -0.01201290 0.87579049
vn 0.64154892 0.00320667 -0.76707542
vn 0.77943870 0.00347395 -0.62646887
vn -0.88570275 -0.00027645 -0.46425269
vn -0.61532366 0.72834827 -0.30147237
vn -0.63087486 0.66424548 -0.40096740
vn -0.75997300 0.55221426 -0.34278339
vn -0.74788244 0.60784924 -0.26681673
vn 0.78840682 -0.54729745 0.28085617
vn 0.80186607 -0.45128500 0.39160267
vn 0.88581420 -0.32745850 0.32879194
vn 0.87537398 -0.44113663 0.19778490
vn -0.83086603 0.46771286 -0.30150674
vn -0.82194345 0.52789337 -0.21386343
vn 0.95255000 -0.21446122 0.21599741
vn 0.94737908 -0.29250122 0.13006118
vn -0.94227409 0.30845762 -0.13028218
vn -0.94648242 0.22687506 -0.22956204
vn -0.98615127 0.11643203 -0.11810695
vn -0.98518509 0.15829416 -0.06597957
vn 0.98784532 -0.14172457 0.06384174
vn 0.98927235 -0.10273151 0.10385786
vn 0.99991106 0.00958639 -0.00927225
vn 0.99992671 0.01187439 -0.00235879
vn -0.99996735 0.00531362 -0.00608807
vn -0.99998136 0.00605961 -0.00074410
vn 0.98501786 0.12161579 -0.12226781
vn 0.98387482 0.16536906 -0.06814255
vn -0.98855553 -0.10672560 0.10661903
vn -0.98696939 -0.14705007 0.06532757
vn 0.94412932 0.23216099 -0.23392541
vn 0.93957315 0.31563157 -0.13258582
vn -0.95129029 -0.21787914 0.21811799
vn -0.94584905 -0.29692089 0.13117757
vn 0.86663576 0.35354016 -0.35206791
vn 0.86333290 0.46319200 -0.20027350
vn -0.87408073 -0.44370285 0.19776416
vn -0.88482506 -0.32967933 0.32923572
vn -0.78371626 -0.44048292 0.43790824
vn -0.76791155 -0.58302572 0.26531654
vn -0.91450790 0.36763478 -0.16887857
vn -0.92078691 0.27469863 -0.27693342
vn 0.77361522 0.44586462 -0.45024908
vn 0.74137643 0.61604710 -0.26617093
vn -0.64426613 -0.54465525 0.53690950
vn -0.65161093 -0.67168854 0.35247370
vn 0.72478481 0.48721885 -0.48713937
vn 0.65595975 0.69594396 -0.29219652
vn -0.49492065 -0.58462262 0.64286075
vn -0.54737444 -0.69681452 0.46349838
vn -0.00088281 -0.85530851 0.51811830
vn -0.00140148 -0.82295341 0.56810713
vn 0.23692502 -0.80181055 0.54860403
vn 0.23215719 -0.84555797 0.48076476
vn 0.57350006 0.75328477 -0.32196232
vn 0.53777131 0.73359196 -0.41550555
vn 0.45016189 0.75823144 -0.47163477
vn 0.45601250 0.81439832 -0.35889829
vn -0.41311642 -0.82690474 0.38152768
vn -0.35060527 -0.77959543 0.51894788
vn -0.24113116 -0.80249683 0.54576056
vn -0.23548981 -0.84707309 0.47645748
vn 0.22656214 0.81910506 -0.52700712
vn 0.22198042 0.89424947 -0.38864197
vn -0.00296948 0.91694560 -0.39900118
vn -0.00299667 0.84097200 -0.54107034
vn -0.23253527 0.81788802 -0.52629511
vn -0.22790660 0.89298367 -0.38812208
vn 0.45338775 -0.74059314 0.49594490
vn 0.44442907 -0.79759221 0.40783510
vn -0.44641127 0.75243283 -0.48431582
vn -0.45884255 0.82237446 -0.33639821
vn 0.54478203 -0.69998628 0.46177024
vn 0.59634242 -0.73735008 0.31731779
vn 0.70697427 -0.59076605 0.38882240
vn 0.70708256 -0.59041246 0.38916242
vn -0.62334741 0.41712136 -0.66139835
vn -0.76530029 0.34348218 -0.54436703
vn -0.82965016 0.29804834 -0.47206758
vn -0.91691833 0.21289038 -0.33754772
vn -0.00338301 -0.62305176 0.78217329
vn 0.23537976 -0.58476509 0.77630287
vn 0.54122262 0.44865649 -0.71118593
vn 0.43816227 0.47948475 -0.76033427
vn -0.35300048 -0.56417220 0.74639158
vn -0.35328372 -0.56606548 0.74482245
vn 0.22531132 0.51957834 -0.82418029
vn -0.12239607 -0.60050937 0.79019472
vn -0.00296888 0.53326002 -0.84594618
vn -0.23121502 0.51879220 -0.82303965
vn 0.45240408 -0.51227663 0.73000219
vn -0.44411087 0.47783239 -0.75791935
vn 0.63493899 -0.43038762 0.64157539
vn 0.70598576 -0.38824055 0.59232877
vn 0.68020757 -0.70298380 0.20768110
vn -0.52465226 -0.81125678 0.25807448
vn 0.67791463 0.70355181 -0.21318207
vn -0.68174793 -0.69716547 0.22176580
vn 0.64924378 0.07430566 -0.75694199
vn -0.56394298 0.00000000 -0.82581373
vn -0.71370065 0.00000000 -0.70045084
vn 0.77727397 -0.00000000 0.62916228
vn 0.83501314 -0.00000000 0.55023000
vn -0.92873731 0.00000000 0.37073846
vn -0.83917141 0.00000000 0.54386702
vn -0.83614509 0.00000000 -0.54850833
vn 0.92529967 0.00000000 0.37923675
vn -0.95755672 0.00000000 -0.28824489
vn -0.98072815 0.00000000 -0.19537730
vn 0.98066928 -0.00000000 0.19567259
vn -0.99999229 -0.00000000 -0.00392608
vn 0.99999474 -0.00000000 0.00324375
vn -0.98234025 0.00000000 0.18710327
vn 0.98200118 0.00000000 -0.18887480
vn 0.92781741 0.00000000 -0.37303467
vn 0.83761086 0.00000000 -0.54626738
vn -0.71676595 0.00000000 0.69731382
vn 0.77944339 0.00000000 -0.62647267
vn -0.56668419 0.00000000 0.82393509
vn 0.64170194 0.00000000 -0.76695412
vn 0.56265724 0.00000000 -0.82669028
vn -0.48257661 0.00000000 0.87585376
vn 0.38763002 0.00000000 -0.92181504
vn -0.29923155 0.00000000 0.95418053
vn -0.20058777 0.00000000 0.97967574
vn 0.19743172 0.00000000 -0.98031664
vn -0.00259285 0.00000000 0.99999664
vn 0.19532241 0.00000000 0.98073909
vn -0.00165553 0.00000000 -0.99999863
vn -0.20182236 0.00000000 -0.97942214
vn 0.38718379 0.00000000 0.92200256
vn -0.39148867 0.00000000 -0.92018293
vn 0.56064441 0.00000000 0.82805667
vn 0.63923745 0.00000000 0.76900942
vn -0.88570277 0.00000000 -0.46425273
vn -0.00000026 -1.00000000 0.00006908
vn 0.00000062 -1.00000000 -0.00000306
vn 0.00000061 -1.00000000 -0.00000306
vn -0.00000021 -1.00000000 0.00006913
vn -0.00001164 -1.00000000 -0.00006118
vn -0.00000029 -1.00000000 0.00006237
vn -0.00000024 -1.00000000 0.00006238
vn -0.00001169 -1.00000000 -0.00006118
vn 0.00000651 -1.00000000 0.00003412
vn 0.00000654 -1.00000000 0.00003414
vn -0.00000145 -1.00000000 -0.00000379
vn -0.00000136 -1.00000000 -0.00000355
vn -0.00003733 -1.00000000 -0.00005713
vn -0.00002534 -1.00000000 -0.00006368
vn -0.00002539 -1.00000000 -0.00006366
vn -0.00003738 -1.00000000 -0.00005711
vn -0.00000429 -1.00000000 -0.00000449
vn -0.00000347 -1.00000000 -0.00000529
vn -0.00000348 -1.00000000 -0.00000528
vn -0.00000429 -1.00000000 -0.00000448
vn 0.00000000 -1.00000000 0.00000000
vn 0.00000000 -1.00000000 0.00000000
vn 0.00000000 -1.00000000 0.00000000
vn 0.00000000 -1.00000000 0.00000000
vn -0.00000748 -1.00000000 -0.00000513
vn -0.00000748 -1.00000000 -0.00000512
vn 0.00000000 -1.00000000 0.00000000
vn 0.00000000 -1.00000000 0.00000000
vn -0.00000830 -1.00000000 -0.00000354
vn -0.00000831 -1.00000000 -0.00000354
vn -0.00000508 -1.00000000 -0.00000215
vn -0.00000509 -1.00000000 -0.00000215
vn -0.00000588 -1.00000000 -0.00000120
vn -0.00000588 -1.00000000 -0.00000119
vn -0.00002901 -1.00000000 -0.00000589
vn -0.00002905 -1.00000000 -0.00000587
vn -0.00005324 -1.00000000 0.00001076
vn -0.00003320 -1.00000000 -0.00000005
vn -0.00003316 -1.00000000 -0.00000002
vn -0.00005324 -1.00000000 0.00001080
vn -0.00001190 -1.00000000 -0.00000241
vn -0.00001190 -1.00000000 -0.00000240
vn -0.00001175 -1.00000000 0.00000236
vn -0.00003012 -1.00000000 0.00000002
vn -0.00003011 -1.00000000 0.00000004
vn -0.00001175 -1.00000000 0.00000237
vn -0.00000787 -1.00000000 0.00000332
vn -0.00001674 -1.00000000 0.00000340
vn -0.00001674 -1.00000000 0.00000341
vn -0.00000789 -1.00000000 0.00000333
vn -0.00000862 -1.00000000 0.00000369
vn 0.00005942 -1.00000000 -0.00001199
vn 0.00005941 -1.00000000 -0.00001203
vn -0.00000871 -1.00000000 0.00000373
vn 0.00000000 -1.00000000 0.00000000
vn 0.00000000 -1.00000000 0.00000000
vn 0.00000506 -1.00000000 -0.00000352
vn 0.00000475 -1.00000000 -0.00000331
vn 0.00000000 -1.00000000 0.00000000
vn 0.00000000 -1.00000000 0.00000000
vn 0.00000006 -1.00000000 -0.00000027
vn -0.00003236 -1.00000000 0.00004959
vn -0.00003222 -1.00000000 0.00004946
vn 0.00000006 -1.00000000 -0.00000026
vn 0.00003219 -1.00000000 -0.00003267
vn 0.00003212 -1.00000000 -0.00003265
vn -0.00000171 -1.00000000 0.00000258
vn -0.00000171 -1.00000000 0.00000259
vn 0.00006422 -0.99999999 0.00009793
vn 0.00006432 -0.99999999 0.00009788
vn 0.00000000 -1.00000000 -0.00000001
vn 0.00000001 -1.00000000 -0.00000002
vn -0.00000051 -1.00000000 0.00000282
vn -0.00000046 -1.00000000 0.00000258
vn 0.77947497 0.00000000 -0.62643337
vn 0.83762628 0.00000000 -0.54624373
vn 0.83762893 0.00000000 -0.54623966
vn 0.77947497 0.00000000 -0.62643337
vn -0.56667987 0.00000000 0.82393806
vn -0.71676506 -0.00000000 0.69731474
vn -0.71676479 0.00000000 0.69731502
vn -0.56667940 0.00000000 0.82393839
vn 0.56264447 0.00000000 -0.82669897
vn 0.64169020 0.00000000 -0.76696394
vn 0.64169020 0.00000000 -0.76696394
vn 0.56264495 0.00000000 -0.82669865
vn -0.48255995 0.00000000 0.87586294
vn -0.48255995 0.00000000 0.87586294
vn 0.38762607 0.00000000 -0.92181670
vn 0.38762692 0.00000000 -0.92181634
vn -0.20059158 -0.00000000 0.97967496
vn -0.29927997 0.00000000 0.95416534
vn -0.29927997 -0.00000000 0.95416534
vn -0.20059043 -0.00000000 0.97967519
vn 0.19744336 0.00000000 -0.98031430
vn 0.19744593 0.00000000 -0.98031378
vn 0.19531519 0.00000000 0.98074052
vn -0.00259263 -0.00000000 0.99999664
vn -0.00258982 0.00000000 0.99999665
vn 0.19531899 0.00000000 0.98073977
vn -0.20182848 0.00000000 -0.97942088
vn -0.00167305 0.00000000 -0.99999860
vn -0.00167033 0.00000000 -0.99999860
vn -0.20183037 0.00000000 -0.97942049
vn 0.38719306 0.00000000 0.92199866
vn 0.38719408 0.00000000 0.92199823
vn 0.92780967 0.00000000 -0.37305389
vn 0.98199536 0.00000000 -0.18890504
vn 0.98199453 0.00000000 -0.18890934
vn 0.92781251 0.00000000 -0.37304684
vn -0.39147847 0.00000000 -0.92018727
vn -0.39147738 0.00000000 -0.92018773
vn 0.56063488 0.00000000 0.82806312
vn 0.56063473 -0.00000000 0.82806322
vn -0.56393855 0.00000000 -0.82581675
vn -0.56393934 0.00000000 -0.82581621
vn 0.63922661 -0.00000000 0.76901843
vn 0.63922661 -0.00000000 0.76901843
vn -0.88567467 0.00000000 -0.46430633
vn -0.83614625 0.00000000 -0.54850656
vn -0.83614317 0.00000000 -0.54851126
vn -0.88567467 0.00000000 -0.46430633
vn -0.71370856 0.00000000 -0.70044278
vn -0.71371177 0.00000000 -0.70043951
vn 0.83501635 -0.00000000 0.55022514
vn 0.77727086 -0.00000000 0.62916613
vn 0.77727086 -0.00000000 0.62916613
vn 0.83501709 -0.00000000 0.55022401
vn -0.83917930 -0.00000000 0.54385486
vn -0.92874398 0.00000000 0.37072177
vn -0.92874388 -0.00000000 0.37072201
vn -0.83918247 -0.00000000 0.54384997
vn 0.92530211 -0.00000000 0.37923080
vn 0.92530218 0.00000000 0.37923063
vn -0.98072648 0.00000000 -0.19538568
vn -0.95757388 0.00000000 -0.28818788
vn -0.95757388 0.00000000 -0.28818788
vn -0.98072645 0.00000000 -0.19538584
vn 0.98066806 0.00000000 0.19567872
vn 0.98066794 0.00000000 0.19567929
vn -0.99999228 0.00000000 -0.00392990
vn -0.99999225 0.00000000 -0.00393588
vn 0.99999475 0.00000000 0.00324132
vn 0.99999477 0.00000000 0.00323356
vn -0.98233487 -0.00000000 0.18713150
vn -0.98233374 0.00000000 0.18713745
vn 0.56088959 0.82789061 0.00000019
vn 0.38739885 0.92191222 0.00000013
vn 0.38739884 0.92191222 0.00000013
vn 0.56088897 0.82789103 0.00000019
vn -0.00166796 -0.99999861 -0.00000000
vn 0.19754706 -0.98029340 0.00000007
vn 0.19754706 -0.98029340 0.00000007
vn -0.00166796 -0.99999861 -0.00000000
vn -0.56418940 -0.82564540 -0.00000019
vn -0.39170447 -0.92009109 -0.00000013
vn -0.39170445 -0.92009109 -0.00000013
vn -0.56419131 -0.82564409 -0.00000019
vn 0.63947223 0.76881420 0.00000021
vn 0.63947223 0.76881420 0.00000021
vn -0.92590566 -0.37775482 -0.00000031
vn -0.83630215 -0.54826883 -0.00000028
vn -0.83629960 -0.54827272 -0.00000028
vn -0.92590624 -0.37775339 -0.00000031
vn -0.64223757 -0.76650565 -0.00000021
vn -0.64223757 -0.76650565 -0.00000021
vn 0.83517218 0.54998858 0.00000028
vn 0.77746862 0.62892173 0.00000026
vn 0.77746862 0.62892173 0.00000026
vn 0.83517260 0.54998793 0.00000028
vn -0.88886414 0.45817087 -0.00000029
vn -0.92882157 0.37052731 -0.00000031
vn -0.92882154 0.37052738 -0.00000031
vn -0.88886414 0.45817087 -0.00000029
vn -0.77879894 -0.62727363 -0.00000026
vn -0.77879894 -0.62727363 -0.00000026
vn 0.92538708 0.37902341 0.00000031
vn 0.92538708 0.37902341 0.00000031
vn -0.98075281 -0.19525347 -0.00000033
vn -0.98075282 -0.19525344 -0.00000033
vn 0.98069475 0.19554490 0.00000033
vn 0.98069460 0.19554564 0.00000033
vn -0.99999245 -0.00388512 -0.00000033
vn -0.99999243 -0.00389127 -0.00000033
vn 0.99999480 0.00322470 0.00000033
vn 0.99999482 0.00321775 0.00000033
vn -0.98235473 0.18702722 -0.00000033
vn -0.98235360 0.18703314 -0.00000033
vn 0.98201902 -0.18878200 0.00000033
vn 0.98201802 -0.18878722 0.00000033
vn 0.83774616 -0.54605986 0.00000028
vn 0.92788957 -0.37285512 0.00000031
vn 0.92789211 -0.37284881 0.00000031
vn 0.83774913 -0.54605531 0.00000028
vn -0.71696639 0.69710773 -0.00000024
vn -0.78160973 0.62376778 -0.00000026
vn -0.78160973 0.62376778 -0.00000026
vn -0.71696639 0.69710773 -0.00000024
vn 0.77961122 -0.62626380 0.00000026
vn 0.77961122 -0.62626380 0.00000026
vn -0.56690346 0.82378424 -0.00000019
vn -0.56690346 0.82378424 -0.00000019
vn 0.56287841 -0.82653971 0.00000019
vn 0.64192960 -0.76676358 0.00000021
vn 0.64192960 -0.76676358 0.00000021
vn 0.56287841 -0.82653971 0.00000019
vn -0.39305914 0.91951319 -0.00000013
vn -0.39305984 0.91951290 -0.00000013
vn 0.38781736 -0.92173624 0.00000013
vn 0.38781736 -0.92173624 0.00000013
vn -0.20067598 0.97965767 -0.00000007
vn -0.20067636 0.97965759 -0.00000007
vn 0.19541943 0.98071976 0.00000006
vn -0.00258329 0.99999666 -0.00000000
vn -0.00258255 0.99999667 -0.00000000
vn 0.19542057 0.98071953 0.00000006
vn -0.20195678 -0.97939444 -0.00000007
vn -0.20195903 -0.97939397 -0.00000007
vn -0.00000033 -0.00000003 1.00000000
vn -0.00000374 0.00000518 1.00000000
vn -0.00000373 0.00000518 1.00000000
vn -0.00000034 -0.00000001 1.00000000
vn -0.00000021 -0.00000032 1.00000000
vn 0.00000442 -0.00001176 1.00000000
vn 0.00000440 -0.00001175 1.00000000
vn -0.00000021 -0.00000033 1.00000000
vn 0.00000089 -0.00000612 1.00000000
vn 0.00000089 -0.00000613 1.00000000
vn -0.00000083 0.00009917 1.00000000
vn -0.00000070 0.00009918 1.00000000
vn -0.00000051 0.00005572 1.00000000
vn -0.00000045 0.00005571 1.00000000
vn -0.00000962 -0.00004863 1.00000000
vn -0.00000033 0.00000000 1.00000000
vn -0.00000033 0.00000000 1.00000000
vn -0.00000967 -0.00004857 1.00000000
vn 0.00000776 0.00004268 1.00000000
vn 0.00000780 0.00004259 1.00000000
vn -0.00003721 -0.00009208 1.00000000
vn -0.00003733 -0.00009204 1.00000000
vn -0.00002368 -0.00003583 1.00000000
vn -0.00003232 -0.00007918 1.00000000
vn -0.00003241 -0.00007914 1.00000000
vn -0.00002376 -0.00003586 1.00000000
vn -0.00000033 0.00000000 1.00000000
vn 0.00002625 0.00004113 1.00000000
vn 0.00002631 0.00004111 1.00000000
vn -0.00000033 0.00000000 1.00000000
vn -0.00000033 0.00000000 1.00000000
vn -0.00000033 0.00000000 1.00000000
vn -0.00000033 -0.00000000 1.00000000
vn -0.00000033 -0.00000000 1.00000000
vn -0.00000033 0.00000000 1.00000000
vn -0.00000033 0.00000000 1.00000000
vn 0.00000519 0.00000234 1.00000000
vn 0.00000517 0.00000232 1.00000000
vn -0.00000033 -0.00000000 1.00000000
vn -0.00000033 -0.00000000 1.00000000
vn -0.00000030 0.00000001 1.00000000
vn -0.00000033 0.00000001 1.00000000
vn -0.00000033 -0.00000000 1.00000000
vn -0.00000033 -0.00000000 1.00000000
vn -0.00000623 0.00000119 1.00000000
vn -0.00000631 -0.00000002 1.00000000
vn -0.00000632 -0.00000001 1.00000000
vn -0.00000621 0.00000119 1.00000000
vn 0.00001737 -0.00000366 1.00000000
vn -0.00000033 -0.00000000 1.00000000
vn -0.00000033 -0.00000000 1.00000000
vn 0.00001734 -0.00000368 1.00000000
vn -0.00000030 -0.00000002 1.00000000
vn -0.00000031 -0.00000002 1.00000000
vn -0.00000961 -0.00002306 1.00000000
vn -0.00000965 -0.00002306 1.00000000
vn -0.00000041 0.00000006 1.00000000
vn -0.00000046 0.00000008 1.00000000
vn 0.00000467 -0.00000340 1.00000000
vn 0.00000469 -0.00000342 1.00000000
vn 0.00001464 -0.00001025 1.00000000
vn 0.00001463 -0.00001027 1.00000000
vn -0.00000033 -0.00000000 1.00000000
vn -0.00000033 -0.00000000 1.00000000
vn -0.00002060 0.00003097 1.00000000
vn -0.00002055 0.00003096 1.00000000
vn 0.00005075 -0.00005202 1.00000000
vn 0.00005069 -0.00005209 1.00000000
vn -0.00000033 -0.00000000 1.00000000
vn -0.00000033 -0.00000000 1.00000000
vn 0.00003612 0.00009068 1.00000000
vn 0.00003622 0.00009064 1.00000000
vn -0.00000033 0.00000000 1.00000000
vn -0.00000033 0.00000000 1.00000000
vn 0.98201839 -0.18878528 0.00000033
vn 0.99999481 0.00322182 0.00000033
vn 0.99072357 0.00318335 -0.13585531
vn 0.97300530 -0.18707055 -0.13514916
vn -0.92881609 0.37054106 -0.00000031
vn -0.98235941 0.18700262 -0.00000033
vn -0.97329864 0.18528803 -0.13549209
vn -0.93626604 0.33944516 -0.09045926
vn 0.83777394 -0.54601724 0.00000028
vn 0.92788944 -0.37285545 0.00000031
vn 0.91927874 -0.36932632 -0.13610538
vn 0.83008780 -0.54100287 -0.13516708
vn -0.71696483 0.69710934 -0.00000024
vn -0.78160236 0.62377701 -0.00000026
vn -0.80740467 0.56214431 -0.17914095
vn -0.71038892 0.69068033 -0.13530803
vn 0.77964913 -0.62621660 0.00000026
vn 0.77259671 -0.62056279 -0.13414968
vn -0.56690987 0.82377983 -0.00000019
vn -0.56168928 0.81620016 -0.13536047
vn 0.56285934 -0.82655270 0.00000019
vn 0.64189311 -0.76679413 0.00000021
vn 0.63609202 -0.75986419 -0.13413929
vn 0.55767134 -0.81890039 -0.13566437
vn -0.39305796 0.91951370 -0.00000013
vn -0.38944470 0.91102848 -0.13549882
vn 0.38781835 -0.92173582 0.00000013
vn 0.38421664 -0.91320912 -0.13574493
vn -0.20067527 0.97965782 -0.00000007
vn -0.19884789 0.97059230 -0.13568383
vn 0.19754551 -0.98029372 0.00000007
vn 0.19571830 -0.97122759 -0.13568828
vn 0.19542167 0.98071931 0.00000006
vn -0.00258377 0.99999666 -0.00000000
vn -0.00256898 0.99075880 -0.13561124
vn 0.19359356 0.97167972 -0.13549926
vn -0.20195345 -0.97939512 -0.00000007
vn -0.00166898 -0.99999861 -0.00000000
vn -0.00165618 -0.99073720 -0.13578315
vn -0.20010262 -0.97024371 -0.13633081
vn 0.38740222 0.92191080 0.00000013
vn 0.38380726 0.91338513 -0.13571879
vn -0.39170239 -0.92009197 -0.00000013
vn -0.38809770 -0.91157833 -0.13566549
vn 0.56089745 0.82788529 0.00000019
vn 0.55571038 0.82022915 -0.13568390
vn -0.56417346 -0.82565629 -0.00000019
vn -0.55894539 -0.81797622 -0.13599613
vn 0.63947826 0.76880918 0.00000021
vn 0.63355838 0.76171219 -0.13564042
vn -0.92590202 -0.37776376 -0.00000031
vn -0.83630918 -0.54825811 -0.00000028
vn -0.85003735 -0.51887001 -0.09061137
vn -0.91737836 -0.37429014 -0.13536559
vn -0.64220754 -0.76653080 -0.00000021
vn -0.67923634 -0.71176826 -0.17895234
vn 0.83517467 0.54998479 0.00000028
vn 0.77745554 0.62893790 0.00000026
vn 0.77026788 0.62312326 -0.13566425
vn 0.82752732 0.54490784 -0.13518130
vn -0.88884806 0.45820206 -0.00000029
vn -0.88884806 0.45820206 -0.00000029
vn -0.77883518 -0.62722864 -0.00000026
vn -0.77883518 -0.62722864 -0.00000026
vn 0.92538569 0.37902681 0.00000031
vn 0.91679655 0.37552053 -0.13589856
vn -0.98075448 -0.19524511 -0.00000033
vn -0.97178105 -0.19344920 -0.13497774
vn 0.98069512 0.19554304 0.00000033
vn 0.97160422 0.19373984 -0.13583124
vn -0.99999237 -0.00390535 -0.00000033
vn -0.99075649 -0.00388806 -0.13559667
vn 0.61917098 -0.73964961 -0.26371528
vn 0.54248986 -0.79663306 -0.26660930
vn -0.54648791 0.79409312 -0.26602083
vn -0.37885510 0.88632532 -0.26626348
vn 0.37379372 -0.88833443 -0.26672118
vn -0.19336388 0.94421926 -0.26657155
vn 0.19039392 -0.94480161 -0.26664596
vn -0.00246757 0.96382453 -0.26652614
vn 0.18843446 0.94531427 -0.26622058
vn -0.00160155 -0.96375654 -0.26677851
vn -0.19449425 -0.94362451 -0.26785213
vn 0.37338124 0.88851517 -0.26669690
vn 0.94672060 -0.18203118 -0.26567792
vn 0.89406319 -0.35930348 -0.26749211
vn -0.37751833 -0.88679667 -0.26659252
vn 0.54058486 0.79791026 -0.26665938
vn -0.54362351 -0.79564354 -0.26725424
vn 0.61633162 0.74102143 -0.26650061
vn -0.85403563 -0.44744139 -0.26536643
vn -0.89252478 -0.36411772 -0.26611613
vn -0.68844321 -0.67515874 -0.26496534
vn 0.74929010 0.60615176 -0.26672905
vn 0.80515187 0.53022231 -0.26569678
vn -0.85702845 0.44176952 -0.26522052
vn -0.85703306 0.44177244 -0.26520076
vn -0.80922886 0.52421455 -0.26523152
vn -0.75081430 -0.60472254 -0.26568502
vn -0.75080768 -0.60471812 -0.26571379
vn 0.89175189 0.36526896 -0.26712760
vn -0.94559841 -0.18824420 -0.26534462
vn 0.94510113 0.18842828 -0.26698058
vn -0.96381883 -0.00379496 -0.26653118
vn 0.96369214 0.00307750 -0.26699810
vn -0.94686567 0.18026832 -0.26636203
vn -0.92578313 0.26946482 -0.26516846
vn 0.80766303 -0.52642218 -0.26563153
vn -0.69112192 0.67202838 -0.26594801
vn 0.75202862 -0.60405311 -0.26376655
vn -0.20068143 0.97965655 -0.00000007
vn -0.00258291 0.99999666 -0.00000000
vn 0.19542604 0.98071844 0.00000006
vn 0.38781736 -0.92173624 0.00000013
vn 0.19754706 -0.98029340 0.00000007
vn -0.39305949 0.91951305 -0.00000013
vn 0.56287841 -0.82653971 0.00000019
vn -0.56690346 0.82378424 -0.00000019
vn 0.64192960 -0.76676358 0.00000021
vn -0.71696639 0.69710773 -0.00000024
vn 0.83774894 -0.54605560 0.00000028
vn 0.77961122 -0.62626380 0.00000026
vn -0.78160973 0.62376778 -0.00000026
vn 0.92789199 -0.37284911 0.00000031
vn -0.98235353 0.18703356 -0.00000033
vn -0.92882154 0.37052738 -0.00000031
vn 0.99999482 0.00321770 0.00000033
vn 0.98201801 -0.18878727 0.00000033
vn -0.99999243 -0.00389131 -0.00000033
vn 0.98069453 0.19554602 0.00000033
vn -0.98075278 -0.19525366 -0.00000073
vn 0.92538708 0.37902342 0.00000031
vn -0.92590619 -0.37775354 -0.00000059
vn 0.83517466 0.54998481 0.00000028
vn -0.77879894 -0.62727363 -0.00000026
vn -0.83629937 -0.54827308 -0.00000028
vn -0.88886414 0.45817087 -0.00000029
vn 0.77747285 0.62891650 0.00000026
vn -0.56419166 -0.82564385 -0.00000019
vn -0.64223757 -0.76650565 -0.00000021
vn 0.56088527 0.82789354 0.00000019
vn 0.63946595 0.76881942 0.00000021
vn -0.39170446 -0.92009109 -0.00000013
vn -0.00166796 -0.99999861 -0.00000000
vn 0.38739884 0.92191222 0.00000013
vn -0.20195865 -0.97939405 -0.00000007
vn -0.00000797 0.00001330 -1.00000000
vn 0.00002237 -0.00002106 -1.00000000
vn -0.00000205 -0.00000033 -1.00000000
vn -0.00003404 0.00011128 -0.99999999
vn -0.00001138 -0.00000258 -1.00000000
vn 0.00000033 0.00000000 -1.00000000
vn 0.00000033 0.00000000 -1.00000000
vn 0.00000033 0.00000000 -1.00000000
vn -0.00004767 -0.00009030 -0.99999999
vn -0.00043873 -0.00035050 -0.99999984
vn 0.00008616 0.00010340 -0.99999999
vn 0.00002598 0.00002724 -1.00000000
vn -0.00057680 -0.00005386 -0.99999983
vn 0.00054700 -0.00005855 -0.99999985
vn 0.00006167 -0.00002209 -1.00000000
vn 0.00040063 -0.00030777 -0.99999987
vn 0.00030165 -0.00024278 -0.99999993
vn 0.00002253 -0.00002836 -1.00000000
vn 0.00002352 -0.00010556 -0.99999999
vn -0.00000349 0.00000637 -1.00000000
vn 0.00000014 0.00011915 -0.99999999
vn 0.00000033 0.00000000 -1.00000000
vn 0.00000033 0.00000000 -1.00000000
vn 0.00002767 0.00005758 -1.00000000
vn 0.00010298 0.00011819 -0.99999999
vn 0.00033985 0.00027280 -0.99999991
vn -0.00010255 -0.00001816 -0.99999999
vn 0.00057386 -0.00005795 -0.99999983
vn 0.00028477 -0.00005696 -0.99999996
vn 0.00009900 -0.00007984 -0.99999999
vn 0.00002989 -0.00003426 -1.00000000
vn 0.00000346 -0.00000653 -1.00000000
vn 0.18665526 0.32588964 -0.92679866
vn 0.36642677 0.32596627 -0.87148002
vn 0.38242690 0.16356295 -0.90939366
vn 0.19479371 0.16354618 -0.96711326
vn 0.18462476 0.32576387 0.92724948
vn -0.00247063 0.32544391 0.94555812
vn -0.00254323 0.16334549 0.98656565
vn 0.19271478 0.16343670 0.96754817
vn -0.18968362 0.32549689 0.92632170
vn -0.19787627 0.16329405 0.96652989
vn -0.19089955 0.32540502 -0.92610417
vn -0.00159017 0.32544778 -0.94555868
vn -0.00164803 0.16327690 -0.98657891
vn -0.19909171 0.16328579 -0.96628166
vn 0.36603048 0.32587001 0.87168253
vn 0.38199955 0.16352864 0.90957942
vn 0.87667573 0.32740808 -0.35248208
vn 0.92871005 0.32492561 -0.17866447
vn 0.96884274 0.16310908 -0.18638447
vn 0.91521357 0.16436750 -0.36792314
vn -0.37012873 0.32583504 -0.86996336
vn -0.38619004 0.16351735 -0.90781019
vn 0.45091667 0.32403331 0.83167095
vn 0.47030613 0.16241879 0.86742855
vn -0.45452461 0.32424878 -0.82962046
vn -0.47409435 0.16263115 -0.86532402
vn 0.67276888 0.32619946 0.66406020
vn 0.60464195 0.32447789 0.72740787
vn 0.63068186 0.16292761 0.75874566
vn 0.70209212 0.16370921 0.69301223
vn -0.87549278 0.32519344 -0.35743757
vn -0.79027578 0.32652045 -0.51850611
vn -0.82484044 0.16388706 -0.54109082
vn -0.91341412 0.16325804 -0.37285582
vn -0.67502860 0.32462498 -0.66253680
vn -0.60727458 0.32440651 -0.72524341
vn -0.63343479 0.16280234 -0.75647588
vn -0.70420213 0.16292056 -0.69105445
vn 0.78972828 0.32488945 0.52036149
vn 0.82385379 0.16305025 0.54284394
vn -0.79334330 0.32607591 0.51408259
vn -0.87789007 0.32636828 0.35041798
vn -0.91620190 0.16382268 0.36569962
vn -0.82785283 0.16365085 0.53654273
vn 0.87514906 0.32467313 0.35874989
vn 0.91294095 0.16297608 0.37413583
vn -0.92727220 0.32563116 -0.18474473
vn -0.96753460 0.16346161 -0.19276175
vn 0.92712495 0.32590535 0.18500010
vn 0.96745060 0.16360393 0.19306242
vn -0.94544528 0.32575941 -0.00374563
vn -0.98653310 0.16351588 -0.00387384
vn 0.94545269 0.32574520 0.00304582
vn 0.98653902 0.16349528 0.00317109
vn -0.92890684 0.32529619 0.17695895
vn -0.96914384 0.16331695 0.18462881
vn 0.79177821 0.32631462 -0.51633908
vn 0.82631018 0.16375239 -0.53888462
vn -0.73903443 0.32488026 0.59015331
vn -0.77095807 0.16310806 0.61564553
vn 0.73747226 0.32377240 -0.59271080
vn 0.76910291 0.16241928 -0.61814294
vn -0.53581931 0.32543814 0.77909414
vn -0.61033387 0.32454118 0.72261026
vn -0.63665720 0.16272057 0.75378354
vn -0.55907239 0.16331740 0.81287483
vn 0.53192677 0.32575664 -0.78162429
vn 0.60713374 0.32375025 -0.72565446
vn 0.63317969 0.16241358 -0.75677296
vn 0.55510237 0.16347895 -0.81555870
vn -0.37144132 0.32601207 0.86933738
vn -0.38757176 0.16359490 0.90720716
vn -0.38580463 -0.16994125 -0.90679367
vn -0.52128004 -0.22578646 -0.82297485
vn 0.63921827 -0.00000093 0.76902536
vn 0.72857280 -0.11247652 0.67567056
vn -0.82407581 -0.16945601 -0.54054021
vn -0.91248420 -0.16920051 -0.37248325
vn -0.64200396 0.00000093 -0.76670132
vn -0.73041833 -0.11185734 -0.67377815
vn 0.82302606 -0.16885109 0.54232592
vn -0.91536218 -0.16914910 0.36537742
vn -0.85038174 -0.11200188 0.51410746
vn 0.91197366 -0.16919327 0.37373478
vn -0.96659312 -0.16915721 -0.19257096
vn 0.96639496 -0.16999856 0.19282447
vn -0.98560070 -0.16904571 -0.00384842
vn 0.98544032 -0.16999211 0.00317278
vn -0.96825864 -0.16871186 0.18442213
vn 0.96790191 -0.16886221 -0.18614900
vn 0.91440139 -0.16942697 -0.36764739
vn 0.84891816 -0.11238649 -0.51643705
vn -0.78142281 0.00000113 0.62400192
vn 0.77944810 -0.00000113 -0.62646680
vn -0.67445003 -0.22591235 0.70290879
vn -0.55848840 -0.16933061 0.81204547
vn 0.67144745 -0.22596273 -0.70576140
vn 0.55454417 -0.16933188 -0.81474381
vn -0.38726521 -0.16897796 0.90635098
vn 0.38202395 -0.16984535 -0.90841084
vn -0.19770977 -0.16916958 0.96555295
vn 0.19461063 -0.16909004 -0.96619628
vn -0.00254068 -0.16956686 0.98551541
vn 0.19251512 -0.16923627 0.96659041
vn -0.00165757 -0.16968023 -0.98549778
vn -0.19890358 -0.16885809 -0.96536227
vn 0.38166724 -0.16876694 0.90876171
vn 0.51792796 -0.22566343 0.82512220
vn -0.87170866 -0.33681883 -0.35591726
vn -0.92345479 -0.33671275 -0.18399937
vn 0.87119302 -0.33682310 0.35717352
vn 0.92280718 -0.33840686 0.18414047
vn -0.94165134 -0.33656945 -0.00370924
vn 0.94099104 -0.33841769 0.00305445
vn -0.92528024 -0.33586128 0.17622051
vn 0.92486546 -0.33613865 -0.17786146
vn -0.87450419 -0.33673143 0.34907645
vn 0.87343609 -0.33729230 -0.35120266
vn 0.83594083 -0.33597985 -0.43395906
vn -0.73625311 -0.33507328 0.58792623
vn -0.73625023 -0.33508300 0.58792429
vn -0.67477741 -0.33692717 0.65662434
vn 0.73420239 -0.33574799 -0.59010180
vn 0.73420359 -0.33574393 -0.59010262
vn 0.67229584 -0.33701085 -0.65912214
vn -0.53351530 -0.33718424 0.77567275
vn 0.52965748 -0.33720661 -0.77830242
vn -0.36989902 -0.33652957 0.86598070
vn 0.36468829 -0.33824098 -0.86752262
vn -0.18880448 -0.33698823 0.92238376
vn 0.18591536 -0.33671391 -0.92307054
vn -0.00246006 -0.33759641 0.94128774
vn 0.18381544 -0.33708445 0.92335581
vn -0.00160597 -0.33795570 -0.94116065
vn -0.19006295 -0.33631044 -0.92237268
vn 0.36459811 -0.33608672 0.86839734
vn -0.36838807 -0.33837774 -0.86590458
vn 0.52786954 -0.33658508 0.77978473
vn -0.53099295 -0.33672274 -0.77760163
vn 0.60195029 -0.33657551 0.72413588
vn 0.60194533 -0.33659957 0.72412882
vn -0.78710564 -0.33739034 -0.51636467
vn -0.60503942 -0.33425267 -0.72263577
vn -0.60504333 -0.33423364 -0.72264129
vn 0.73197183 -0.33646390 0.59246036
vn 0.78640497 -0.33620209 0.51820400
vn -0.83735551 -0.33504982 0.43194602
vn -0.73377172 -0.33443551 -0.59138139
vn -0.92582475 0.00000134 -0.37795309
vn -0.83614961 0.00000121 -0.54850145
vn -0.83614657 0.00000121 -0.54850608
vn -0.92582518 0.00000134 -0.37795204
vn 0.71170104 -0.00000103 0.70248248
vn 0.63926153 -0.00000093 0.76898940
vn 0.63926153 -0.00000093 0.76898940
vn 0.71170198 -0.00000103 0.70248152
vn -0.48047269 0.00000070 -0.87700969
vn -0.39148023 0.00000057 -0.92018652
vn -0.39147895 0.00000057 -0.92018706
vn -0.48047269 0.00000070 -0.87700969
vn -0.00166664 0.00000000 -0.99999861
vn 0.19744371 -0.00000029 -0.98031423
vn 0.19744479 -0.00000029 -0.98031401
vn -0.00166513 0.00000000 -0.99999861
vn 0.47660883 -0.00000069 0.87911548
vn 0.38716832 -0.00000056 0.92200905
vn 0.38716880 -0.00000056 0.92200885
vn 0.47660883 -0.00000069 0.87911548
vn -0.20183543 0.00000029 -0.97941945
vn -0.20183616 0.00000029 -0.97941930
vn 0.92780505 -0.00000134 -0.37306539
vn 0.98199933 -0.00000142 -0.18888438
vn 0.98199843 -0.00000142 -0.18888909
vn 0.92780760 -0.00000134 -0.37305905
vn 0.19530853 -0.00000028 0.98074185
vn 0.19531129 -0.00000028 0.98074130
vn -0.00259407 0.00000000 0.99999664
vn -0.20057938 0.00000029 0.97967745
vn -0.20057801 0.00000029 0.97967773
vn -0.00259208 0.00000000 0.99999664
vn 0.38764554 -0.00000056 -0.92180851
vn 0.38764666 -0.00000056 -0.92180804
vn -0.39285288 0.00000057 0.91960133
vn -0.39285176 0.00000057 0.91960181
vn 0.56265527 -0.00000082 -0.82669163
vn 0.56265643 -0.00000082 -0.82669084
vn -0.56668932 0.00000082 0.82393156
vn -0.56668842 0.00000082 0.82393218
vn 0.64168193 -0.00000093 -0.76697086
vn 0.64168193 -0.00000093 -0.76697086
vn -0.64527961 0.00000093 0.76394648
vn -0.64527961 0.00000093 0.76394648
vn 0.77947531 -0.00000113 -0.62643295
vn 0.83760752 -0.00000121 -0.54627250
vn 0.83761061 -0.00000121 -0.54626776
vn 0.77947531 -0.00000113 -0.62643295
vn -0.78140925 0.00000113 0.62401889
vn -0.83916550 0.00000122 0.54387614
vn -0.83916879 0.00000122 0.54387107
vn -0.78140925 0.00000113 0.62401889
vn -0.92874135 0.00000135 0.37072835
vn -0.98233818 0.00000142 0.18711413
vn -0.98233696 0.00000142 0.18712056
vn -0.92874119 0.00000135 0.37072873
vn 0.99999471 -0.00000145 0.00325395
vn 0.99999473 -0.00000145 0.00324723
vn -0.99999226 0.00000145 -0.00393350
vn -0.99999224 0.00000145 -0.00393980
vn 0.98066938 -0.00000142 0.19567207
vn 0.98066923 -0.00000142 0.19567282
vn -0.98072334 0.00000142 -0.19540146
vn -0.98072328 0.00000142 -0.19540178
vn 0.92530695 -0.00000134 0.37921901
vn 0.92530719 -0.00000134 0.37921840
vn 0.83500660 -0.00000121 0.55023993
vn 0.83500775 -0.00000121 0.55023818
vn -0.71370592 0.00000103 -0.70044548
vn -0.71370823 0.00000103 -0.70044312
vn -0.64200686 0.00000093 -0.76669889
vn -0.64200686 0.00000093 -0.76669889
vn -0.20195529 -0.97939474 -0.00000007
vn -0.00166939 -0.99999861 -0.00000000
vn -0.00166939 -0.99999861 -0.00000000
vn -0.20195716 -0.97939436 -0.00000007
vn 0.38739985 0.92191180 0.00000013
vn 0.19542103 0.98071944 0.00000006
vn 0.19542255 0.98071914 0.00000006
vn 0.38739983 0.92191180 0.00000013
vn 0.92788951 -0.37285529 0.00000031
vn 0.98201886 -0.18878286 0.00000033
vn 0.98201792 -0.18878775 0.00000033
vn 0.92789177 -0.37284965 0.00000031
vn -0.39170615 -0.92009037 -0.00000013
vn -0.39170579 -0.92009053 -0.00000013
vn 0.56089156 0.82788928 0.00000019
vn 0.56089031 0.82789013 0.00000019
vn 0.19754275 -0.98029427 0.00000007
vn 0.19754274 -0.98029427 0.00000007
vn -0.56419060 -0.82564458 -0.00000019
vn -0.56419286 -0.82564303 -0.00000019
vn 0.71191540 0.70226523 0.00000024
vn 0.71191540 0.70226523 0.00000024
vn -0.92590690 -0.37775180 -0.00000031
vn -0.88581986 -0.46402928 -0.00000029
vn -0.88581986 -0.46402928 -0.00000029
vn -0.92590719 -0.37775107 -0.00000031
vn -0.71391970 -0.70022758 -0.00000024
vn -0.71392320 -0.70022401 -0.00000024
vn 0.77747376 0.62891538 0.00000026
vn 0.77747376 0.62891538 0.00000026
vn -0.83932839 0.54362474 -0.00000028
vn -0.92882104 0.37052865 -0.00000031
vn -0.92882101 0.37052873 -0.00000031
vn -0.83933199 0.54361918 -0.00000028
vn -0.77879985 -0.62727250 -0.00000026
vn -0.77879985 -0.62727250 -0.00000026
vn 0.92538763 0.37902207 0.00000031
vn 0.88489240 0.46579550 0.00000029
vn 0.88489240 0.46579550 0.00000029
vn 0.92538763 0.37902207 0.00000031
vn -0.98075310 -0.19525205 -0.00000033
vn -0.98075310 -0.19525202 -0.00000033
vn 0.98069511 0.19554310 0.00000033
vn 0.98069488 0.19554422 0.00000033
vn -0.99999246 -0.00388338 -0.00000033
vn -0.99999244 -0.00388958 -0.00000033
vn 0.99999481 0.00322294 0.00000033
vn 0.99999483 0.00321596 0.00000033
vn -0.98235441 0.18702893 -0.00000033
vn -0.98235320 0.18703526 -0.00000033
vn 0.83774558 -0.54606075 0.00000028
vn 0.83774815 -0.54605681 0.00000028
vn -0.71696538 0.69710877 -0.00000024
vn -0.71696538 0.69710877 -0.00000024
vn 0.71423096 -0.69991009 0.00000024
vn 0.71423096 -0.69991009 0.00000024
vn -0.64546955 0.76378601 -0.00000021
vn -0.64546955 0.76378601 -0.00000021
vn 0.64192495 -0.76676747 0.00000021
vn 0.64192495 -0.76676747 0.00000021
vn -0.39306238 0.91951181 -0.00000013
vn -0.48280286 0.87572907 -0.00000016
vn -0.48280286 0.87572907 -0.00000016
vn -0.39306238 0.91951181 -0.00000013
vn 0.38781844 -0.92173578 0.00000013
vn 0.47830181 -0.87819552 0.00000016
vn 0.47830181 -0.87819552 0.00000016
vn 0.38781844 -0.92173578 0.00000013
vn -0.20067494 0.97965788 -0.00000007
vn -0.20067494 0.97965788 -0.00000007
vn -0.00257628 0.99999668 -0.00000000
vn -0.00257628 0.99999668 -0.00000000
vt 0.92701119 0.24467090
vt 0.92180532 0.24782351
vt 0.91901833 0.24447469
vt 0.92360687 0.24195559
vt 0.90577471 0.24264491
vt 0.91039503 0.24473859
vt 0.90903312 0.24915150
vt 0.90209901 0.24695811
vt 0.90140951 0.23828390
vt 0.89707232 0.24341349
vt 0.89916581 0.23312660
vt 0.89183921 0.23667461
vt 0.92735469 0.23752820
vt 0.93153512 0.24065700
vt 0.92922801 0.23193149
vt 0.93449098 0.23602641
vt 0.92888057 0.22582370
vt 0.93639791 0.22917341
vt 0.93654841 0.22048920
vt 0.92634833 0.22060619
vt 0.89902401 0.22722290
vt 0.88834178 0.22969060
vt 0.91603172 0.24931350
vt 0.91490471 0.24523249
vt 0.92208278 0.21681100
vt 0.92637712 0.21296190
vt 0.91639900 0.21484920
vt 0.91532922 0.20962501
vt 0.90941119 0.21546240
vt 0.90811181 0.21044600
vt 0.93589377 0.21522270
vt 0.92555249 0.20767310
vt 0.91415763 0.20445910
vt 0.90688783 0.20570581
vt 0.18140900 0.93613338
vt 0.18229461 0.94122988
vt 0.17233850 0.93303329
vt 0.17239229 0.92735249
vt 0.92432362 0.20262180
vt 0.91290629 0.19988140
vt 0.90577179 0.20144640
vt 0.18063159 0.93084359
vt 0.17299689 0.92174321
vt 0.16536079 0.92111480
vt 0.16695580 0.91584373
vt 0.80050927 0.39809391
vt 0.80291122 0.40127319
vt 0.79803592 0.40654230
vt 0.79587883 0.40324900
vt 0.18009029 0.92542487
vt 0.17412481 0.91646183
vt 0.16917969 0.91098452
vt 0.79760259 0.39476490
vt 0.79325598 0.39959091
vt 0.17985889 0.92000872
vt 0.17561349 0.91151857
vt 0.80118459 0.38698521
vt 0.80455691 0.38940960
vt 0.79436338 0.39143661
vt 0.79030758 0.39571691
vt 0.17994080 0.91473180
vt 0.17731640 0.90693861
vt 0.79747939 0.38470700
vt 0.79093480 0.38814920
vt 0.78717071 0.39174911
vt 0.80074948 0.38166231
vt 0.80455691 0.38279369
vt 0.79351348 0.38256189
vt 0.78734338 0.38488179
vt 0.78391612 0.38771209
vt 0.79654562 0.38054499
vt 0.78939569 0.38046089
vt 0.78366143 0.38162169
vt 0.78060007 0.38365081
vt 0.79201770 0.37952411
vt 0.78715968 0.37849230
vt 0.78212142 0.37749389
vt 0.77728081 0.37956849
vt 0.77487677 0.40112659
vt 0.77478039 0.39569750
vt 0.77458513 0.38966551
vt 0.77627498 0.39226881
vt 0.77446938 0.38365901
vt 0.77817172 0.38637951
vt 0.77493912 0.40595251
vt 0.77760559 0.39697269
vt 0.78065890 0.39072669
vt 0.77500743 0.40996191
vt 0.77894992 0.40129310
vt 0.78314942 0.39490771
vt 0.77510631 0.41332859
vt 0.78032231 0.40528551
vt 0.78561169 0.39894989
vt 0.68390292 0.95231318
vt 0.68397570 0.95637721
vt 0.67998117 0.96420437
vt 0.67834407 0.96014941
vt 0.78167331 0.40908730
vt 0.78798521 0.40288600
vt 0.68401438 0.94803292
vt 0.67695677 0.95564133
vt 0.78301752 0.41268229
vt 0.79022181 0.40666619
vt 0.68434072 0.94328952
vt 0.67594773 0.95049399
vt 0.78432721 0.41598141
vt 0.79217088 0.41025200
vt 0.68485433 0.93823832
vt 0.67551261 0.94486803
vt 0.89238650 0.21422879
vt 0.89128041 0.20945311
vt 0.89902782 0.20312050
vt 0.90007699 0.20759530
vt 0.68550551 0.93269318
vt 0.67572802 0.93889850
vt 0.89410430 0.21960260
vt 0.90145922 0.21279760
vt 0.90090030 0.22222389
vt 0.90435892 0.21823999
vt 0.92200691 0.25054669
vt 0.92810041 0.24714610
vt 0.92877388 0.24929380
vt 0.92199850 0.25284481
vt 0.93328702 0.24226800
vt 0.93448532 0.24366900
vt 0.18469580 0.96348017
vt 0.18627571 0.95960838
vt 0.18903971 0.95938611
vt 0.18732120 0.96400541
vt 0.18669529 0.95327330
vt 0.18938950 0.95230091
vt 0.18582609 0.94586480
vt 0.18847699 0.94531077
vt 0.18491830 0.94069088
vt 0.18752640 0.93994099
vt 0.18405010 0.93564588
vt 0.18667100 0.93499643
vt 0.18332671 0.93068022
vt 0.18600230 0.93044949
vt 0.18272629 0.92435151
vt 0.18535250 0.92331010
vt 0.18255150 0.91926652
vt 0.18524300 0.91864622
vt 0.18266711 0.91421932
vt 0.18539099 0.91388011
vt 0.18305540 0.90920287
vt 0.18577090 0.90894550
vt 0.18376420 0.90422368
vt 0.18656340 0.90389317
vt 0.18473969 0.89926088
vt 0.18771830 0.89863819
vt 0.18615881 0.89436722
vt 0.18938950 0.89324862
vt 0.78523958 0.37538731
vt 0.78030550 0.37498561
vt 0.77810818 0.37293729
vt 0.78279781 0.37282839
vt 0.77561980 0.37717590
vt 0.77384979 0.37508941
vt 0.77271008 0.38081360
vt 0.77115458 0.37799791
vt 0.77176303 0.38634321
vt 0.76930583 0.38278469
vt 0.77191859 0.39242551
vt 0.76945221 0.38881701
vt 0.68672192 0.95681661
vt 0.68660641 0.95202982
vt 0.68928552 0.95158613
vt 0.68934882 0.95706058
vt 0.68670899 0.94819170
vt 0.68938082 0.94827932
vt 0.68703628 0.94341618
vt 0.68971127 0.94356072
vt 0.68768728 0.96589690
vt 0.68711638 0.96170288
vt 0.68986923 0.96277207
vt 0.69054133 0.96697760
vt 0.68862420 0.97064930
vt 0.69169360 0.97194791
vt 0.77214849 0.39859951
vt 0.76979792 0.39578360
vt 0.91594177 0.25193891
vt 0.91587502 0.25409490
vt 0.90874940 0.25163329
vt 0.90869308 0.25366691
vt 0.90160441 0.24929410
vt 0.90155113 0.25117230
vt 0.68877810 0.91669428
vt 0.68724757 0.91132671
vt 0.68976492 0.91052163
vt 0.69150090 0.91651738
vt 0.68896908 0.92484421
vt 0.69169360 0.92482072
vt 0.68821502 0.93264121
vt 0.69091600 0.93276107
vt 0.68755621 0.93829870
vt 0.69024038 0.93846112
vt 0.92280698 0.22316989
vt 0.92480862 0.22671320
vt 0.92536980 0.23072790
vt 0.90683550 0.23972350
vt 0.90693051 0.23931770
vt 0.91064709 0.24137130
vt 0.91064620 0.24177749
vt 0.91489351 0.24197949
vt 0.91490769 0.24237341
vt 0.91901261 0.24090201
vt 0.91901851 0.24135700
vt 0.90390539 0.23635019
vt 0.90418291 0.23606861
vt 0.90240771 0.23222050
vt 0.90277779 0.23206560
vt 0.90250951 0.22779480
vt 0.90291500 0.22782440
vt 0.90420932 0.22377720
vt 0.90459818 0.22392410
vt 0.90726942 0.22065350
vt 0.90763497 0.22092409
vt 0.91130191 0.21876590
vt 0.91153407 0.21912280
vt 0.91588318 0.21848939
vt 0.91581458 0.21889029
vt 0.92012990 0.21984740
vt 0.91988349 0.22017540
vt 0.92351228 0.22265850
vt 0.92316520 0.22286171
vt 0.92564362 0.22652870
vt 0.92524958 0.22656390
vt 0.92620420 0.23092870
vt 0.92581463 0.23074560
vt 0.92521882 0.23527780
vt 0.92495978 0.23493950
vt 0.92256099 0.23873220
vt 0.92240453 0.23824421
vt 0.68445313 0.96050191
vt 0.68418550 0.95641071
vt 0.68454659 0.94329917
vt 0.68506080 0.93824279
vt 0.68571258 0.93268931
vt 0.68648028 0.92514890
vt 0.68637592 0.91739941
vt 0.89698780 0.24355800
vt 0.90206122 0.24713670
vt 0.89596713 0.24530511
vt 0.90901142 0.24934110
vt 0.91602492 0.24951410
vt 0.92182082 0.24803139
vt 0.77456182 0.39544749
vt 0.77466828 0.40093350
vt 0.77473801 0.40579581
vt 0.77230728 0.40390179
vt 0.68493950 0.96463960
vt 0.68422031 0.94804502
vt 0.68410951 0.95229161
vt 0.77436948 0.38941169
vt 0.77433503 0.38344160
vt 0.77715403 0.37938571
vt 0.78198159 0.37730241
vt 0.78701621 0.37825459
vt 0.79193300 0.37929970
vt 0.79089510 0.37659559
vt 0.18116750 0.90488839
vt 0.18207160 0.90039188
vt 0.18049750 0.90967190
vt 0.18014900 0.91469252
vt 0.18006460 0.91995198
vt 0.18029170 0.92534292
vt 0.18083750 0.93083107
vt 0.18161079 0.93609607
vt 0.18249489 0.94118881
vt 0.18337010 0.94610858
vt 0.18427670 0.95364010
vt 0.18381760 0.95913953
vt 0.93166888 0.24078010
vt 0.93464828 0.23608489
vt 0.93654841 0.23679250
vt 0.92709440 0.24486010
vt 0.91165251 0.21960180
vt 0.91575462 0.21937650
vt 0.91965967 0.22059940
vt 0.92453241 0.23473591
vt 0.92207700 0.23791900
vt 0.91880298 0.24047980
vt 0.91486788 0.24148880
vt 0.90789890 0.22130761
vt 0.90499908 0.22419570
vt 0.90337580 0.22793230
vt 0.90323991 0.23199651
vt 0.90458781 0.23583300
vt 0.90723032 0.23894520
vt 0.91080058 0.24091010
vt 0.18361440 0.95910072
vt 0.18407670 0.95367050
vt 0.18316691 0.94612873
vt 0.18028609 0.90971148
vt 0.18095259 0.90494370
vt 0.18185070 0.90048522
vt 0.68471217 0.96453559
vt 0.68423277 0.96040261
vt 0.68627441 0.92517412
vt 0.68617707 0.91745758
vt 0.12590151 0.96473593
vt 0.12305470 0.97178191
vt 0.12299300 0.97176349
vt 0.12584449 0.96470600
vt 0.34951589 0.98559439
vt 0.35372651 0.97915149
vt 0.35378361 0.97918141
vt 0.34956610 0.98563492
vt 0.13549051 0.95275682
vt 0.13009390 0.95828408
vt 0.13004380 0.95824391
vt 0.13544920 0.95270729
vt 0.34406421 0.99114281
vt 0.34410569 0.99119240
vt 0.14191601 0.94834173
vt 0.14188510 0.94828522
vt 0.07349634 0.97940087
vt 0.07996100 0.97500288
vt 0.08000248 0.97505242
vt 0.07352715 0.97945762
vt 0.20589229 0.97247273
vt 0.19866800 0.97556412
vt 0.19863699 0.97550762
vt 0.20587330 0.97241098
vt 0.06624281 0.98246092
vt 0.06626182 0.98252261
vt 0.21362840 0.97086853
vt 0.21362200 0.97080421
vt 0.05849248 0.98401737
vt 0.05849874 0.98408163
vt 0.22929510 0.97240019
vt 0.22154190 0.97086740
vt 0.22154830 0.97080320
vt 0.22931419 0.97233838
vt 0.04284471 0.98242092
vt 0.05057919 0.98401737
vt 0.05057257 0.98408163
vt 0.04282552 0.98248267
vt 0.23654661 0.97545987
vt 0.23657750 0.97540343
vt 0.35660481 0.97207618
vt 0.35666659 0.97209448
vt 0.03562492 0.97933197
vt 0.03559356 0.97938848
vt 0.24300361 0.97986221
vt 0.24304500 0.97981262
vt 0.02920848 0.97491598
vt 0.02916705 0.97496521
vt 0.24842779 0.98539722
vt 0.24847820 0.98535669
vt 0.01681751 0.95588529
vt 0.01963907 0.96293807
vt 0.01958185 0.96296787
vt 0.01675570 0.95590383
vt 0.02382653 0.96938491
vt 0.02377659 0.96942520
vt 0.25264469 0.99185842
vt 0.25270191 0.99182862
vt 0.25549501 0.99894261
vt 0.25555679 0.99892408
vt 0.12158970 0.98679572
vt 0.12301890 0.99421543
vt 0.12295710 0.99423391
vt 0.12152550 0.98680198
vt 0.31913951 0.96997350
vt 0.31769660 0.96251303
vt 0.31775850 0.96249461
vt 0.31920370 0.96996719
vt 0.12159540 0.97919887
vt 0.12153140 0.97919261
vt 0.31913230 0.97760272
vt 0.31919649 0.97760892
vt 0.35808110 0.96461982
vt 0.35814521 0.96462601
vt 0.99651688 0.44311249
vt 0.99648583 0.45071271
vt 0.99530548 0.45071259
vt 0.99533659 0.44311240
vt 0.89476663 0.95399177
vt 0.89471239 0.96097022
vt 0.89353150 0.96097320
vt 0.89358562 0.95399493
vt 0.98523271 0.22358350
vt 0.98471391 0.21650989
vt 0.98585808 0.21650849
vt 0.98637700 0.22358219
vt 0.99660587 0.43585899
vt 0.99542558 0.43585891
vt 0.89485347 0.94779640
vt 0.89367259 0.94779950
vt 0.99651557 0.45832649
vt 0.99533540 0.45832631
vt 0.99674863 0.42924669
vt 0.99556822 0.42924669
vt 0.89496881 0.94261211
vt 0.89378792 0.94261521
vt 0.38950959 0.98089433
vt 0.39008591 0.98741943
vt 0.38892189 0.98742062
vt 0.38834560 0.98089552
vt 0.99693632 0.42351919
vt 0.99575591 0.42351910
vt 0.98609293 0.18835691
vt 0.98725557 0.18257450
vt 0.98839980 0.18257309
vt 0.98723722 0.18835559
vt 0.39008299 0.94575417
vt 0.38950080 0.95232219
vt 0.38833681 0.95232338
vt 0.38891891 0.94575542
vt 0.39087659 0.99324179
vt 0.38971260 0.99324298
vt 0.98524243 0.19487230
vt 0.98638660 0.19487099
vt 0.38915411 0.97389352
vt 0.38799000 0.97389472
vt 0.98471898 0.20188810
vt 0.98586333 0.20188670
vt 0.38903201 0.96659583
vt 0.38786799 0.96659702
vt 0.98453838 0.20920910
vt 0.98568261 0.20920780
vt 0.38915020 0.95934212
vt 0.38798621 0.95934331
vt 0.98608482 0.23018250
vt 0.98722911 0.23018099
vt 0.39087659 0.93996751
vt 0.38971260 0.93996871
vt 0.98725557 0.23604579
vt 0.98839980 0.23604450
vt 0.89485300 0.99062192
vt 0.89496881 0.99688411
vt 0.89378792 0.99688721
vt 0.89367211 0.99062502
vt 0.99674612 0.47230330
vt 0.99693632 0.47808629
vt 0.99575591 0.47808620
vt 0.99556577 0.47230321
vt 0.89476591 0.98360163
vt 0.89358503 0.98360473
vt 0.99660349 0.46562859
vt 0.99542308 0.46562859
vt 0.89471197 0.97610313
vt 0.89353102 0.97610623
vt 0.89469439 0.96845073
vt 0.89351350 0.96845382
vt 0.14664251 0.86684757
vt 0.14661551 0.85372990
vt 0.15321539 0.85248381
vt 0.15324441 0.86678010
vt 0.12472110 0.85076761
vt 0.12416290 0.84402663
vt 0.13135420 0.83990800
vt 0.13198870 0.84805471
vt 0.41295150 0.89678782
vt 0.42046911 0.89723462
vt 0.41841269 0.90434110
vt 0.41193050 0.90395480
vt 0.13957269 0.86688179
vt 0.13954780 0.85503238
vt 0.41318691 0.88946259
vt 0.42178550 0.88997310
vt 0.13223170 0.86688179
vt 0.13220879 0.85635531
vt 0.41261360 0.88232350
vt 0.42228839 0.88289702
vt 0.12494620 0.86684781
vt 0.12492540 0.85764003
vt 0.41126189 0.87555420
vt 0.42197981 0.87618881
vt 0.11140590 0.86668020
vt 0.11138910 0.85993958
vt 0.11790340 0.85884893
vt 0.11792200 0.86677992
vt 0.93213880 0.49446771
vt 0.93195808 0.47921509
vt 0.93720740 0.47972941
vt 0.93737572 0.49393311
vt 0.10565720 0.86655170
vt 0.10564200 0.86086810
vt 0.92591113 0.49491850
vt 0.92571992 0.47879159
vt 0.36336589 0.89548361
vt 0.35856429 0.89546770
vt 0.35799870 0.88941091
vt 0.36367419 0.88942993
vt 0.91891527 0.49526501
vt 0.91871631 0.47847861
vt 0.36313459 0.90235758
vt 0.35898879 0.90234393
vt 0.91142982 0.49549001
vt 0.91122591 0.47829211
vt 0.36299199 0.90977710
vt 0.35925061 0.90976471
vt 0.89628708 0.49553621
vt 0.89608312 0.47833109
vt 0.90357280 0.47824430
vt 0.90377837 0.49557969
vt 0.36299369 0.92496341
vt 0.35924789 0.92495102
vt 0.35933971 0.91741002
vt 0.36294359 0.91742182
vt 0.88928622 0.49535620
vt 0.88908702 0.47855401
vt 0.36313841 0.93207270
vt 0.35898340 0.93205887
vt 0.88305801 0.49505210
vt 0.88286650 0.47889850
vt 0.36336860 0.93846363
vt 0.35856080 0.93844771
vt 0.87783211 0.49463940
vt 0.87765098 0.47934800
vt 0.41567010 0.91110963
vt 0.41015109 0.91078001
vt 0.36367419 0.94390363
vt 0.35800219 0.94388461
vt 0.15911341 0.85133731
vt 0.15914389 0.86668050
vt 0.40914959 0.86936992
vt 0.42084551 0.87006199
vt 0.41229820 0.91731232
vt 0.40763670 0.91703302
vt 0.92826349 0.40982649
vt 0.92974818 0.40989140
vt 0.92735428 0.41640070
vt 0.92506951 0.41631430
vt 0.43105039 0.87695110
vt 0.43997121 0.87823141
vt 0.43803591 0.88472497
vt 0.43022859 0.88358051
vt 0.11121370 0.85573959
vt 0.11079770 0.85162872
vt 0.11722940 0.84797972
vt 0.11771400 0.85335958
vt 0.93182468 0.46576190
vt 0.93176073 0.45248899
vt 0.93702960 0.45526311
vt 0.93708640 0.46741301
vt 0.10547910 0.85781312
vt 0.10512390 0.85482872
vt 0.92557621 0.46439061
vt 0.92550641 0.45018139
vt 0.35645109 0.89546901
vt 0.35438430 0.89547902
vt 0.35193729 0.88941908
vt 0.35493860 0.88940942
vt 0.91856492 0.46336260
vt 0.91848069 0.44858241
vt 0.35758650 0.90234721
vt 0.35622099 0.90235740
vt 0.91106981 0.46273020
vt 0.91099280 0.44737411
vt 0.35828629 0.90976918
vt 0.35735321 0.90977961
vt 0.89592677 0.46276131
vt 0.89584982 0.44739741
vt 0.90333718 0.44702971
vt 0.90341502 0.46253321
vt 0.35827899 0.92495543
vt 0.35734120 0.92496580
vt 0.35773841 0.91742522
vt 0.35852450 0.91741478
vt 0.88893551 0.46342099
vt 0.88886118 0.44848871
vt 0.35757089 0.93206209
vt 0.35619539 0.93207240
vt 0.88272262 0.46446869
vt 0.88265258 0.45023111
vt 0.35644040 0.93844891
vt 0.35436660 0.93845898
vt 0.87751710 0.46585321
vt 0.87745291 0.45253900
vt 0.42289379 0.90478271
vt 0.42729270 0.90551120
vt 0.42247769 0.91208100
vt 0.41910741 0.91147822
vt 0.35494539 0.94388330
vt 0.35194731 0.94389302
vt 0.15295079 0.84009910
vt 0.15209870 0.82793337
vt 0.15792380 0.82453680
vt 0.15883639 0.83781862
vt 0.43097550 0.87089849
vt 0.44094029 0.87230641
vt 0.41726109 0.91810709
vt 0.41480640 0.91761601
vt 0.14636479 0.84262222
vt 0.14558080 0.83171308
vt 0.42607209 0.89775461
vt 0.43157619 0.89861780
vt 0.13931200 0.84529871
vt 0.13860109 0.83574188
vt 0.42855969 0.89057487
vt 0.43521789 0.89157921
vt 0.93371862 0.38017970
vt 0.93470061 0.38020131
vt 0.93473732 0.38757351
vt 0.93391162 0.38754821
vt 0.04226201 0.93095571
vt 0.04212021 0.91847903
vt 0.04912889 0.91670352
vt 0.04926604 0.92857540
vt 0.93067223 0.40265590
vt 0.93155640 0.40270501
vt 0.03477209 0.93242222
vt 0.03462791 0.91956562
vt 0.93217200 0.39509231
vt 0.93268597 0.39513171
vt 0.01963001 0.93236083
vt 0.01948583 0.91949922
vt 0.02697396 0.91990262
vt 0.02711910 0.93288231
vt 0.93223047 0.38009119
vt 0.93274838 0.38013050
vt 0.93309587 0.38749650
vt 0.93270779 0.38746041
vt 0.01263380 0.93084180
vt 0.01249223 0.91835088
vt 0.11047170 0.83811837
vt 0.10621650 0.83698630
vt 0.11024900 0.83016390
vt 0.11565200 0.83156413
vt 0.93078321 0.37330401
vt 0.93167591 0.37335289
vt 0.00641418 0.92842537
vt 0.00627804 0.91652912
vt 0.41483390 0.92592680
vt 0.41526371 0.92739278
vt 0.40864050 0.93002093
vt 0.40833950 0.92914498
vt 0.14100739 0.79964107
vt 0.13007000 0.79683948
vt 0.13296030 0.79203141
vt 0.14465711 0.79491341
vt 0.43552959 0.91263711
vt 0.43656299 0.91688728
vt 0.42950681 0.92068470
vt 0.42870340 0.91749430
vt 0.42170021 0.92199612
vt 0.42229989 0.92424321
vt 0.13660100 0.80507600
vt 0.12662320 0.80260009
vt 0.06076264 0.92158347
vt 0.06064224 0.91147411
vt 0.06474906 0.90822798
vt 0.06485879 0.91724908
vt 0.13170139 0.81126732
vt 0.12278310 0.80904162
vt 0.44196901 0.90758443
vt 0.44324771 0.91297358
vt 0.12646320 0.81788921
vt 0.11868540 0.81593198
vt 0.44785389 0.90246773
vt 0.44938710 0.90904629
vt 0.12103270 0.82475251
vt 0.11444430 0.82307380
vt 0.45291039 0.89752722
vt 0.45469829 0.90528983
vt 0.45700961 0.89288777
vt 0.45904261 0.90179813
vt 0.10567430 0.84419048
vt 0.10248950 0.84330809
vt 0.05550622 0.92540222
vt 0.05537647 0.91433150
vt 0.10145180 0.84954220
vt 0.09921729 0.84888130
vt 0.42302439 0.93037629
vt 0.43041530 0.92909467
vt 0.43067020 0.93413287
vt 0.42323479 0.93437833
vt 0.01253408 0.90311122
vt 0.01265883 0.88767868
vt 0.01966786 0.88794267
vt 0.01953423 0.90382087
vt 0.10073400 0.83635718
vt 0.09515148 0.83608341
vt 0.09639167 0.82909638
vt 0.10338150 0.82942331
vt 0.93309271 0.37339839
vt 0.93452662 0.37341329
vt 0.00631058 0.90199852
vt 0.00642288 0.88728392
vt 0.93462831 0.39520541
vt 0.93365121 0.39518231
vt 0.41562921 0.92949939
vt 0.41582000 0.93164098
vt 0.40906820 0.93284571
vt 0.40892971 0.93142080
vt 0.00109649 0.90053737
vt 0.00119579 0.88677722
vt 0.43727249 0.92233032
vt 0.43769300 0.92785537
vt 0.43008390 0.92485762
vt 0.42276561 0.92728561
vt 0.11423680 0.80136788
vt 0.10163870 0.80078131
vt 0.10279670 0.79485512
vt 0.11654820 0.79550052
vt 0.06065154 0.89907062
vt 0.06073117 0.88651007
vt 0.06481558 0.88587230
vt 0.06475019 0.89712048
vt 0.11167490 0.80792958
vt 0.10037570 0.80740952
vt 0.44408861 0.91978222
vt 0.44459331 0.92669243
vt 0.10895290 0.81494582
vt 0.09905171 0.81449342
vt 0.45035231 0.91728032
vt 0.45093289 0.92563587
vt 0.10614660 0.82220680
vt 0.09770369 0.82181340
vt 0.45579600 0.91494352
vt 0.45646071 0.92473882
vt 0.46025839 0.91282731
vt 0.46099409 0.92401731
vt 0.09829813 0.84277928
vt 0.09402769 0.84255213
vt 0.05539131 0.90078282
vt 0.05548155 0.88706261
vt 0.09617215 0.84844208
vt 0.09306651 0.84825641
vt 0.04915487 0.90220052
vt 0.04926103 0.88751400
vt 0.93186897 0.40993571
vt 0.93401557 0.40994439
vt 0.93353742 0.41644299
vt 0.93042701 0.41644299
vt 0.04215764 0.90325618
vt 0.04227828 0.88784069
vt 0.93296230 0.40275291
vt 0.93438548 0.40277019
vt 0.03467381 0.90389651
vt 0.03480523 0.88802612
vt 0.02715814 0.88805711
vt 0.02702248 0.90405881
vt 0.08893507 0.80744320
vt 0.08902359 0.80077320
vt 0.44496700 0.93414921
vt 0.43802431 0.93405861
vt 0.08887565 0.81455880
vt 0.45130840 0.93439949
vt 0.08884716 0.82187128
vt 0.45686749 0.93480593
vt 0.08884942 0.82917333
vt 0.46139470 0.93534511
vt 0.08894580 0.84257847
vt 0.08888250 0.83614022
vt 0.05553251 0.87347388
vt 0.06077069 0.87396550
vt 0.08903801 0.84825718
vt 0.04934465 0.87305671
vt 0.93716210 0.40993440
vt 0.93755060 0.41640410
vt 0.04239809 0.87272751
vt 0.93688112 0.40278900
vt 0.03495264 0.87250358
vt 0.93672162 0.39524379
vt 0.02731478 0.87239641
vt 0.93679911 0.38023451
vt 0.93669558 0.38761881
vt 0.01279217 0.87255150
vt 0.01982277 0.87241369
vt 0.93703318 0.37342349
vt 0.00652951 0.87280488
vt 0.41596600 0.93478632
vt 0.40916279 0.93534511
vt 0.00127751 0.87316060
vt 0.08913838 0.79481059
vt 0.06483453 0.87450749
vt 0.92564249 0.43855560
vt 0.92616832 0.42866391
vt 0.93237692 0.43241081
vt 0.93190581 0.44149360
vt 0.10447410 0.85258532
vt 0.10327640 0.85074371
vt 0.10825170 0.84586310
vt 0.10992530 0.84844798
vt 0.93759340 0.43691379
vt 0.93716288 0.44521740
vt 0.11389700 0.84032130
vt 0.11610650 0.84374338
vt 0.44725120 0.88082951
vt 0.45314401 0.88564652
vt 0.44953069 0.89121163
vt 0.44438460 0.88700479
vt 0.12277130 0.83865732
vt 0.11998690 0.83433640
vt 0.12630691 0.82811499
vt 0.12968500 0.83336598
vt 0.44497719 0.89710748
vt 0.44060391 0.89353043
vt 0.13267981 0.82184237
vt 0.13665360 0.82802528
vt 0.43959591 0.90318358
vt 0.43599680 0.90023887
vt 0.13882139 0.81578892
vt 0.14336620 0.82286769
vt 0.43364131 0.90915531
vt 0.43078631 0.90681630
vt 0.14456061 0.81012642
vt 0.14963600 0.81803840
vt 0.42510691 0.91309208
vt 0.42726770 0.91486740
vt 0.42066631 0.92013031
vt 0.41912201 0.91885638
vt 0.44909221 0.87520272
vt 0.45568430 0.88059157
vt 0.14958470 0.80551052
vt 0.15524100 0.81370938
vt 0.41413420 0.92469108
vt 0.41310200 0.92383248
vt 0.15397860 0.80082190
vt 0.15970200 0.81061733
vt 0.40789220 0.92838562
vt 0.40724710 0.92784083
vt 0.35732159 0.91743332
vt 0.35692301 0.91744441
vt 0.35631561 0.90980321
vt 0.35681370 0.90978903
vt 0.88309562 0.43894109
vt 0.88331741 0.42867699
vt 0.88956040 0.42586139
vt 0.88902652 0.43609300
vt 0.35528201 0.93208671
vt 0.35447979 0.93211180
vt 0.35629550 0.92499018
vt 0.35679731 0.92497551
vt 0.89657092 0.42410481
vt 0.89602047 0.43463621
vt 0.90350950 0.43414900
vt 0.90406489 0.42351919
vt 0.91171283 0.42409220
vt 0.91116309 0.43461880
vt 0.35452309 0.90239543
vt 0.35531721 0.90237111
vt 0.91918802 0.42584351
vt 0.91865528 0.43606451
vt 0.35161701 0.89553970
vt 0.35289061 0.89549941
vt 0.10000240 0.85596448
vt 0.09919869 0.85473812
vt 0.04975253 0.93833327
vt 0.05596166 0.93450493
vt 0.06117928 0.92990071
vt 0.46000460 0.88870078
vt 0.93233758 0.38741571
vt 0.93169868 0.39503860
vt 0.00690037 0.93820322
vt 0.01314282 0.94110560
vt 0.40249339 0.93150038
vt 0.40220451 0.93103927
vt 0.02015304 0.94292659
vt 0.93175381 0.38003749
vt 0.02764678 0.94354558
vt 0.03529518 0.94298238
vt 0.92989540 0.40257609
vt 0.04277122 0.94120771
vt 0.92699462 0.40970421
vt 0.92314488 0.41613469
vt 0.34965780 0.88944811
vt 0.35286301 0.93848008
vt 0.16277979 0.82168359
vt 0.41187871 0.92329979
vt 0.00107276 0.91412550
vt 0.04936885 0.87135071
vt 0.05555671 0.87176788
vt 0.08732682 0.84825301
vt 0.08723467 0.84257442
vt 0.43806821 0.93575817
vt 0.43071401 0.93583268
vt 0.06079483 0.87225932
vt 0.08717131 0.83613598
vt 0.46143860 0.93704492
vt 0.45691130 0.93650562
vt 0.08713823 0.82916909
vt 0.45135230 0.93609917
vt 0.08713597 0.82186711
vt 0.44501081 0.93584889
vt 0.08716440 0.81455451
vt 0.08722388 0.80743903
vt 0.08731245 0.80076897
vt 0.42327869 0.93607807
vt 0.08742725 0.79480642
vt 0.41600990 0.93648601
vt 0.00130183 0.87145460
vt 0.00655377 0.87109888
vt 0.40920660 0.93704492
vt 0.01281636 0.87084562
vt 0.93873829 0.37340721
vt 0.93850422 0.38021821
vt 0.01984697 0.87070781
vt 0.93840080 0.38760251
vt 0.93842667 0.39522749
vt 0.02733898 0.87069052
vt 0.03497684 0.87079757
vt 0.93858618 0.40277261
vt 0.04242235 0.87102151
vt 0.93886709 0.40991801
vt 0.93925571 0.41638780
vt 0.06485879 0.87280142
vt 0.21461950 0.97380412
vt 0.22173490 0.97383541
vt 0.22173050 0.97388113
vt 0.21462411 0.97385007
vt 0.06569224 0.98040771
vt 0.05877465 0.98173451
vt 0.05877017 0.98168892
vt 0.06567925 0.98036349
vt 0.20766550 0.97514677
vt 0.20767841 0.97519100
vt 0.07226341 0.97778231
vt 0.07224214 0.97774130
vt 0.19505870 0.98170477
vt 0.20106710 0.97780180
vt 0.20108840 0.97784269
vt 0.19508760 0.98174077
vt 0.34753761 0.98501962
vt 0.34238330 0.99003577
vt 0.34235451 0.98999971
vt 0.34750250 0.98498982
vt 0.13313261 0.95955002
vt 0.13830690 0.95448238
vt 0.13833570 0.95451838
vt 0.13316810 0.95957959
vt 0.35165459 0.97903621
vt 0.35161430 0.97901380
vt 0.12903181 0.96557021
vt 0.12907220 0.96559238
vt 0.35453689 0.97229952
vt 0.35449299 0.97228563
vt 0.12617880 0.97233403
vt 0.12622289 0.97234797
vt 0.35603201 0.96507740
vt 0.35598621 0.96507227
vt 0.12472810 0.97956991
vt 0.12477390 0.97957468
vt 0.31565270 0.96341008
vt 0.31708330 0.97066408
vt 0.31703749 0.97066838
vt 0.31560871 0.96342361
vt 0.31708330 0.97806019
vt 0.31703749 0.97805518
vt 0.12621900 0.99420261
vt 0.12472920 0.98696578
vt 0.12477510 0.98696142
vt 0.12626299 0.99418902
vt 0.25059631 0.99304718
vt 0.25345111 0.99983972
vt 0.25340709 0.99985307
vt 0.25055590 0.99306917
vt 0.02290004 0.96263540
vt 0.02001792 0.95587248
vt 0.02006191 0.95585901
vt 0.02293998 0.96261358
vt 0.24648990 0.98699057
vt 0.24645451 0.98701990
vt 0.02701926 0.96865427
vt 0.02705425 0.96862477
vt 0.24132700 0.98189330
vt 0.24129809 0.98192930
vt 0.04476964 0.98032981
vt 0.03819131 0.97765768
vt 0.03821253 0.97761703
vt 0.04478240 0.98028570
vt 0.03217840 0.97371161
vt 0.03220719 0.97367591
vt 0.23530060 0.97792017
vt 0.23527899 0.97796100
vt 0.07828003 0.97389591
vt 0.07825130 0.97385979
vt 0.22869299 0.97522092
vt 0.22867981 0.97526520
vt 0.05168992 0.98170233
vt 0.05169421 0.98165667
vt 0.44270590 0.93919140
vt 0.44260231 0.94514668
vt 0.44097900 0.94514591
vt 0.44108239 0.93919051
vt 0.98057377 0.56873620
vt 0.98016632 0.56147659
vt 0.98177892 0.56143498
vt 0.98218632 0.56869471
vt 0.82433492 0.97649992
vt 0.82480109 0.98173660
vt 0.82318252 0.98174793
vt 0.82271630 0.97651112
vt 0.98113191 0.57553113
vt 0.98274451 0.57548940
vt 0.82394922 0.97025150
vt 0.82233071 0.97026283
vt 0.97434199 0.08370345
vt 0.97465771 0.07690423
vt 0.97627538 0.07690823
vt 0.97595960 0.08370745
vt 0.82366288 0.96323460
vt 0.82204431 0.96324581
vt 0.97408420 0.09869194
vt 0.97414988 0.09107673
vt 0.97576761 0.09108072
vt 0.97570193 0.09869599
vt 0.82343251 0.94812512
vt 0.82348722 0.95575398
vt 0.82186848 0.95576531
vt 0.82181382 0.94813633
vt 0.97415280 0.10622910
vt 0.97577047 0.10623300
vt 0.44252649 0.95180851
vt 0.44248039 0.95891541
vt 0.44085699 0.95891428
vt 0.44090301 0.95180762
vt 0.82349849 0.94068581
vt 0.82187992 0.94069707
vt 0.97434741 0.11336830
vt 0.97596520 0.11337230
vt 0.82368022 0.93374211
vt 0.82206160 0.93375349
vt 0.97465771 0.11983430
vt 0.97627538 0.11983820
vt 0.82480109 0.91824472
vt 0.82434583 0.92231411
vt 0.82272720 0.92232537
vt 0.82318252 0.91825593
vt 0.82396591 0.92755502
vt 0.82234728 0.92756629
vt 0.44260311 0.98689997
vt 0.44270590 0.99257129
vt 0.44108239 0.99257040
vt 0.44097969 0.98689908
vt 0.97992140 0.55405062
vt 0.97984689 0.54670560
vt 0.98145950 0.54666400
vt 0.98153383 0.55400890
vt 0.44252780 0.98046982
vt 0.44090441 0.98046893
vt 0.98059332 0.52788597
vt 0.98113191 0.52336431
vt 0.98274451 0.52332270
vt 0.98220593 0.52784431
vt 0.44248161 0.97351158
vt 0.44085830 0.97351062
vt 0.98018748 0.53343809
vt 0.98180002 0.53339648
vt 0.44246569 0.96621883
vt 0.44084230 0.96621788
vt 0.97993737 0.53977168
vt 0.98154998 0.53973001
vt 0.99225271 0.18779381
vt 0.99187469 0.19401801
vt 0.99094182 0.19401839
vt 0.99131978 0.18779419
vt 0.38405719 0.96795952
vt 0.38410571 0.96031481
vt 0.38504031 0.96031809
vt 0.38499191 0.96796292
vt 0.38448229 0.98900127
vt 0.38425210 0.98261029
vt 0.38518670 0.98261380
vt 0.38541690 0.98900461
vt 0.99272728 0.18257330
vt 0.99179453 0.18257371
vt 0.20853600 0.83159238
vt 0.21009789 0.82471430
vt 0.21086711 0.82473171
vt 0.20930520 0.83160979
vt 0.38478771 0.99444127
vt 0.38572240 0.99444461
vt 0.20839100 0.80582893
vt 0.20850471 0.81172818
vt 0.20756850 0.81172872
vt 0.20745480 0.80582941
vt 0.21241270 0.86607182
vt 0.21010520 0.85995752
vt 0.21087439 0.85997492
vt 0.21318190 0.86608911
vt 0.21241270 0.81838453
vt 0.21318190 0.81840187
vt 0.20830750 0.79922718
vt 0.20737121 0.79922771
vt 0.20774280 0.83878821
vt 0.20851199 0.83880562
vt 0.20825639 0.79215771
vt 0.20732020 0.79215813
vt 0.20773990 0.84611708
vt 0.20850900 0.84613460
vt 0.20823880 0.78481650
vt 0.20730250 0.78481698
vt 0.20853940 0.85323453
vt 0.20930870 0.85325187
vt 0.20825520 0.77753091
vt 0.20731890 0.77753139
vt 0.20839010 0.76399040
vt 0.20830610 0.77050662
vt 0.20736989 0.77050710
vt 0.20745391 0.76399088
vt 0.99225491 0.23687820
vt 0.99272728 0.24212100
vt 0.99179453 0.24212129
vt 0.99132222 0.23687860
vt 0.20850471 0.75824118
vt 0.20756850 0.75824171
vt 0.99187791 0.23064549
vt 0.99094510 0.23064581
vt 0.38447961 0.94602132
vt 0.38478771 0.93996751
vt 0.38572240 0.93997091
vt 0.38541409 0.94602472
vt 0.99161440 0.22364610
vt 0.99068153 0.22364651
vt 0.38424811 0.95289540
vt 0.38518280 0.95289862
vt 0.99147832 0.21615849
vt 0.99054539 0.21615890
vt 0.99161172 0.20101620
vt 0.99147940 0.20850649
vt 0.99054658 0.20850700
vt 0.99067891 0.20101669
vt 0.38410741 0.97550112
vt 0.38504201 0.97550428
vt 0.12797360 0.96498221
vt 0.13195340 0.95884782
vt 0.13200860 0.95889312
vt 0.12803620 0.96501601
vt 0.35544321 0.97225368
vt 0.35273409 0.97898561
vt 0.35267159 0.97895169
vt 0.35537580 0.97223252
vt 0.12524420 0.97174978
vt 0.12531170 0.97177100
vt 0.35683921 0.96507168
vt 0.35676920 0.96506393
vt 0.12384330 0.97896272
vt 0.12391370 0.97897041
vt 0.31789050 0.97075582
vt 0.31789050 0.97805458
vt 0.31782040 0.97804677
vt 0.31782040 0.97076160
vt 0.12385210 0.98630190
vt 0.12392250 0.98629588
vt 0.31652111 0.96353418
vt 0.31645361 0.96355361
vt 0.02180421 0.96214771
vt 0.01904445 0.95522732
vt 0.01911211 0.95520771
vt 0.02186650 0.96211529
vt 0.24753740 0.98674989
vt 0.25157809 0.99303871
vt 0.25151581 0.99307102
vt 0.24748249 0.98679399
vt 0.02589267 0.96846741
vt 0.02594751 0.96842301
vt 0.24232660 0.98130977
vt 0.24228141 0.98136401
vt 0.03114312 0.97389913
vt 0.03118818 0.97384483
vt 0.23612250 0.97696322
vt 0.23608890 0.97702551
vt 0.03738027 0.97822171
vt 0.03741401 0.97815919
vt 0.22916400 0.97392148
vt 0.22914350 0.97398961
vt 0.04436123 0.98122108
vt 0.04438138 0.98115301
vt 0.21419039 0.97228050
vt 0.22174360 0.97236037
vt 0.22173700 0.97243142
vt 0.21419790 0.97235179
vt 0.05932903 0.98279703
vt 0.05178165 0.98278129
vt 0.05178821 0.98271012
vt 0.05932134 0.98272598
vt 0.20682611 0.97374338
vt 0.20684740 0.97381181
vt 0.12524590 0.99355727
vt 0.12531359 0.99353778
vt 0.06666916 0.98130047
vt 0.06664782 0.98123229
vt 0.19995899 0.97663152
vt 0.19999310 0.97669452
vt 0.07350057 0.97839141
vt 0.07346653 0.97832859
vt 0.19385140 0.98079401
vt 0.19389690 0.98084933
vt 0.34878740 0.98509592
vt 0.34873229 0.98505062
vt 0.07956761 0.97422409
vt 0.07952207 0.97416902
vt 0.13709950 0.95357162
vt 0.13714510 0.95362687
vt 0.25431940 0.99996382
vt 0.25425199 0.99998319
vt 0.34367090 0.99036402
vt 0.34362531 0.99030900
vt 0.93509477 0.96189940
vt 0.93507850 0.96917140
vt 0.93505818 0.96917140
vt 0.93507463 0.96189940
vt 0.65385622 0.95484442
vt 0.65229321 0.94813389
vt 0.65230989 0.94813442
vt 0.65387273 0.95484477
vt 0.93522948 0.94838423
vt 0.93514562 0.95488822
vt 0.93512541 0.95488822
vt 0.93520927 0.94838423
vt 0.99374020 0.40811351
vt 0.99416792 0.41335019
vt 0.99414772 0.41334999
vt 0.99371988 0.40811330
vt 0.93534398 0.94264579
vt 0.93532377 0.94264591
vt 0.99341559 0.40188959
vt 0.99339563 0.40188929
vt 0.99736768 0.35994789
vt 0.99771333 0.35390741
vt 0.99773341 0.35390770
vt 0.99738801 0.35994801
vt 0.99321091 0.39490119
vt 0.99319071 0.39490110
vt 0.99709392 0.36680740
vt 0.99711430 0.36680761
vt 0.99313742 0.38742679
vt 0.99311721 0.38742670
vt 0.99690533 0.37421200
vt 0.99692547 0.37421221
vt 0.99339658 0.37231451
vt 0.99320209 0.37978941
vt 0.99318200 0.37978920
vt 0.99337649 0.37231430
vt 0.99681211 0.38936961
vt 0.99680912 0.38184199
vt 0.99682927 0.38184220
vt 0.99683231 0.38936979
vt 0.99371731 0.36533180
vt 0.99369723 0.36533159
vt 0.99691212 0.39646640
vt 0.99693221 0.39646661
vt 0.99414641 0.35912260
vt 0.99412620 0.35912251
vt 0.99710202 0.40284669
vt 0.99712211 0.40284690
vt 0.99466348 0.35391590
vt 0.99464351 0.35391581
vt 0.65228981 0.92653233
vt 0.65384871 0.91966712
vt 0.65386528 0.91966742
vt 0.65230632 0.92653280
vt 0.99737281 0.40827820
vt 0.99739301 0.40827850
vt 0.93523037 0.99014437
vt 0.93534398 0.99603277
vt 0.93532377 0.99603277
vt 0.93521023 0.99014437
vt 0.65615928 0.96094722
vt 0.65617591 0.96094751
vt 0.65615928 0.91334921
vt 0.65617591 0.91334963
vt 0.93514711 0.98355508
vt 0.93512690 0.98355508
vt 0.65149802 0.93371463
vt 0.65151471 0.93371511
vt 0.93509609 0.97649872
vt 0.93507588 0.97649878
vt 0.65149522 0.94102991
vt 0.65151179 0.94103032
vt 0.99790180 0.35387740
vt 0.99755591 0.35992530
vt 0.99322170 0.40191039
vt 0.99301660 0.39491361
vt 0.99728167 0.36679330
vt 0.99294293 0.38742980
vt 0.99709290 0.37420711
vt 0.99300790 0.37978289
vt 0.99320263 0.37229881
vt 0.99699670 0.38184661
vt 0.99699962 0.38938341
vt 0.99352372 0.36530730
vt 0.93490279 0.96188962
vt 0.93495381 0.95486981
vt 0.99709970 0.39648899
vt 0.99395323 0.35909051
vt 0.99728978 0.40287730
vt 0.99447107 0.35387740
vt 0.65398163 0.91965002
vt 0.65242082 0.92652380
vt 0.99756092 0.40831551
vt 0.93515241 0.99606532
vt 0.93503863 0.99016970
vt 0.99466348 0.41742951
vt 0.99449128 0.41746971
vt 0.99397480 0.41338530
vt 0.99773341 0.41259921
vt 0.99790180 0.41264170
vt 0.93495518 0.98357219
vt 0.65162802 0.93371499
vt 0.93490422 0.97650701
vt 0.65162522 0.94103920
vt 0.93488652 0.96917057
vt 0.65242422 0.94815212
vt 0.65398908 0.95487088
vt 0.93503779 0.94835758
vt 0.99354643 0.40814221
vt 0.93515241 0.94261211
vt 0.91164762 0.51323402
vt 0.90399611 0.51332372
vt 0.89650470 0.51328021
vt 0.38091400 0.90242147
vt 0.38077149 0.90984100
vt 0.91913301 0.51300907
vt 0.38114539 0.89554751
vt 0.92612880 0.51266247
vt 0.38145360 0.88949370
vt 0.93235648 0.51221162
vt 0.11137180 0.88449037
vt 0.10562300 0.88436198
vt 0.93759340 0.51167721
vt 0.11788770 0.88459033
vt 0.39799911 0.88152838
vt 0.39664730 0.87475908
vt 0.13219739 0.88469201
vt 0.12491200 0.88465810
vt 0.39857250 0.88866752
vt 0.13953860 0.88469201
vt 0.39833710 0.89599270
vt 0.14660840 0.88465792
vt 0.39731589 0.90315968
vt 0.15321019 0.88459039
vt 0.39302209 0.91623789
vt 0.39553669 0.90998483
vt 0.39453509 0.86857492
vt 0.15910980 0.88449079
vt 0.38114819 0.93852758
vt 0.38145360 0.94396752
vt 0.88327569 0.51279622
vt 0.87804991 0.51238352
vt 0.38091800 0.93213648
vt 0.38072309 0.91748577
vt 0.88950402 0.51310033
vt 0.38077319 0.92502719
vt 0.81512272 0.57539731
vt 0.81540811 0.57536948
vt 0.81567860 0.57569849
vt 0.81563431 0.57555330
vt 0.81566387 0.57562351
vt 0.81567860 0.57577503
vt 0.81566322 0.57584989
vt 0.81563342 0.57591981
vt 0.81559092 0.57598168
vt 0.81553757 0.57603377
vt 0.81547540 0.57607430
vt 0.81540757 0.57610172
vt 0.81533611 0.57611561
vt 0.81526291 0.57611549
vt 0.81519139 0.57610160
vt 0.81512338 0.57607412
vt 0.81506127 0.57603341
vt 0.81500798 0.57598132
vt 0.81496549 0.57591921
vt 0.81492031 0.57569790
vt 0.81493568 0.57584918
vt 0.81492031 0.57577437
vt 0.81493533 0.57562292
vt 0.81496471 0.57555282
vt 0.81500709 0.57549042
vt 0.81506062 0.57543778
vt 0.81519079 0.57536948
vt 0.81526262 0.57535541
vt 0.81533623 0.57535553
vt 0.81547630 0.57539731
vt 0.81553853 0.57543820
vt 0.81559187 0.57549077
vt 0.76085252 0.94839621
vt 0.76085722 0.94091702
vt 0.76102757 0.94089937
vt 0.76102293 0.94839031
vt 0.56763917 0.97454602
vt 0.56763470 0.96706003
vt 0.56780517 0.96706587
vt 0.56780970 0.97456348
vt 0.56763470 0.95941752
vt 0.56780511 0.95941162
vt 0.76085693 0.96351397
vt 0.76085252 0.95603859
vt 0.76102293 0.95604438
vt 0.76102728 0.96353137
vt 0.56764817 0.98154563
vt 0.56781858 0.98157388
vt 0.74291772 0.93400347
vt 0.74252218 0.94082022
vt 0.74234527 0.94080341
vt 0.74274141 0.93397629
vt 0.76086599 0.97049791
vt 0.76103628 0.97052598
vt 0.56766069 0.98777658
vt 0.56783098 0.98781461
vt 0.76087832 0.97671068
vt 0.76104867 0.97674853
vt 0.74349892 0.97559220
vt 0.74424767 0.98092490
vt 0.74407351 0.98097003
vt 0.74332350 0.97562897
vt 0.75700021 0.96239078
vt 0.75738871 0.96918613
vt 0.75721252 0.96921331
vt 0.75682342 0.96240741
vt 0.75796562 0.97539818
vt 0.75870693 0.98072809
vt 0.75853270 0.98077297
vt 0.75779021 0.97543502
vt 0.74291629 0.96936721
vt 0.74273998 0.96939439
vt 0.75796610 0.92777443
vt 0.75739020 0.93398941
vt 0.75721401 0.93396223
vt 0.75779080 0.92773771
vt 0.74252182 0.96254188
vt 0.74234492 0.96255881
vt 0.75680161 0.95524198
vt 0.75662452 0.95524752
vt 0.74232149 0.95535421
vt 0.74214429 0.95535982
vt 0.75680172 0.94792289
vt 0.75662458 0.94791722
vt 0.74232101 0.94800401
vt 0.74214381 0.94799840
vt 0.75700098 0.94077730
vt 0.75682420 0.94076061
vt 0.74349737 0.92779630
vt 0.74332201 0.92775929
vt 0.75870693 0.92245030
vt 0.75853270 0.92240530
vt 0.74424767 0.92245042
vt 0.74407351 0.92240548
vt 0.56764817 0.94496387
vt 0.56766069 0.93875360
vt 0.56783122 0.93871588
vt 0.56781852 0.94493592
vt 0.76086599 0.93392301
vt 0.76087862 0.92769551
vt 0.76104897 0.92765760
vt 0.76103628 0.93389469
vt 0.56763941 0.95194447
vt 0.56780970 0.95192719
vt 0.77119148 0.97052598
vt 0.77120382 0.97674841
vt 0.73402232 0.98096943
vt 0.73327231 0.97562850
vt 0.74716067 0.96921277
vt 0.74677157 0.96240711
vt 0.74848092 0.98077261
vt 0.74773848 0.97543460
vt 0.73268878 0.96939391
vt 0.74716222 0.93396181
vt 0.74773902 0.92773718
vt 0.73229373 0.96255809
vt 0.74657267 0.95524722
vt 0.73209310 0.95535928
vt 0.74657291 0.94791681
vt 0.73209262 0.94799781
vt 0.74677241 0.94076008
vt 0.73229420 0.94080281
vt 0.73269022 0.93397582
vt 0.73327082 0.92775881
vt 0.74848092 0.92240483
vt 0.73402232 0.92240489
vt 0.57798630 0.93871599
vt 0.57797360 0.94493598
vt 0.77120417 0.92765760
vt 0.77119148 0.93389457
vt 0.57796478 0.95192730
vt 0.77118272 0.94089937
vt 0.57796031 0.95941168
vt 0.77117813 0.94839019
vt 0.57796031 0.96706611
vt 0.57796478 0.97456372
vt 0.77117801 0.95604432
vt 0.77118248 0.96353137
vt 0.57797372 0.98157418
vt 0.57798618 0.98781472
vt 0.74659193 0.96238762
vt 0.74639338 0.95524061
vt 0.73211408 0.96253872
vt 0.73191392 0.95535272
vt 0.74639350 0.94792330
vt 0.73191333 0.94800442
vt 0.74659270 0.94077963
vt 0.73211461 0.94082230
vt 0.74698192 0.93399328
vt 0.73250991 0.93400741
vt 0.73308951 0.92780161
vt 0.57800198 0.93348980
vt 0.57819313 0.93354303
vt 0.57817727 0.93875980
vt 0.77122009 0.92240483
vt 0.77141112 0.92245829
vt 0.77139521 0.92770159
vt 0.57816470 0.94496870
vt 0.77138257 0.93392748
vt 0.57815588 0.95194751
vt 0.77137381 0.94091970
vt 0.57815140 0.95941859
vt 0.77136922 0.94839722
vt 0.57815140 0.96705931
vt 0.57815588 0.97454339
vt 0.77136922 0.95603770
vt 0.77137363 0.96351123
vt 0.57816482 0.98154122
vt 0.77138251 0.97049338
vt 0.57817721 0.98777062
vt 0.77139491 0.97670448
vt 0.57800210 0.99305511
vt 0.57819313 0.99300158
vt 0.74698031 0.96918130
vt 0.77122009 0.98197401
vt 0.77141112 0.98192078
vt 0.73309100 0.97558570
vt 0.73250848 0.96936220
vt 0.74755758 0.92777991
vt 0.74755710 0.97539181
vt 0.99145073 0.46351489
vt 0.99183983 0.47031969
vt 0.99112010 0.47031969
vt 0.99073100 0.46351489
vt 0.99004751 0.40709260
vt 0.99079740 0.41243261
vt 0.99007761 0.41243261
vt 0.98932773 0.40709260
vt 0.98828661 0.12374720
vt 0.98827428 0.11752580
vt 0.98900151 0.11752580
vt 0.98901391 0.12374720
vt 0.98826063 0.10304650
vt 0.98826069 0.09539359
vt 0.98898792 0.09539359
vt 0.98898792 0.10304650
vt 0.98491597 0.57241350
vt 0.98490357 0.56617379
vt 0.98563069 0.56617379
vt 0.98564333 0.57241350
vt 0.98826528 0.11053220
vt 0.98899251 0.11053220
vt 0.98946548 0.36544651
vt 0.98906952 0.37227261
vt 0.98834968 0.37227249
vt 0.98874569 0.36544651
vt 0.98489469 0.55916452
vt 0.98562181 0.55916458
vt 0.98489010 0.55166823
vt 0.98489010 0.54401511
vt 0.98561728 0.54401511
vt 0.98561728 0.55166823
vt 0.98826528 0.08790397
vt 0.98899239 0.08790397
vt 0.98489469 0.53653181
vt 0.98562193 0.53653181
vt 0.98827392 0.08090037
vt 0.98900121 0.08090025
vt 0.98490340 0.52954161
vt 0.98563057 0.52954161
vt 0.98828661 0.07466429
vt 0.98901391 0.07466429
vt 0.98491597 0.52332258
vt 0.98564333 0.52332258
vt 0.99079740 0.35387740
vt 0.99004602 0.35923049
vt 0.98932618 0.35923049
vt 0.99007761 0.35387740
vt 0.99315977 0.42351931
vt 0.99241799 0.42885071
vt 0.99169821 0.42885071
vt 0.99243999 0.42351919
vt 0.99184132 0.43507430
vt 0.99145162 0.44187161
vt 0.99073172 0.44187149
vt 0.99112147 0.43507430
vt 0.98886800 0.37946621
vt 0.98814821 0.37946621
vt 0.99125212 0.44902709
vt 0.99053222 0.44902709
vt 0.98886847 0.38682669
vt 0.98814881 0.38682660
vt 0.99125201 0.45635629
vt 0.99053210 0.45635629
vt 0.98906910 0.39402440
vt 0.98834932 0.39402431
vt 0.98946410 0.40085891
vt 0.98874432 0.40085891
vt 0.99241751 0.47654039
vt 0.99169773 0.47654039
vt 0.99315977 0.48187771
vt 0.99243999 0.48187760
vt 0.91661638 0.96837902
vt 0.91661662 0.97601771
vt 0.91597420 0.97601771
vt 0.91597408 0.96837902
vt 0.94092143 0.96103293
vt 0.94092113 0.96849602
vt 0.94027883 0.96849602
vt 0.94027913 0.96103293
vt 0.93813211 0.96177810
vt 0.93813193 0.96907961
vt 0.93748963 0.96907961
vt 0.93748993 0.96177810
vt 0.91661650 0.96093857
vt 0.91597420 0.96093857
vt 0.94092262 0.95406377
vt 0.94028032 0.95406377
vt 0.91661710 0.98351651
vt 0.91597480 0.98351651
vt 0.91661751 0.95400232
vt 0.91597509 0.95400232
vt 0.94092429 0.94785500
vt 0.94028211 0.94785511
vt 0.91940832 0.99000180
vt 0.91940790 0.99592930
vt 0.91876572 0.99592930
vt 0.91876602 0.99000180
vt 0.91661787 0.94783038
vt 0.91597569 0.94783038
vt 0.94092661 0.94261211
vt 0.94028431 0.94261211
vt 0.91940790 0.95471573
vt 0.91940713 0.96174449
vt 0.91876483 0.96174449
vt 0.91876572 0.95471573
vt 0.91661930 0.94261211
vt 0.91597700 0.94261211
vt 0.93813282 0.99017203
vt 0.93813318 0.99611777
vt 0.93749088 0.99611777
vt 0.93749052 0.99017203
vt 0.91940743 0.98340082
vt 0.91876513 0.98340082
vt 0.93813270 0.98353928
vt 0.93749052 0.98353928
vt 0.91940790 0.97629380
vt 0.91876572 0.97629380
vt 0.93813270 0.97640347
vt 0.93749040 0.97640359
vt 0.91940790 0.96901011
vt 0.91876560 0.96901011
vt 0.93813270 0.95475072
vt 0.93749052 0.95475072
vt 0.91940820 0.94826567
vt 0.91876578 0.94826567
vt 0.93813300 0.94826412
vt 0.93749070 0.94826412
vt 0.91940832 0.94261217
vt 0.91876602 0.94261217
vt 0.93813318 0.94261211
vt 0.93749088 0.94261211
vt 0.94092423 0.99066341
vt 0.94092661 0.99691451
vt 0.94028437 0.99691463
vt 0.94028199 0.99066341
vt 0.91661799 0.99055898
vt 0.91661930 0.99683923
vt 0.91597700 0.99683923
vt 0.91597581 0.99055898
vt 0.94092250 0.98364037
vt 0.94028032 0.98364037
vt 0.94092149 0.97614020
vt 0.94027930 0.97614032
f 1/1/1 2/2/2 3/3/3
f 1/1/1 3/3/3 4/4/4
f 5/5/5 6/6/6 7/7/7
f 5/5/5 7/7/7 8/8/8
f 9/9/9 5/5/5 8/8/8
f 9/9/9 8/8/8 10/10/10
f 11/11/11 9/9/9 10/10/10
f 11/11/11 10/10/10 12/12/12
f 4/4/4 13/13/13 14/14/14
f 4/4/4 14/14/14 1/1/1
f 13/13/13 15/15/15 16/16/16
f 13/13/13 16/16/16 14/14/14
f 15/15/15 17/17/17 18/18/18
f 15/15/15 18/18/18 16/16/16
f 19/19/19 18/18/18 17/17/17
f 19/19/19 17/17/17 20/20/20
f 21/21/21 11/11/11 12/12/12
f 21/21/21 12/12/12 22/22/22
f 23/23/23 7/7/7 6/6/6
f 23/23/23 6/6/6 24/24/24
f 24/24/24 3/3/3 2/2/2
f 24/24/24 2/2/2 23/23/23
f 19/19/19 20/20/20 25/25/25
f 19/19/19 25/25/25 26/26/26
f 26/26/26 25/25/25 27/27/27
f 26/26/26 27/27/27 28/28/28
f 28/28/28 27/27/27 29/29/29
f 28/28/28 29/29/29 30/30/30
f 31/31/31 19/19/19 26/26/26
f 31/31/31 26/26/26 32/32/32
f 32/32/32 26/26/26 28/28/28
f 32/32/32 28/28/28 33/33/33
f 33/33/33 28/28/28 30/30/30
f 33/33/33 30/30/30 34/34/34
f 35/35/35 36/36/36 37/37/37
f 35/35/35 37/37/37 38/38/38
f 39/39/39 32/32/32 33/33/33
f 39/39/39 33/33/33 40/40/40
f 40/40/40 33/33/33 34/34/34
f 40/40/40 34/34/34 41/41/41
f 42/42/42 35/35/35 38/38/38
f 42/42/42 38/38/38 43/43/43
f 43/43/43 38/38/38 44/44/44
f 43/43/43 44/44/44 45/45/45
f 46/46/46 47/47/47 48/48/48
f 46/46/46 48/48/48 49/49/49
f 50/50/50 42/42/42 43/43/43
f 50/50/50 43/43/43 51/51/51
f 51/51/51 43/43/43 45/45/45
f 51/51/51 45/45/45 52/52/52
f 53/53/53 46/46/46 49/49/49
f 53/53/53 49/49/49 54/54/54
f 55/55/55 50/50/50 51/51/51
f 55/55/55 51/51/51 56/56/56
f 57/57/57 58/58/58 53/53/53
f 57/57/57 53/53/53 59/59/59
f 59/59/59 53/53/53 54/54/54
f 59/59/59 54/54/54 60/60/60
f 61/61/61 55/55/55 56/56/56
f 61/61/61 56/56/56 62/62/62
f 63/63/63 57/57/57 59/59/59
f 63/63/63 59/59/59 64/64/64
f 64/64/64 59/59/59 60/60/60
f 64/64/64 60/60/60 65/65/65
f 66/66/66 67/67/67 63/63/63
f 66/66/66 63/63/63 68/68/68
f 68/68/68 63/63/63 64/64/64
f 68/68/68 64/64/64 69/69/69
f 69/69/69 64/64/64 65/65/65
f 69/69/69 65/65/65 70/70/70
f 71/71/71 66/66/66 68/68/68
f 71/71/71 68/68/68 72/72/72
f 72/72/72 68/68/68 69/69/69
f 72/72/72 69/69/69 73/73/73
f 73/73/73 69/69/69 70/70/70
f 73/73/73 70/70/70 74/74/74
f 75/75/75 71/71/71 72/72/72
f 75/75/75 72/72/72 76/76/76
f 76/76/76 72/72/72 73/73/73
f 76/76/76 73/73/73 77/77/77
f 77/77/77 73/73/73 74/74/74
f 77/77/77 74/74/74 78/78/78
f 79/79/79 80/80/80 81/81/81
f 79/79/79 81/81/81 82/82/82
f 82/82/82 81/81/81 83/83/83
f 82/82/82 83/83/83 84/84/84
f 84/84/84 83/83/83 78/78/78
f 84/84/84 78/78/78 74/74/74
f 85/85/85 79/79/79 82/82/82
f 85/85/85 82/82/82 86/86/86
f 86/86/86 82/82/82 84/84/84
f 86/86/86 84/84/84 87/87/87
f 87/87/87 84/84/84 74/74/74
f 87/87/87 74/74/74 70/70/70
f 88/88/88 85/85/85 86/86/86
f 88/88/88 86/86/86 89/89/89
f 89/89/89 86/86/86 87/87/87
f 89/89/89 87/87/87 90/90/90
f 90/90/90 87/87/87 70/70/70
f 90/90/90 70/70/70 65/65/65
f 91/91/91 88/88/88 89/89/89
f 91/91/91 89/89/89 92/92/92
f 92/92/92 89/89/89 90/90/90
f 92/92/92 90/90/90 93/93/93
f 93/93/93 90/90/90 65/65/65
f 93/93/93 65/65/65 60/60/60
f 94/94/94 95/95/95 96/96/96
f 94/94/94 96/96/96 97/97/97
f 98/98/98 92/92/92 93/93/93
f 98/98/98 93/93/93 99/99/99
f 99/99/99 93/93/93 60/60/60
f 99/99/99 60/60/60 54/54/54
f 100/100/100 94/94/94 97/97/97
f 100/100/100 97/97/97 101/101/101
f 102/102/102 98/98/98 99/99/99
f 102/102/102 99/99/99 103/103/103
f 103/103/103 99/99/99 54/54/54
f 103/103/103 54/54/54 49/49/49
f 104/104/104 100/100/100 101/101/101
f 104/104/104 101/101/101 105/105/105
f 106/106/106 102/102/102 103/103/103
f 106/106/106 103/103/103 107/107/107
f 107/107/107 103/103/103 49/49/49
f 107/107/107 49/49/49 48/48/48
f 108/108/108 104/104/104 105/105/105
f 108/108/108 105/105/105 109/109/109
f 110/110/110 111/111/111 112/112/112
f 110/110/110 112/112/112 113/113/113
f 113/113/113 112/112/112 41/41/41
f 113/113/113 41/41/41 34/34/34
f 114/114/114 108/108/108 109/109/109
f 114/114/114 109/109/109 115/115/115
f 116/116/116 110/110/110 113/113/113
f 116/116/116 113/113/113 117/117/117
f 117/117/117 113/113/113 34/34/34
f 117/117/117 34/34/34 30/30/30
f 21/21/21 22/22/22 116/116/116
f 21/21/21 116/116/116 118/118/118
f 118/118/118 116/116/116 117/117/117
f 118/118/118 117/117/117 119/119/119
f 119/119/119 117/117/117 30/30/30
f 119/119/119 30/30/30 29/29/29
f 120/120/120 121/121/121 122/122/122
f 120/120/120 122/122/122 123/123/123
f 121/121/121 124/124/124 125/125/125
f 121/121/121 125/125/125 122/122/122
f 126/126/126 127/127/127 128/128/128
f 126/126/126 128/128/128 129/129/129
f 127/127/127 130/130/130 131/131/131
f 127/127/127 131/131/131 128/128/128
f 130/130/130 132/132/132 133/133/133
f 130/130/130 133/133/133 131/131/131
f 132/132/132 134/134/134 135/135/135
f 132/132/132 135/135/135 133/133/133
f 134/134/134 136/136/136 137/137/137
f 134/134/134 137/137/137 135/135/135
f 136/136/136 138/138/138 139/139/139
f 136/136/136 139/139/139 137/137/137
f 138/138/138 140/140/140 141/141/141
f 138/138/138 141/141/141 139/139/139
f 140/140/140 142/142/142 143/143/143
f 140/140/140 143/143/143 141/141/141
f 142/142/142 144/144/144 145/145/145
f 142/142/142 145/145/145 143/143/143
f 144/144/144 146/146/146 147/147/147
f 144/144/144 147/147/147 145/145/145
f 146/146/146 148/148/148 149/149/149
f 146/146/146 149/149/149 147/147/147
f 148/148/148 150/150/150 151/151/151
f 148/148/148 151/151/151 149/149/149
f 150/150/150 152/152/152 153/153/153
f 150/150/150 153/153/153 151/151/151
f 154/154/154 155/155/155 156/156/156
f 154/154/154 156/156/156 157/157/157
f 155/155/155 158/158/158 159/159/159
f 155/155/155 159/159/159 156/156/156
f 158/158/158 160/160/160 161/161/161
f 158/158/158 161/161/161 159/159/159
f 160/160/160 162/162/162 163/163/163
f 160/160/160 163/163/163 161/161/161
f 162/162/162 164/164/164 165/165/165
f 162/162/162 165/165/165 163/163/163
f 166/166/166 167/167/167 168/168/168
f 166/166/166 168/168/168 169/169/169
f 167/167/167 170/170/170 171/171/171
f 167/167/167 171/171/171 168/168/168
f 170/170/170 172/172/172 173/173/173
f 170/170/170 173/173/173 171/171/171
f 174/174/174 175/175/175 176/176/176
f 174/174/174 176/176/176 177/177/177
f 178/178/178 174/174/174 177/177/177
f 178/178/178 177/177/177 179/179/179
f 164/164/164 180/180/180 181/181/181
f 164/164/164 181/181/181 165/165/165
f 182/182/182 120/120/120 123/123/123
f 182/182/182 123/123/123 183/183/183
f 184/184/184 182/182/182 183/183/183
f 184/184/184 183/183/183 185/185/185
f 186/186/186 184/184/184 185/185/185
f 186/186/186 185/185/185 187/187/187
f 188/188/188 189/189/189 190/190/190
f 188/188/188 190/190/190 191/191/191
f 192/192/192 188/188/188 191/191/191
f 192/192/192 191/191/191 193/193/193
f 194/194/194 192/192/192 193/193/193
f 194/194/194 193/193/193 195/195/195
f 196/196/196 194/194/194 195/195/195
f 196/196/196 195/195/195 197/197/197
f 172/172/172 196/196/196 197/197/197
f 172/172/172 197/197/197 173/173/173
f 175/175/175 166/166/166 169/169/169
f 175/175/175 169/169/169 176/176/176
f 198/198/198 199/199/199 200/200/200
f 201/201/201 202/202/202 203/203/203
f 201/201/201 203/203/203 204/204/204
f 204/204/204 203/203/203 205/205/205
f 204/204/204 205/205/205 206/206/206
f 206/206/206 205/205/205 207/207/207
f 206/206/206 207/207/207 208/208/208
f 209/209/209 210/210/210 202/202/202
f 209/209/209 202/202/202 201/201/201
f 211/211/211 212/212/212 210/210/210
f 211/211/211 210/210/210 209/209/209
f 213/213/213 214/214/214 212/212/212
f 213/213/213 212/212/212 211/211/211
f 215/215/215 216/216/216 214/214/214
f 215/215/215 214/214/214 213/213/213
f 217/217/217 218/218/218 216/216/216
f 217/217/217 216/216/216 215/215/215
f 219/219/219 220/220/220 218/218/218
f 219/219/219 218/218/218 217/217/217
f 221/221/221 222/222/222 220/220/220
f 221/221/221 220/220/220 219/219/219
f 223/223/223 224/224/224 222/222/222
f 223/223/223 222/222/222 221/221/221
f 225/225/225 226/226/226 224/224/224
f 225/225/225 224/224/224 223/223/223
f 227/227/227 228/228/228 226/226/226
f 227/227/227 226/226/226 225/225/225
f 229/229/229 230/230/230 228/228/228
f 229/229/229 228/228/228 227/227/227
f 231/231/231 232/232/232 230/230/230
f 231/231/231 230/230/230 229/229/229
f 233/233/233 234/234/234 232/232/232
f 233/233/233 232/232/232 231/231/231
f 208/208/208 207/207/207 234/234/234
f 208/208/208 234/234/234 233/233/233
f 235/235/235 236/236/236 166/166/166
f 235/235/235 166/166/166 175/175/175
f 237/237/237 238/238/238 196/196/196
f 237/237/237 196/196/196 172/172/172
f 238/238/238 239/239/239 194/194/194
f 238/238/238 194/194/194 196/196/196
f 239/239/239 240/240/240 192/192/192
f 239/239/239 192/192/192 194/194/194
f 240/240/240 241/241/241 188/188/188
f 240/240/240 188/188/188 192/192/192
f 242/242/242 243/243/243 186/186/186
f 242/242/242 186/186/186 244/244/244
f 243/243/243 245/245/245 184/184/184
f 243/243/243 184/184/184 186/186/186
f 245/245/245 246/246/246 182/182/182
f 245/245/245 182/182/182 184/184/184
f 246/246/246 247/247/247 120/120/120
f 246/246/246 120/120/120 182/182/182
f 248/248/248 249/249/249 180/180/180
f 248/248/248 180/180/180 164/164/164
f 249/249/249 250/250/250 251/251/251
f 249/249/249 251/251/251 180/180/180
f 252/252/252 235/235/235 175/175/175
f 252/252/252 175/175/175 174/174/174
f 253/253/253 237/237/237 172/172/172
f 253/253/253 172/172/172 170/170/170
f 254/254/254 253/253/253 170/170/170
f 254/254/254 170/170/170 167/167/167
f 236/236/236 254/254/254 167/167/167
f 236/236/236 167/167/167 166/166/166
f 255/255/255 248/248/248 164/164/164
f 255/255/255 164/164/164 162/162/162
f 256/256/256 255/255/255 162/162/162
f 256/256/256 162/162/162 160/160/160
f 257/257/257 256/256/256 160/160/160
f 257/257/257 160/160/160 158/158/158
f 258/258/258 257/257/257 158/158/158
f 258/258/258 158/158/158 155/155/155
f 259/259/259 258/258/258 155/155/155
f 259/259/259 155/155/155 154/154/154
f 260/260/260 259/259/259 154/154/154
f 260/260/260 154/154/154 261/261/261
f 262/262/262 263/263/263 150/150/150
f 262/262/262 150/150/150 148/148/148
f 264/264/264 262/262/262 148/148/148
f 264/264/264 148/148/148 146/146/146
f 265/265/265 264/264/264 146/146/146
f 265/265/265 146/146/146 144/144/144
f 266/266/266 265/265/265 144/144/144
f 266/266/266 144/144/144 142/142/142
f 267/267/267 266/266/266 142/142/142
f 267/267/267 142/142/142 140/140/140
f 268/268/268 267/267/267 140/140/140
f 268/268/268 140/140/140 138/138/138
f 269/269/269 268/268/268 138/138/138
f 269/269/269 138/138/138 136/136/136
f 270/270/270 269/269/269 136/136/136
f 270/270/270 136/136/136 134/134/134
f 271/271/271 270/270/270 134/134/134
f 271/271/271 134/134/134 132/132/132
f 272/272/272 271/271/271 132/132/132
f 272/272/272 132/132/132 130/130/130
f 273/273/273 272/272/272 130/130/130
f 273/273/273 130/130/130 127/127/127
f 274/274/274 275/275/275 276/276/276
f 274/274/274 276/276/276 124/124/124
f 277/277/277 274/274/274 124/124/124
f 277/277/277 124/124/124 121/121/121
f 247/247/247 277/277/277 121/121/121
f 247/247/247 121/121/121 120/120/120
f 3/3/3 208/208/208 233/233/233
f 3/3/3 233/233/233 4/4/4
f 4/4/4 233/233/233 231/231/231
f 4/4/4 231/231/231 13/13/13
f 13/13/13 231/231/231 229/229/229
f 13/13/13 229/229/229 15/15/15
f 15/15/15 229/229/229 227/227/227
f 15/15/15 227/227/227 17/17/17
f 17/17/17 227/227/227 225/225/225
f 17/17/17 225/225/225 20/20/20
f 20/20/20 225/225/225 223/223/223
f 20/20/20 223/223/223 25/25/25
f 25/25/25 223/223/223 221/221/221
f 25/25/25 221/221/221 27/27/27
f 27/27/27 221/221/221 219/219/219
f 27/27/27 219/219/219 29/29/29
f 29/29/29 219/219/219 217/217/217
f 29/29/29 217/217/217 119/119/119
f 119/119/119 217/217/217 215/215/215
f 119/119/119 215/215/215 118/118/118
f 118/118/118 215/215/215 213/213/213
f 118/118/118 213/213/213 21/21/21
f 21/21/21 213/213/213 211/211/211
f 21/21/21 211/211/211 11/11/11
f 11/11/11 211/211/211 209/209/209
f 11/11/11 209/209/209 9/9/9
f 9/9/9 209/209/209 201/201/201
f 9/9/9 201/201/201 5/5/5
f 24/24/24 206/206/206 208/208/208
f 24/24/24 208/208/208 3/3/3
f 6/6/6 204/204/204 206/206/206
f 6/6/6 206/206/206 24/24/24
f 5/5/5 201/201/201 204/204/204
f 5/5/5 204/204/204 6/6/6
f 278/278/278 220/220/220 222/222/222
f 278/278/278 222/222/222 279/279/279
f 279/279/279 222/222/222 224/224/224
f 279/279/279 224/224/224 280/280/280
f 280/280/280 224/224/224 226/226/226
f 280/280/280 226/226/226 198/198/198
f 198/198/198 226/226/226 228/228/228
f 198/198/198 228/228/228 199/199/199
f 199/199/199 228/228/228 230/230/230
f 199/199/199 230/230/230 200/200/200
f 200/200/200 230/230/230 232/232/232
f 200/200/200 232/232/232 281/281/281
f 282/282/282 234/234/234 207/207/207
f 282/282/282 207/207/207 283/283/283
f 283/283/283 207/207/207 205/205/205
f 283/283/283 205/205/205 284/284/284
f 285/285/285 218/218/218 220/220/220
f 285/285/285 220/220/220 278/278/278
f 286/286/286 216/216/216 218/218/218
f 286/286/286 218/218/218 285/285/285
f 287/287/287 214/214/214 216/216/216
f 287/287/287 216/216/216 286/286/286
f 288/288/288 212/212/212 214/214/214
f 288/288/288 214/214/214 287/287/287
f 289/289/289 210/210/210 212/212/212
f 289/289/289 212/212/212 288/288/288
f 290/290/290 202/202/202 210/210/210
f 290/290/290 210/210/210 289/289/289
f 284/284/284 205/205/205 203/203/203
f 284/284/284 203/203/203 291/291/291
f 291/291/291 203/203/203 202/202/202
f 291/291/291 202/202/202 290/290/290
f 281/281/281 232/232/232 234/234/234
f 281/281/281 234/234/234 282/282/282
f 2/2/2 1/1/1 277/277/277
f 2/2/2 277/277/277 247/247/247
f 1/1/1 14/14/14 274/274/274
f 1/1/1 274/274/274 277/277/277
f 14/14/14 16/16/16 275/275/275
f 14/14/14 275/275/275 274/274/274
f 292/292/292 293/293/293 272/272/272
f 292/292/292 272/272/272 273/273/273
f 293/293/293 294/294/294 271/271/271
f 293/293/293 271/271/271 272/272/272
f 294/294/294 36/36/36 270/270/270
f 294/294/294 270/270/270 271/271/271
f 36/36/36 35/35/35 269/269/269
f 36/36/36 269/269/269 270/270/270
f 35/35/35 42/42/42 268/268/268
f 35/35/35 268/268/268 269/269/269
f 42/42/42 50/50/50 267/267/267
f 42/42/42 267/267/267 268/268/268
f 50/50/50 55/55/55 266/266/266
f 50/50/50 266/266/266 267/267/267
f 55/55/55 61/61/61 265/265/265
f 55/55/55 265/265/265 266/266/266
f 61/61/61 295/295/295 264/264/264
f 61/61/61 264/264/264 265/265/265
f 295/295/295 296/296/296 262/262/262
f 295/295/295 262/262/262 264/264/264
f 296/296/296 297/297/297 263/263/263
f 296/296/296 263/263/263 262/262/262
f 75/75/75 76/76/76 259/259/259
f 75/75/75 259/259/259 260/260/260
f 76/76/76 77/77/77 258/258/258
f 76/76/76 258/258/258 259/259/259
f 77/77/77 78/78/78 257/257/257
f 77/77/77 257/257/257 258/258/258
f 78/78/78 83/83/83 256/256/256
f 78/78/78 256/256/256 257/257/257
f 83/83/83 81/81/81 255/255/255
f 83/83/83 255/255/255 256/256/256
f 81/81/81 80/80/80 248/248/248
f 81/81/81 248/248/248 255/255/255
f 95/95/95 94/94/94 254/254/254
f 95/95/95 254/254/254 236/236/236
f 94/94/94 100/100/100 253/253/253
f 94/94/94 253/253/253 254/254/254
f 100/100/100 104/104/104 237/237/237
f 100/100/100 237/237/237 253/253/253
f 298/298/298 299/299/299 235/235/235
f 298/298/298 235/235/235 252/252/252
f 79/79/79 85/85/85 250/250/250
f 79/79/79 250/250/250 249/249/249
f 80/80/80 79/79/79 249/249/249
f 80/80/80 249/249/249 248/248/248
f 23/23/23 2/2/2 247/247/247
f 23/23/23 247/247/247 246/246/246
f 7/7/7 23/23/23 246/246/246
f 7/7/7 246/246/246 245/245/245
f 8/8/8 7/7/7 245/245/245
f 8/8/8 245/245/245 243/243/243
f 10/10/10 8/8/8 243/243/243
f 10/10/10 243/243/243 242/242/242
f 300/300/300 301/301/301 241/241/241
f 300/300/300 241/241/241 240/240/240
f 114/114/114 300/300/300 240/240/240
f 114/114/114 240/240/240 239/239/239
f 108/108/108 114/114/114 239/239/239
f 108/108/108 239/239/239 238/238/238
f 104/104/104 108/108/108 238/238/238
f 104/104/104 238/238/238 237/237/237
f 299/299/299 95/95/95 236/236/236
f 299/299/299 236/236/236 235/235/235
f 285/285/285 278/278/278 283/283/283
f 285/285/285 283/283/283 284/284/284
f 286/286/286 285/285/285 284/284/284
f 286/286/286 284/284/284 291/291/291
f 287/287/287 286/286/286 291/291/291
f 287/287/287 291/291/291 290/290/290
f 288/288/288 287/287/287 290/290/290
f 288/288/288 290/290/290 289/289/289
f 278/278/278 279/279/279 282/282/282
f 278/278/278 282/282/282 283/283/283
f 279/279/279 280/280/280 281/281/281
f 279/279/279 281/281/281 282/282/282
f 280/280/280 198/198/198 200/200/200
f 280/280/280 200/200/200 281/281/281
f 302/302/302 303/303/303 304/304/304
f 302/302/302 304/304/304 305/305/305
f 306/306/306 307/307/307 308/308/308
f 306/306/306 308/308/308 309/309/309
f 310/310/310 311/311/311 312/312/312
f 310/310/310 312/312/312 313/313/313
f 314/314/314 306/306/306 309/309/309
f 314/314/314 309/309/309 315/315/315
f 316/316/316 310/310/310 313/313/313
f 316/316/316 313/313/313 317/317/317
f 318/318/318 319/319/319 320/320/320
f 318/318/318 320/320/320 321/321/321
f 322/322/322 323/323/323 324/324/324
f 322/322/322 324/324/324 325/325/325
f 326/326/326 318/318/318 321/321/321
f 326/326/326 321/321/321 327/327/327
f 328/328/328 322/322/322 325/325/325
f 328/328/328 325/325/325 329/329/329
f 330/330/330 326/326/326 327/327/327
f 330/330/330 327/327/327 331/331/331
f 332/332/332 333/333/333 334/334/334
f 332/332/332 334/334/334 335/335/335
f 333/333/333 328/328/328 329/329/329
f 333/333/333 329/329/329 334/334/334
f 336/336/336 337/337/337 338/338/338
f 336/336/336 338/338/338 339/339/339
f 340/340/340 332/332/332 335/335/335
f 340/340/340 335/335/335 341/341/341
f 307/307/307 342/342/342 343/343/343
f 307/307/307 343/343/343 308/308/308
f 344/344/344 336/336/336 339/339/339
f 344/344/344 339/339/339 345/345/345
f 346/346/346 340/340/340 341/341/341
f 346/346/346 341/341/341 347/347/347
f 337/337/337 330/330/330 331/331/331
f 337/337/337 331/331/331 338/338/338
f 348/348/348 344/344/344 345/345/345
f 348/348/348 345/345/345 349/349/349
f 350/350/350 346/346/346 347/347/347
f 350/350/350 347/347/347 351/351/351
f 352/352/352 353/353/353 354/354/354
f 352/352/352 354/354/354 355/355/355
f 356/356/356 348/348/348 349/349/349
f 356/356/356 349/349/349 357/357/357
f 358/358/358 350/350/350 351/351/351
f 358/358/358 351/351/351 359/359/359
f 311/311/311 302/302/302 305/305/305
f 311/311/311 305/305/305 312/312/312
f 353/353/353 356/356/356 357/357/357
f 353/353/353 357/357/357 354/354/354
f 360/360/360 358/358/358 359/359/359
f 360/360/360 359/359/359 361/361/361
f 362/362/362 363/363/363 364/364/364
f 362/362/362 364/364/364 365/365/365
f 366/366/366 367/367/367 368/368/368
f 366/366/366 368/368/368 369/369/369
f 370/370/370 362/362/362 365/365/365
f 370/370/370 365/365/365 371/371/371
f 372/372/372 366/366/366 369/369/369
f 372/372/372 369/369/369 373/373/373
f 303/303/303 370/370/370 371/371/371
f 303/303/303 371/371/371 304/304/304
f 342/342/342 374/374/374 375/375/375
f 342/342/342 375/375/375 343/343/343
f 376/376/376 377/377/377 378/378/378
f 376/376/376 378/378/378 379/379/379
f 380/380/380 381/381/381 382/382/382
f 380/380/380 382/382/382 383/383/383
f 384/384/384 385/385/385 386/386/386
f 384/384/384 386/386/386 387/387/387
f 388/388/388 376/376/376 379/379/379
f 388/388/388 379/379/379 389/389/389
f 390/390/390 380/380/380 383/383/383
f 390/390/390 383/383/383 391/391/391
f 377/377/377 392/392/392 393/393/393
f 377/377/377 393/393/393 378/378/378
f 394/394/394 388/388/388 389/389/389
f 394/394/394 389/389/389 395/395/395
f 396/396/396 390/390/390 391/391/391
f 396/396/396 391/391/391 397/397/397
f 398/398/398 399/399/399 400/400/400
f 398/398/398 400/400/400 401/401/401
f 402/402/402 394/394/394 395/395/395
f 402/402/402 395/395/395 403/403/403
f 404/404/404 405/405/405 406/406/406
f 404/404/404 406/406/406 407/407/407
f 408/408/408 409/409/409 410/410/410
f 408/408/408 410/410/410 411/411/411
f 399/399/399 412/412/412 413/413/413
f 399/399/399 413/413/413 400/400/400
f 414/414/414 404/404/404 407/407/407
f 414/414/414 407/407/407 415/415/415
f 416/416/416 398/398/398 401/401/401
f 416/416/416 401/401/401 417/417/417
f 418/418/418 414/414/414 415/415/415
f 418/418/418 415/415/415 419/419/419
f 420/420/420 416/416/416 417/417/417
f 420/420/420 417/417/417 421/421/421
f 422/422/422 418/418/418 419/419/419
f 422/422/422 419/419/419 423/423/423
f 424/424/424 420/420/420 421/421/421
f 424/424/424 421/421/421 425/425/425
f 385/385/385 422/422/422 423/423/423
f 385/385/385 423/423/423 386/386/386
f 409/409/409 424/424/424 425/425/425
f 409/409/409 425/425/425 410/410/410
f 426/426/426 384/384/384 387/387/387
f 426/426/426 387/387/387 427/427/427
f 428/428/428 408/408/408 411/411/411
f 428/428/428 411/411/411 429/429/429
f 430/430/430 426/426/426 427/427/427
f 430/430/430 427/427/427 431/431/431
f 432/432/432 433/433/433 434/434/434
f 432/432/432 434/434/434 435/435/435
f 436/436/436 437/437/437 438/438/438
f 436/436/436 438/438/438 439/439/439
f 440/440/440 432/432/432 435/435/435
f 440/440/440 435/435/435 441/441/441
f 442/442/442 436/436/436 439/439/439
f 442/442/442 439/439/439 443/443/443
f 444/444/444 440/440/440 441/441/441
f 444/444/444 441/441/441 445/445/445
f 392/392/392 442/442/442 443/443/443
f 392/392/392 443/443/443 393/393/393
f 381/381/381 446/446/446 447/447/447
f 381/381/381 447/447/447 382/382/382
f 446/446/446 444/444/444 445/445/445
f 446/446/446 445/445/445 447/447/447
f 448/448/448 449/449/449 450/450/450
f 448/448/448 450/450/450 451/451/451
f 452/452/452 453/453/453 454/454/454
f 452/452/452 454/454/454 455/455/455
f 456/456/456 457/457/457 458/458/458
f 456/456/456 458/458/458 459/459/459
f 460/460/460 461/461/461 449/449/449
f 460/460/460 449/449/449 448/448/448
f 462/462/462 463/463/463 457/457/457
f 462/462/462 457/457/457 456/456/456
f 464/464/464 465/465/465 461/461/461
f 464/464/464 461/461/461 460/460/460
f 466/466/466 467/467/467 463/463/463
f 466/466/466 463/463/463 462/462/462
f 468/468/468 469/469/469 465/465/465
f 468/468/468 465/465/465 464/464/464
f 470/470/470 471/471/471 467/467/467
f 470/470/470 467/467/467 466/466/466
f 472/472/472 473/473/473 474/474/474
f 472/472/472 474/474/474 475/475/475
f 476/476/476 477/477/477 478/478/478
f 476/476/476 478/478/478 479/479/479
f 480/480/480 481/481/481 473/473/473
f 480/480/480 473/473/473 472/472/472
f 482/482/482 483/483/483 477/477/477
f 482/482/482 477/477/477 476/476/476
f 484/484/484 485/485/485 486/486/486
f 484/484/484 486/486/486 487/487/487
f 488/488/488 489/489/489 483/483/483
f 488/488/488 483/483/483 482/482/482
f 490/490/490 491/491/491 485/485/485
f 490/490/490 485/485/485 484/484/484
f 492/492/492 493/493/493 489/489/489
f 492/492/492 489/489/489 488/488/488
f 494/494/494 495/495/495 491/491/491
f 494/494/494 491/491/491 490/490/490
f 496/496/496 497/497/497 498/498/498
f 496/496/496 498/498/498 499/499/499
f 499/499/499 498/498/498 493/493/493
f 499/499/499 493/493/493 492/492/492
f 500/500/500 501/501/501 502/502/502
f 500/500/500 502/502/502 503/503/503
f 504/504/504 505/505/505 497/497/497
f 504/504/504 497/497/497 496/496/496
f 475/475/475 474/474/474 469/469/469
f 475/475/475 469/469/469 468/468/468
f 506/506/506 507/507/507 501/501/501
f 506/506/506 501/501/501 500/500/500
f 508/508/508 509/509/509 505/505/505
f 508/508/508 505/505/505 504/504/504
f 503/503/503 502/502/502 495/495/495
f 503/503/503 495/495/495 494/494/494
f 510/510/510 511/511/511 507/507/507
f 510/510/510 507/507/507 506/506/506
f 512/512/512 513/513/513 509/509/509
f 512/512/512 509/509/509 508/508/508
f 459/459/459 458/458/458 514/514/514
f 459/459/459 514/514/514 515/515/515
f 516/516/516 517/517/517 511/511/511
f 516/516/516 511/511/511 510/510/510
f 451/451/451 450/450/450 518/518/518
f 451/451/451 518/518/518 519/519/519
f 520/520/520 521/521/521 471/471/471
f 520/520/520 471/471/471 470/470/470
f 515/515/515 514/514/514 522/522/522
f 515/515/515 522/522/522 523/523/523
f 524/524/524 525/525/525 526/526/526
f 524/524/524 526/526/526 527/527/527
f 528/528/528 529/529/529 530/530/530
f 528/528/528 530/530/530 531/531/531
f 532/532/532 533/533/533 534/534/534
f 532/532/532 534/534/534 535/535/535
f 536/536/536 537/537/537 538/538/538
f 536/536/536 538/538/538 539/539/539
f 540/540/540 541/541/541 533/533/533
f 540/540/540 533/533/533 532/532/532
f 542/542/542 543/543/543 537/537/537
f 542/542/542 537/537/537 536/536/536
f 544/544/544 545/545/545 546/546/546
f 544/544/544 546/546/546 547/547/547
f 548/548/548 549/549/549 543/543/543
f 548/548/548 543/543/543 542/542/542
f 550/550/550 551/551/551 545/545/545
f 550/550/550 545/545/545 544/544/544
f 552/552/552 553/553/553 549/549/549
f 552/552/552 549/549/549 548/548/548
f 554/554/554 555/555/555 551/551/551
f 554/554/554 551/551/551 550/550/550
f 556/556/556 557/557/557 558/558/558
f 556/556/556 558/558/558 559/559/559
f 559/559/559 558/558/558 553/553/553
f 559/559/559 553/553/553 552/552/552
f 560/560/560 561/561/561 562/562/562
f 560/560/560 562/562/562 563/563/563
f 564/564/564 565/565/565 557/557/557
f 564/564/564 557/557/557 556/556/556
f 535/535/535 534/534/534 453/453/453
f 535/535/535 453/453/453 452/452/452
f 566/566/566 567/567/567 561/561/561
f 566/566/566 561/561/561 560/560/560
f 568/568/568 569/569/569 565/565/565
f 568/568/568 565/565/565 564/564/564
f 563/563/563 562/562/562 555/555/555
f 563/563/563 555/555/555 554/554/554
f 570/570/570 571/571/571 567/567/567
f 570/570/570 567/567/567 566/566/566
f 572/572/572 573/573/573 569/569/569
f 572/572/572 569/569/569 568/568/568
f 574/574/574 575/575/575 576/576/576
f 574/574/574 576/576/576 577/577/577
f 578/578/578 579/579/579 571/571/571
f 578/578/578 571/571/571 570/570/570
f 580/580/580 581/581/581 582/582/582
f 580/580/580 582/582/582 583/583/583
f 584/584/584 585/585/585 529/529/529
f 584/584/584 529/529/529 528/528/528
f 577/577/577 576/576/576 586/586/586
f 577/577/577 586/586/586 587/587/587
f 588/588/588 589/589/589 581/581/581
f 588/588/588 581/581/581 580/580/580
f 590/590/590 591/591/591 575/575/575
f 590/590/590 575/575/575 574/574/574
f 592/592/592 593/593/593 589/589/589
f 592/592/592 589/589/589 588/588/588
f 594/594/594 595/595/595 591/591/591
f 594/594/594 591/591/591 590/590/590
f 455/455/455 454/454/454 593/593/593
f 455/455/455 593/593/593 592/592/592
f 531/531/531 530/530/530 595/595/595
f 531/531/531 595/595/595 594/594/594
f 596/596/596 597/597/597 598/598/598
f 596/596/596 598/598/598 599/599/599
f 600/600/600 601/601/601 602/602/602
f 600/600/600 602/602/602 603/603/603
f 604/604/604 605/605/605 525/525/525
f 604/604/604 525/525/525 524/524/524
f 606/606/606 607/607/607 601/601/601
f 606/606/606 601/601/601 600/600/600
f 608/608/608 609/609/609 605/605/605
f 608/608/608 605/605/605 604/604/604
f 610/610/610 611/611/611 612/612/612
f 610/610/610 612/612/612 613/613/613
f 613/613/613 612/612/612 607/607/607
f 613/613/613 607/607/607 606/606/606
f 614/614/614 615/615/615 616/616/616
f 614/614/614 616/616/616 617/617/617
f 618/618/618 619/619/619 611/611/611
f 618/618/618 611/611/611 610/610/610
f 620/620/620 621/621/621 622/622/622
f 620/620/620 622/622/622 623/623/623
f 624/624/624 625/625/625 615/615/615
f 624/624/624 615/615/615 614/614/614
f 626/626/626 627/627/627 619/619/619
f 626/626/626 619/619/619 618/618/618
f 617/617/617 616/616/616 609/609/609
f 617/617/617 609/609/609 608/608/608
f 628/628/628 629/629/629 630/630/630
f 628/628/628 630/630/630 631/631/631
f 632/632/632 633/633/633 634/634/634
f 632/632/632 634/634/634 635/635/635
f 636/636/636 637/637/637 638/638/638
f 636/636/636 638/638/638 639/639/639
f 640/640/640 641/641/641 629/629/629
f 640/640/640 629/629/629 628/628/628
f 642/642/642 643/643/643 633/633/633
f 642/642/642 633/633/633 632/632/632
f 644/644/644 645/645/645 646/646/646
f 644/644/644 646/646/646 647/647/647
f 639/639/639 638/638/638 641/641/641
f 639/639/639 641/641/641 640/640/640
f 648/648/648 649/649/649 643/643/643
f 648/648/648 643/643/643 642/642/642
f 650/650/650 651/651/651 637/637/637
f 650/650/650 637/637/637 636/636/636
f 652/652/652 653/653/653 649/649/649
f 652/652/652 649/649/649 648/648/648
f 654/654/654 655/655/655 651/651/651
f 654/654/654 651/651/651 650/650/650
f 656/656/656 657/657/657 653/653/653
f 656/656/656 653/653/653 652/652/652
f 658/658/658 659/659/659 655/655/655
f 658/658/658 655/655/655 654/654/654
f 623/623/623 622/622/622 657/657/657
f 623/623/623 657/657/657 656/656/656
f 660/660/660 661/661/661 659/659/659
f 660/660/660 659/659/659 658/658/658
f 662/662/662 663/663/663 621/621/621
f 662/662/662 621/621/621 620/620/620
f 664/664/664 665/665/665 645/645/645
f 664/664/664 645/645/645 644/644/644
f 666/666/666 667/667/667 663/663/663
f 666/666/666 663/663/663 662/662/662
f 603/603/603 602/602/602 665/665/665
f 603/603/603 665/665/665 664/664/664
f 668/668/668 669/669/669 670/670/670
f 668/668/668 670/670/670 671/671/671
f 672/672/672 673/673/673 674/674/674
f 672/672/672 674/674/674 675/675/675
f 676/676/676 677/677/677 678/678/678
f 676/676/676 678/678/678 679/679/679
f 680/680/680 681/681/681 597/597/597
f 680/680/680 597/597/597 596/596/596
f 682/682/682 683/683/683 673/673/673
f 682/682/682 673/673/673 672/672/672
f 599/599/599 598/598/598 684/684/684
f 599/599/599 684/684/684 685/685/685
f 686/686/686 687/687/687 688/688/688
f 686/686/686 688/688/688 689/689/689
f 690/690/690 691/691/691 683/683/683
f 690/690/690 683/683/683 682/682/682
f 692/692/692 693/693/693 669/669/669
f 692/692/692 669/669/669 694/694/694
f 695/695/695 668/668/668 687/687/687
f 695/695/695 687/687/687 686/686/686
f 696/696/696 697/697/697 698/698/698
f 696/696/696 698/698/698 699/699/699
f 700/700/700 701/701/701 702/702/702
f 700/700/700 702/702/702 703/703/703
f 694/694/694 669/669/669 668/668/668
f 694/694/694 668/668/668 695/695/695
f 704/704/704 705/705/705 697/697/697
f 704/704/704 697/697/697 696/696/696
f 706/706/706 707/707/707 693/693/693
f 706/706/706 693/693/693 692/692/692
f 708/708/708 709/709/709 705/705/705
f 708/708/708 705/705/705 704/704/704
f 710/710/710 711/711/711 707/707/707
f 710/710/710 707/707/707 706/706/706
f 712/712/712 713/713/713 709/709/709
f 712/712/712 709/709/709 708/708/708
f 714/714/714 715/715/715 711/711/711
f 714/714/714 711/711/711 710/710/710
f 679/679/679 678/678/678 713/713/713
f 679/679/679 713/713/713 712/712/712
f 716/716/716 717/717/717 715/715/715
f 716/716/716 715/715/715 714/714/714
f 718/718/718 719/719/719 677/677/677
f 718/718/718 677/677/677 676/676/676
f 720/720/720 721/721/721 701/701/701
f 720/720/720 701/701/701 700/700/700
f 722/722/722 723/723/723 719/719/719
f 722/722/722 719/719/719 718/718/718
f 724/724/724 725/725/725 721/721/721
f 724/724/724 721/721/721 720/720/720
f 726/726/726 727/727/727 728/728/728
f 726/726/726 728/728/728 729/729/729
f 730/730/730 731/731/731 725/725/725
f 730/730/730 725/725/725 724/724/724
f 732/732/732 733/733/733 727/727/727
f 732/732/732 727/727/727 726/726/726
f 734/734/734 735/735/735 731/731/731
f 734/734/734 731/731/731 730/730/730
f 685/685/685 684/684/684 733/733/733
f 685/685/685 733/733/733 732/732/732
f 675/675/675 674/674/674 736/736/736
f 675/675/675 736/736/736 737/737/737
f 737/737/737 736/736/736 735/735/735
f 737/737/737 735/735/735 734/734/734
f 697/697/697 705/705/705 738/738/738
f 697/697/697 738/738/738 739/739/739
f 693/693/693 707/707/707 740/740/740
f 693/693/693 740/740/740 741/741/741
f 705/705/705 709/709/709 742/742/742
f 705/705/705 742/742/742 738/738/738
f 707/707/707 711/711/711 743/743/743
f 707/707/707 743/743/743 740/740/740
f 709/709/709 713/713/713 744/744/744
f 709/709/709 744/744/744 742/742/742
f 711/711/711 715/715/715 745/745/745
f 711/711/711 745/745/745 743/743/743
f 713/713/713 678/678/678 746/746/746
f 713/713/713 746/746/746 744/744/744
f 715/715/715 717/717/717 747/747/747
f 715/715/715 747/747/747 745/745/745
f 677/677/677 719/719/719 748/748/748
f 677/677/677 748/748/748 749/749/749
f 701/701/701 721/721/721 750/750/750
f 701/701/701 750/750/750 751/751/751
f 719/719/719 723/723/723 752/752/752
f 719/719/719 752/752/752 748/748/748
f 721/721/721 725/725/725 753/753/753
f 721/721/721 753/753/753 750/750/750
f 728/728/728 727/727/727 754/754/754
f 728/728/728 754/754/754 755/755/755
f 725/725/725 731/731/731 756/756/756
f 725/725/725 756/756/756 753/753/753
f 727/727/727 733/733/733 757/757/757
f 727/727/727 757/757/757 754/754/754
f 731/731/731 735/735/735 758/758/758
f 731/731/731 758/758/758 756/756/756
f 733/733/733 684/684/684 759/759/759
f 733/733/733 759/759/759 757/757/757
f 735/735/735 736/736/736 760/760/760
f 735/735/735 760/760/760 758/758/758
f 598/598/598 597/597/597 761/761/761
f 598/598/598 761/761/761 762/762/762
f 674/674/674 673/673/673 763/763/763
f 674/674/674 763/763/763 764/764/764
f 678/678/678 677/677/677 749/749/749
f 678/678/678 749/749/749 746/746/746
f 597/597/597 681/681/681 765/765/765
f 597/597/597 765/765/765 761/761/761
f 673/673/673 683/683/683 766/766/766
f 673/673/673 766/766/766 763/763/763
f 684/684/684 598/598/598 762/762/762
f 684/684/684 762/762/762 759/759/759
f 688/688/688 687/687/687 767/767/767
f 688/688/688 767/767/767 768/768/768
f 683/683/683 691/691/691 769/769/769
f 683/683/683 769/769/769 766/766/766
f 669/669/669 693/693/693 741/741/741
f 669/669/669 741/741/741 670/670/670
f 687/687/687 668/668/668 671/671/671
f 687/687/687 671/671/671 767/767/767
f 698/698/698 697/697/697 739/739/739
f 698/698/698 739/739/739 770/770/770
f 702/702/702 701/701/701 751/751/751
f 702/702/702 751/751/751 771/771/771
f 736/736/736 674/674/674 764/764/764
f 736/736/736 764/764/764 760/760/760
f 772/772/772 773/773/773 774/774/774
f 772/772/772 774/774/774 775/775/775
f 776/776/776 777/777/777 778/778/778
f 776/776/776 778/778/778 779/779/779
f 775/775/775 774/774/774 780/780/780
f 775/775/775 780/780/780 781/781/781
f 779/779/779 778/778/778 782/782/782
f 779/779/779 782/782/782 783/783/783
f 784/784/784 785/785/785 786/786/786
f 784/784/784 786/786/786 787/787/787
f 788/788/788 789/789/789 790/790/790
f 788/788/788 790/790/790 791/791/791
f 787/787/787 786/786/786 792/792/792
f 787/787/787 792/792/792 793/793/793
f 791/791/791 790/790/790 794/794/794
f 791/791/791 794/794/794 795/795/795
f 793/793/793 792/792/792 796/796/796
f 793/793/793 796/796/796 797/797/797
f 795/795/795 794/794/794 798/798/798
f 795/795/795 798/798/798 799/799/799
f 797/797/797 796/796/796 800/800/800
f 797/797/797 800/800/800 801/801/801
f 799/799/799 798/798/798 802/802/802
f 799/799/799 802/802/802 803/803/803
f 804/804/804 805/805/805 806/806/806
f 804/804/804 806/806/806 807/807/807
f 808/808/808 809/809/809 785/785/785
f 808/808/808 785/785/785 784/784/784
f 803/803/803 802/802/802 810/810/810
f 803/803/803 810/810/810 811/811/811
f 807/807/807 806/806/806 812/812/812
f 807/807/807 812/812/812 813/813/813
f 801/801/801 800/800/800 805/805/805
f 801/801/801 805/805/805 804/804/804
f 811/811/811 810/810/810 814/814/814
f 811/811/811 814/814/814 815/815/815
f 813/813/813 812/812/812 816/816/816
f 813/813/813 816/816/816 817/817/817
f 818/818/818 819/819/819 820/820/820
f 818/818/818 820/820/820 821/821/821
f 822/822/822 823/823/823 824/824/824
f 822/822/822 824/824/824 825/825/825
f 826/826/826 827/827/827 828/828/828
f 826/826/826 828/828/828 829/829/829
f 783/783/783 782/782/782 789/789/789
f 783/783/783 789/789/789 788/788/788
f 825/825/825 824/824/824 830/830/830
f 825/825/825 830/830/830 831/831/831
f 829/829/829 828/828/828 819/819/819
f 829/829/829 819/819/819 818/818/818
f 832/832/832 833/833/833 834/834/834
f 832/832/832 834/834/834 835/835/835
f 831/831/831 830/830/830 833/833/833
f 831/831/831 833/833/833 832/832/832
f 821/821/821 820/820/820 836/836/836
f 821/821/821 836/836/836 837/837/837
f 835/835/835 834/834/834 838/838/838
f 835/835/835 838/838/838 839/839/839
f 837/837/837 836/836/836 840/840/840
f 837/837/837 840/840/840 841/841/841
f 839/839/839 838/838/838 773/773/773
f 839/839/839 773/773/773 772/772/772
f 842/842/842 843/843/843 777/777/777
f 842/842/842 777/777/777 776/776/776
f 844/844/844 603/603/603 664/664/664
f 844/844/844 664/664/664 845/845/845
f 777/777/777 666/666/666 662/662/662
f 777/777/777 662/662/662 778/778/778
f 845/845/845 664/664/664 644/644/644
f 845/845/845 644/644/644 846/846/846
f 778/778/778 662/662/662 620/620/620
f 778/778/778 620/620/620 782/782/782
f 785/785/785 660/660/660 658/658/658
f 785/785/785 658/658/658 786/786/786
f 789/789/789 623/623/623 656/656/656
f 789/789/789 656/656/656 790/790/790
f 786/786/786 658/658/658 654/654/654
f 786/786/786 654/654/654 792/792/792
f 790/790/790 656/656/656 652/652/652
f 790/790/790 652/652/652 794/794/794
f 792/792/792 654/654/654 650/650/650
f 792/792/792 650/650/650 796/796/796
f 794/794/794 652/652/652 648/648/648
f 794/794/794 648/648/648 798/798/798
f 796/796/796 650/650/650 636/636/636
f 796/796/796 636/636/636 800/800/800
f 798/798/798 648/648/648 642/642/642
f 798/798/798 642/642/642 802/802/802
f 805/805/805 639/639/639 640/640/640
f 805/805/805 640/640/640 806/806/806
f 809/809/809 847/847/847 660/660/660
f 809/809/809 660/660/660 785/785/785
f 802/802/802 642/642/642 632/632/632
f 802/802/802 632/632/632 810/810/810
f 806/806/806 640/640/640 628/628/628
f 806/806/806 628/628/628 812/812/812
f 800/800/800 636/636/636 639/639/639
f 800/800/800 639/639/639 805/805/805
f 810/810/810 632/632/632 635/635/635
f 810/810/810 635/635/635 814/814/814
f 812/812/812 628/628/628 631/631/631
f 812/812/812 631/631/631 816/816/816
f 848/848/848 617/617/617 608/608/608
f 848/848/848 608/608/608 849/849/849
f 850/850/850 626/626/626 618/618/618
f 850/850/850 618/618/618 851/851/851
f 816/816/816 631/631/631 852/852/852
f 816/816/816 852/852/852 853/853/853
f 782/782/782 620/620/620 623/623/623
f 782/782/782 623/623/623 789/789/789
f 851/851/851 618/618/618 610/610/610
f 851/851/851 610/610/610 854/854/854
f 855/855/855 614/614/614 617/617/617
f 855/855/855 617/617/617 848/848/848
f 856/856/856 613/613/613 606/606/606
f 856/856/856 606/606/606 857/857/857
f 854/854/854 610/610/610 613/613/613
f 854/854/854 613/613/613 856/856/856
f 849/849/849 608/608/608 604/604/604
f 849/849/849 604/604/604 858/858/858
f 857/857/857 606/606/606 600/600/600
f 857/857/857 600/600/600 859/859/859
f 858/858/858 604/604/604 524/524/524
f 858/858/858 524/524/524 860/860/860
f 859/859/859 600/600/600 603/603/603
f 859/859/859 603/603/603 844/844/844
f 860/860/860 524/524/524 527/527/527
f 860/860/860 527/527/527 861/861/861
f 545/545/545 841/841/841 862/862/862
f 545/545/545 862/862/862 546/546/546
f 549/549/549 839/839/839 772/772/772
f 549/549/549 772/772/772 543/543/543
f 551/551/551 837/837/837 841/841/841
f 551/551/551 841/841/841 545/545/545
f 553/553/553 835/835/835 839/839/839
f 553/553/553 839/839/839 549/549/549
f 555/555/555 821/821/821 837/837/837
f 555/555/555 837/837/837 551/551/551
f 557/557/557 831/831/831 832/832/832
f 557/557/557 832/832/832 558/558/558
f 558/558/558 832/832/832 835/835/835
f 558/558/558 835/835/835 553/553/553
f 561/561/561 829/829/829 818/818/818
f 561/561/561 818/818/818 562/562/562
f 565/565/565 825/825/825 831/831/831
f 565/565/565 831/831/831 557/557/557
f 534/534/534 783/783/783 788/788/788
f 534/534/534 788/788/788 453/453/453
f 567/567/567 826/826/826 829/829/829
f 567/567/567 829/829/829 561/561/561
f 569/569/569 822/822/822 825/825/825
f 569/569/569 825/825/825 565/565/565
f 562/562/562 818/818/818 821/821/821
f 562/562/562 821/821/821 555/555/555
f 571/571/571 863/863/863 826/826/826
f 571/571/571 826/826/826 567/567/567
f 582/582/582 811/811/811 815/815/815
f 582/582/582 815/815/815 864/864/864
f 575/575/575 801/801/801 804/804/804
f 575/575/575 804/804/804 576/576/576
f 586/586/586 807/807/807 813/813/813
f 586/586/586 813/813/813 865/865/865
f 581/581/581 803/803/803 811/811/811
f 581/581/581 811/811/811 582/582/582
f 585/585/585 808/808/808 784/784/784
f 585/585/585 784/784/784 529/529/529
f 576/576/576 804/804/804 807/807/807
f 576/576/576 807/807/807 586/586/586
f 589/589/589 799/799/799 803/803/803
f 589/589/589 803/803/803 581/581/581
f 591/591/591 797/797/797 801/801/801
f 591/591/591 801/801/801 575/575/575
f 593/593/593 795/795/795 799/799/799
f 593/593/593 799/799/799 589/589/589
f 595/595/595 793/793/793 797/797/797
f 595/595/595 797/797/797 591/591/591
f 454/454/454 791/791/791 795/795/795
f 454/454/454 795/795/795 593/593/593
f 530/530/530 787/787/787 793/793/793
f 530/530/530 793/793/793 595/595/595
f 453/453/453 788/788/788 791/791/791
f 453/453/453 791/791/791 454/454/454
f 529/529/529 784/784/784 787/787/787
f 529/529/529 787/787/787 530/530/530
f 533/533/533 779/779/779 783/783/783
f 533/533/533 783/783/783 534/534/534
f 537/537/537 775/775/775 781/781/781
f 537/537/537 781/781/781 538/538/538
f 541/541/541 776/776/776 779/779/779
f 541/541/541 779/779/779 533/533/533
f 543/543/543 772/772/772 775/775/775
f 543/543/543 775/775/775 537/537/537
f 612/612/612 737/737/737 734/734/734
f 612/612/612 734/734/734 607/607/607
f 611/611/611 675/675/675 737/737/737
f 611/611/611 737/737/737 612/612/612
f 609/609/609 685/685/685 732/732/732
f 609/609/609 732/732/732 605/605/605
f 607/607/607 734/734/734 730/730/730
f 607/607/607 730/730/730 601/601/601
f 605/605/605 732/732/732 726/726/726
f 605/605/605 726/726/726 525/525/525
f 601/601/601 730/730/730 724/724/724
f 601/601/601 724/724/724 602/602/602
f 525/525/525 726/726/726 729/729/729
f 525/525/525 729/729/729 526/526/526
f 602/602/602 724/724/724 720/720/720
f 602/602/602 720/720/720 665/665/665
f 667/667/667 722/722/722 718/718/718
f 667/667/667 718/718/718 663/663/663
f 665/665/665 720/720/720 700/700/700
f 665/665/665 700/700/700 645/645/645
f 663/663/663 718/718/718 676/676/676
f 663/663/663 676/676/676 621/621/621
f 661/661/661 716/716/716 714/714/714
f 661/661/661 714/714/714 659/659/659
f 622/622/622 679/679/679 712/712/712
f 622/622/622 712/712/712 657/657/657
f 659/659/659 714/714/714 710/710/710
f 659/659/659 710/710/710 655/655/655
f 657/657/657 712/712/712 708/708/708
f 657/657/657 708/708/708 653/653/653
f 655/655/655 710/710/710 706/706/706
f 655/655/655 706/706/706 651/651/651
f 653/653/653 708/708/708 704/704/704
f 653/653/653 704/704/704 649/649/649
f 651/651/651 706/706/706 692/692/692
f 651/651/651 692/692/692 637/637/637
f 649/649/649 704/704/704 696/696/696
f 649/649/649 696/696/696 643/643/643
f 638/638/638 694/694/694 695/695/695
f 638/638/638 695/695/695 641/641/641
f 645/645/645 700/700/700 703/703/703
f 645/645/645 703/703/703 646/646/646
f 643/643/643 696/696/696 699/699/699
f 643/643/643 699/699/699 633/633/633
f 641/641/641 695/695/695 686/686/686
f 641/641/641 686/686/686 629/629/629
f 637/637/637 692/692/692 694/694/694
f 637/637/637 694/694/694 638/638/638
f 866/866/866 690/690/690 682/682/682
f 866/866/866 682/682/682 627/627/627
f 629/629/629 686/686/686 689/689/689
f 629/629/629 689/689/689 630/630/630
f 616/616/616 599/599/599 685/685/685
f 616/616/616 685/685/685 609/609/609
f 627/627/627 682/682/682 672/672/672
f 627/627/627 672/672/672 619/619/619
f 625/625/625 680/680/680 596/596/596
f 625/625/625 596/596/596 615/615/615
f 621/621/621 676/676/676 679/679/679
f 621/621/621 679/679/679 622/622/622
f 619/619/619 672/672/672 675/675/675
f 619/619/619 675/675/675 611/611/611
f 615/615/615 596/596/596 599/599/599
f 615/615/615 599/599/599 616/616/616
f 467/467/467 531/531/531 594/594/594
f 467/467/467 594/594/594 463/463/463
f 465/465/465 455/455/455 592/592/592
f 465/465/465 592/592/592 461/461/461
f 463/463/463 594/594/594 590/590/590
f 463/463/463 590/590/590 457/457/457
f 461/461/461 592/592/592 588/588/588
f 461/461/461 588/588/588 449/449/449
f 457/457/457 590/590/590 574/574/574
f 457/457/457 574/574/574 458/458/458
f 449/449/449 588/588/588 580/580/580
f 449/449/449 580/580/580 450/450/450
f 514/514/514 577/577/577 587/587/587
f 514/514/514 587/587/587 522/522/522
f 521/521/521 584/584/584 528/528/528
f 521/521/521 528/528/528 471/471/471
f 450/450/450 580/580/580 583/583/583
f 450/450/450 583/583/583 518/518/518
f 517/517/517 578/578/578 570/570/570
f 517/517/517 570/570/570 511/511/511
f 458/458/458 574/574/574 577/577/577
f 458/458/458 577/577/577 514/514/514
f 513/513/513 572/572/572 568/568/568
f 513/513/513 568/568/568 509/509/509
f 511/511/511 570/570/570 566/566/566
f 511/511/511 566/566/566 507/507/507
f 502/502/502 563/563/563 554/554/554
f 502/502/502 554/554/554 495/495/495
f 509/509/509 568/568/568 564/564/564
f 509/509/509 564/564/564 505/505/505
f 507/507/507 566/566/566 560/560/560
f 507/507/507 560/560/560 501/501/501
f 474/474/474 535/535/535 452/452/452
f 474/474/474 452/452/452 469/469/469
f 505/505/505 564/564/564 556/556/556
f 505/505/505 556/556/556 497/497/497
f 501/501/501 560/560/560 563/563/563
f 501/501/501 563/563/563 502/502/502
f 498/498/498 559/559/559 552/552/552
f 498/498/498 552/552/552 493/493/493
f 497/497/497 556/556/556 559/559/559
f 497/497/497 559/559/559 498/498/498
f 495/495/495 554/554/554 550/550/550
f 495/495/495 550/550/550 491/491/491
f 493/493/493 552/552/552 548/548/548
f 493/493/493 548/548/548 489/489/489
f 491/491/491 550/550/550 544/544/544
f 491/491/491 544/544/544 485/485/485
f 489/489/489 548/548/548 542/542/542
f 489/489/489 542/542/542 483/483/483
f 485/485/485 544/544/544 547/547/547
f 485/485/485 547/547/547 486/486/486
f 483/483/483 542/542/542 536/536/536
f 483/483/483 536/536/536 477/477/477
f 481/481/481 540/540/540 532/532/532
f 481/481/481 532/532/532 473/473/473
f 477/477/477 536/536/536 539/539/539
f 477/477/477 539/539/539 478/478/478
f 473/473/473 532/532/532 535/535/535
f 473/473/473 535/535/535 474/474/474
f 471/471/471 528/528/528 531/531/531
f 471/471/471 531/531/531 467/467/467
f 469/469/469 452/452/452 455/455/455
f 469/469/469 455/455/455 465/465/465
f 750/750/750 753/753/753 867/867/867
f 750/750/750 867/867/867 868/868/868
f 748/748/748 752/752/752 869/869/869
f 748/748/748 869/869/869 870/870/870
f 670/670/670 741/741/741 871/871/871
f 670/670/670 871/871/871 872/872/872
f 751/751/751 750/750/750 868/868/868
f 751/751/751 868/868/868 873/873/873
f 749/749/749 748/748/748 870/870/870
f 749/749/749 870/870/870 874/874/874
f 745/745/745 747/747/747 875/875/875
f 745/745/745 875/875/875 876/876/876
f 746/746/746 749/749/749 874/874/874
f 746/746/746 874/874/874 877/877/877
f 743/743/743 745/745/745 876/876/876
f 743/743/743 876/876/876 878/878/878
f 744/744/744 746/746/746 877/877/877
f 744/744/744 877/877/877 879/879/879
f 740/740/740 743/743/743 878/878/878
f 740/740/740 878/878/878 880/880/880
f 742/742/742 744/744/744 879/879/879
f 742/742/742 879/879/879 881/881/881
f 741/741/741 740/740/740 880/880/880
f 741/741/741 880/880/880 871/871/871
f 739/739/739 738/738/738 882/882/882
f 739/739/739 882/882/882 883/883/883
f 671/671/671 670/670/670 872/872/872
f 671/671/671 872/872/872 884/884/884
f 770/770/770 739/739/739 883/883/883
f 770/770/770 883/883/883 885/885/885
f 767/767/767 671/671/671 884/884/884
f 767/767/767 884/884/884 886/886/886
f 766/766/766 769/769/769 887/887/887
f 766/766/766 887/887/887 888/888/888
f 768/768/768 767/767/767 886/886/886
f 768/768/768 886/886/886 889/889/889
f 763/763/763 766/766/766 888/888/888
f 763/763/763 888/888/888 890/890/890
f 761/761/761 765/765/765 891/891/891
f 761/761/761 891/891/891 892/892/892
f 764/764/764 763/763/763 890/890/890
f 764/764/764 890/890/890 893/893/893
f 759/759/759 762/762/762 894/894/894
f 759/759/759 894/894/894 895/895/895
f 762/762/762 761/761/761 892/892/892
f 762/762/762 892/892/892 894/894/894
f 758/758/758 760/760/760 896/896/896
f 758/758/758 896/896/896 897/897/897
f 757/757/757 759/759/759 895/895/895
f 757/757/757 895/895/895 898/898/898
f 738/738/738 742/742/742 881/881/881
f 738/738/738 881/881/881 882/882/882
f 756/756/756 758/758/758 897/897/897
f 756/756/756 897/897/897 899/899/899
f 754/754/754 757/757/757 898/898/898
f 754/754/754 898/898/898 900/900/900
f 760/760/760 764/764/764 893/893/893
f 760/760/760 893/893/893 896/896/896
f 753/753/753 756/756/756 899/899/899
f 753/753/753 899/899/899 867/867/867
f 755/755/755 754/754/754 900/900/900
f 755/755/755 900/900/900 901/901/901
f 771/771/771 751/751/751 873/873/873
f 771/771/771 873/873/873 902/902/902
f 903/903/903 904/904/904 905/905/905
f 903/903/903 905/905/905 906/906/906
f 907/907/907 908/908/908 909/909/909
f 907/907/907 909/909/909 910/910/910
f 911/911/911 903/903/903 906/906/906
f 911/911/911 906/906/906 912/912/912
f 913/913/913 907/907/907 910/910/910
f 913/913/913 910/910/910 914/914/914
f 915/915/915 916/916/916 917/917/917
f 915/915/915 917/917/917 918/918/918
f 919/919/919 920/920/920 921/921/921
f 919/919/919 921/921/921 922/922/922
f 923/923/923 924/924/924 925/925/925
f 923/923/923 925/925/925 926/926/926
f 927/927/927 919/919/919 922/922/922
f 927/927/927 922/922/922 928/928/928
f 929/929/929 923/923/923 926/926/926
f 929/929/929 926/926/926 930/930/930
f 931/931/931 927/927/927 928/928/928
f 931/931/931 928/928/928 932/932/932
f 933/933/933 929/929/929 930/930/930
f 933/933/933 930/930/930 934/934/934
f 935/935/935 931/931/931 932/932/932
f 935/935/935 932/932/932 936/936/936
f 937/937/937 933/933/933 934/934/934
f 937/937/937 934/934/934 938/938/938
f 939/939/939 940/940/940 941/941/941
f 939/939/939 941/941/941 942/942/942
f 940/940/940 943/943/943 944/944/944
f 940/940/940 944/944/944 941/941/941
f 945/945/945 946/946/946 947/947/947
f 945/945/945 947/947/947 948/948/948
f 949/949/949 950/950/950 951/951/951
f 949/949/949 951/951/951 952/952/952
f 916/916/916 911/911/911 912/912/912
f 916/916/916 912/912/912 917/917/917
f 953/953/953 954/954/954 955/955/955
f 953/953/953 955/955/955 956/956/956
f 957/957/957 949/949/949 952/952/952
f 957/957/957 952/952/952 958/958/958
f 946/946/946 937/937/937 938/938/938
f 946/946/946 938/938/938 947/947/947
f 959/959/959 953/953/953 956/956/956
f 959/959/959 956/956/956 960/960/960
f 961/961/961 957/957/957 958/958/958
f 961/961/961 958/958/958 962/962/962
f 963/963/963 964/964/964 965/965/965
f 963/963/963 965/965/965 966/966/966
f 967/967/967 959/959/959 960/960/960
f 967/967/967 960/960/960 968/968/968
f 969/969/969 961/961/961 962/962/962
f 969/969/969 962/962/962 970/970/970
f 971/971/971 913/913/913 914/914/914
f 971/971/971 914/914/914 972/972/972
f 964/964/964 967/967/967 968/968/968
f 964/964/964 968/968/968 965/965/965
f 973/973/973 969/969/969 970/970/970
f 973/973/973 970/970/970 974/974/974
f 975/975/975 963/963/963 966/966/966
f 975/975/975 966/966/966 976/976/976
f 904/904/904 973/973/973 974/974/974
f 904/904/904 974/974/974 905/905/905
f 908/908/908 975/975/975 976/976/976
f 908/908/908 976/976/976 909/909/909
f 977/977/977 978/978/978 979/979/979
f 977/977/977 979/979/979 980/980/980
f 981/981/981 982/982/982 983/983/983
f 981/981/981 983/983/983 984/984/984
f 985/985/985 986/986/986 987/987/987
f 985/985/985 987/987/987 988/988/988
f 989/989/989 981/981/981 984/984/984
f 989/989/989 984/984/984 990/990/990
f 991/991/991 985/985/985 988/988/988
f 991/991/991 988/988/988 992/992/992
f 993/993/993 994/994/994 995/995/995
f 993/993/993 995/995/995 996/996/996
f 997/997/997 991/991/991 992/992/992
f 997/997/997 992/992/992 998/998/998
f 999/999/999 1000/1000/1000 1001/1001/1001
f 999/999/999 1001/1001/1001 1002/1002/1002
f 1000/1000/1000 993/993/993 996/996/996
f 1000/1000/1000 996/996/996 1001/1001/1001
f 1003/1003/1003 1004/1004/1004 1005/1005/1005
f 1003/1003/1003 1005/1005/1005 1006/1006/1006
f 1007/1007/1007 999/999/999 1002/1002/1002
f 1007/1007/1007 1002/1002/1002 1008/1008/1008
f 1009/1009/1009 1010/1010/1010 1011/1011/1011
f 1009/1009/1009 1011/1011/1011 1012/1012/1012
f 1013/1013/1013 1003/1003/1003 1006/1006/1006
f 1013/1013/1013 1006/1006/1006 1014/1014/1014
f 1015/1015/1015 1007/1007/1007 1008/1008/1008
f 1015/1015/1015 1008/1008/1008 1016/1016/1016
f 1004/1004/1004 997/997/997 998/998/998
f 1004/1004/1004 998/998/998 1005/1005/1005
f 1017/1017/1017 1013/1013/1013 1014/1014/1014
f 1017/1017/1017 1014/1014/1014 1018/1018/1018
f 1019/1019/1019 1015/1015/1015 1016/1016/1016
f 1019/1019/1019 1016/1016/1016 1020/1020/1020
f 1021/1021/1021 1022/1022/1022 1023/1023/1023
f 1021/1021/1021 1023/1023/1023 1024/1024/1024
f 1025/1025/1025 1017/1017/1017 1018/1018/1018
f 1025/1025/1025 1018/1018/1018 1026/1026/1026
f 1027/1027/1027 1028/1028/1028 1029/1029/1029
f 1027/1027/1027 1029/1029/1029 1030/1030/1030
f 1031/1031/1031 1032/1032/1032 1033/1033/1033
f 1031/1031/1031 1033/1033/1033 1034/1034/1034
f 1022/1022/1022 1025/1025/1025 1026/1026/1026
f 1022/1022/1022 1026/1026/1026 1023/1023/1023
f 1035/1035/1035 1027/1027/1027 1030/1030/1030
f 1035/1035/1035 1030/1030/1030 1036/1036/1036
f 1037/1037/1037 1038/1038/1038 1039/1039/1039
f 1037/1037/1037 1039/1039/1039 1040/1040/1040
f 1041/1041/1041 1035/1035/1035 1036/1036/1036
f 1041/1041/1041 1036/1036/1036 1042/1042/1042
f 1043/1043/1043 1037/1037/1037 1040/1040/1040
f 1043/1043/1043 1040/1040/1040 1044/1044/1044
f 1045/1045/1045 1041/1041/1041 1042/1042/1042
f 1045/1045/1045 1042/1042/1042 1046/1046/1046
f 1047/1047/1047 1043/1043/1043 1044/1044/1044
f 1047/1047/1047 1044/1044/1044 1048/1048/1048
f 1010/1010/1010 1045/1045/1045 1046/1046/1046
f 1010/1010/1010 1046/1046/1046 1011/1011/1011
f 1032/1032/1032 1047/1047/1047 1048/1048/1048
f 1032/1032/1032 1048/1048/1048 1033/1033/1033
f 978/978/978 1009/1009/1009 1012/1012/1012
f 978/978/978 1012/1012/1012 979/979/979
f 982/982/982 1031/1031/1031 1034/1034/1034
f 982/982/982 1034/1034/1034 983/983/983
f 1049/1049/1049 1050/1050/1050 1051/1051/1051
f 1049/1049/1049 1051/1051/1051 1052/1052/1052
f 1053/1053/1053 1054/1054/1054 1055/1055/1055
f 1053/1053/1053 1055/1055/1055 1056/1056/1056
f 1057/1057/1057 1058/1058/1058 1059/1059/1059
f 1057/1057/1057 1059/1059/1059 1060/1060/1060
f 1061/1061/1061 1049/1049/1049 1052/1052/1052
f 1061/1061/1061 1052/1052/1052 1062/1062/1062
f 1063/1063/1063 1064/1064/1064 1065/1065/1065
f 1063/1063/1063 1065/1065/1065 1066/1066/1066
f 1067/1067/1067 1057/1057/1057 1060/1060/1060
f 1067/1067/1067 1060/1060/1060 1068/1068/1068
f 1069/1069/1069 1070/1070/1070 1071/1071/1071
f 1069/1069/1069 1071/1071/1071 1072/1072/1072
f 1073/1073/1073 1074/1074/1074 1075/1075/1075
f 1073/1073/1073 1075/1075/1075 1076/1076/1076
f 1064/1064/1064 1077/1077/1077 1078/1078/1078
f 1064/1064/1064 1078/1078/1078 1065/1065/1065
f 1079/1079/1079 1069/1069/1069 1072/1072/1072
f 1079/1079/1079 1072/1072/1072 1080/1080/1080
f 1081/1081/1081 1063/1063/1063 1066/1066/1066
f 1081/1081/1081 1066/1066/1066 1082/1082/1082
f 1083/1083/1083 1079/1079/1079 1080/1080/1080
f 1083/1083/1083 1080/1080/1080 1084/1084/1084
f 1085/1085/1085 1081/1081/1081 1082/1082/1082
f 1085/1085/1085 1082/1082/1082 1086/1086/1086
f 1087/1087/1087 1083/1083/1083 1084/1084/1084
f 1087/1087/1087 1084/1084/1084 1088/1088/1088
f 1089/1089/1089 1085/1085/1085 1086/1086/1086
f 1089/1089/1089 1086/1086/1086 1090/1090/1090
f 1091/1091/1091 1087/1087/1087 1088/1088/1088
f 1091/1091/1091 1088/1088/1088 1092/1092/1092
f 1074/1074/1074 1089/1089/1089 1090/1090/1090
f 1074/1074/1074 1090/1090/1090 1075/1075/1075
f 1093/1093/1093 1094/1094/1094 1095/1095/1095
f 1093/1093/1093 1095/1095/1095 1096/1096/1096
f 1097/1097/1097 1098/1098/1098 1099/1099/1099
f 1097/1097/1097 1099/1099/1099 1100/1100/1100
f 1101/1101/1101 1093/1093/1093 1096/1096/1096
f 1101/1101/1101 1096/1096/1096 1102/1102/1102
f 1103/1103/1103 1097/1097/1097 1100/1100/1100
f 1103/1103/1103 1100/1100/1100 1104/1104/1104
f 1105/1105/1105 1106/1106/1106 1107/1107/1107
f 1105/1105/1105 1107/1107/1107 1108/1108/1108
f 1109/1109/1109 1103/1103/1103 1104/1104/1104
f 1109/1109/1109 1104/1104/1104 1110/1110/1110
f 1111/1111/1111 1105/1105/1105 1108/1108/1108
f 1111/1111/1111 1108/1108/1108 1112/1112/1112
f 1113/1113/1113 1109/1109/1109 1110/1110/1110
f 1113/1113/1113 1110/1110/1110 1114/1114/1114
f 1054/1054/1054 1111/1111/1111 1112/1112/1112
f 1054/1054/1054 1112/1112/1112 1055/1055/1055
f 1115/1115/1115 1116/1116/1116 1117/1117/1117
f 1115/1115/1115 1117/1117/1117 1118/1118/1118
f 1116/1116/1116 1113/1113/1113 1114/1114/1114
f 1116/1116/1116 1114/1114/1114 1117/1117/1117
f 1119/1119/1119 1053/1053/1053 1056/1056/1056
f 1119/1119/1119 1056/1056/1056 1120/1120/1120
f 1050/1050/1050 1115/1115/1115 1118/1118/1118
f 1050/1050/1050 1118/1118/1118 1051/1051/1051
f 1094/1094/1094 1091/1091/1091 1092/1092/1092
f 1094/1094/1094 1092/1092/1092 1095/1095/1095
f 1058/1058/1058 1119/1119/1119 1120/1120/1120
f 1058/1058/1058 1120/1120/1120 1059/1059/1059
f 1121/1121/1121 1122/1122/1122 1123/1123/1123
f 1121/1121/1121 1123/1123/1123 1124/1124/1124
f 1125/1125/1125 1126/1126/1126 1127/1127/1127
f 1125/1125/1125 1127/1127/1127 1128/1128/1128
f 1129/1129/1129 1121/1121/1121 1124/1124/1124
f 1129/1129/1129 1124/1124/1124 1130/1130/1130
f 1131/1131/1131 1125/1125/1125 1128/1128/1128
f 1131/1131/1131 1128/1128/1128 1132/1132/1132
f 1133/1133/1133 1129/1129/1129 1130/1130/1130
f 1133/1133/1133 1130/1130/1130 1134/1134/1134
f 1135/1135/1135 1136/1136/1136 1137/1137/1137
f 1135/1135/1135 1137/1137/1137 1138/1138/1138
f 1139/1139/1139 1133/1133/1133 1134/1134/1134
f 1139/1139/1139 1134/1134/1134 1140/1140/1140
f 1141/1141/1141 1135/1135/1135 1138/1138/1138
f 1141/1141/1141 1138/1138/1138 1142/1142/1142
f 1143/1143/1143 1144/1144/1144 1145/1145/1145
f 1143/1143/1143 1145/1145/1145 1146/1146/1146
f 1147/1147/1147 1148/1148/1148 1149/1149/1149
f 1147/1147/1147 1149/1149/1149 1150/1150/1150
f 1151/1151/1151 1143/1143/1143 1146/1146/1146
f 1151/1151/1151 1146/1146/1146 1152/1152/1152
f 1153/1153/1153 1147/1147/1147 1150/1150/1150
f 1153/1153/1153 1150/1150/1150 1154/1154/1154
f 1155/1155/1155 1151/1151/1151 1152/1152/1152
f 1155/1155/1155 1152/1152/1152 1156/1156/1156
f 1157/1157/1157 1153/1153/1153 1154/1154/1154
f 1157/1157/1157 1154/1154/1154 1158/1158/1158
f 1159/1159/1159 1155/1155/1155 1156/1156/1156
f 1159/1159/1159 1156/1156/1156 1160/1160/1160
f 1161/1161/1161 1157/1157/1157 1158/1158/1158
f 1161/1161/1161 1158/1158/1158 1162/1162/1162
f 1163/1163/1163 1159/1159/1159 1160/1160/1160
f 1163/1163/1163 1160/1160/1160 1164/1164/1164
f 1165/1165/1165 1166/1166/1166 1167/1167/1167
f 1165/1165/1165 1167/1167/1167 1168/1168/1168
f 1166/1166/1166 1161/1161/1161 1162/1162/1162
f 1166/1166/1166 1162/1162/1162 1167/1167/1167
f 1169/1169/1169 1170/1170/1170 1171/1171/1171
f 1169/1169/1169 1171/1171/1171 1172/1172/1172
f 1173/1173/1173 1165/1165/1165 1168/1168/1168
f 1173/1173/1173 1168/1168/1168 1174/1174/1174
f 1175/1175/1175 1139/1139/1139 1140/1140/1140
f 1175/1175/1175 1140/1140/1140 1176/1176/1176
f 1177/1177/1177 1169/1169/1169 1172/1172/1172
f 1177/1177/1177 1172/1172/1172 1178/1178/1178
f 1179/1179/1179 1173/1173/1173 1174/1174/1174
f 1179/1179/1179 1174/1174/1174 1180/1180/1180
f 1170/1170/1170 1163/1163/1163 1164/1164/1164
f 1170/1170/1170 1164/1164/1164 1171/1171/1171
f 1181/1181/1181 1177/1177/1177 1178/1178/1178
f 1181/1181/1181 1178/1178/1178 1182/1182/1182
f 1183/1183/1183 1179/1179/1179 1180/1180/1180
f 1183/1183/1183 1180/1180/1180 1184/1184/1184
f 1126/1126/1126 1185/1185/1185 1186/1186/1186
f 1126/1126/1126 1186/1186/1186 1127/1127/1127
f 1187/1187/1187 1181/1181/1181 1182/1182/1182
f 1187/1187/1187 1182/1182/1182 1188/1188/1188
f 1122/1122/1122 1189/1189/1189 1190/1190/1190
f 1122/1122/1122 1190/1190/1190 1123/1123/1123
f 1148/1148/1148 1191/1191/1191 1192/1192/1192
f 1148/1148/1148 1192/1192/1192 1149/1149/1149
f 1185/1185/1185 1193/1193/1193 1194/1194/1194
f 1185/1185/1185 1194/1194/1194 1186/1186/1186
f 1195/1195/1195 1196/1196/1196 1197/1197/1197
f 1195/1195/1195 1197/1197/1197 1198/1198/1198
f 1199/1199/1199 1200/1200/1200 1201/1201/1201
f 1199/1199/1199 1201/1201/1201 1202/1202/1202
f 1203/1203/1203 1204/1204/1204 1205/1205/1205
f 1203/1203/1203 1205/1205/1205 1206/1206/1206
f 1207/1207/1207 1208/1208/1208 1209/1209/1209
f 1207/1207/1207 1209/1209/1209 1210/1210/1210
f 1211/1211/1211 1203/1203/1203 1206/1206/1206
f 1211/1211/1211 1206/1206/1206 1212/1212/1212
f 1213/1213/1213 1207/1207/1207 1210/1210/1210
f 1213/1213/1213 1210/1210/1210 1214/1214/1214
f 1215/1215/1215 1216/1216/1216 1217/1217/1217
f 1215/1215/1215 1217/1217/1217 1218/1218/1218
f 1219/1219/1219 1213/1213/1213 1214/1214/1214
f 1219/1219/1219 1214/1214/1214 1220/1220/1220
f 1221/1221/1221 1215/1215/1215 1218/1218/1218
f 1221/1221/1221 1218/1218/1218 1222/1222/1222
f 1223/1223/1223 1219/1219/1219 1220/1220/1220
f 1223/1223/1223 1220/1220/1220 1224/1224/1224
f 1225/1225/1225 1221/1221/1221 1222/1222/1222
f 1225/1225/1225 1222/1222/1222 1226/1226/1226
f 1227/1227/1227 1228/1228/1228 1229/1229/1229
f 1227/1227/1227 1229/1229/1229 1230/1230/1230
f 1228/1228/1228 1223/1223/1223 1224/1224/1224
f 1228/1228/1228 1224/1224/1224 1229/1229/1229
f 1231/1231/1231 1232/1232/1232 1233/1233/1233
f 1231/1231/1231 1233/1233/1233 1234/1234/1234
f 1235/1235/1235 1227/1227/1227 1230/1230/1230
f 1235/1235/1235 1230/1230/1230 1236/1236/1236
f 1204/1204/1204 1195/1195/1195 1198/1198/1198
f 1204/1204/1204 1198/1198/1198 1205/1205/1205
f 1237/1237/1237 1231/1231/1231 1234/1234/1234
f 1237/1237/1237 1234/1234/1234 1238/1238/1238
f 1239/1239/1239 1235/1235/1235 1236/1236/1236
f 1239/1239/1239 1236/1236/1236 1240/1240/1240
f 1232/1232/1232 1225/1225/1225 1226/1226/1226
f 1232/1232/1232 1226/1226/1226 1233/1233/1233
f 1241/1241/1241 1237/1237/1237 1238/1238/1238
f 1241/1241/1241 1238/1238/1238 1242/1242/1242
f 1243/1243/1243 1239/1239/1239 1240/1240/1240
f 1243/1243/1243 1240/1240/1240 1244/1244/1244
f 1245/1245/1245 1246/1246/1246 1247/1247/1247
f 1245/1245/1245 1247/1247/1247 1248/1248/1248
f 1249/1249/1249 1241/1241/1241 1242/1242/1242
f 1249/1249/1249 1242/1242/1242 1250/1250/1250
f 1251/1251/1251 1252/1252/1252 1253/1253/1253
f 1251/1251/1251 1253/1253/1253 1254/1254/1254
f 1255/1255/1255 1199/1199/1199 1202/1202/1202
f 1255/1255/1255 1202/1202/1202 1256/1256/1256
f 1246/1246/1246 1257/1257/1257 1258/1258/1258
f 1246/1246/1246 1258/1258/1258 1247/1247/1247
f 1259/1259/1259 1251/1251/1251 1254/1254/1254
f 1259/1259/1259 1254/1254/1254 1260/1260/1260
f 1261/1261/1261 1245/1245/1245 1248/1248/1248
f 1261/1261/1261 1248/1248/1248 1262/1262/1262
f 1263/1263/1263 1259/1259/1259 1260/1260/1260
f 1263/1263/1263 1260/1260/1260 1264/1264/1264
f 1265/1265/1265 1261/1261/1261 1262/1262/1262
f 1265/1265/1265 1262/1262/1262 1266/1266/1266
f 1196/1196/1196 1263/1263/1263 1264/1264/1264
f 1196/1196/1196 1264/1264/1264 1197/1197/1197
f 1200/1200/1200 1265/1265/1265 1266/1266/1266
f 1200/1200/1200 1266/1266/1266 1201/1201/1201
f 1218/1218/1218 1217/1217/1217 1267/1267/1267
f 1218/1218/1218 1267/1267/1267 1268/1268/1268
f 1220/1220/1220 1214/1214/1214 1269/1269/1269
f 1220/1220/1220 1269/1269/1269 1270/1270/1270
f 1222/1222/1222 1218/1218/1218 1268/1268/1268
f 1222/1222/1222 1268/1268/1268 1271/1271/1271
f 1224/1224/1224 1220/1220/1220 1270/1270/1270
f 1224/1224/1224 1270/1270/1270 1272/1272/1272
f 1226/1226/1226 1222/1222/1222 1271/1271/1271
f 1226/1226/1226 1271/1271/1271 1273/1273/1273
f 1230/1230/1230 1229/1229/1229 1274/1274/1274
f 1230/1230/1230 1274/1274/1274 1275/1275/1275
f 1229/1229/1229 1224/1224/1224 1272/1272/1272
f 1229/1229/1229 1272/1272/1272 1274/1274/1274
f 1234/1234/1234 1233/1233/1233 1276/1276/1276
f 1234/1234/1234 1276/1276/1276 1277/1277/1277
f 1236/1236/1236 1230/1230/1230 1275/1275/1275
f 1236/1236/1236 1275/1275/1275 1278/1278/1278
f 1205/1205/1205 1198/1198/1198 1279/1279/1279
f 1205/1205/1205 1279/1279/1279 1280/1280/1280
f 1238/1238/1238 1234/1234/1234 1277/1277/1277
f 1238/1238/1238 1277/1277/1277 1281/1281/1281
f 1240/1240/1240 1236/1236/1236 1278/1278/1278
f 1240/1240/1240 1278/1278/1278 1282/1282/1282
f 1233/1233/1233 1226/1226/1226 1273/1273/1273
f 1233/1233/1233 1273/1273/1273 1276/1276/1276
f 1242/1242/1242 1238/1238/1238 1281/1281/1281
f 1242/1242/1242 1281/1281/1281 1283/1283/1283
f 1244/1244/1244 1240/1240/1240 1282/1282/1282
f 1244/1244/1244 1282/1282/1282 1284/1284/1284
f 1248/1248/1248 1247/1247/1247 1285/1285/1285
f 1248/1248/1248 1285/1285/1285 1286/1286/1286
f 1250/1250/1250 1242/1242/1242 1283/1283/1283
f 1250/1250/1250 1283/1283/1283 1287/1287/1287
f 1254/1254/1254 1253/1253/1253 1288/1288/1288
f 1254/1254/1254 1288/1288/1288 1289/1289/1289
f 1209/1209/1209 1290/1290/1290 1291/1291/1291
f 1209/1209/1209 1291/1291/1291 1292/1292/1292
f 1293/1293/1293 1250/1250/1250 1287/1287/1287
f 1293/1293/1293 1287/1287/1287 1294/1294/1294
f 1260/1260/1260 1254/1254/1254 1289/1289/1289
f 1260/1260/1260 1289/1289/1289 1295/1295/1295
f 1262/1262/1262 1248/1248/1248 1286/1286/1286
f 1262/1262/1262 1286/1286/1286 1296/1296/1296
f 1264/1264/1264 1260/1260/1260 1295/1295/1295
f 1264/1264/1264 1295/1295/1295 1297/1297/1297
f 1266/1266/1266 1262/1262/1262 1296/1296/1296
f 1266/1266/1266 1296/1296/1296 1298/1298/1298
f 1197/1197/1197 1264/1264/1264 1297/1297/1297
f 1197/1197/1197 1297/1297/1297 1299/1299/1299
f 1201/1201/1201 1266/1266/1266 1298/1298/1298
f 1201/1201/1201 1298/1298/1298 1300/1300/1300
f 1198/1198/1198 1197/1197/1197 1299/1299/1299
f 1198/1198/1198 1299/1299/1299 1279/1279/1279
f 1202/1202/1202 1201/1201/1201 1300/1300/1300
f 1202/1202/1202 1300/1300/1300 1301/1301/1301
f 1206/1206/1206 1205/1205/1205 1280/1280/1280
f 1206/1206/1206 1280/1280/1280 1302/1302/1302
f 1210/1210/1210 1209/1209/1209 1292/1292/1292
f 1210/1210/1210 1292/1292/1292 1303/1303/1303
f 1212/1212/1212 1206/1206/1206 1302/1302/1302
f 1212/1212/1212 1302/1302/1302 1304/1304/1304
f 1214/1214/1214 1210/1210/1210 1303/1303/1303
f 1214/1214/1214 1303/1303/1303 1269/1269/1269
f 499/499/499 492/492/492 1305/1305/1305
f 499/499/499 1305/1305/1305 1306/1306/1306
f 496/496/496 499/499/499 1306/1306/1306
f 496/496/496 1306/1306/1306 1307/1307/1307
f 494/494/494 490/490/490 1308/1308/1308
f 494/494/494 1308/1308/1308 1309/1309/1309
f 492/492/492 488/488/488 1310/1310/1310
f 492/492/492 1310/1310/1310 1305/1305/1305
f 490/490/490 484/484/484 1311/1311/1311
f 490/490/490 1311/1311/1311 1308/1308/1308
f 488/488/488 482/482/482 1312/1312/1312
f 488/488/488 1312/1312/1312 1310/1310/1310
f 484/484/484 487/487/487 1313/1313/1313
f 484/484/484 1313/1313/1313 1311/1311/1311
f 482/482/482 476/476/476 1314/1314/1314
f 482/482/482 1314/1314/1314 1312/1312/1312
f 480/480/480 472/472/472 1315/1315/1315
f 480/480/480 1315/1315/1315 1316/1316/1316
f 476/476/476 479/479/479 1317/1317/1317
f 476/476/476 1317/1317/1317 1314/1314/1314
f 472/472/472 475/475/475 1318/1318/1318
f 472/472/472 1318/1318/1318 1315/1315/1315
f 470/470/470 466/466/466 1319/1319/1319
f 470/470/470 1319/1319/1319 1320/1320/1320
f 468/468/468 464/464/464 1321/1321/1321
f 468/468/468 1321/1321/1321 1322/1322/1322
f 466/466/466 462/462/462 1323/1323/1323
f 466/466/466 1323/1323/1323 1319/1319/1319
f 464/464/464 460/460/460 1324/1324/1324
f 464/464/464 1324/1324/1324 1321/1321/1321
f 462/462/462 456/456/456 1325/1325/1325
f 462/462/462 1325/1325/1325 1323/1323/1323
f 460/460/460 448/448/448 1326/1326/1326
f 460/460/460 1326/1326/1326 1324/1324/1324
f 456/456/456 459/459/459 1327/1327/1327
f 456/456/456 1327/1327/1327 1325/1325/1325
f 448/448/448 451/451/451 1328/1328/1328
f 448/448/448 1328/1328/1328 1326/1326/1326
f 515/515/515 523/523/523 1329/1329/1329
f 515/515/515 1329/1329/1329 1330/1330/1330
f 520/520/520 470/470/470 1320/1320/1320
f 520/520/520 1320/1320/1320 1331/1331/1331
f 451/451/451 519/519/519 1332/1332/1332
f 451/451/451 1332/1332/1332 1328/1328/1328
f 516/516/516 510/510/510 1333/1333/1333
f 516/516/516 1333/1333/1333 1334/1334/1334
f 459/459/459 515/515/515 1330/1330/1330
f 459/459/459 1330/1330/1330 1327/1327/1327
f 512/512/512 508/508/508 1335/1335/1335
f 512/512/512 1335/1335/1335 1336/1336/1336
f 510/510/510 506/506/506 1337/1337/1337
f 510/510/510 1337/1337/1337 1333/1333/1333
f 503/503/503 494/494/494 1309/1309/1309
f 503/503/503 1309/1309/1309 1338/1338/1338
f 508/508/508 504/504/504 1339/1339/1339
f 508/508/508 1339/1339/1339 1335/1335/1335
f 506/506/506 500/500/500 1340/1340/1340
f 506/506/506 1340/1340/1340 1337/1337/1337
f 475/475/475 468/468/468 1322/1322/1322
f 475/475/475 1322/1322/1322 1318/1318/1318
f 504/504/504 496/496/496 1307/1307/1307
f 504/504/504 1307/1307/1307 1339/1339/1339
f 500/500/500 503/503/503 1338/1338/1338
f 500/500/500 1338/1338/1338 1340/1340/1340
f 1341/1341/1341 1342/1342/1342 1343/1343/1343
f 1344/1344/1344 1345/1345/1345 1343/1343/1343
f 1343/1343/1343 1346/1346/1346 1347/1347/1347
f 1347/1347/1347 1348/1348/1348 1343/1343/1343
f 1348/1348/1348 1349/1349/1349 1343/1343/1343
f 1349/1349/1349 1350/1350/1350 1351/1351/1351
f 1351/1351/1351 1352/1352/1352 1343/1343/1343
f 1352/1352/1352 1353/1353/1353 1354/1354/1354
f 1355/1355/1355 1352/1352/1352 1354/1354/1354
f 1355/1355/1355 1356/1356/1356 1357/1357/1357
f 1357/1357/1357 1358/1358/1358 1355/1355/1355
f 1358/1358/1358 1359/1359/1359 1360/1360/1360
f 1355/1355/1355 1358/1358/1358 1343/1343/1343
f 1359/1359/1359 1361/1361/1361 1360/1360/1360
f 1361/1361/1361 1362/1362/1362 1360/1360/1360
f 1360/1360/1360 1363/1363/1363 1364/1364/1364
f 1364/1364/1364 1365/1365/1365 1341/1341/1341
f 1365/1365/1365 1366/1366/1366 1341/1341/1341
f 1341/1341/1341 1367/1367/1367 1342/1342/1342
f 1367/1367/1367 1368/1368/1368 1369/1369/1369
f 1342/1342/1342 1367/1367/1367 1369/1369/1369
f 1342/1342/1342 1370/1370/1370 1371/1371/1371
f 1371/1371/1371 1372/1372/1372 1342/1342/1342
f 1372/1372/1372 1344/1344/1344 1343/1343/1343
f 1342/1342/1342 1372/1372/1372 1343/1343/1343
f 1351/1351/1351 1343/1343/1343 1349/1349/1349
f 1352/1352/1352 1355/1355/1355 1343/1343/1343
f 1343/1343/1343 1358/1358/1358 1360/1360/1360
f 1341/1341/1341 1360/1360/1360 1364/1364/1364
f 1360/1360/1360 1341/1341/1341 1343/1343/1343
f 1373/1373/1373 1374/1374/1374 1375/1375/1375
f 1373/1373/1373 1375/1375/1375 1376/1376/1376
f 1377/1377/1377 1378/1378/1378 1379/1379/1379
f 1377/1377/1377 1379/1379/1379 1380/1380/1380
f 1378/1378/1378 1381/1381/1381 1382/1382/1382
f 1378/1378/1378 1382/1382/1382 1379/1379/1379
f 1383/1383/1383 1384/1384/1384 1385/1385/1385
f 1383/1383/1383 1385/1385/1385 1386/1386/1386
f 1387/1387/1387 1377/1377/1377 1380/1380/1380
f 1387/1387/1387 1380/1380/1380 1388/1388/1388
f 1389/1389/1389 1390/1390/1390 1391/1391/1391
f 1389/1389/1389 1391/1391/1391 1392/1392/1392
f 1393/1393/1393 1383/1383/1383 1386/1386/1386
f 1393/1393/1393 1386/1386/1386 1394/1394/1394
f 1395/1395/1395 1387/1387/1387 1388/1388/1388
f 1395/1395/1395 1388/1388/1388 1396/1396/1396
f 1384/1384/1384 1373/1373/1373 1376/1376/1376
f 1384/1384/1384 1376/1376/1376 1385/1385/1385
f 1397/1397/1397 1393/1393/1393 1394/1394/1394
f 1397/1397/1397 1394/1394/1394 1398/1398/1398
f 1399/1399/1399 1400/1400/1400 1401/1401/1401
f 1399/1399/1399 1401/1401/1401 1402/1402/1402
f 1403/1403/1403 1404/1404/1404 1405/1405/1405
f 1403/1403/1403 1405/1405/1405 1406/1406/1406
f 1407/1407/1407 1408/1408/1408 1409/1409/1409
f 1407/1407/1407 1409/1409/1409 1410/1410/1410
f 1411/1411/1411 1399/1399/1399 1402/1402/1402
f 1411/1411/1411 1402/1402/1402 1412/1412/1412
f 1413/1413/1413 1414/1414/1414 1415/1415/1415
f 1413/1413/1413 1415/1415/1415 1416/1416/1416
f 1404/1404/1404 1407/1407/1407 1410/1410/1410
f 1404/1404/1404 1410/1410/1410 1405/1405/1405
f 1417/1417/1417 1411/1411/1411 1412/1412/1412
f 1417/1417/1417 1412/1412/1412 1418/1418/1418
f 1419/1419/1419 1403/1403/1403 1406/1406/1406
f 1419/1419/1419 1406/1406/1406 1420/1420/1420
f 1421/1421/1421 1417/1417/1417 1418/1418/1418
f 1421/1421/1421 1418/1418/1418 1422/1422/1422
f 1423/1423/1423 1419/1419/1419 1420/1420/1420
f 1423/1423/1423 1420/1420/1420 1424/1424/1424
f 1425/1425/1425 1421/1421/1421 1422/1422/1422
f 1425/1425/1425 1422/1422/1422 1426/1426/1426
f 1427/1427/1427 1423/1423/1423 1424/1424/1424
f 1427/1427/1427 1424/1424/1424 1428/1428/1428
f 1390/1390/1390 1425/1425/1425 1426/1426/1426
f 1390/1390/1390 1426/1426/1426 1391/1391/1391
f 1414/1414/1414 1427/1427/1427 1428/1428/1428
f 1414/1414/1414 1428/1428/1428 1415/1415/1415
f 1429/1429/1429 1389/1389/1389 1392/1392/1392
f 1429/1429/1429 1392/1392/1392 1430/1430/1430
f 1431/1431/1431 1413/1413/1413 1416/1416/1416
f 1431/1431/1431 1416/1416/1416 1432/1432/1432
f 1433/1433/1433 1429/1429/1429 1430/1430/1430
f 1433/1433/1433 1430/1430/1430 1434/1434/1434
f 1435/1435/1435 1436/1436/1436 1437/1437/1437
f 1435/1435/1435 1437/1437/1437 1438/1438/1438
f 1439/1439/1439 1440/1440/1440 1441/1441/1441
f 1439/1439/1439 1441/1441/1441 1442/1442/1442
f 1443/1443/1443 1435/1435/1435 1438/1438/1438
f 1443/1443/1443 1438/1438/1438 1444/1444/1444
f 1374/1374/1374 1439/1439/1439 1442/1442/1442
f 1374/1374/1374 1442/1442/1442 1375/1375/1375
f 1381/1381/1381 1443/1443/1443 1444/1444/1444
f 1381/1381/1381 1444/1444/1444 1382/1382/1382
f 1398/1398/1398 1394/1394/1394 1445/1445/1445
f 1398/1398/1398 1445/1445/1445 1446/1446/1446
f 1402/1402/1402 1401/1401/1401 1447/1447/1447
f 1402/1402/1402 1447/1447/1447 1448/1448/1448
f 1406/1406/1406 1405/1405/1405 1449/1449/1449
f 1406/1406/1406 1449/1449/1449 1450/1450/1450
f 1410/1410/1410 1409/1409/1409 1451/1451/1451
f 1410/1410/1410 1451/1451/1451 1452/1452/1452
f 1412/1412/1412 1402/1402/1402 1448/1448/1448
f 1412/1412/1412 1448/1448/1448 1453/1453/1453
f 1416/1416/1416 1415/1415/1415 1454/1454/1454
f 1416/1416/1416 1454/1454/1454 1455/1455/1455
f 1405/1405/1405 1410/1410/1410 1452/1452/1452
f 1405/1405/1405 1452/1452/1452 1449/1449/1449
f 1418/1418/1418 1412/1412/1412 1453/1453/1453
f 1418/1418/1418 1453/1453/1453 1456/1456/1456
f 1420/1420/1420 1406/1406/1406 1450/1450/1450
f 1420/1420/1420 1450/1450/1450 1457/1457/1457
f 1422/1422/1422 1418/1418/1418 1456/1456/1456
f 1422/1422/1422 1456/1456/1456 1458/1458/1458
f 1424/1424/1424 1420/1420/1420 1457/1457/1457
f 1424/1424/1424 1457/1457/1457 1459/1459/1459
f 1426/1426/1426 1422/1422/1422 1458/1458/1458
f 1426/1426/1426 1458/1458/1458 1460/1460/1460
f 1428/1428/1428 1424/1424/1424 1459/1459/1459
f 1428/1428/1428 1459/1459/1459 1461/1461/1461
f 1391/1391/1391 1426/1426/1426 1460/1460/1460
f 1391/1391/1391 1460/1460/1460 1462/1462/1462
f 1415/1415/1415 1428/1428/1428 1461/1461/1461
f 1415/1415/1415 1461/1461/1461 1454/1454/1454
f 1430/1430/1430 1392/1392/1392 1463/1463/1463
f 1430/1430/1430 1463/1463/1463 1464/1464/1464
f 1432/1432/1432 1416/1416/1416 1455/1455/1455
f 1432/1432/1432 1455/1455/1455 1465/1465/1465
f 1434/1434/1434 1430/1430/1430 1464/1464/1464
f 1434/1434/1434 1464/1464/1464 1466/1466/1466
f 1438/1438/1438 1437/1437/1437 1467/1467/1467
f 1438/1438/1438 1467/1467/1467 1468/1468/1468
f 1442/1442/1442 1441/1441/1441 1469/1469/1469
f 1442/1442/1442 1469/1469/1469 1470/1470/1470
f 1444/1444/1444 1438/1438/1438 1468/1468/1468
f 1444/1444/1444 1468/1468/1468 1471/1471/1471
f 1375/1375/1375 1442/1442/1442 1470/1470/1470
f 1375/1375/1375 1470/1470/1470 1472/1472/1472
f 1382/1382/1382 1444/1444/1444 1471/1471/1471
f 1382/1382/1382 1471/1471/1471 1473/1473/1473
f 1376/1376/1376 1375/1375/1375 1472/1472/1472
f 1376/1376/1376 1472/1472/1472 1474/1474/1474
f 1380/1380/1380 1379/1379/1379 1475/1475/1475
f 1380/1380/1380 1475/1475/1475 1476/1476/1476
f 1379/1379/1379 1382/1382/1382 1473/1473/1473
f 1379/1379/1379 1473/1473/1473 1475/1475/1475
f 1386/1386/1386 1385/1385/1385 1477/1477/1477
f 1386/1386/1386 1477/1477/1477 1478/1478/1478
f 1388/1388/1388 1380/1380/1380 1476/1476/1476
f 1388/1388/1388 1476/1476/1476 1479/1479/1479
f 1392/1392/1392 1391/1391/1391 1462/1462/1462
f 1392/1392/1392 1462/1462/1462 1463/1463/1463
f 1394/1394/1394 1386/1386/1386 1478/1478/1478
f 1394/1394/1394 1478/1478/1478 1445/1445/1445
f 1396/1396/1396 1388/1388/1388 1479/1479/1479
f 1396/1396/1396 1479/1479/1479 1480/1480/1480
f 1385/1385/1385 1376/1376/1376 1474/1474/1474
f 1385/1385/1385 1474/1474/1474 1477/1477/1477
f 1457/1457/1457 1450/1450/1450 1481/1481/1481
f 1457/1457/1457 1481/1481/1481 1482/1482/1482
f 1458/1458/1458 1456/1456/1456 1483/1483/1483
f 1458/1458/1458 1483/1483/1483 1484/1484/1484
f 1459/1459/1459 1457/1457/1457 1482/1482/1482
f 1459/1459/1459 1482/1482/1482 1485/1485/1485
f 1460/1460/1460 1458/1458/1458 1484/1484/1484
f 1460/1460/1460 1484/1484/1484 1486/1486/1486
f 1461/1461/1461 1459/1459/1459 1485/1485/1485
f 1461/1461/1461 1485/1485/1485 1487/1487/1487
f 1462/1462/1462 1460/1460/1460 1486/1486/1486
f 1462/1462/1462 1486/1486/1486 1488/1488/1488
f 1454/1454/1454 1461/1461/1461 1487/1487/1487
f 1454/1454/1454 1487/1487/1487 1489/1489/1489
f 1464/1464/1464 1463/1463/1463 1490/1490/1490
f 1464/1464/1464 1490/1490/1490 1491/1491/1491
f 1467/1467/1467 1492/1492/1492 1493/1493/1493
f 1467/1467/1467 1493/1493/1493 1494/1494/1494
f 1469/1469/1469 1495/1495/1495 1496/1496/1496
f 1469/1469/1469 1496/1496/1496 1497/1497/1497
f 1468/1468/1468 1467/1467/1467 1494/1494/1494
f 1468/1468/1468 1494/1494/1494 1498/1498/1498
f 1470/1470/1470 1469/1469/1469 1497/1497/1497
f 1470/1470/1470 1497/1497/1497 1499/1499/1499
f 1471/1471/1471 1468/1468/1468 1498/1498/1498
f 1471/1471/1471 1498/1498/1498 1500/1500/1500
f 1472/1472/1472 1470/1470/1470 1499/1499/1499
f 1472/1472/1472 1499/1499/1499 1501/1501/1501
f 1473/1473/1473 1471/1471/1471 1500/1500/1500
f 1473/1473/1473 1500/1500/1500 1502/1502/1502
f 1474/1474/1474 1472/1472/1472 1501/1501/1501
f 1474/1474/1474 1501/1501/1501 1503/1503/1503
f 1476/1476/1476 1475/1475/1475 1504/1504/1504
f 1476/1476/1476 1504/1504/1504 1505/1505/1505
f 1475/1475/1475 1473/1473/1473 1502/1502/1502
f 1475/1475/1475 1502/1502/1502 1504/1504/1504
f 1478/1478/1478 1477/1477/1477 1506/1506/1506
f 1478/1478/1478 1506/1506/1506 1507/1507/1507
f 1479/1479/1479 1476/1476/1476 1505/1505/1505
f 1479/1479/1479 1505/1505/1505 1508/1508/1508
f 1463/1463/1463 1462/1462/1462 1488/1488/1488
f 1463/1463/1463 1488/1488/1488 1490/1490/1490
f 1445/1445/1445 1478/1478/1478 1507/1507/1507
f 1445/1445/1445 1507/1507/1507 1509/1509/1509
f 1480/1480/1480 1479/1479/1479 1508/1508/1508
f 1480/1480/1480 1508/1508/1508 1510/1510/1510
f 1477/1477/1477 1474/1474/1474 1503/1503/1503
f 1477/1477/1477 1503/1503/1503 1506/1506/1506
f 1446/1446/1446 1445/1445/1445 1509/1509/1509
f 1446/1446/1446 1509/1509/1509 1511/1511/1511
f 1512/1512/1512 1480/1480/1480 1510/1510/1510
f 1512/1512/1512 1510/1510/1510 1513/1513/1513
f 1450/1450/1450 1449/1449/1449 1514/1514/1514
f 1450/1450/1450 1514/1514/1514 1481/1481/1481
f 1515/1515/1515 1446/1446/1446 1511/1511/1511
f 1515/1515/1515 1511/1511/1511 1516/1516/1516
f 1453/1453/1453 1448/1448/1448 1517/1517/1517
f 1453/1453/1453 1517/1517/1517 1518/1518/1518
f 1455/1455/1455 1454/1454/1454 1489/1489/1489
f 1455/1455/1455 1489/1489/1489 1519/1519/1519
f 1449/1449/1449 1452/1452/1452 1520/1520/1520
f 1449/1449/1449 1520/1520/1520 1514/1514/1514
f 1456/1456/1456 1453/1453/1453 1518/1518/1518
f 1456/1456/1456 1518/1518/1518 1483/1483/1483
f 1521/1521/1521 1522/1522/1522 1523/1523/1523
f 1521/1521/1521 1523/1523/1523 1524/1524/1524
f 1525/1525/1525 1526/1526/1526 1527/1527/1527
f 1525/1525/1525 1527/1527/1527 1528/1528/1528
f 1529/1529/1529 1530/1530/1530 1531/1531/1531
f 1529/1529/1529 1531/1531/1531 1532/1532/1532
f 1533/1533/1533 1534/1534/1534 1535/1535/1535
f 1533/1533/1533 1535/1535/1535 1536/1536/1536
f 1537/1537/1537 1538/1538/1538 1539/1539/1539
f 1537/1537/1537 1539/1539/1539 1540/1540/1540
f 1530/1530/1530 1541/1541/1541 1542/1542/1542
f 1530/1530/1530 1542/1542/1542 1531/1531/1531
f 1543/1543/1543 1544/1544/1544 1545/1545/1545
f 1543/1543/1543 1545/1545/1545 1546/1546/1546
f 1538/1538/1538 1547/1547/1547 1548/1548/1548
f 1538/1538/1538 1548/1548/1548 1539/1539/1539
f 1541/1541/1541 1533/1533/1533 1536/1536/1536
f 1541/1541/1541 1536/1536/1536 1542/1542/1542
f 1549/1549/1549 1550/1550/1550 1551/1551/1551
f 1549/1549/1549 1551/1551/1551 1552/1552/1552
f 1547/1547/1547 1549/1549/1549 1552/1552/1552
f 1547/1547/1547 1552/1552/1552 1548/1548/1548
f 1534/1534/1534 1553/1553/1553 1554/1554/1554
f 1534/1534/1534 1554/1554/1554 1535/1535/1535
f 1550/1550/1550 1555/1555/1555 1556/1556/1556
f 1550/1550/1550 1556/1556/1556 1551/1551/1551
f 1553/1553/1553 1557/1557/1557 1558/1558/1558
f 1553/1553/1553 1558/1558/1558 1554/1554/1554
f 1555/1555/1555 1559/1559/1559 1560/1560/1560
f 1555/1555/1555 1560/1560/1560 1556/1556/1556
f 1557/1557/1557 1561/1561/1561 1562/1562/1562
f 1557/1557/1557 1562/1562/1562 1558/1558/1558
f 1559/1559/1559 1563/1563/1563 1564/1564/1564
f 1559/1559/1559 1564/1564/1564 1560/1560/1560
f 1565/1565/1565 1566/1566/1566 1567/1567/1567
f 1565/1565/1565 1567/1567/1567 1568/1568/1568
f 1569/1569/1569 1570/1570/1570 1571/1571/1571
f 1569/1569/1569 1571/1571/1571 1572/1572/1572
f 1566/1566/1566 1543/1543/1543 1546/1546/1546
f 1566/1566/1566 1546/1546/1546 1567/1567/1567
f 1573/1573/1573 1574/1574/1574 1575/1575/1575
f 1573/1573/1573 1575/1575/1575 1576/1576/1576
f 1544/1544/1544 1577/1577/1577 1578/1578/1578
f 1544/1544/1544 1578/1578/1578 1545/1545/1545
f 1574/1574/1574 1579/1579/1579 1580/1580/1580
f 1574/1574/1574 1580/1580/1580 1575/1575/1575
f 1577/1577/1577 1581/1581/1581 1582/1582/1582
f 1577/1577/1577 1582/1582/1582 1578/1578/1578
f 1579/1579/1579 1583/1583/1583 1584/1584/1584
f 1579/1579/1579 1584/1584/1584 1580/1580/1580
f 1581/1581/1581 1585/1585/1585 1586/1586/1586
f 1581/1581/1581 1586/1586/1586 1582/1582/1582
f 1583/1583/1583 1521/1521/1521 1524/1524/1524
f 1583/1583/1583 1524/1524/1524 1584/1584/1584
f 1585/1585/1585 1587/1587/1587 1588/1588/1588
f 1585/1585/1585 1588/1588/1588 1586/1586/1586
f 1522/1522/1522 1589/1589/1589 1590/1590/1590
f 1522/1522/1522 1590/1590/1590 1523/1523/1523
f 1570/1570/1570 1573/1573/1573 1576/1576/1576
f 1570/1570/1570 1576/1576/1576 1571/1571/1571
f 1587/1587/1587 1525/1525/1525 1528/1528/1528
f 1587/1587/1587 1528/1528/1528 1588/1588/1588
f 1589/1589/1589 1591/1591/1591 1592/1592/1592
f 1589/1589/1589 1592/1592/1592 1590/1590/1590
f 1593/1593/1593 1594/1594/1594 1595/1595/1595
f 1593/1593/1593 1595/1595/1595 1596/1596/1596
f 1597/1597/1597 1598/1598/1598 1599/1599/1599
f 1597/1597/1597 1599/1599/1599 1600/1600/1600
f 1601/1601/1601 1602/1602/1602 1603/1603/1603
f 1601/1601/1601 1603/1603/1603 1604/1604/1604
f 1605/1605/1605 1593/1593/1593 1596/1596/1596
f 1605/1605/1605 1596/1596/1596 1606/1606/1606
f 1607/1607/1607 1597/1597/1597 1600/1600/1600
f 1607/1607/1607 1600/1600/1600 1608/1608/1608
f 1594/1594/1594 1609/1609/1609 1610/1610/1610
f 1594/1594/1594 1610/1610/1610 1595/1595/1595
f 1611/1611/1611 1605/1605/1605 1606/1606/1606
f 1611/1611/1611 1606/1606/1606 1612/1612/1612
f 1613/1613/1613 1607/1607/1607 1608/1608/1608
f 1613/1613/1613 1608/1608/1608 1614/1614/1614
f 1615/1615/1615 1616/1616/1616 1617/1617/1617
f 1615/1615/1615 1617/1617/1617 1618/1618/1618
f 1619/1619/1619 1611/1611/1611 1612/1612/1612
f 1619/1619/1619 1612/1612/1612 1620/1620/1620
f 1621/1621/1621 1613/1613/1613 1614/1614/1614
f 1621/1621/1621 1614/1614/1614 1622/1622/1622
f 1623/1623/1623 1624/1624/1624 1625/1625/1625
f 1623/1623/1623 1625/1625/1625 1626/1626/1626
f 1627/1627/1627 1619/1619/1619 1620/1620/1620
f 1627/1627/1627 1620/1620/1620 1628/1628/1628
f 1629/1629/1629 1630/1630/1630 1631/1631/1631
f 1629/1629/1629 1631/1631/1631 1632/1632/1632
f 1633/1633/1633 1615/1615/1615 1618/1618/1618
f 1633/1633/1633 1618/1618/1618 1634/1634/1634
f 1635/1635/1635 1629/1629/1629 1632/1632/1632
f 1635/1635/1635 1632/1632/1632 1636/1636/1636
f 1637/1637/1637 1633/1633/1633 1634/1634/1634
f 1637/1637/1637 1634/1634/1634 1638/1638/1638
f 1639/1639/1639 1635/1635/1635 1636/1636/1636
f 1639/1639/1639 1636/1636/1636 1640/1640/1640
f 1641/1641/1641 1637/1637/1637 1638/1638/1638
f 1641/1641/1641 1638/1638/1638 1642/1642/1642
f 1602/1602/1602 1639/1639/1639 1640/1640/1640
f 1602/1602/1602 1640/1640/1640 1603/1603/1603
f 1624/1624/1624 1641/1641/1641 1642/1642/1642
f 1624/1624/1624 1642/1642/1642 1625/1625/1625
f 1643/1643/1643 1601/1601/1601 1604/1604/1604
f 1643/1643/1643 1604/1604/1604 1644/1644/1644
f 1645/1645/1645 1623/1623/1623 1626/1626/1626
f 1645/1645/1645 1626/1626/1626 1646/1646/1646
f 1647/1647/1647 1643/1643/1643 1644/1644/1644
f 1647/1647/1647 1644/1644/1644 1648/1648/1648
f 1649/1649/1649 1645/1645/1645 1646/1646/1646
f 1649/1649/1649 1646/1646/1646 1650/1650/1650
f 1651/1651/1651 1647/1647/1647 1648/1648/1648
f 1651/1651/1651 1648/1648/1648 1652/1652/1652
f 1653/1653/1653 1654/1654/1654 1655/1655/1655
f 1653/1653/1653 1655/1655/1655 1656/1656/1656
f 1657/1657/1657 1658/1658/1658 1659/1659/1659
f 1657/1657/1657 1659/1659/1659 1660/1660/1660
f 1661/1661/1661 1653/1653/1653 1656/1656/1656
f 1661/1661/1661 1656/1656/1656 1662/1662/1662
f 1609/1609/1609 1657/1657/1657 1660/1660/1660
f 1609/1609/1609 1660/1660/1660 1610/1610/1610
f 1598/1598/1598 1663/1663/1663 1664/1664/1664
f 1598/1598/1598 1664/1664/1664 1599/1599/1599
f 1663/1663/1663 1661/1661/1661 1662/1662/1662
f 1663/1663/1663 1662/1662/1662 1664/1664/1664

