# https://github.com/mikedh/trimesh
mtllib material.mtl
usemtl material_0
v -0.00019753 -0.05340707 0.03545171
v 0.00799484 -0.05313700 0.03609870
v 0.00788231 -0.05357784 0.03697555
v -0.00019493 -0.05383902 0.03634130
v -0.03931246 -0.02797799 0.10054593
v -0.02948246 -0.04954045 0.04716596
v 0.04258130 -0.04236693 0.06492998
v -0.02490889 0.03396369 0.11801672
v -0.02488167 0.00889296 0.11798073
v -0.01698739 0.00950438 0.12152392
v -0.01702082 0.03426838 0.12166212
v 0.02484112 0.05383514 0.03127376
v 0.03206717 0.05027156 0.03619304
v 0.03307895 0.04202299 0.03533986
v 0.02509867 0.04874133 0.03085891
v -0.03201217 0.03355182 0.11311893
v -0.03205360 0.00806965 0.11324743
v 0.03206717 0.05027156 0.03619304
v 0.03833419 0.04586975 0.04229119
v 0.04047959 0.03363238 0.04141732
v 0.03307895 0.04202299 0.03533986
v -0.03815866 0.03304548 0.10705813
v -0.03831746 0.00706000 0.10735123
v -0.03205360 0.00806965 0.11324743
v -0.03201217 0.03355182 0.11311893
v -0.03846991 0.05903250 0.04265538
v -0.04350763 0.05903347 0.04991124
v -0.04344962 0.07164890 0.04981188
v -0.03846180 0.07164890 0.04266271
v 0.04933215 0.02947978 0.06559493
v 0.05020022 -0.00005830 0.06529094
v 0.04975110 0.00934510 0.05871429
v 0.04746699 0.03414301 0.05810066
v -0.04310657 0.03244406 0.10008934
v -0.04333761 0.00586160 0.10048804
v 0.04991283 0.03036443 0.07541575
v 0.05020685 0.00169681 0.07603908
v -0.04909792 0.03110500 0.08416495
v -0.04926017 0.00317545 0.08468053
v -0.04700007 0.00457485 0.09283636
v -0.04676929 0.03180726 0.09238479
v 0.04902210 0.03108189 0.08389700
v 0.04926957 0.00313143 0.08443035
v -0.05003033 0.03038855 0.07569335
v -0.05027418 0.00174357 0.07630882
v 0.04675898 0.03177915 0.09210874
v 0.04708351 0.00452594 0.09259845
v 0.04569261 0.02465997 0.04794385
v 0.04307615 0.04140237 0.04879238
v -0.04946952 0.02947713 0.06572305
v -0.05035632 -0.00005823 0.06528995
v 0.04314820 0.03243354 0.09987022
v 0.04344323 0.00584285 0.10030066
v 0.03822933 0.03301619 0.10689196
v 0.03843669 0.00700329 0.10724127
v -0.04766339 0.03395738 0.05835859
v -0.04992139 0.00900413 0.05896191
v 0.03214507 0.03353874 0.11295197
v 0.03224645 0.00804799 0.11314887
v 0.03843669 0.00700329 0.10724127
v 0.03822933 0.03301619 0.10689196
v -0.00861162 0.03445076 0.12389901
v -0.00859666 0.00987047 0.12374431
v 0.00008277 0.00998098 0.12451170
v 0.00008594 0.03450644 0.12466030
v -0.04387170 0.04019738 0.04993097
v -0.04689402 0.02212079 0.04978595
v 0.02503568 0.03395145 0.11792398
v 0.02505677 0.00887000 0.11797488
v 0.01718789 0.03425758 0.12159318
v 0.01718853 0.00948262 0.12155888
v 0.00876063 0.03445017 0.12387630
v 0.00875651 0.00986796 0.12378259
v -0.03864611 0.04571737 0.04250768
v -0.03240306 0.05013609 0.03638044
v -0.03347761 0.04175360 0.03556206
v -0.04081727 0.03336669 0.04164962
v -0.03240306 0.05013609 0.03638044
v -0.02521724 0.05373157 0.03141375
v -0.02547331 0.04853482 0.03100725
v -0.03347761 0.04175360 0.03556206
v 0.00007581 -0.01808708 0.12281730
v -0.00813200 -0.01830536 0.12217641
v -0.00801642 -0.01925069 0.12184571
v 0.00007357 -0.01903390 0.12247090
v 0.04088606 -0.02687033 0.10083377
v 0.03611466 -0.02449585 0.10707666
v 0.03559592 -0.02534611 0.10695657
v 0.04030342 -0.02768888 0.10080677
v -0.02356370 -0.02039073 0.11701322
v -0.03029271 -0.02215068 0.11265523
v -0.02986410 -0.02303909 0.11246092
v -0.02322479 -0.02130197 0.11674792
v -0.03628262 -0.04702745 0.05114552
v -0.03048692 -0.04921357 0.04575464
v -0.03006575 -0.04971234 0.04649803
v -0.03577163 -0.04754911 0.05181708
v -0.04653419 -0.03871850 0.07164369
v -0.04442437 -0.04168913 0.06429384
v -0.04379739 -0.04228905 0.06478188
v -0.04587621 -0.03935645 0.07203195
v 0.03597471 -0.04711628 0.05096086
v 0.04074136 -0.04454435 0.05715944
v 0.04016850 -0.04510637 0.05774661
v 0.03546401 -0.04763884 0.05163112
v 0.01622359 -0.01913482 0.12013359
v 0.00826333 -0.01830101 0.12214019
v 0.00814388 -0.01924586 0.12180899
v 0.01598916 -0.02006495 0.11982419
v 0.03041622 -0.02217275 0.11249067
v 0.02998426 -0.02306307 0.11230177
v -0.03617677 -0.02427779 0.10727363
v -0.03565594 -0.02512901 0.10715573
v 0.01594586 -0.05234719 0.03804592
v 0.01572074 -0.05279201 0.03889965
v 0.04412357 -0.04186178 0.06411482
v 0.04638897 -0.03878810 0.07137455
v 0.04572861 -0.03942765 0.07176281
v 0.04349945 -0.04245915 0.06460549
v -0.02377084 -0.05099873 0.04136778
v -0.02343688 -0.05146210 0.04217602
v -0.03617677 -0.02427779 0.10727363
v -0.04077211 -0.02694421 0.10103784
v -0.04017154 -0.02777039 0.10099824
v -0.03565594 -0.02512901 0.10715573
v 0.04638897 -0.03878810 0.07137455
v 0.04709255 -0.03574838 0.07898034
v 0.04643213 -0.03643806 0.07926632
v 0.04572861 -0.03942765 0.07176281
v 0.02340747 -0.05104900 0.04124347
v 0.02307697 -0.05151105 0.04205356
v -0.04437725 -0.02956293 0.09415612
v -0.04649025 -0.03259203 0.08679888
v -0.04582708 -0.03332267 0.08696828
v -0.04374532 -0.03033939 0.09422216
v -0.01632719 -0.05231147 0.03813190
v -0.01609836 -0.05275713 0.03898431
v 0.04641617 -0.03268226 0.08656146
v 0.04575486 -0.03341199 0.08673014
v -0.01608773 -0.01908420 0.12022881
v -0.01585706 -0.02001506 0.11991811
v -0.04096958 -0.04448520 0.05739186
v -0.04039516 -0.04504775 0.05797580
v -0.04722571 -0.03564165 0.07922540
v -0.04656529 -0.03633520 0.07950256
v 0.03015544 -0.04927648 0.04559329
v 0.02973600 -0.04977119 0.04633972
v 0.02365307 -0.02044607 0.11689588
v 0.02331117 -0.02135611 0.11663218
v 0.04431141 -0.02971078 0.09391047
v 0.04367883 -0.03048553 0.09397997
v -0.00838856 -0.05311781 0.03614337
v -0.00827198 -0.05355775 0.03701968
v -0.03628262 -0.04702745 0.05114552
v -0.03577163 -0.04754911 0.05181708
v 0.04431141 -0.02971078 0.09391047
v 0.04367883 -0.03048553 0.09397997
v 0.02284274 -0.02176124 0.11592248
v 0.02940031 -0.02345092 0.11173507
v 0.02998426 -0.02306307 0.11230177
v 0.02331117 -0.02135611 0.11663218
v -0.04295216 -0.03061251 0.09400580
v -0.04017154 -0.02777039 0.10099824
v -0.04374532 -0.03033939 0.09422216
v -0.03508833 -0.04743145 0.05238392
v -0.03963079 -0.04499045 0.05842421
v -0.04039516 -0.04504775 0.05797580
v -0.02298216 -0.05125259 0.04292806
v -0.01578627 -0.05251663 0.03979928
v -0.00019430 -0.05356246 0.03721219
v -0.00811248 -0.05329471 0.03787447
v 0.01566199 -0.02049715 0.11905169
v 0.01598916 -0.02006495 0.11982419
v 0.00772805 -0.05331200 0.03783225
v 0.00798462 -0.01970285 0.12101559
v 0.00814388 -0.01924586 0.12180899
v 0.01541384 -0.05255002 0.03971665
v 0.03943077 -0.04508502 0.05818751
v 0.00007309 -0.01947116 0.12159400
v 0.00007357 -0.01903390 0.12247090
v 0.02262791 -0.05130137 0.04280755
v 0.04554009 -0.03655244 0.07930829
v 0.04489778 -0.03951658 0.07196821
v 0.04643213 -0.03643806 0.07926632
v -0.01554193 -0.02045381 0.11915761
v -0.00786044 -0.01969945 0.12102681
v -0.00801642 -0.01925069 0.12184571
v -0.01585706 -0.02001506 0.11991811
v 0.02915914 -0.04960377 0.04700866
v 0.03477624 -0.04750324 0.05220755
v -0.02275892 -0.02171104 0.11604672
v -0.02322479 -0.02130197 0.11674792
v -0.02926906 -0.02341096 0.11183983
v -0.02986410 -0.02303909 0.11246092
v -0.04567944 -0.03645513 0.07954988
v -0.04494529 -0.03349624 0.08687506
v -0.04582708 -0.03332267 0.08696828
v -0.04656529 -0.03633520 0.07950256
v -0.03497973 -0.02548461 0.10670083
v -0.03565594 -0.02512901 0.10715573
v 0.04487897 -0.03358990 0.08664121
v 0.04575486 -0.03341199 0.08673014
v 0.04283459 -0.03071757 0.09375228
v 0.04367883 -0.03048553 0.09397997
v -0.04500676 -0.03941826 0.07221661
v -0.04587621 -0.03935645 0.07203195
v 0.03956009 -0.02800423 0.10046266
v 0.04030342 -0.02768888 0.10080677
v 0.03481862 -0.02562321 0.10637297
v 0.03559592 -0.02534611 0.10695657
v -0.04297020 -0.04229275 0.06510255
v -0.04379739 -0.04228905 0.06478188
v -0.00876968 -0.05169790 0.03327424
v -0.00020345 -0.05199491 0.03255707
v 0.04637433 -0.02718695 0.09368326
v 0.04279371 -0.02420945 0.10092936
v 0.02475969 -0.01747323 0.11774088
v 0.01698438 -0.01609839 0.12112869
v 0.03154059 -0.04767401 0.04315111
v 0.03762295 -0.04541153 0.04876247
v -0.04940921 -0.03339789 0.07831833
v -0.04867298 -0.03661410 0.07038949
v -0.04285106 -0.04266057 0.05548654
v -0.03794476 -0.04532211 0.04895713
v -0.01683815 -0.01604556 0.12123012
v -0.02466007 -0.01741515 0.11786202
v 0.04262164 -0.04272563 0.05524673
v 0.04615912 -0.03991510 0.06251575
v -0.04267011 -0.02428857 0.10114634
v -0.04643469 -0.02703134 0.09394202
v -0.01706915 -0.05084853 0.03535873
v 0.04856396 -0.03029414 0.08598818
v 0.04637433 -0.02718695 0.09368326
v 0.03184214 -0.01928473 0.11313487
v 0.02447756 -0.04952771 0.03860876
v -0.04863864 -0.03020350 0.08624086
v -0.04646923 -0.03973303 0.06270406
v -0.00851031 -0.01522850 0.12327120
v 0.04927545 -0.03350969 0.07806218
v -0.02485100 -0.04947560 0.03873684
v 0.01667882 -0.05088527 0.03526805
v 0.04852764 -0.03669365 0.07010759
v 0.00865422 -0.01522660 0.12324119
v 0.00008262 -0.01499974 0.12394070
v -0.03785595 -0.02148782 0.10766834
v -0.03188244 -0.04760961 0.04331967
v 0.04852764 -0.03669365 0.07010759
v 0.00836302 -0.05171275 0.03323190
v -0.03170552 -0.01926111 0.11330443
v -0.03785595 -0.02148782 0.10766834
v 0.03780189 -0.02172024 0.10746367
v -0.03794476 -0.04532211 0.04895713
v -0.00020519 -0.05166548 0.03186470
v 0.00845076 -0.05138361 0.03255253
v 0.00008352 -0.01427882 0.12417460
v -0.00859310 -0.01452547 0.12349961
v 0.04316880 -0.02362824 0.10092316
v 0.03818824 -0.02106399 0.10754477
v -0.02489622 -0.01673935 0.11803102
v -0.03200640 -0.01860254 0.11342453
v -0.03829166 -0.04495899 0.04849723
v -0.03217879 -0.04727148 0.04279825
v -0.04910768 -0.03615729 0.07012150
v -0.04687609 -0.03933821 0.06237951
v 0.03797355 -0.04504580 0.04829480
v 0.04298535 -0.04235049 0.05486311
v 0.01715062 -0.01540477 0.12133458
v 0.00873785 -0.01452887 0.12345889
v 0.03212622 -0.01865304 0.11324187
v -0.03818204 -0.02088670 0.10772043
v 0.01684678 -0.05055446 0.03463158
v 0.04662285 -0.03946610 0.06214900
v 0.04891948 -0.03627427 0.06985916
v -0.02509264 -0.04913788 0.03814913
v -0.03818204 -0.02088670 0.10772043
v -0.04310516 -0.02366595 0.10116534
v 0.04891948 -0.03627427 0.06985916
v 0.04970657 -0.03304215 0.07787240
v 0.02471145 -0.04919190 0.03803209
v -0.04681734 -0.02651319 0.09388373
v -0.04907112 -0.02968804 0.08611832
v -0.01724325 -0.05050760 0.03470929
v 0.04899026 -0.02977867 0.08585943
v -0.01699836 -0.01535289 0.12143161
v -0.04323706 -0.04226920 0.05508850
v -0.04983437 -0.03293786 0.07812904
v 0.03183807 -0.04733193 0.04262736
v 0.02499948 -0.01679606 0.11790898
v 0.04678548 -0.02663507 0.09361971
v -0.00886070 -0.05137354 0.03259916
v -0.03829166 -0.04495899 0.04849723
v 0.04316880 -0.02362824 0.10092316
v 0.04279371 -0.02420945 0.10092936
v 0.00008393 -0.01379024 0.12421390
v 0.00874244 -0.01404291 0.12349199
v -0.01700653 -0.01487057 0.12145881
v -0.00859739 -0.01403987 0.12353161
v -0.02491040 -0.01625501 0.11805772
v -0.03202930 -0.01812522 0.11345463
v -0.03821089 -0.02040975 0.10774304
v -0.04316804 -0.02316545 0.10118414
v -0.03821089 -0.02040975 0.10774304
v 0.04977393 -0.03258838 0.07785738
v 0.04899173 -0.03585167 0.06981123
v -0.04912274 -0.02922825 0.08611511
v -0.04686265 -0.02604262 0.09388778
v 0.04904628 -0.02933188 0.08586265
v -0.04989463 -0.03248194 0.07811818
v 0.04683179 -0.02616943 0.09362985
v -0.04917419 -0.03574607 0.07007668
v 0.04320099 -0.02317745 0.10094626
v 0.03823450 -0.02056665 0.10757266
v 0.03818824 -0.02106399 0.10754477
v 0.03214857 -0.01816988 0.11326807
v 0.03823450 -0.02056665 0.10757266
v 0.02501467 -0.01631016 0.11793828
v 0.01716111 -0.01491935 0.12136839
v -0.04635228 0.02016969 0.04030362
v -0.04094698 0.02997424 0.03527496
v 0.04936061 0.00896696 0.04583706
v 0.04994439 -0.00012586 0.05006637
v 0.04877762 -0.01113255 0.04760011
v 0.04927443 -0.01169492 0.05722131
v -0.00912403 -0.05007219 0.02785999
v 0.00006152 -0.05068105 0.02758342
v 0.00009869 -0.05111742 0.02967685
v -0.00878470 -0.05064898 0.03005261
v -0.02634965 -0.04427378 0.03050204
v -0.01804404 -0.04796122 0.02883418
v -0.01750951 -0.04900984 0.03132083
v -0.02585743 -0.04590516 0.03345563
v 0.00002335 -0.05034482 0.02547752
v -0.00005001 -0.05000340 0.01329988
v 0.00990945 -0.04899907 0.01329987
v 0.00945139 -0.04941833 0.02567403
v 0.00918669 -0.04986006 0.02790473
v 0.01798374 -0.04758442 0.02893577
v 0.01757867 -0.04862350 0.03143648
v 0.00893713 -0.05044674 0.03011172
v 0.03329289 -0.03876782 0.03300908
v 0.04028012 -0.03109628 0.03701593
v 0.04079172 -0.03302731 0.04231383
v 0.03310408 -0.04088027 0.03683873
v 0.04528585 -0.02226760 0.04157443
v 0.04598251 -0.02381893 0.04877378
v -0.04897584 -0.01105312 0.04765079
v -0.04954947 -0.01169333 0.05721364
v -0.05007513 -0.00000602 0.05013446
v -0.03358845 -0.03909706 0.03289708
v -0.02634965 -0.04427378 0.03050204
v -0.02585743 -0.04590516 0.03345563
v -0.03339676 -0.04131518 0.03659942
v 0.02612550 -0.04389859 0.03063640
v 0.03329289 -0.03876782 0.03300908
v 0.03310408 -0.04088027 0.03683873
v 0.02570934 -0.04548353 0.03366152
v -0.04069636 -0.03120624 0.03698347
v -0.04127362 -0.03323064 0.04217306
v -0.01811077 0.04786921 0.02566512
v -0.01737680 0.05249537 0.02756221
v -0.00890179 0.05479454 0.02539289
v -0.00934734 0.05037438 0.02401788
v -0.02627696 0.04379160 0.02813073
v -0.03411467 0.03776444 0.03125140
v -0.03347761 0.04175360 0.03556206
v -0.02547331 0.04853482 0.03100725
v -0.02627696 0.04379160 0.02813073
v -0.03411467 0.03776444 0.03125140
v 0.04066060 0.03008215 0.03504308
v 0.04554067 0.02162645 0.03914477
v -0.04950465 0.00886192 0.04605589
v -0.04635337 0.01892020 0.01329992
v -0.04623880 0.01940908 0.02944324
v -0.04125567 0.02851886 0.02659986
v -0.04186485 0.02745380 0.01329992
v -0.02831542 -0.04125629 0.01329990
v -0.01958371 -0.04603712 0.01329990
v -0.01856409 -0.04704808 0.02630951
v -0.02690171 -0.04285042 0.02739348
v 0.04622233 -0.01892741 0.01329984
v 0.04898221 -0.00974359 0.01329984
v 0.04875084 -0.01060458 0.03789188
v 0.04538043 -0.02088590 0.03411271
v -0.04918806 -0.00935881 0.01329992
v -0.04892227 -0.01041648 0.03800819
v -0.05007240 0.00005709 0.03497235
v -0.05006962 0.00019275 0.01329992
v -0.03587627 -0.03489827 0.01329991
v -0.02831542 -0.04125629 0.01329990
v -0.02690171 -0.04285042 0.02739348
v -0.03410880 -0.03717338 0.02889034
v 0.02810215 -0.04132391 0.01329985
v 0.03562659 -0.03502703 0.01329985
v 0.03389586 -0.03703863 0.02882400
v 0.02670134 -0.04265607 0.02738730
v -0.04199105 -0.02725146 0.01329992
v -0.04071633 -0.02943175 0.03138874
v -0.04557082 -0.02231494 0.04157386
v -0.04635867 -0.02394996 0.04866306
v -0.01955750 0.04607374 0.01329990
v -0.01872423 0.04651803 0.02107747
v -0.00961884 0.04919988 0.02021236
v -0.01002898 0.04902619 0.01329989
v -0.02825126 0.04132820 0.01329990
v -0.02712419 0.04218931 0.02246459
v -0.03577123 0.03503067 0.01329991
v -0.03480038 0.03611821 0.02431216
v -0.04186485 0.02745380 0.01329992
v -0.04125567 0.02851886 0.02659986
v -0.01002586 -0.04900223 0.01329989
v -0.00944638 -0.04954725 0.02566952
v -0.04911713 0.00972922 0.01329992
v -0.04925814 0.00920941 0.03265057
v 0.03383133 0.03784142 0.03108558
v 0.01854793 0.04653083 0.02098445
v 0.02696649 0.04219495 0.02233521
v 0.02821514 0.04125302 0.01329985
v 0.01948151 0.04603843 0.01329986
v 0.02597634 0.04384504 0.02800683
v 0.02509867 0.04874133 0.03085891
v -0.00011335 0.05011868 0.01990067
v 0.00940761 0.04922217 0.02016591
v 0.00992092 0.04900974 0.01329987
v -0.00005997 0.05002892 0.01329988
v 0.00902979 0.05037152 0.02395706
v 0.00849400 0.05479407 0.02534018
v 0.01698790 0.05250077 0.02744237
v 0.01782767 0.04786347 0.02556292
v 0.01942800 -0.04605175 0.01329986
v 0.01847137 -0.04681314 0.02630947
v -0.04647094 -0.01864383 0.01329992
v -0.04556898 -0.02078674 0.03420899
v 0.03562659 -0.03502703 0.01329985
v 0.04172730 -0.02745523 0.01329984
v 0.04048266 -0.02948022 0.03129251
v 0.03389586 -0.03703863 0.02882400
v -0.00016759 0.05118948 0.02335113
v 0.00902979 0.05037152 0.02395706
v -0.00881587 -0.05094033 0.03108639
v -0.01738523 -0.04962169 0.03278972
v -0.02545016 -0.04734646 0.03561695
v -0.00014011 -0.05153352 0.03139042
v 0.00853653 -0.05118381 0.03211920
v -0.00020650 0.05721271 0.02467083
v 0.00848143 0.05691164 0.02541332
v -0.00020823 0.05539697 0.02461141
v -0.03974256 -0.03888122 0.04517111
v -0.04478808 -0.03293553 0.05169866
v 0.01691704 0.05575477 0.02762691
v -0.00884764 -0.05122601 0.03212142
v -0.00888916 0.05691158 0.02546526
v -0.01731022 0.05575460 0.02772971
v -0.02545016 -0.04734646 0.03561695
v -0.03271088 -0.04405455 0.03953591
v 0.00873352 -0.05079287 0.03111546
v 0.01722891 -0.04940450 0.03285859
v 0.02517903 -0.04707850 0.03571085
v 0.03236486 -0.04381717 0.03965207
v 0.03236486 -0.04381717 0.03965207
v 0.03925129 -0.03876676 0.04521444
v 0.04432949 -0.03284365 0.05173983
v -0.04697163 -0.03890566 0.06228617
v 0.04800574 -0.02536120 0.05959959
v -0.00934734 0.05037438 0.02401788
v 0.03468159 0.03610729 0.02414837
v 0.03577616 0.03488939 0.01329985
v 0.03577616 0.03488939 0.01329985
v 0.03468159 0.03610729 0.02414837
v 0.04115960 0.02847265 0.02641167
v 0.04188927 0.02723799 0.01329984
v 0.04636575 0.01861528 0.01329984
v 0.04584988 0.01999793 0.02872767
v 0.04915300 0.00908778 0.03243912
v 0.04906977 0.00933091 0.01329984
v 0.04662285 -0.03946610 0.06214900
v 0.04673508 -0.03901990 0.06204881
v -0.04839040 -0.02533547 0.05967066
v -0.04333969 -0.04188172 0.05492905
v 0.04298535 -0.04235049 0.05486311
v 0.04306522 -0.04196246 0.05472834
v 0.03797355 -0.04504580 0.04829480
v 0.03806671 -0.04465998 0.04809495
v 0.03183807 -0.04733193 0.04262736
v 0.03188922 -0.04699153 0.04232934
v 0.02477624 -0.04887713 0.03769592
v 0.03188922 -0.04699153 0.04232934
v 0.01692820 -0.05029274 0.03424244
v 0.04980694 -0.01797231 0.06752683
v -0.03217879 -0.04727148 0.04279825
v -0.03839907 -0.04457735 0.04827210
v -0.03223590 -0.04694597 0.04245600
v -0.05005872 -0.01791975 0.06765804
v -0.03223590 -0.04694597 0.04245600
v -0.02514557 -0.04886441 0.03776743
v -0.01727132 -0.05031030 0.03428055
v -0.00002157 -0.05131959 0.03053259
v 0.00875788 -0.00208879 0.12369090
v 0.01719318 -0.00271893 0.12151858
v 0.02506731 -0.00372017 0.11801388
v -0.04706261 -0.01074061 0.09341607
v -0.04335483 -0.00864546 0.10089764
v 0.03225312 -0.00506450 0.11328197
v -0.00859786 -0.00208473 0.12364250
v 0.00008451 -0.00190377 0.12440370
v 0.03842058 -0.00678034 0.10748477
v 0.03842058 -0.00678034 0.10748477
v 0.04343918 -0.00867166 0.10069676
v 0.04711856 -0.01082481 0.09318103
v -0.05030930 -0.01537875 0.07722089
v 0.04934604 -0.01310422 0.08518256
v -0.04934774 -0.01303080 0.08542894
v 0.05021971 -0.01545699 0.07695200
v -0.03834459 -0.00667857 0.10762234
v -0.03202930 -0.01812522 0.11345463
v -0.03208961 -0.00502800 0.11341262
v -0.03208961 -0.00502800 0.11341262
v -0.02491333 -0.00368189 0.11804752
v -0.01699841 -0.00268411 0.12149642
v 0.01782767 0.04786347 0.02556292
v 0.02597634 0.04384504 0.02800683
v 0.04994890 -0.00020211 0.03484692
v 0.04994917 -0.00022065 0.01329984
v -0.01702629 0.07164889 0.12173461
v -0.01703153 0.05903249 0.12173182
v -0.00861393 0.05903255 0.12397671
v -0.00860564 0.07164889 0.12396721
v 0.01690482 0.07164888 0.02765994
v 0.02482002 0.07164888 0.03130898
v 0.02481930 0.05903243 0.03131024
v 0.01690452 0.05903237 0.02766046
v -0.02519501 0.07164890 0.03145231
v -0.01730073 0.07164889 0.02775534
v -0.01730443 0.05903249 0.02774389
v -0.02518946 0.05903250 0.03146137
v -0.00888682 0.07164889 0.02547730
v -0.00888731 0.05903249 0.02547545
v -0.00020624 0.07164889 0.02468043
v -0.00020626 0.05903249 0.02467978
v 0.00847917 0.07164889 0.02542548
v 0.00848113 0.05903249 0.02541487
v 0.04318888 0.07164887 0.04957904
v 0.04302800 0.05903672 0.04932518
v 0.03815448 0.05903247 0.04243043
v 0.03814017 0.07164887 0.04244199
v -0.03231418 0.07164890 0.03648319
v -0.03232277 0.05903250 0.03647336
v 0.00008462 0.07164889 0.12465190
v 0.00008728 0.05903255 0.12471250
v 0.00875647 0.05903255 0.12391809
v 0.00875016 0.07164889 0.12391710
v -0.03846180 0.07164890 0.04266271
v -0.03846991 0.05903250 0.04265538
v 0.01719237 0.05903248 0.12164398
v 0.01718313 0.07164888 0.12163428
v 0.02505077 0.05903248 0.11793828
v 0.02505214 0.07164888 0.11793417
v -0.04699946 0.07164879 0.09194777
v -0.04696007 0.05903389 0.09208653
v -0.04324604 0.05903250 0.09991131
v -0.04310513 0.07164890 0.09971390
v 0.03219091 0.05903254 0.11292337
v 0.03219969 0.07164888 0.11289877
v -0.04718046 0.05903550 0.05795715
v -0.04709951 0.07164891 0.05772815
v 0.03830123 0.05903278 0.10678657
v 0.03819042 0.07164887 0.10661757
v -0.04932324 0.05903472 0.06604431
v -0.04933389 0.07164891 0.06615386
v 0.03819042 0.07164887 0.10661757
v 0.03830123 0.05903278 0.10678657
v 0.04326581 0.05903337 0.09967197
v 0.04331707 0.07164887 0.09959151
v 0.04692332 0.05903379 0.09180130
v 0.04697459 0.07164887 0.09165979
v -0.05007252 0.05903526 0.07508907
v -0.05007895 0.07164891 0.07484076
v 0.04670335 0.07164887 0.05751581
v 0.04696698 0.05903528 0.05768158
v 0.04917905 0.05903420 0.08343829
v 0.04920737 0.07164887 0.08323874
v -0.04925021 0.05903418 0.08371148
v -0.04928090 0.07164891 0.08351336
v 0.04995468 0.05903528 0.07480790
v 0.04994562 0.07164887 0.07455792
v 0.04914434 0.05903396 0.06579973
v 0.04915329 0.07164881 0.06586254
v -0.03826051 0.05903268 0.10698674
v -0.03828710 0.07164890 0.10693443
v -0.03207868 0.05903250 0.11312493
v -0.03208612 0.07164890 0.11309823
v 0.03197222 0.07164888 0.03629985
v 0.03814017 0.07164887 0.04244199
v 0.03815448 0.05903247 0.04243043
v 0.03197973 0.05903248 0.03629139
v -0.03208612 0.07164890 0.11309823
v -0.03207868 0.05903250 0.11312493
v -0.02495079 0.05903250 0.11807942
v -0.02495257 0.07164890 0.11807852
v 0.02597634 0.04384504 0.02800683
v -0.00016759 0.05118948 0.02335113
v 0.03383133 0.03784142 0.03108558
v -0.04094698 0.02997424 0.03527496
v -0.01811077 0.04786921 0.02566512
v -0.02514557 -0.04886441 0.03776743
v -0.03864611 0.04571737 0.04250768
v 0.03833419 0.04586975 0.04229119
v 0.02505214 0.08268295 0.11793417
v 0.03219969 0.08268295 0.11289877
v 0.03210039 0.08268295 0.11278127
v 0.02497483 0.08268295 0.11780117
v -0.04344961 0.08268298 0.04981188
v -0.04709951 0.08268298 0.05772815
v -0.04695479 0.08268298 0.05778006
v -0.04331635 0.08268298 0.04988877
v -0.00860564 0.08268296 0.12396721
v 0.00008463 0.08268296 0.12465190
v 0.00008416 0.08268296 0.12449790
v -0.00857935 0.08268296 0.12381551
v 0.03819043 0.08268295 0.10661757
v 0.03807235 0.08268295 0.10651937
v -0.04709951 0.08268298 0.05772815
v -0.04933389 0.08268298 0.06615386
v -0.04918250 0.08268298 0.06618009
v -0.04695479 0.08268298 0.05778006
v 0.04331708 0.08268294 0.09959151
v 0.04318380 0.08268294 0.09951486
v 0.04697459 0.08268294 0.09165979
v 0.04682987 0.08268294 0.09160759
v -0.05007894 0.08268298 0.07484076
v -0.04992498 0.08268298 0.07484040
v 0.04670335 0.08268294 0.05751581
v 0.04318888 0.08268294 0.04957904
v 0.04305603 0.08268294 0.04965629
v 0.04655971 0.08268294 0.05756862
v 0.04697459 0.08268294 0.09165979
v 0.04920737 0.08268294 0.08323874
v 0.04905591 0.08268294 0.08321250
v 0.04682987 0.08268294 0.09160759
v -0.04928090 0.08268298 0.08351336
v -0.04912914 0.08268298 0.08348618
v 0.04994563 0.08268294 0.07455792
v 0.04979161 0.08268294 0.07455827
v -0.04699946 0.08268286 0.09194777
v -0.04685498 0.08268286 0.09189460
v 0.04915329 0.08268288 0.06586254
v 0.04900208 0.08268288 0.06588972
v -0.04310512 0.08268298 0.09971390
v -0.03828709 0.08268297 0.10693443
v -0.03816943 0.08268297 0.10683513
v -0.04297262 0.08268298 0.09963689
v -0.03208612 0.08268297 0.11309823
v -0.03198723 0.08268297 0.11297992
v 0.03814018 0.08268295 0.04244199
v 0.03802258 0.08268295 0.04254129
v -0.02495257 0.08268297 0.11807852
v -0.02487628 0.08268297 0.11794502
v -0.00020624 0.08268296 0.02468043
v -0.00888682 0.08268296 0.02547730
v -0.00885970 0.08268296 0.02562911
v -0.00020581 0.08268296 0.02483433
v 0.03197222 0.08268295 0.03629985
v 0.03187394 0.08268295 0.03641799
v -0.01702628 0.08268297 0.12173461
v -0.01697407 0.08268297 0.12158982
v -0.01730073 0.08268297 0.02775534
v -0.01724737 0.08268297 0.02789982
v 0.02482003 0.08268295 0.03130898
v 0.02474314 0.08268295 0.03144292
v -0.02519500 0.08268297 0.03145231
v -0.02511763 0.08268297 0.03158577
v 0.01690482 0.08268295 0.02765994
v 0.01685230 0.08268295 0.02780466
v 0.00008463 0.08268296 0.12465190
v 0.00875016 0.08268296 0.12391710
v 0.00872304 0.08268296 0.12376549
v 0.00008416 0.08268296 0.12449790
v -0.02519500 0.08268297 0.03145231
v -0.03231418 0.08268297 0.03648319
v -0.03221476 0.08268297 0.03660073
v -0.02511763 0.08268297 0.03158577
v 0.00847917 0.08268296 0.02542548
v 0.00845288 0.08268296 0.02557681
v 0.01718314 0.08268295 0.12163428
v 0.01712974 0.08268295 0.12148979
v -0.03846179 0.08268297 0.04266271
v -0.03834329 0.08268297 0.04276111
v 0.00847917 0.08268296 0.02542548
v 0.00845288 0.08268296 0.02557681
v 0.03197222 0.08176343 0.03629985
v 0.03814018 0.08176343 0.04244199
v -0.00888682 0.08176344 0.02547730
v -0.00020624 0.08176344 0.02468043
v -0.02495257 0.08176345 0.11807852
v -0.03208612 0.08176345 0.11309823
v 0.03814018 0.08176343 0.04244199
v 0.04318888 0.08176348 0.04957904
v -0.03208612 0.08176345 0.11309823
v -0.03828709 0.08176345 0.10693443
v 0.04670335 0.08176348 0.05751581
v 0.04915329 0.08176336 0.06586254
v -0.04310512 0.08176345 0.09971390
v 0.04994563 0.08176348 0.07455792
v -0.04699946 0.08176334 0.09194777
v -0.04928090 0.08176346 0.08351336
v 0.04920737 0.08176348 0.08323874
v -0.05007894 0.08176346 0.07484076
v 0.04697459 0.08176342 0.09165979
v -0.04933389 0.08176346 0.06615386
v 0.04331708 0.08176348 0.09959151
v 0.03819043 0.08176348 0.10661757
v -0.04709951 0.08176346 0.05772815
v 0.03819043 0.08176348 0.10661757
v 0.03219969 0.08176349 0.11289877
v 0.00008463 0.08176350 0.12465190
v -0.00860564 0.08176344 0.12396721
v -0.04344961 0.08176345 0.04981188
v 0.02505214 0.08176343 0.11793417
v -0.03846179 0.08176345 0.04266271
v 0.01718314 0.08176343 0.12163428
v 0.00847917 0.08176344 0.02542548
v -0.03846179 0.08176345 0.04266271
v -0.03231418 0.08176345 0.03648319
v 0.00875016 0.08176350 0.12391710
v 0.01690482 0.08176343 0.02765994
v -0.02519500 0.08176345 0.03145231
v 0.02482003 0.08176343 0.03130898
v -0.01730073 0.08176345 0.02775534
v -0.01702628 0.08176345 0.12173461
v -0.02487628 0.08268297 0.11794502
v -0.01697407 0.08268297 0.12158982
v -0.01697407 0.08288295 0.12158982
v -0.02487628 0.08288295 0.11794502
v -0.04992498 0.08288296 0.07484040
v -0.04912914 0.08288296 0.08348618
v -0.04927750 0.08288296 0.08351277
v -0.05007555 0.08288296 0.07484076
v -0.00885970 0.08268296 0.02562911
v -0.01724737 0.08268297 0.02789982
v -0.01724737 0.08288295 0.02789982
v -0.00885970 0.08288294 0.02562911
v 0.03187394 0.08268295 0.03641799
v 0.02474314 0.08268295 0.03144292
v 0.02474314 0.08288299 0.03144292
v 0.03187394 0.08288299 0.03641799
v -0.00857935 0.08268296 0.12381551
v -0.00857935 0.08288294 0.12381551
v -0.02511763 0.08268297 0.03158577
v -0.02511763 0.08288295 0.03158577
v 0.01685230 0.08268295 0.02780466
v 0.01685231 0.08288299 0.02780466
v 0.00008416 0.08268296 0.12449790
v 0.00872304 0.08268296 0.12376549
v 0.00872304 0.08288300 0.12376549
v 0.00008416 0.08288300 0.12449790
v -0.03221476 0.08268297 0.03660073
v -0.03221476 0.08288295 0.03660073
v 0.00845288 0.08268296 0.02557681
v 0.00845288 0.08288294 0.02557681
v 0.01712974 0.08268295 0.12148979
v 0.01712974 0.08288293 0.12148979
v -0.03834329 0.08268297 0.04276111
v -0.03834329 0.08288295 0.04276111
v -0.00020581 0.08268296 0.02483433
v -0.00020581 0.08288300 0.02483433
v 0.02497483 0.08268295 0.11780117
v 0.02497483 0.08288299 0.11780117
v -0.04331635 0.08268298 0.04988877
v -0.04331635 0.08288296 0.04988877
v -0.04685498 0.08268286 0.09189460
v -0.04297262 0.08268298 0.09963689
v -0.04297262 0.08288296 0.09963689
v -0.04685498 0.08288284 0.09189460
v 0.03210039 0.08268295 0.11278127
v 0.03210039 0.08288299 0.11278127
v -0.04695479 0.08268298 0.05778006
v -0.04695479 0.08288296 0.05778006
v 0.00008416 0.08268296 0.12449790
v 0.00008416 0.08288300 0.12449790
v 0.03807235 0.08268295 0.10651937
v 0.03807235 0.08288299 0.10651937
v -0.04918250 0.08268298 0.06618009
v -0.04918250 0.08288296 0.06618009
v 0.04318380 0.08268294 0.09951486
v 0.04318380 0.08288298 0.09951486
v 0.04682987 0.08268294 0.09160759
v 0.04682987 0.08288298 0.09160759
v -0.04992498 0.08268298 0.07484040
v -0.04992498 0.08288296 0.07484040
v 0.04655971 0.08268294 0.05756862
v 0.04305603 0.08268294 0.04965629
v 0.04305603 0.08288298 0.04965629
v 0.04655971 0.08288298 0.05756862
v 0.04905591 0.08268294 0.08321250
v 0.04905592 0.08288298 0.08321250
v -0.04992498 0.08268298 0.07484040
v -0.04912914 0.08268298 0.08348618
v -0.04912914 0.08288296 0.08348618
v -0.04992498 0.08288296 0.07484040
v 0.04979161 0.08268294 0.07455827
v 0.04979161 0.08288298 0.07455827
v 0.04979161 0.08268294 0.07455827
v 0.04900208 0.08268288 0.06588972
v 0.04900208 0.08288292 0.06588972
v 0.04979161 0.08288298 0.07455827
v -0.03816943 0.08268297 0.10683513
v -0.03816943 0.08288295 0.10683513
v -0.03198723 0.08268297 0.11297992
v -0.03198723 0.08288295 0.11297992
v 0.03802258 0.08268295 0.04254129
v 0.03802258 0.08288299 0.04254129
v -0.00020581 0.08268296 0.02483433
v -0.00020581 0.08288300 0.02483433
v -0.03231161 0.08288295 0.03648600
v -0.03845917 0.08288295 0.04266498
v -0.03845917 0.08438291 0.04266498
v -0.03231161 0.08438290 0.03648600
v 0.04905592 0.08288298 0.08321250
v 0.04979161 0.08288298 0.07455827
v 0.04994181 0.08288298 0.07455792
v 0.04920422 0.08288298 0.08323826
v -0.04685498 0.08288284 0.09189460
v -0.04699588 0.08288284 0.09194658
v 0.04900208 0.08288292 0.06588972
v 0.04915008 0.08288292 0.06586315
v -0.04297262 0.08288296 0.09963689
v -0.03816943 0.08288295 0.10683513
v -0.03828442 0.08288295 0.10693223
v -0.04310214 0.08288296 0.09971223
v 0.04655971 0.08288298 0.05756862
v 0.04670014 0.08288298 0.05751725
v -0.03816943 0.08288295 0.10683513
v -0.03198723 0.08288295 0.11297992
v -0.03208356 0.08288295 0.11309553
v -0.03828442 0.08288295 0.10693223
v 0.04305603 0.08288298 0.04965629
v 0.03802258 0.08288299 0.04254129
v 0.03813786 0.08288299 0.04244402
v 0.04318590 0.08288298 0.04958071
v -0.02487628 0.08288295 0.11794502
v -0.02495097 0.08288295 0.11807542
v -0.00020581 0.08288300 0.02483433
v -0.00885970 0.08288294 0.02562911
v -0.00888622 0.08288294 0.02548093
v -0.00020623 0.08288300 0.02468377
v 0.03187394 0.08288299 0.03641799
v 0.03197032 0.08288299 0.03630217
v -0.01697407 0.08288295 0.12158982
v -0.01702509 0.08288295 0.12173132
v -0.01724737 0.08288295 0.02789982
v -0.01729954 0.08288295 0.02775832
v 0.02474314 0.08288299 0.03144292
v 0.02481836 0.08288299 0.03131208
v -0.00857935 0.08288294 0.12381551
v -0.00860504 0.08288294 0.12396381
v -0.02511763 0.08288295 0.03158577
v -0.02519321 0.08288295 0.03145529
v 0.02474314 0.08288299 0.03144292
v 0.01685231 0.08288299 0.02780466
v 0.01690351 0.08288299 0.02766315
v 0.02481836 0.08288299 0.03131208
v 0.00008416 0.08288300 0.12449790
v 0.00872304 0.08288300 0.12376549
v 0.00874957 0.08288300 0.12391349
v 0.00008462 0.08288300 0.12464830
v -0.02511763 0.08288295 0.03158577
v -0.03221476 0.08288295 0.03660073
v -0.03231161 0.08288295 0.03648600
v -0.02519321 0.08288295 0.03145529
v 0.00845288 0.08288294 0.02557681
v 0.00847857 0.08288294 0.02542882
v 0.01712974 0.08288293 0.12148979
v 0.01718195 0.08288293 0.12163088
v -0.03834329 0.08288295 0.04276111
v -0.03845917 0.08288295 0.04266498
v 0.02497483 0.08288299 0.11780117
v 0.02505042 0.08288299 0.11793138
v -0.04331635 0.08288296 0.04988877
v -0.04344659 0.08288296 0.04981366
v 0.03210039 0.08288299 0.11278127
v 0.03219718 0.08288299 0.11289617
v -0.04695479 0.08288296 0.05778006
v -0.04709647 0.08288296 0.05772934
v 0.00008416 0.08288300 0.12449790
v 0.00008462 0.08288300 0.12464830
v 0.03210039 0.08288299 0.11278127
v 0.03807235 0.08288299 0.10651937
v 0.03818774 0.08288299 0.10661537
v 0.03219718 0.08288299 0.11289617
v -0.04918250 0.08288296 0.06618009
v -0.04933080 0.08288296 0.06615446
v 0.04318380 0.08288298 0.09951486
v 0.04331410 0.08288298 0.09958972
v 0.04682987 0.08288298 0.09160759
v 0.04697155 0.08288298 0.09165861
v 0.00847857 0.08288294 0.02542882
v -0.00020623 0.08288300 0.02468377
v -0.00020623 0.08438295 0.02468377
v 0.00847858 0.08438289 0.02542882
v 0.01718195 0.08288293 0.12163088
v 0.02505042 0.08288299 0.11793138
v 0.02505042 0.08438294 0.11793138
v 0.01718195 0.08438289 0.12163088
v -0.04344659 0.08288296 0.04981366
v -0.04344659 0.08438291 0.04981366
v -0.04699588 0.08288284 0.09194658
v -0.04310214 0.08288296 0.09971223
v -0.04310214 0.08438291 0.09971223
v -0.04699588 0.08438279 0.09194658
v 0.03219718 0.08288299 0.11289617
v 0.03219718 0.08438294 0.11289617
v -0.04709647 0.08288296 0.05772934
v -0.04709647 0.08438291 0.05772934
v -0.00860504 0.08288294 0.12396381
v 0.00008462 0.08288300 0.12464830
v 0.00008462 0.08438295 0.12464830
v -0.00860504 0.08438289 0.12396381
v 0.03818774 0.08288299 0.10661537
v 0.03818774 0.08438294 0.10661537
v -0.04933080 0.08288296 0.06615446
v -0.04933080 0.08438291 0.06615446
v 0.04331410 0.08288298 0.09958972
v 0.04331410 0.08438294 0.09958972
v 0.04697155 0.08288298 0.09165861
v 0.04697155 0.08438293 0.09165861
v -0.05007555 0.08288296 0.07484076
v -0.05007555 0.08438291 0.07484076
v 0.04670014 0.08288298 0.05751725
v 0.04318590 0.08288298 0.04958071
v 0.04318590 0.08438294 0.04958071
v 0.04670014 0.08438293 0.05751725
v 0.04920422 0.08288298 0.08323826
v 0.04920422 0.08438293 0.08323826
v -0.05007555 0.08288296 0.07484076
v -0.04927750 0.08288296 0.08351277
v -0.04927750 0.08438291 0.08351277
v -0.05007555 0.08438291 0.07484076
v 0.04994181 0.08288298 0.07455792
v 0.04994181 0.08438293 0.07455792
v 0.04994181 0.08288298 0.07455792
v 0.04915008 0.08288292 0.06586315
v 0.04915008 0.08438287 0.06586315
v 0.04994181 0.08438293 0.07455792
v -0.03828442 0.08288295 0.10693223
v -0.03828441 0.08438291 0.10693223
v -0.03208356 0.08288295 0.11309553
v -0.03208356 0.08438290 0.11309553
v 0.03813786 0.08288299 0.04244402
v 0.03813786 0.08438294 0.04244402
v -0.02495097 0.08288295 0.11807542
v -0.02495096 0.08438290 0.11807542
v -0.00020623 0.08288300 0.02468377
v -0.00888622 0.08288294 0.02548093
v -0.00888622 0.08438289 0.02548093
v -0.00020623 0.08438295 0.02468377
v 0.03197032 0.08288299 0.03630217
v 0.03197032 0.08438294 0.03630217
v -0.01702509 0.08288295 0.12173132
v -0.01702509 0.08438290 0.12173132
v -0.01729954 0.08288295 0.02775832
v -0.01729954 0.08438290 0.02775832
v 0.02481836 0.08288299 0.03131208
v 0.02481836 0.08438294 0.03131208
v -0.02519321 0.08288295 0.03145529
v -0.02519321 0.08438290 0.03145529
v 0.01690351 0.08288299 0.02766315
v 0.01690352 0.08438295 0.02766315
v 0.00008462 0.08288300 0.12464830
v 0.00874957 0.08288300 0.12391349
v 0.00874957 0.08438295 0.12391349
v 0.00008462 0.08438295 0.12464830
v 0.00009644 0.04998898 -0.00000009
v -0.00987308 0.04904031 0.00000004
v -0.00999937 0.04902655 0.01329992
v -0.00003005 0.05002987 0.01329991
v -0.04642422 -0.01865504 0.00000085
v -0.04194357 -0.02729020 -0.00000005
v -0.04196113 -0.02725051 0.01329995
v -0.04644083 -0.01864312 0.01329995
v 0.00009491 -0.05000615 -0.00000009
v 0.01004860 -0.04897511 -0.00000010
v 0.00993936 -0.04899805 0.01329990
v -0.00002010 -0.05000299 0.01329991
v 0.04626010 -0.01888956 -0.00000013
v 0.04901390 -0.00973834 0.00000094
v 0.04901212 -0.00974293 0.01329987
v 0.04625231 -0.01892670 0.01329987
v -0.03578414 -0.03495722 -0.00000006
v -0.02819957 -0.04130523 -0.00000007
v -0.02828551 -0.04125594 0.01329994
v -0.03584636 -0.03489731 0.01329994
v 0.01007087 0.04898798 -0.00000010
v 0.00995084 0.04901015 0.01329990
v 0.04195225 0.02719443 -0.00000013
v 0.03585876 0.03482781 -0.00000012
v 0.03580607 0.03489040 0.01329988
v 0.04191925 0.02723834 0.01329987
v -0.01944925 -0.04606991 -0.00000007
v -0.01955379 -0.04603671 0.01329993
v -0.01940601 0.04610795 0.00000022
v -0.01952759 0.04607440 0.01329993
v 0.02832628 0.04119252 -0.00000012
v 0.02824529 0.04125379 0.01329989
v -0.00987973 -0.04900658 -0.00000008
v -0.00999625 -0.04900163 0.01329992
v -0.02810960 0.04138721 -0.00000007
v -0.02822111 0.04132861 0.01329994
v 0.01961655 0.04599302 -0.00000011
v 0.01951160 0.04603939 0.01329989
v -0.02810960 0.04138721 -0.00000007
v -0.03565697 0.03511102 -0.00000006
v -0.03574113 0.03503109 0.01329994
v -0.02822111 0.04132861 0.01329994
v 0.01954577 -0.04600204 0.00000037
v 0.01945792 -0.04605109 0.01329989
v -0.04180150 0.02751739 -0.00000005
v -0.04183493 0.02745475 0.01329995
v 0.02820001 -0.04125882 -0.00000012
v 0.02813219 -0.04132319 0.01329989
v 0.04195225 0.02719443 -0.00000013
v 0.04191925 0.02723834 0.01329987
v 0.04639566 0.01861594 0.01329987
v 0.04640913 0.01855085 0.00000094
v 0.02820001 -0.04125882 -0.00000012
v 0.03569296 -0.03498239 0.00000065
v 0.03565656 -0.03502656 0.01329988
v 0.02813219 -0.04132319 0.01329989
v 0.04179899 -0.02740319 0.00000077
v 0.04175692 -0.02745450 0.01329987
v -0.04630327 0.01896800 0.00000025
v -0.04907912 0.00976731 -0.00000005
v -0.04908751 0.00972988 0.01329995
v -0.04632346 0.01892068 0.01329995
v -0.05004865 0.00017140 -0.00000005
v -0.05003964 0.00019342 0.01329996
v 0.04998087 -0.00018320 -0.00000013
v 0.04997916 -0.00021997 0.01329987
v 0.04909342 0.00932948 -0.00000013
v 0.04909969 0.00933157 0.01329987
v -0.04914481 -0.00939302 0.00000103
v -0.04915845 -0.00935809 0.01329995
v -0.04194357 -0.02729020 -0.00000005
v -0.04196113 -0.02725051 0.01329995
v -0.02492295 0.08176411 0.11807863
v -0.01699637 0.08176411 0.12173472
v -0.01699637 0.08268363 0.12173472
v -0.02492295 0.08268363 0.11807863
v -0.00885691 0.08176411 0.02547732
v -0.01727081 0.08176411 0.02775519
v -0.01727081 0.08268363 0.02775519
v -0.00885691 0.08268363 0.02547732
v 0.03200233 0.08176409 0.03629988
v 0.02485000 0.08176409 0.03130931
v 0.02485000 0.08268361 0.03130931
v 0.03200233 0.08268361 0.03629988
v -0.00857572 0.08176411 0.12396730
v -0.00857572 0.08268363 0.12396730
v -0.02516509 0.08176411 0.03145264
v -0.02516509 0.08268363 0.03145264
v 0.01693474 0.08176410 0.02765996
v 0.01693474 0.08268362 0.02765996
v 0.00011454 0.08176416 0.12465190
v 0.00878008 0.08176416 0.12391719
v 0.00878008 0.08268362 0.12391719
v 0.00011454 0.08268362 0.12465190
v -0.03228414 0.08176411 0.03648352
v -0.03228414 0.08268363 0.03648352
v 0.00850909 0.08176410 0.02542551
v 0.00850909 0.08268362 0.02542551
v 0.01721275 0.08176410 0.12163429
v 0.01721275 0.08268362 0.12163429
v -0.03843188 0.08176412 0.04266256
v -0.03843188 0.08268364 0.04266256
v -0.00017632 0.08176410 0.02468046
v -0.00017632 0.08268362 0.02468046
v 0.02508206 0.08176409 0.11793428
v 0.02508206 0.08268361 0.11793428
v -0.04341970 0.08176412 0.04981190
v -0.04341970 0.08268364 0.04981190
v -0.04696954 0.08176400 0.09194781
v -0.04307521 0.08176412 0.09971393
v -0.04307521 0.08268364 0.09971393
v -0.04696954 0.08268352 0.09194781
v 0.03222960 0.08176415 0.11289887
v 0.03222960 0.08268361 0.11289887
v -0.04706953 0.08176412 0.05772818
v -0.04706953 0.08268364 0.05772818
v 0.00011454 0.08176416 0.12465190
v 0.00011454 0.08268362 0.12465190
v 0.03822004 0.08176415 0.10661762
v 0.03822004 0.08268361 0.10661762
v -0.04930398 0.08176412 0.06615389
v -0.04930398 0.08268364 0.06615389
v 0.04334723 0.08176415 0.09959154
v 0.04334723 0.08268361 0.09959154
v 0.04700469 0.08176408 0.09165983
v 0.04700469 0.08268361 0.09165983
v -0.05004933 0.08176412 0.07484080
v -0.05004933 0.08268364 0.07484080
v 0.04673333 0.08176414 0.05751584
v 0.04321904 0.08176415 0.04957907
v 0.04321904 0.08268361 0.04957907
v 0.04673334 0.08268361 0.05751584
v 0.04923753 0.08176414 0.08323876
v 0.04923753 0.08268361 0.08323876
v -0.05004933 0.08176412 0.07484080
v -0.04925086 0.08176412 0.08351338
v -0.04925086 0.08268364 0.08351338
v -0.05004933 0.08268364 0.07484080
v 0.04997554 0.08176414 0.07455794
v 0.04997554 0.08268360 0.07455794
v 0.04997554 0.08176414 0.07455794
v 0.04918321 0.08176402 0.06586258
v 0.04918321 0.08268355 0.06586258
v 0.04997554 0.08268360 0.07455794
v -0.03825718 0.08176412 0.10693454
v -0.03825718 0.08268364 0.10693454
v -0.03205621 0.08176411 0.11309823
v -0.03205621 0.08268363 0.11309823
v 0.03817009 0.08176409 0.04244201
v 0.03817009 0.08268361 0.04244201
v -0.00017632 0.08176410 0.02468046
v -0.00017632 0.08268362 0.02468046
vn -0.00222503 -0.89914973 -0.43763548
vn 0.12796658 -0.89372516 -0.42997661
vn 0.07971828 -0.99276234 -0.08982163
vn -0.00176090 -0.99588726 -0.09058406
vn -0.01080051 -0.92287498 0.38494821
vn -0.03476646 -0.94106604 0.33643127
vn 0.01902387 -0.93100115 0.36452016
vn -0.49494428 -0.00290479 0.86891986
vn -0.48191632 0.00226959 0.87621430
vn -0.33328903 -0.00395160 0.94281642
vn -0.33932926 -0.00439130 0.94065741
vn 0.50084231 0.05487217 -0.86379745
vn 0.63892398 0.06841099 -0.76622195
vn 0.58894523 0.13653319 -0.79655646
vn 0.52461746 0.24251862 -0.81606448
vn -0.56585090 -0.00100233 0.82450698
vn -0.54982739 0.00673345 0.83525116
vn 0.73832915 0.16821878 -0.65312519
vn 0.79882595 0.11599536 -0.59027297
vn 0.86361023 0.31733570 -0.39175940
vn 0.74840741 0.38063418 -0.54314268
vn -0.76118689 0.00404310 0.64851999
vn -0.75069627 0.01346030 0.66051036
vn -0.68806952 0.01096546 0.72556191
vn -0.70246516 0.00174180 0.71171600
vn -0.82114656 0.00854804 -0.57065336
vn -0.86959183 0.00728986 -0.49371744
vn -0.86769062 -0.00011862 -0.49710459
vn -0.82012510 0.00043032 -0.57218409
vn 0.99133776 0.03505696 -0.12657195
vn 0.99971818 -0.00853747 -0.02215121
vn 0.99551965 0.07059855 -0.06290054
vn 0.95853279 0.06524828 -0.27741224
vn -0.86239797 0.00612738 0.50619383
vn -0.85916757 0.01470133 0.51148309
vn 0.99966765 0.00792167 0.02453247
vn 0.99870743 0.00353908 0.05070453
vn -0.98172606 0.00486867 0.19023731
vn -0.98139255 0.01183821 0.19164684
vn -0.93686840 0.01378615 0.34941028
vn -0.93620865 0.00603064 0.35139292
vn 0.98267231 0.00486259 0.18528756
vn 0.98312365 0.01268070 0.18250229
vn -0.99966315 0.00516217 0.02543505
vn -0.99826809 0.01269566 0.05744257
vn 0.93894181 0.00723339 0.34399994
vn 0.93971303 0.01675809 0.34155321
vn 0.95304751 0.20603744 -0.22192120
vn 0.88451494 0.09121968 -0.45750660
vn -0.99028878 0.01769322 -0.13789521
vn -0.99976220 0.00105327 -0.02178143
vn 0.86641207 0.00894499 0.49924954
vn 0.86230805 0.01605416 0.50612952
vn 0.81861382 0.00845568 0.57428209
vn 0.81103904 0.01396909 0.58482522
vn -0.95463091 0.04094290 -0.29496358
vn -0.99593065 0.08941537 -0.01127120
vn 0.64130002 0.00525580 0.76727222
vn 0.62719318 0.00782754 0.77882440
vn 0.69279964 0.01095401 0.72104692
vn 0.70630424 0.00775150 0.70786597
vn -0.17279269 -0.00460069 0.98494747
vn -0.17234168 -0.00731606 0.98501006
vn -0.00231308 -0.00740891 0.99996988
vn 0.00123786 -0.00385374 0.99999181
vn -0.89725065 0.08330678 -0.43359111
vn -0.96618306 0.22275462 -0.12988714
vn 0.49956781 0.00170302 0.86627311
vn 0.48757340 0.00283730 0.87307739
vn 0.34322903 -0.00089553 0.93925131
vn 0.33545101 -0.00170579 0.94205611
vn 0.17610260 -0.00233128 0.98436906
vn 0.16962993 -0.00544825 0.98549277
vn -0.80290611 0.11008951 -0.58585158
vn -0.74652716 0.15877900 -0.64613190
vn -0.78513192 0.30658552 -0.53812005
vn -0.87375944 0.31733367 -0.36856993
vn -0.63409154 0.06157005 -0.77080286
vn -0.50717184 0.04758293 -0.86053041
vn -0.54868117 0.25423172 -0.79643908
vn -0.58330487 0.15266066 -0.79777826
vn 0.00217402 -0.34278183 0.93941253
vn -0.12794601 -0.34412481 0.93016554
vn -0.12838762 -0.34165874 0.93101339
vn 0.00255821 -0.34338976 0.93918951
vn 0.64534343 -0.48168106 0.59288718
vn 0.57044983 -0.44406114 0.69093900
vn 0.57008718 -0.44507160 0.69058807
vn 0.64626532 -0.47975189 0.59344693
vn -0.36959974 -0.38078838 0.84758259
vn -0.47726881 -0.40488115 0.77992675
vn -0.47879423 -0.40214031 0.78040967
vn -0.36816596 -0.38347214 0.84699643
vn -0.52743854 -0.81645153 -0.23497974
vn -0.48088116 -0.83148184 -0.27819283
vn -0.30443474 -0.95252643 -0.00358873
vn -0.25940135 -0.95815564 0.12103187
vn -0.73149349 -0.66870126 0.13325129
vn -0.69839299 -0.71550626 0.01726327
vn -0.69816031 -0.71573078 0.01736754
vn -0.72995777 -0.67005269 0.13487423
vn 0.56816203 -0.80003187 -0.19271977
vn 0.64319571 -0.75979491 -0.09492619
vn 0.43210510 -0.89677333 0.09530354
vn 0.35673348 -0.93275328 0.05208211
vn 0.25582779 -0.36027053 0.89708265
vn 0.13195954 -0.34590542 0.92894355
vn 0.13171567 -0.34297253 0.93006496
vn 0.25556868 -0.36259210 0.89622074
vn 0.48097222 -0.40511876 0.77752461
vn 0.48307390 -0.40012944 0.77880423
vn -0.52434680 -0.42195228 0.73960578
vn -0.52392388 -0.42235503 0.73967560
vn 0.25187698 -0.88303285 -0.39599365
vn 0.15710648 -0.98505288 -0.07062847
vn 0.69673960 -0.71719250 0.01374199
vn 0.71689143 -0.69363582 0.07025683
vn 0.39219178 -0.88267406 0.25898286
vn 0.41055120 -0.89101761 0.19374038
vn -0.37315412 -0.86205161 -0.34296212
vn -0.23370189 -0.97147970 -0.04013244
vn -0.60944770 -0.46052092 0.64536345
vn -0.63889178 -0.48633835 0.59606402
vn -0.63584988 -0.49033675 0.59604094
vn -0.60900757 -0.46193243 0.64476989
vn 0.74046550 -0.64510036 0.18856396
vn 0.74554124 -0.61873531 0.24765877
vn 0.74867857 -0.61512316 0.24719204
vn 0.73821159 -0.64760683 0.18880953
vn 0.36945676 -0.86278948 -0.34510292
vn 0.23124825 -0.97200793 -0.04153115
vn -0.69679983 -0.52548522 0.48819595
vn -0.73020323 -0.57270216 0.37257950
vn -0.72840477 -0.57438183 0.37351305
vn -0.69630237 -0.52567924 0.48869657
vn -0.25587417 -0.88232342 -0.39501113
vn -0.15959649 -0.98470739 -0.06985921
vn 0.73155086 -0.57360575 0.36852378
vn 0.72994959 -0.57566320 0.36849082
vn -0.25185918 -0.36018609 0.89823880
vn -0.25150589 -0.36162239 0.89776057
vn -0.64537823 -0.75830901 -0.09194768
vn -0.64647920 -0.75720883 -0.09327076
vn -0.74556767 -0.61714867 0.25150819
vn -0.74878840 -0.61401191 0.24961031
vn 0.47716499 -0.83308569 -0.27978885
vn 0.30321505 -0.95290430 -0.00583370
vn 0.37309891 -0.38217106 0.84542444
vn 0.37237354 -0.38410971 0.84486548
vn 0.71897260 -0.54840518 0.42700136
vn 0.71850081 -0.54858666 0.42756200
vn -0.13193514 -0.89407214 -0.42805156
vn -0.08197418 -0.99259709 -0.08961729
vn -0.61098560 -0.77889068 -0.14151293
vn -0.61070143 -0.77917300 -0.14118497
vn 0.67501667 -0.50274576 0.53999926
vn 0.67512914 -0.50281792 0.53979143
vn 0.03245461 -0.90524740 0.42364352
vn 0.05344626 -0.89783309 0.43708036
vn 0.09961183 -0.86717891 0.48793259
vn 0.06045621 -0.88349995 0.46451359
vn -0.10121022 -0.90990686 0.40227603
vn -0.02167762 -0.91879913 0.39412973
vn -0.18739237 -0.88650349 0.42307878
vn -0.04735195 -0.94002986 0.33778936
vn -0.05971500 -0.93771866 0.34222483
vn -0.11203172 -0.94328203 0.31251864
vn -0.02579324 -0.94255396 0.33305667
vn -0.01674698 -0.94302393 0.33230318
vn -0.00036222 -0.94160014 0.33673289
vn -0.00807784 -0.94266235 0.33365018
vn 0.02161263 -0.90339771 0.42825865
vn 0.04094417 -0.87890476 0.47523678
vn 0.00753665 -0.94223967 0.33485459
vn 0.01211418 -0.89782787 0.44017992
vn 0.02263807 -0.86943969 0.49352015
vn 0.01640054 -0.94288278 0.33272072
vn 0.08042844 -0.93961789 0.33264017
vn 0.00178484 -0.91046745 0.41357688
vn 0.00317433 -0.89426926 0.44751807
vn 0.02575293 -0.94266621 0.33274194
vn 0.07280765 -0.92522986 0.37235568
vn 0.09773943 -0.92768963 0.36033174
vn 0.13568747 -0.91954452 0.36881810
vn -0.02389595 -0.90065649 0.43387425
vn -0.01128363 -0.90324888 0.42896870
vn -0.02169012 -0.87820037 0.47780084
vn -0.04506456 -0.87339634 0.48492063
vn 0.03619710 -0.94182577 0.33414666
vn 0.04017004 -0.93877979 0.34216789
vn -0.03278046 -0.90362029 0.42707824
vn -0.06167353 -0.87951152 0.47186423
vn -0.04032871 -0.90691878 0.41937086
vn -0.07772883 -0.88513648 0.45879369
vn -0.07652259 -0.92441037 0.37364391
vn -0.07355525 -0.91910778 0.38707946
vn -0.13699504 -0.90787384 0.39622904
vn -0.14394423 -0.91742440 0.37096164
vn -0.07620236 -0.90004454 0.42908394
vn -0.13458390 -0.87260771 0.46951353
vn 0.07657887 -0.91927248 0.38610074
vn 0.14420413 -0.90759624 0.39430221
vn 0.07176639 -0.91493510 0.39716916
vn 0.13658045 -0.89905286 0.41599247
vn -0.07424602 -0.92936093 0.36162936
vn -0.13979690 -0.92683746 0.34846685
vn 0.08684334 -0.90279399 0.42121402
vn 0.15478944 -0.87747243 0.45396295
vn 0.01982156 -0.92273417 0.38492694
vn 0.03729212 -0.91822048 0.39431009
vn -0.06941407 -0.93404121 0.35035511
vn -0.13071589 -0.93579858 0.32740551
vn -0.13126877 -0.89781515 -0.42035279
vn -0.00171767 -0.90099718 -0.43382154
vn 0.67473809 -0.50295071 0.54015654
vn 0.64485068 -0.45718999 0.61249075
vn 0.37997562 -0.36338971 0.85062709
vn 0.25997655 -0.34489161 0.90192127
vn 0.47529295 -0.83506314 -0.27706708
vn 0.56944847 -0.79864004 -0.19468569
vn -0.75192109 -0.61039137 0.24907237
vn -0.74371458 -0.65652336 0.12595917
vn -0.64959370 -0.75413680 -0.09646613
vn -0.61398050 -0.77597564 -0.14453287
vn -0.25683215 -0.34114642 0.90424353
vn -0.37633331 -0.36257392 0.85259216
vn 0.64924455 -0.75386527 -0.10083980
vn 0.69859580 -0.71541399 0.01211335
vn -0.64539723 -0.47628187 0.59717501
vn -0.71405756 -0.50451416 0.48537332
vn -0.25602337 -0.88210108 -0.39541083
vn 0.74768305 -0.55525355 0.36423007
vn 0.72627869 -0.50781833 0.46329237
vn 0.49089022 -0.38367669 0.78218859
vn 0.37106078 -0.86078343 -0.34837594
vn -0.74338549 -0.55795681 0.36886611
vn -0.70081311 -0.71315524 0.01644943
vn -0.12889985 -0.33269082 0.93418502
vn 0.75198658 -0.61216878 0.24446996
vn -0.37307352 -0.86179687 -0.34368926
vn 0.25185756 -0.88332922 -0.39534449
vn 0.75594697 -0.62911067 0.18100813
vn 0.13400056 -0.32871204 0.93487552
vn 0.00181897 -0.32477036 0.94579115
vn -0.62783014 -0.43116354 0.64801799
vn -0.47834703 -0.83473189 -0.27277609
vn 0.73206689 -0.67846834 0.06130889
vn 0.12691975 -0.89694159 -0.42354122
vn -0.48534394 -0.38793322 0.78354902
vn -0.54069603 -0.39284216 0.74385673
vn 0.57646647 -0.43499051 0.69171502
vn -0.52907299 -0.81436343 -0.23852460
vn -0.00402541 -0.93779202 -0.34717421
vn 0.12804278 -0.90479408 -0.40614372
vn 0.00199725 -0.19255673 0.98128381
vn -0.14567696 -0.19082664 0.97075405
vn 0.64244607 -0.41070557 0.64698066
vn 0.61237214 -0.33269494 0.71715719
vn -0.43078924 -0.20322563 0.87927241
vn -0.55860770 -0.22270989 0.79897293
vn -0.53053522 -0.81278861 -0.24063884
vn -0.49872698 -0.78796904 -0.36107644
vn -0.90634914 -0.42243548 -0.00891618
vn -0.85335603 -0.50342504 -0.13545008
vn 0.57071760 -0.79732691 -0.19634465
vn 0.65592771 -0.74709000 -0.10777459
vn 0.29506683 -0.20024148 0.93425848
vn 0.15103249 -0.18696060 0.97068786
vn 0.56577205 -0.21309617 0.79655006
vn -0.61179648 -0.23334763 0.75581344
vn 0.26869655 -0.85306216 -0.44731099
vn 0.70051245 -0.71356504 0.01035583
vn 0.74518781 -0.66472816 0.05321284
vn -0.40901528 -0.81154825 -0.41724806
vn -0.73030426 -0.22734868 0.64418031
vn -0.75493561 -0.29984970 0.58323441
vn 0.94166839 -0.33485696 -0.03363733
vn 0.91236275 -0.38437290 0.14089603
vn 0.41928514 -0.78077691 -0.46323578
vn -0.84897230 -0.29030322 0.44155416
vn -0.89518573 -0.33307180 0.29615145
vn -0.26239142 -0.88158178 -0.39238285
vn 0.89542010 -0.33641757 0.29162658
vn -0.29230377 -0.18965604 0.93733083
vn -0.77753162 -0.57699435 -0.25004419
vn -0.91511266 -0.37670369 0.14374683
vn 0.50464512 -0.77170925 -0.38703765
vn 0.43465123 -0.20672610 0.87655155
vn 0.84875170 -0.29677907 0.43765595
vn -0.12771366 -0.92626794 -0.35456583
vn -0.71557372 -0.59040898 -0.37332491
vn 0.81356782 -0.20845930 0.54281868
vn 0.71035458 -0.45337986 0.53837076
vn 0.00126518 -0.04630288 0.99892665
vn 0.16155170 -0.04189982 0.98597437
vn -0.31510286 -0.02965116 0.94859422
vn -0.15783179 -0.03621772 0.98680160
vn -0.46556836 -0.03026541 0.88449427
vn -0.57312978 -0.05451537 0.81764927
vn -0.66136684 -0.07547730 0.74625537
vn -0.83679583 -0.06040657 0.54417257
vn -0.76074280 -0.02149973 0.64869727
vn 0.99590534 -0.08457258 0.03193781
vn 0.98406786 -0.12845207 -0.12292486
vn -0.97543375 -0.05802133 0.21251478
vn -0.92284457 -0.04536007 0.38249230
vn 0.97565677 -0.06706677 0.20879637
vn -0.99567191 -0.08262090 0.04255854
vn 0.92392612 -0.05345612 0.37881785
vn -0.98372933 -0.12079470 -0.13298587
vn 0.84227779 -0.04641655 0.53704156
vn 0.78997826 -0.04741758 0.61129856
vn 0.77423185 -0.10700389 0.62379100
vn 0.61035893 -0.03821567 0.79120259
vn 0.66905699 -0.06241440 0.74058571
vn 0.46971457 -0.03769054 0.88201341
vn 0.31846513 -0.04247849 0.94698233
vn -0.93875838 0.33537554 -0.07909454
vn -0.86993042 0.46350558 -0.16847445
vn 0.98624324 0.16363042 -0.02343839
vn 0.99967869 -0.02209214 -0.01242808
vn 0.98210181 -0.18496900 -0.03553173
vn 0.99105668 -0.09646440 -0.09220237
vn -0.16316382 -0.96183076 -0.21967966
vn 0.00989621 -0.98283794 -0.18420547
vn 0.01361528 -0.97501911 -0.22170333
vn -0.14143990 -0.95610660 -0.25662216
vn -0.42640478 -0.84026104 -0.33487364
vn -0.34483883 -0.89648196 -0.27821985
vn -0.31403762 -0.89002359 -0.33051231
vn -0.39875864 -0.81798027 -0.41460803
vn 0.00514772 -0.99549938 -0.09462812
vn -0.00014588 -0.99960721 -0.02802498
vn 0.19773232 -0.97981449 -0.02941922
vn 0.18948420 -0.97680317 -0.09975624
vn 0.17257367 -0.96302435 -0.20688750
vn 0.35507209 -0.89843926 -0.25832289
vn 0.33773196 -0.87628864 -0.34359183
vn 0.16397966 -0.95070789 -0.26318280
vn 0.77437994 -0.59568790 -0.21328767
vn 0.84091852 -0.50889804 -0.18406202
vn 0.86329607 -0.42342054 -0.27465420
vn 0.77845986 -0.54519647 -0.31106440
vn 0.93240682 -0.34638787 -0.10311629
vn 0.95551674 -0.24957062 -0.15716955
vn -0.98638036 -0.15773552 -0.04661858
vn -0.99425907 -0.09364481 -0.05176433
vn -0.99972112 -0.01881875 -0.01426657
vn -0.70010050 -0.65576048 -0.28255529
vn -0.62285712 -0.73335266 -0.27247547
vn -0.60070320 -0.71986867 -0.34777114
vn -0.69511107 -0.61882190 -0.36589623
vn 0.53361851 -0.79889507 -0.27752107
vn 0.62338659 -0.72984063 -0.28057407
vn 0.59969445 -0.68540055 -0.41302864
vn 0.51926255 -0.76485716 -0.38126097
vn -0.84128810 -0.49632782 -0.21422659
vn -0.86225847 -0.42578723 -0.27425456
vn -0.39141995 0.39085437 -0.83308060
vn -0.38342581 0.23731731 -0.89256100
vn -0.18529680 0.17277533 -0.96737469
vn -0.19039704 0.30905106 -0.93179204
vn -0.50791165 0.47231827 -0.72037574
vn -0.71726308 0.66394913 -0.21143610
vn -0.71392150 0.56337184 -0.41584643
vn -0.65792714 0.51542630 -0.54906066
vn -0.60838974 0.71360480 -0.34731846
vn -0.78619944 0.50714055 -0.35312732
vn 0.84370848 0.51749701 -0.14266338
vn 0.93269614 0.35307459 -0.07359515
vn -0.98976011 0.13945290 -0.03045992
vn -0.92520468 0.37946422 -0.00178862
vn -0.92581780 0.37740791 -0.02060737
vn -0.88169334 0.47121888 -0.02386673
vn -0.88503508 0.46551293 0.00325826
vn -0.46990856 -0.88179244 -0.04034897
vn -0.39062730 -0.91989710 -0.03463567
vn -0.37243093 -0.91666296 -0.14499730
vn -0.45217784 -0.87665036 -0.16437563
vn 0.92635419 -0.37664181 -0.00297709
vn 0.98083543 -0.19483781 0.00029798
vn 0.97792362 -0.20891853 -0.00429537
vn 0.91964221 -0.39195642 -0.02506717
vn -0.98161044 -0.19084382 0.00442533
vn -0.97997506 -0.19878696 -0.01151636
vn -0.99996523 -0.00831719 0.00060655
vn -0.99999143 0.00413865 -0.00010247
vn -0.72071205 -0.69307636 -0.01480875
vn -0.64344625 -0.76517493 -0.02200587
vn -0.63401762 -0.76083409 -0.13839489
vn -0.71029348 -0.69268957 -0.12515724
vn 0.56491583 -0.82464766 -0.02874607
vn 0.64152925 -0.76659420 -0.02781274
vn 0.63003125 -0.76840077 -0.11234267
vn 0.54972391 -0.82691217 -0.11840561
vn -0.84018734 -0.54229506 -0.00114338
vn -0.83349399 -0.54521903 -0.08957667
vn -0.93648857 -0.32811945 -0.12380136
vn -0.95561962 -0.25167956 -0.15312915
vn -0.39348089 0.91930395 -0.00728258
vn -0.39001109 0.91352305 -0.11561572
vn -0.20134419 0.96863362 -0.14563454
vn -0.20294113 0.97911039 -0.01255969
vn -0.56709848 0.82364549 -0.00272458
vn -0.55831888 0.82550997 -0.08254282
vn -0.71581900 0.69828586 -0.00015100
vn -0.70618955 0.70585859 -0.05531694
vn -0.77234763 0.63518557 -0.00429380
vn -0.76776063 0.63886505 -0.04893935
vn -0.19936096 -0.97945154 -0.03049414
vn -0.18289028 -0.97575861 -0.12019265
vn -0.98099968 0.19400709 -0.00093929
vn -0.98363490 0.17997497 -0.00844995
vn 0.76236272 0.58551005 -0.27564662
vn 0.38904041 0.91497661 -0.10707641
vn 0.55335161 0.82945731 -0.07617457
vn 0.56241923 0.82676465 -0.01203405
vn 0.39853100 0.91709649 -0.01034733
vn 0.68237025 0.49496159 -0.53794411
vn 0.69448324 0.45103209 -0.56059173
vn -0.00097543 0.98780787 -0.15567488
vn 0.20046945 0.96978550 -0.13902548
vn 0.19883344 0.97987642 -0.01753487
vn 0.00230002 0.99989192 -0.01452072
vn 0.21395656 0.32755173 -0.92028933
vn 0.18467891 0.16916576 -0.96813049
vn 0.36142712 0.23048428 -0.90346413
vn 0.37898134 0.40571888 -0.83172432
vn 0.38896104 -0.92070679 -0.03175409
vn 0.37405008 -0.92034175 -0.11426982
vn -0.92873272 -0.37068300 0.00704549
vn -0.92426479 -0.37913494 -0.04462392
vn 0.77086606 -0.63688964 -0.01170884
vn 0.83708815 -0.54697237 -0.01023017
vn 0.82804845 -0.55745827 -0.05980001
vn 0.76361049 -0.64120147 -0.07589268
vn -0.00452381 0.95557931 -0.29469937
vn 0.20441973 0.94225046 -0.26528598
vn -0.13416506 -0.95285390 -0.27215655
vn -0.29689727 -0.88154377 -0.36705938
vn -0.37689715 -0.79631351 -0.47311028
vn 0.00011294 -0.96668684 -0.25596197
vn 0.13996914 -0.91998436 -0.36611121
vn -0.00308850 0.01861415 -0.99982197
vn 0.16981887 0.01887564 -0.98529451
vn -0.00531611 0.15840792 -0.98735944
vn -0.80887549 -0.42020868 -0.41127255
vn -0.91437087 -0.26001507 -0.31035154
vn 0.34089189 0.03733050 -0.93936103
vn -0.12438878 -0.95044889 -0.28491112
vn -0.17745481 0.01926110 -0.98394045
vn -0.34652559 0.02895578 -0.93759350
vn -0.57015137 -0.71035862 -0.41269607
vn -0.65669487 -0.60102883 -0.45553945
vn 0.15524222 -0.93621646 -0.31527542
vn 0.31535902 -0.84496142 -0.43195936
vn 0.49071581 -0.71783295 -0.49387635
vn 0.56253051 -0.62182900 -0.54487441
vn 0.75188090 -0.50066980 -0.42895788
vn 0.80854259 -0.39927188 -0.43225091
vn 0.91149520 -0.25036962 -0.32633045
vn -0.94128350 -0.19890644 -0.27280324
vn 0.96358104 -0.12417776 -0.23683637
vn -0.20181585 0.94078225 -0.27239514
vn 0.63276547 0.77191594 -0.06126687
vn 0.64378522 0.76492027 -0.02091808
vn 0.77324771 0.63406345 -0.00717810
vn 0.76539615 0.64275273 -0.03221272
vn 0.82847879 0.55921936 -0.02994332
vn 0.83917552 0.54375773 -0.01058204
vn 0.92958517 0.36857836 -0.00462664
vn 0.92427648 0.38143474 -0.01485026
vn 0.98282400 0.18447341 -0.00515188
vn 0.98247484 0.18639370 -0.00076221
vn 0.92066932 -0.29019484 -0.26106504
vn 0.93505301 -0.21561562 -0.28139968
vn -0.97177129 -0.12873303 -0.19770777
vn -0.86654115 -0.31694071 -0.38555807
vn 0.85281718 -0.31911695 -0.41336089
vn 0.86781562 -0.27561272 -0.41344127
vn 0.74502777 -0.43857908 -0.50257538
vn 0.76239483 -0.40639369 -0.50358543
vn 0.67428480 -0.53910094 -0.50468820
vn 0.70191102 -0.50371829 -0.50357602
vn 0.46448568 -0.69019851 -0.55486851
vn 0.54149052 -0.59467792 -0.59426104
vn 0.29370165 -0.82323577 -0.48582116
vn 0.99587724 -0.05302069 -0.07360251
vn -0.66103306 -0.59357343 -0.45902709
vn -0.75906449 -0.44672378 -0.47355988
vn -0.64817819 -0.58207796 -0.49096872
vn -0.99438532 -0.04351115 -0.09646043
vn -0.52575502 -0.66073644 -0.53573222
vn -0.40500246 -0.77126837 -0.49103779
vn -0.27415667 -0.87807688 -0.39219781
vn 0.00510314 -0.97129939 -0.23780551
vn 0.16540868 -0.01165860 0.98615620
vn 0.32840665 -0.00755683 0.94450620
vn 0.48008181 -0.00256708 0.87721996
vn -0.93320285 0.00800046 0.35926096
vn -0.85365468 0.00812531 0.52077603
vn 0.62026616 0.00079171 0.78439101
vn -0.16761843 -0.00877234 0.98581292
vn -0.00270363 -0.01250208 0.99991819
vn 0.68593340 0.00155112 0.72766267
vn 0.80391916 0.00350611 0.59472825
vn 0.85533918 0.00405302 0.51805257
vn 0.93517814 0.00383847 0.35415692
vn -0.99870589 -0.01047040 0.04976870
vn 0.98251869 -0.00009923 0.18616394
vn -0.98056061 0.00355024 0.19618430
vn 0.99938683 -0.01389895 0.03213706
vn -0.74519791 0.00744491 0.66680181
vn -0.67881569 -0.00036829 0.73430860
vn -0.68145241 0.00755408 0.73182344
vn -0.54337867 0.00568697 0.83946845
vn -0.47348725 0.00383751 0.88079231
vn -0.32465187 -0.00197486 0.94583152
vn 0.38597551 0.89980915 -0.20338733
vn 0.55558262 0.81935183 -0.14138785
vn 0.99991335 -0.01313255 0.00091264
vn 0.99998874 -0.00474470 0.00001668
vn -0.33895139 0.00012138 0.94080388
vn -0.33945941 -0.00147421 0.94061955
vn -0.17165935 -0.00108823 0.98515577
vn -0.16862663 0.00103924 0.98567945
vn 0.33877351 -0.00003414 -0.94086795
vn 0.49729337 0.00009751 -0.86758244
vn 0.49607359 0.00489120 -0.86826670
vn 0.33955119 0.00534170 -0.94057241
vn -0.50279569 -0.00014554 -0.86440527
vn -0.34391363 0.00035296 -0.93900122
vn -0.34445619 0.00254478 -0.93879894
vn -0.50238817 0.00474179 -0.86462919
vn -0.17702318 0.00006042 -0.98420668
vn -0.17650766 0.00264261 -0.98429572
vn -0.00309625 0.00014924 -0.99999520
vn -0.00328906 0.00234227 -0.99999185
vn 0.17167133 0.00028872 -0.98515424
vn 0.17100528 0.00125802 -0.98526931
vn 0.87005675 -0.00056000 -0.49295125
vn 0.86478858 0.01039308 -0.50202859
vn 0.81651918 0.00928063 -0.57724371
vn 0.81638605 0.00072724 -0.57750610
vn -0.64523081 0.00022877 -0.76398767
vn -0.64419513 0.00710093 -0.76482823
vn 0.00363137 0.00167910 0.99999200
vn 0.00399956 0.00081387 0.99999167
vn 0.17584338 -0.00010090 0.98441815
vn 0.17348248 0.00019429 0.98483694
vn -0.70896732 0.00048420 -0.70524116
vn -0.70846954 0.00816722 -0.70569413
vn 0.34467919 -0.00038920 0.93872046
vn 0.34481718 0.00036970 0.93866979
vn 0.50230065 -0.00002848 0.86469304
vn 0.50251452 0.00026603 0.86456873
vn -0.93516395 0.00275944 0.35420441
vn -0.93772339 -0.00069160 0.34738217
vn -0.86242618 0.00567825 0.50615101
vn -0.86335623 0.00609801 0.50455806
vn 0.64411564 0.00049563 0.76492797
vn 0.65137131 0.00280517 0.75875395
vn -0.94174800 0.00529859 -0.33627761
vn -0.94069380 -0.00008768 -0.33925680
vn 0.71153982 0.00372092 0.70263592
vn 0.72361886 0.00779062 0.69015581
vn -0.98567942 0.00189509 -0.16861934
vn -0.98526856 0.00000616 -0.17101422
vn 0.81019446 0.00300148 0.58615350
vn 0.81994943 0.00767060 0.57238456
vn 0.86574326 0.00207922 0.50048405
vn 0.86217045 0.00017921 0.50661827
vn 0.93964713 -0.00085378 0.34214403
vn 0.94083593 0.00044766 0.33886214
vn -0.99997734 -0.00143810 0.00657675
vn -0.99999574 -0.00057704 0.00286131
vn 0.93798517 0.00487006 -0.34664118
vn 0.93827287 0.01226155 -0.34567858
vn 0.98441030 -0.00054917 0.17588649
vn 0.98523904 0.00076306 0.17118250
vn -0.98364538 -0.00122974 0.18011179
vn -0.98423660 -0.00009957 0.17685674
vn 0.99999871 0.00122030 0.00104599
vn 0.99999394 0.00044766 -0.00345323
vn 0.98473556 0.00512886 -0.17398154
vn 0.98277804 0.00255376 -0.18477229
vn -0.76539829 0.00237078 0.64355251
vn -0.77231483 0.00044606 0.63523980
vn -0.70467054 -0.00034821 0.70953457
vn -0.70497716 0.00054297 0.70922980
vn 0.64130632 0.00053371 -0.76728477
vn 0.70562171 0.00072454 -0.70858837
vn 0.70513313 0.00912314 -0.70901625
vn 0.64034667 0.00813731 -0.76804292
vn -0.57211989 0.00026200 0.82016996
vn -0.57041797 -0.00066024 0.82135431
vn -0.49688998 -0.00123844 0.86781266
vn -0.49760161 -0.00000902 0.86740569
vn 0.49805351 0.46966194 -0.72894469
vn -0.00650291 0.28987527 -0.95704234
vn 0.63150632 0.76696761 -0.11384401
vn -0.76933485 0.63394520 -0.07897705
vn -0.39348711 0.89549519 -0.20798141
vn -0.55062490 -0.69738590 -0.45876478
vn -0.70652603 0.01719711 -0.70747807
vn 0.70389173 0.01612483 -0.71012423
vn 0.00000036 1.00000000 -0.00000000
vn 0.00000036 1.00000000 -0.00000000
vn 0.00000036 1.00000000 -0.00000000
vn 0.00000036 1.00000000 -0.00000000
vn 0.00000036 1.00000000 -0.00000000
vn 0.00000036 1.00000000 -0.00000000
vn 0.00000036 1.00000000 -0.00000000
vn 0.00000036 1.00000000 -0.00000000
vn 0.00000036 1.00000000 0.00000000
vn 0.00000036 1.00000000 0.00000000
vn 0.00000036 1.00000000 0.00000000
vn 0.00000036 1.00000000 0.00000000
vn 0.00000036 1.00000000 -0.00000000
vn 0.00000036 1.00000000 -0.00000000
vn 0.00000036 1.00000000 -0.00000000
vn 0.00000036 1.00000000 -0.00000000
vn 0.00000036 1.00000000 -0.00000000
vn 0.00000036 1.00000000 -0.00000000
vn 0.00000036 1.00000000 -0.00000000
vn 0.00000036 1.00000000 -0.00000000
vn 0.00000036 1.00000000 0.00000000
vn 0.00000036 1.00000000 0.00000000
vn 0.00000036 1.00000000 0.00000000
vn 0.00000036 1.00000000 0.00000000
vn 0.00000155 1.00000000 0.00000322
vn 0.00000036 1.00000000 0.00000000
vn 0.00000036 1.00000000 0.00000000
vn 0.00000154 1.00000000 0.00000323
vn 0.00000036 1.00000000 0.00000000
vn 0.00000036 1.00000000 0.00000000
vn 0.00000036 1.00000000 0.00000000
vn 0.00000036 1.00000000 0.00000000
vn 0.00000159 1.00000000 0.00000675
vn 0.00000157 1.00000000 0.00000676
vn 0.00000035 1.00000000 -0.00000343
vn 0.00000035 1.00000000 -0.00000344
vn 0.00000036 1.00000000 0.00000004
vn 0.00000029 1.00000000 -0.00000016
vn 0.00000037 1.00000000 -0.00000002
vn 0.00000038 1.00000000 0.00000007
vn -0.00000309 1.00000000 -0.00000594
vn 0.00000036 1.00000000 0.00000000
vn 0.00000036 1.00000000 0.00000000
vn -0.00000308 1.00000000 -0.00000595
vn 0.00000036 1.00000000 -0.00000000
vn 0.00000036 1.00000000 -0.00000000
vn 0.00000036 1.00000000 -0.00000000
vn 0.00000036 1.00000000 -0.00000000
vn 0.00000036 1.00000000 -0.00000000
vn 0.00000036 1.00000000 -0.00000000
vn 0.00000036 1.00000000 -0.00000000
vn 0.00000036 1.00000000 -0.00000000
vn 0.00000036 1.00000000 -0.00000000
vn 0.00000036 1.00000000 -0.00000000
vn 0.00000036 1.00000000 0.00000000
vn 0.00000036 1.00000000 0.00000000
vn 0.00000036 1.00000000 -0.00000000
vn 0.00000036 1.00000000 -0.00000000
vn 0.00000036 1.00000000 -0.00000000
vn 0.00000036 1.00000000 -0.00000000
vn 0.00000036 1.00000000 0.00000000
vn 0.00000036 1.00000000 0.00000000
vn 0.00000036 1.00000000 -0.00000000
vn 0.00000036 1.00000000 -0.00000000
vn 0.00000036 1.00000000 -0.00000000
vn 0.00000036 1.00000000 -0.00000000
vn 0.00000036 1.00000000 0.00000000
vn 0.00000036 1.00000000 -0.00000000
vn 0.00000036 1.00000000 -0.00000000
vn 0.00000036 1.00000000 0.00000000
vn 0.00000036 1.00000000 -0.00000000
vn 0.00000036 1.00000000 -0.00000000
vn 0.00000036 1.00000000 -0.00000000
vn 0.00000036 1.00000000 -0.00000000
vn 0.00000036 1.00000000 -0.00000000
vn 0.00000036 1.00000000 -0.00000000
vn 0.00000036 1.00000000 0.00000000
vn 0.00000036 1.00000000 0.00000000
vn 0.00000036 1.00000000 -0.00000000
vn 0.00000036 1.00000000 -0.00000000
vn 0.00000036 1.00000000 -0.00000000
vn 0.00000036 1.00000000 -0.00000000
vn 0.64136618 -0.00000023 -0.76723492
vn 0.70562190 -0.00000026 -0.70858856
vn -0.17703692 0.00000007 -0.98420421
vn -0.00298485 0.00000000 -0.99999555
vn -0.49760172 0.00000018 0.86740563
vn -0.57244436 0.00000021 0.81994357
vn 0.81638626 -0.00000030 -0.57750625
vn 0.86966950 -0.00000031 -0.49363444
vn -0.70497726 0.00000025 0.70922991
vn -0.77225589 0.00000028 0.63531161
vn 0.93896749 -0.00000034 -0.34400588
vn 0.98234519 -0.00000036 -0.18707734
vn -0.86451408 0.00000031 0.50260859
vn 0.99999545 -0.00000036 -0.00301501
vn -0.93430605 0.00000034 0.35647189
vn -0.98420595 0.00000036 0.17702722
vn 0.98524284 -0.00000036 0.17116233
vn -0.99999519 0.00000036 0.00310141
vn 0.94086461 -0.00000034 0.33878281
vn -0.98517780 0.00000036 -0.17153632
vn 0.86219340 -0.00000031 0.50657925
vn 0.80781645 -0.00000029 0.58943412
vn -0.94086650 0.00000034 -0.33877756
vn 0.72364082 -0.00000026 0.69017676
vn 0.65289460 -0.00000024 0.75744877
vn 0.00298415 -0.00000000 0.99999555
vn -0.16809629 0.00000006 0.98577058
vn -0.86752547 0.00000031 -0.49739275
vn 0.50262775 -0.00000018 0.86450294
vn -0.82012518 0.00000030 -0.57218414
vn 0.34472876 -0.00000012 0.93870234
vn 0.17154818 -0.00000006 -0.98517573
vn -0.70893486 0.00000026 -0.70527397
vn -0.64543004 0.00000023 -0.76381939
vn 0.17359533 -0.00000006 0.98481707
vn 0.33876458 -0.00000012 -0.94087117
vn -0.50258056 0.00000018 -0.86453038
vn 0.49741486 -0.00000018 -0.86751280
vn -0.34401748 0.00000012 -0.93896324
vn -0.33883187 0.00000012 0.94084694
vn -0.49761690 0.00000018 0.86739692
vn -0.33882090 0.00000012 0.94085089
vn -0.33882090 0.00000012 0.94085089
vn -0.49761690 0.00000018 0.86739692
vn -0.00000036 -1.00000000 0.00000000
vn -0.00000158 -1.00000000 -0.00000674
vn -0.00000157 -1.00000000 -0.00000674
vn -0.00000036 -1.00000000 0.00000000
vn -0.17704480 0.00000006 -0.98420279
vn -0.34401673 0.00000012 -0.93896352
vn -0.34401673 0.00000012 -0.93896352
vn -0.17704462 0.00000006 -0.98420283
vn 0.64134716 -0.00000023 -0.76725082
vn 0.49739966 -0.00000018 -0.86752151
vn 0.49739966 -0.00000018 -0.86752151
vn 0.64134716 -0.00000023 -0.76725082
vn -0.16808365 0.00000006 0.98577274
vn -0.16808346 0.00000006 0.98577277
vn -0.50257712 0.00000018 -0.86453238
vn -0.50257712 0.00000018 -0.86453238
vn 0.33880504 -0.00000012 -0.94085660
vn 0.33880522 -0.00000012 -0.94085654
vn 0.08447728 0.00000018 0.99642541
vn 0.17358800 -0.00000006 0.98481836
vn 0.17358781 -0.00000006 0.98481840
vn 0.08447728 0.00000018 0.99642541
vn -0.64541919 0.00000023 -0.76382856
vn -0.64541919 0.00000023 -0.76382856
vn 0.17155152 -0.00000006 -0.98517515
vn 0.17155152 -0.00000006 -0.98517515
vn 0.34471681 -0.00000012 0.93870673
vn 0.34471681 -0.00000012 0.93870673
vn -0.76741436 0.00000028 -0.64115146
vn -0.76741436 0.00000028 -0.64115146
vn 0.08543656 -0.00000003 -0.99634361
vn 0.08543656 -0.00000003 -0.99634361
vn 0.50261567 -0.00000018 0.86450997
vn 0.50261584 -0.00000018 0.86450987
vn -0.86751811 0.00000031 -0.49740560
vn -0.86751811 0.00000031 -0.49740560
vn -0.93431144 0.00000034 0.35645775
vn -0.86451420 0.00000031 0.50260839
vn -0.86451393 0.00000031 0.50260886
vn -0.93431144 0.00000034 0.35645775
vn 0.65290590 -0.00000024 0.75743903
vn 0.65290590 -0.00000024 0.75743903
vn -0.94086267 0.00000034 -0.33878818
vn -0.94086267 0.00000034 -0.33878818
vn -0.07852288 -0.00000017 0.99691231
vn -0.07852288 -0.00000017 0.99691231
vn 0.76737804 -0.00000028 0.64119494
vn 0.76737804 -0.00000028 0.64119494
vn -0.98517931 0.00000036 -0.17152765
vn -0.98517931 0.00000036 -0.17152765
vn 0.86218561 -0.00000031 0.50659251
vn 0.86218561 -0.00000031 0.50659251
vn 0.94086479 -0.00000034 0.33878229
vn 0.94086479 -0.00000034 0.33878229
vn -0.99634497 0.00000036 -0.08542071
vn -0.99634497 0.00000036 -0.08542071
vn 0.93896777 -0.00000034 -0.34400512
vn 0.86966046 -0.00000031 -0.49365037
vn 0.86966046 -0.00000031 -0.49365037
vn 0.93896767 -0.00000034 -0.34400539
vn 0.98524433 -0.00000036 0.17115374
vn 0.98524433 -0.00000036 0.17115374
vn -0.99579007 0.00000036 0.09166312
vn -0.98420553 0.00000036 0.17702959
vn -0.98420566 0.00000036 0.17702885
vn -0.99579007 0.00000036 0.09166312
vn 0.99640616 -0.00000036 0.08470399
vn 0.99640616 -0.00000036 0.08470399
vn 0.99587788 -0.00000036 -0.09070414
vn 0.98234957 -0.00000036 -0.18705432
vn 0.98234957 -0.00000036 -0.18705433
vn 0.99587788 -0.00000036 -0.09070414
vn -0.77224610 0.00000028 0.63532351
vn -0.77224610 0.00000028 0.63532351
vn -0.64111554 0.00000023 0.76744437
vn -0.64111554 0.00000023 0.76744437
vn 0.76382159 -0.00000028 -0.64542743
vn 0.76382159 -0.00000028 -0.64542743
vn -0.09145562 0.00000003 -0.99580915
vn -0.09145562 0.00000003 -0.99580915
vn -0.64542822 0.00000023 -0.76382093
vn -0.76740990 0.00000028 -0.64115680
vn -0.76740990 0.00000028 -0.64115680
vn -0.64542822 0.00000023 -0.76382093
vn -0.00000036 -1.00000000 -0.00000000
vn -0.00000035 -1.00000000 0.00000343
vn -0.00000035 -1.00000000 0.00000343
vn -0.00000036 -1.00000000 -0.00000000
vn -0.00000031 -1.00000000 0.00000011
vn -0.00000037 -1.00000000 -0.00000007
vn -0.00000038 -1.00000000 -0.00000005
vn -0.00000036 -1.00000000 0.00000004
vn 0.00000311 -1.00000000 0.00000596
vn -0.00000036 -1.00000000 -0.00000000
vn -0.00000036 -1.00000000 -0.00000000
vn 0.00000309 -1.00000000 0.00000597
vn -0.00000154 -1.00000000 -0.00000323
vn -0.00000154 -1.00000000 -0.00000324
vn -0.00000036 -1.00000000 -0.00000000
vn -0.00000036 -1.00000000 -0.00000000
vn -0.00000036 -1.00000000 -0.00000000
vn -0.00000036 -1.00000000 -0.00000000
vn -0.00000036 -1.00000000 -0.00000000
vn -0.00000036 -1.00000000 -0.00000000
vn -0.00000036 -1.00000000 -0.00000000
vn -0.00000036 -1.00000000 -0.00000000
vn -0.00000036 -1.00000000 0.00000000
vn -0.00000036 -1.00000000 0.00000000
vn -0.00000037 -1.00000000 -0.00000001
vn 0.00000302 -1.00000000 -0.00000061
vn 0.00000303 -1.00000000 -0.00000060
vn -0.00000037 -1.00000000 -0.00000001
vn -0.00000036 -1.00000000 0.00000000
vn -0.00000036 -1.00000000 0.00000000
vn -0.00000036 -1.00000000 -0.00000000
vn -0.00000036 -1.00000000 -0.00000000
vn -0.00000036 -1.00000000 0.00000000
vn -0.00000036 -1.00000000 0.00000000
vn -0.00000036 -1.00000000 0.00000000
vn -0.00000036 -1.00000000 0.00000000
vn 0.00000303 -1.00000000 0.00000058
vn 0.00000302 -1.00000000 0.00000059
vn -0.00000036 -1.00000000 0.00000000
vn -0.00000036 -1.00000000 0.00000000
vn -0.00000036 -1.00000000 0.00000000
vn 0.00000287 -1.00000000 0.00000116
vn 0.00000286 -1.00000000 0.00000117
vn -0.00000036 -1.00000000 0.00000000
vn -0.00000036 -1.00000000 -0.00000000
vn -0.00000372 -1.00000000 0.00000061
vn -0.00000374 -1.00000000 0.00000061
vn -0.00000036 -1.00000000 -0.00000000
vn -0.00000036 -1.00000000 0.00000000
vn -0.00000036 -1.00000000 -0.00000000
vn -0.00000036 -1.00000000 -0.00000000
vn -0.00000036 -1.00000000 0.00000000
vn -0.00000035 -1.00000000 0.00000001
vn -0.00000036 -1.00000000 0.00000001
vn -0.00000037 -1.00000000 -0.00000000
vn -0.00000035 -1.00000000 -0.00000001
vn -0.00000036 -1.00000000 0.00000000
vn -0.00000036 -1.00000000 0.00000000
vn 0.00000262 -1.00000000 -0.00000173
vn 0.00000263 -1.00000000 -0.00000173
vn -0.00000036 -1.00000000 0.00000000
vn -0.00000036 -1.00000000 0.00000000
vn -0.00000036 -1.00000000 0.00000000
vn -0.00000036 -1.00000000 0.00000000
vn -0.00000036 -1.00000000 0.00000000
vn -0.00000036 -1.00000000 0.00000000
vn 0.00000652 -1.00000000 -0.00000002
vn 0.00000652 -1.00000000 -0.00000001
vn -0.00000036 -1.00000000 0.00000000
vn -0.00000036 -1.00000000 0.00000000
vn -0.00000036 -1.00000000 0.00000000
vn -0.00000036 -1.00000000 0.00000000
vn -0.00000036 -1.00000000 0.00000000
vn -0.00000036 -1.00000000 0.00000000
vn -0.00000036 -1.00000000 0.00000000
vn -0.00000036 -1.00000000 0.00000000
vn -0.00000036 -1.00000000 0.00000000
vn -0.00000036 -1.00000000 0.00000000
vn 0.17155483 -0.00000006 -0.98517457
vn 0.08547411 -0.00000003 -0.99634039
vn 0.08547411 -0.00000003 -0.99634039
vn 0.17155483 -0.00000006 -0.98517457
vn 0.34470934 -0.00000012 0.93870947
vn 0.50262611 -0.00000018 0.86450390
vn 0.50262644 -0.00000018 0.86450371
vn 0.34470934 -0.00000012 0.93870947
vn -0.86752043 0.00000031 -0.49740155
vn -0.86752043 0.00000031 -0.49740155
vn -0.93430590 0.00000034 0.35647228
vn -0.86452235 0.00000031 0.50259437
vn -0.86452208 0.00000031 0.50259484
vn -0.93430590 0.00000034 0.35647229
vn 0.65290039 -0.00000024 0.75744378
vn 0.65290039 -0.00000024 0.75744378
vn -0.94085987 0.00000034 -0.33879597
vn -0.94085987 0.00000034 -0.33879597
vn -0.16809094 0.00000006 0.98577149
vn -0.07852763 0.00000005 0.99691194
vn -0.07852763 0.00000005 0.99691194
vn -0.16809055 0.00000006 0.98577156
vn 0.76737807 -0.00000028 0.64119490
vn 0.76737807 -0.00000028 0.64119490
vn -0.98517923 0.00000036 -0.17152808
vn -0.98517923 0.00000036 -0.17152808
vn 0.86218777 -0.00000031 0.50658884
vn 0.86218777 -0.00000031 0.50658884
vn 0.94085941 -0.00000034 0.33879725
vn 0.94085941 -0.00000034 0.33879725
vn -0.99634457 0.00000036 -0.08542534
vn -0.99634457 0.00000036 -0.08542534
vn 0.93896534 -0.00000034 -0.34401177
vn 0.86968209 -0.00000031 -0.49361226
vn 0.86968209 -0.00000031 -0.49361226
vn 0.93896524 -0.00000034 -0.34401204
vn 0.98524822 -0.00000036 0.17113140
vn 0.98524822 -0.00000036 0.17113140
vn -0.99579223 0.00000036 0.09163970
vn -0.98420184 0.00000036 0.17705013
vn -0.98420197 0.00000036 0.17704939
vn -0.99579223 0.00000036 0.09163970
vn 0.99640925 -0.00000036 0.08466759
vn 0.99640925 -0.00000036 0.08466759
vn 0.99587982 -0.00000036 -0.09068290
vn 0.98234854 -0.00000036 -0.18705973
vn 0.98234854 -0.00000036 -0.18705973
vn 0.99587982 -0.00000036 -0.09068290
vn -0.77224452 0.00000028 0.63532543
vn -0.77224452 0.00000028 0.63532543
vn -0.64110302 0.00000023 0.76745483
vn -0.64110302 0.00000023 0.76745483
vn 0.76383676 -0.00000028 -0.64540948
vn 0.76383676 -0.00000028 -0.64540948
vn -0.49761244 0.00000018 0.86739948
vn -0.49761244 0.00000018 0.86739948
vn -0.09145368 0.00000003 -0.99580933
vn -0.17702980 0.00000006 -0.98420549
vn -0.17702943 0.00000006 -0.98420556
vn -0.09145368 0.00000003 -0.99580933
vn 0.64134788 -0.00000023 -0.76725022
vn 0.64134788 -0.00000023 -0.76725022
vn -0.33883442 0.00000012 0.94084602
vn -0.33883442 0.00000012 0.94084602
vn -0.34400575 0.00000012 -0.93896754
vn -0.34400575 0.00000012 -0.93896754
vn 0.49739176 -0.00000018 -0.86752604
vn 0.49739176 -0.00000018 -0.86752604
vn -0.50260857 0.00000018 -0.86451410
vn -0.50260857 0.00000018 -0.86451410
vn 0.33877028 -0.00000012 -0.94086912
vn 0.33877064 -0.00000012 -0.94086899
vn 0.08449971 -0.00000005 0.99642350
vn 0.17359634 -0.00000006 0.98481689
vn 0.17359595 -0.00000006 0.98481696
vn 0.08449971 -0.00000005 0.99642350
vn 0.00205477 0.99999617 -0.00185160
vn -0.19518170 0.98076702 -0.00038827
vn -0.19854449 0.98008968 -0.00207387
vn -0.00022185 0.99999639 -0.00267931
vn -0.92773404 -0.37324154 -0.00055364
vn -0.88762148 -0.46057362 0.00020230
vn -0.88728224 -0.46122675 -0.00033368
vn -0.92776560 -0.37316299 -0.00061270
vn 0.00167921 -0.99999853 -0.00034255
vn 0.20179103 -0.97942832 -0.00073468
vn 0.19907804 -0.97998349 0.00053937
vn -0.00025689 -0.99999993 0.00027203
vn 0.92595597 -0.37763125 -0.00042969
vn 0.98073146 -0.19536069 -0.00001174
vn 0.98072472 -0.19539451 -0.00001870
vn 0.92558959 -0.37852860 0.00002488
vn -0.71422576 -0.69991503 -0.00071437
vn -0.56278950 -0.82659954 -0.00108979
vn -0.56470337 -0.82529395 -0.00006355
vn -0.71575290 -0.69835357 0.00029955
vn 0.20159314 0.97946933 -0.00021068
vn 0.20016024 0.97976308 -0.00043719
vn 0.78143193 0.62399050 0.00004605
vn 0.71688559 0.69719083 -0.00001087
vn 0.71586719 0.69823627 -0.00053348
vn 0.78129007 0.62416810 -0.00012227
vn -0.38784515 -0.92172343 -0.00143108
vn -0.39026224 -0.92070371 -0.00025197
vn -0.38725781 0.92197126 -0.00061778
vn -0.38964962 0.92096163 -0.00168839
vn 0.56680947 0.82384888 0.00020279
vn 0.56493490 0.82513510 -0.00079035
vn -0.19700740 -0.98040101 -0.00139738
vn -0.19900765 -0.97999769 -0.00069487
vn -0.47677435 0.87902571 -0.00012440
vn -0.47818312 0.87825914 -0.00133361
vn 0.39297457 0.91954920 0.00050597
vn 0.39054188 0.92058491 -0.00067372
vn -0.64045975 0.76799159 -0.00046944
vn -0.71185495 0.70232643 0.00035793
vn -0.71396009 0.70018558 -0.00106779
vn -0.64203642 0.76667152 -0.00200500
vn 0.39160255 -0.92013351 -0.00132654
vn 0.38924160 -0.92113569 -0.00012442
vn -0.83496624 0.55030085 0.00059657
vn -0.83588908 0.54889837 -0.00016016
vn 0.48062486 -0.87692447 -0.00179362
vn 0.47940941 -0.87759103 -0.00077440
vn 0.88828838 0.45928583 -0.00053025
vn 0.88752124 0.46076630 0.00068094
vn 0.92834949 0.37170841 -0.00029509
vn 0.92889857 0.37033320 -0.00087171
vn 0.64198427 -0.76671753 -0.00064750
vn 0.71401541 -0.70012988 -0.00037284
vn 0.71354293 -0.70061146 -0.00026859
vn 0.64176597 -0.76690042 -0.00043941
vn 0.83613647 -0.54852147 -0.00001326
vn 0.83539125 -0.54965551 0.00052305
vn -0.92532532 0.37917415 0.00013581
vn -0.98069815 0.19552775 0.00018917
vn -0.98088800 0.19457304 -0.00026280
vn -0.92565844 0.37836018 -0.00016270
vn -0.99999357 0.00358013 0.00018582
vn -0.99999153 0.00409473 0.00041176
vn 0.99999206 -0.00398278 -0.00014585
vn 0.99998850 -0.00479255 0.00019084
vn 0.98234913 0.18705609 -0.00046203
vn 0.98240721 0.18675120 -0.00023018
vn -0.98201671 -0.18879264 -0.00072295
vn -0.98226030 -0.18752253 -0.00002817
vn -0.78015858 -0.62558178 -0.00015593
vn -0.78100119 -0.62452898 0.00083251
vn -0.49760791 0.00000018 0.86740208
vn -0.33882466 0.00000012 0.94084954
vn -0.33882466 0.00000012 0.94084954
vn -0.49760791 0.00000018 0.86740208
vn -0.17702706 0.00000006 -0.98420598
vn -0.34403199 0.00000012 -0.93895793
vn -0.34403199 0.00000012 -0.93895793
vn -0.17702706 0.00000006 -0.98420598
vn 0.64135806 -0.00000023 -0.76724171
vn 0.49741117 -0.00000018 -0.86751491
vn 0.49741117 -0.00000018 -0.86751491
vn 0.64135806 -0.00000023 -0.76724171
vn -0.16809080 0.00000006 0.98577152
vn -0.16809060 0.00000006 0.98577155
vn -0.50260548 0.00000018 -0.86451590
vn -0.50260548 0.00000018 -0.86451590
vn 0.33877785 -0.00000012 -0.94086639
vn 0.33877785 -0.00000012 -0.94086639
vn 0.08448215 -0.00000003 0.99642499
vn 0.17359955 -0.00000006 0.98481633
vn 0.17359936 -0.00000006 0.98481636
vn 0.08448215 -0.00000003 0.99642499
vn -0.64541460 0.00000023 -0.76383243
vn -0.64541460 0.00000023 -0.76383243
vn 0.17154809 -0.00000006 -0.98517575
vn 0.17154809 -0.00000006 -0.98517575
vn 0.34472631 -0.00000012 0.93870324
vn 0.34472613 -0.00000012 0.93870330
vn -0.76740857 0.00000028 -0.64115840
vn -0.76740857 0.00000028 -0.64115840
vn 0.08546819 -0.00000003 -0.99634090
vn 0.08546819 -0.00000003 -0.99634090
vn 0.50261679 -0.00000018 0.86450932
vn 0.50261696 -0.00000018 0.86450922
vn -0.86753011 0.00000031 -0.49738467
vn -0.86753011 0.00000031 -0.49738467
vn -0.93430837 0.00000034 0.35646581
vn -0.86451555 0.00000031 0.50260608
vn -0.86451527 0.00000031 0.50260655
vn -0.93430837 0.00000034 0.35646582
vn 0.65290535 -0.00000024 0.75743950
vn 0.65290551 -0.00000024 0.75743937
vn -0.94086649 0.00000034 -0.33877757
vn -0.94086649 0.00000034 -0.33877757
vn -0.07853408 0.00000003 0.99691143
vn -0.07853408 0.00000003 0.99691143
vn 0.76737731 -0.00000028 0.64119581
vn 0.76737731 -0.00000028 0.64119581
vn -0.98517421 0.00000036 -0.17155689
vn -0.98517421 0.00000036 -0.17155689
vn 0.86218278 -0.00000031 0.50659733
vn 0.86218267 -0.00000031 0.50659752
vn 0.94086455 -0.00000034 0.33878297
vn 0.94086455 -0.00000034 0.33878297
vn -0.99633923 0.00000036 -0.08548770
vn -0.99633923 0.00000036 -0.08548770
vn 0.93897196 -0.00000034 -0.34399370
vn 0.86966820 -0.00000031 -0.49363673
vn 0.86966831 -0.00000031 -0.49363654
vn 0.93897181 -0.00000034 -0.34399410
vn 0.98524458 -0.00000036 0.17115232
vn 0.98524461 -0.00000036 0.17115213
vn -0.99578850 0.00000036 0.09168027
vn -0.98420274 0.00000036 0.17704510
vn -0.98420287 0.00000036 0.17704436
vn -0.99578850 0.00000036 0.09168027
vn 0.99640557 -0.00000036 0.08471094
vn 0.99640557 -0.00000036 0.08471094
vn 0.99587417 -0.00000036 -0.09074490
vn 0.98234587 -0.00000036 -0.18707375
vn 0.98234587 -0.00000036 -0.18707375
vn 0.99587417 -0.00000036 -0.09074490
vn -0.77225502 0.00000028 0.63531266
vn -0.77225502 0.00000028 0.63531266
vn -0.64111321 0.00000023 0.76744632
vn -0.64111321 0.00000023 0.76744632
vn 0.76381887 -0.00000028 -0.64543066
vn 0.76381899 -0.00000028 -0.64543052
vn -0.09141323 0.00000003 -0.99581305
vn -0.09141323 0.00000003 -0.99581305
vt 0.86644548 0.85619283
vt 0.86018801 0.85569417
vt 0.86029083 0.85502142
vt 0.86646020 0.85550982
vt 0.89534390 0.80673540
vt 0.88863790 0.84730452
vt 0.83341742 0.83374298
vt 0.77661800 0.87277538
vt 0.77554232 0.89175242
vt 0.76981241 0.89058638
vt 0.77088672 0.87183303
vt 0.36907259 0.75436068
vt 0.36658520 0.75986773
vt 0.36025929 0.76064217
vt 0.36517131 0.75455821
vt 0.78166342 0.87387019
vt 0.78063411 0.89314717
vt 0.35915300 0.86350101
vt 0.35450190 0.85988837
vt 0.35517430 0.85047102
vt 0.35980761 0.85717088
vt 0.07298552 0.83031940
vt 0.07313406 0.81099302
vt 0.07777047 0.81070322
vt 0.07774358 0.82967478
vt 0.02389580 0.84959859
vt 0.02932626 0.85046083
vt 0.02928692 0.85984677
vt 0.02393639 0.85899347
vt 0.33671999 0.84693682
vt 0.33696181 0.82437980
vt 0.34198010 0.83157021
vt 0.34243950 0.85057068
vt 0.06755971 0.83069003
vt 0.06778556 0.81093109
vt 0.32922140 0.84758443
vt 0.32875460 0.82571411
vt 0.05527395 0.83066851
vt 0.05558693 0.80989522
vt 0.06186378 0.81057358
vt 0.06159937 0.83081621
vt 0.32274479 0.84816462
vt 0.32234639 0.82684308
vt 0.04878640 0.83027488
vt 0.04917138 0.80898261
vt 0.31647310 0.84878558
vt 0.31610799 0.82799232
vt 0.35019660 0.84341568
vt 0.34954211 0.85628742
vt 0.04118597 0.82948208
vt 0.04075485 0.80763251
vt 0.31054461 0.84942847
vt 0.31022441 0.82914162
vt 0.30518001 0.85006982
vt 0.30492160 0.83022738
vt 0.03561604 0.83250022
vt 0.03595960 0.81429631
vt 0.73293120 0.87070853
vt 0.73179740 0.88997930
vt 0.72665328 0.89098132
vt 0.72787911 0.87133437
vt 0.76465982 0.87108082
vt 0.76360607 0.88969767
vt 0.75707150 0.88911557
vt 0.75810868 0.87054008
vt 0.02928179 0.83649319
vt 0.02905637 0.82353801
vt 0.73868340 0.87031293
vt 0.73761767 0.88929027
vt 0.74490392 0.87014860
vt 0.74386072 0.88890272
vt 0.75146592 0.87022078
vt 0.75043070 0.88883448
vt 0.02374225 0.83971089
vt 0.01921093 0.84193963
vt 0.01854038 0.83587539
vt 0.02300703 0.83087569
vt 0.36648229 0.71064121
vt 0.36899349 0.71613848
vt 0.36501411 0.71594387
vt 0.36005551 0.70982248
vt 0.75578392 0.91050851
vt 0.76196438 0.91113728
vt 0.76181448 0.91187608
vt 0.75572240 0.91125548
vt 0.72293812 0.91706002
vt 0.72708321 0.91495138
vt 0.72743332 0.91563147
vt 0.72334409 0.91771072
vt 0.77324653 0.91393560
vt 0.77798808 0.91598421
vt 0.77761197 0.91665238
vt 0.77293313 0.91463149
vt 0.89373112 0.84429270
vt 0.88939112 0.84838581
vt 0.88908893 0.84781373
vt 0.89336139 0.84377491
vt 0.04557847 0.77820849
vt 0.04000574 0.77562630
vt 0.04038959 0.77507490
vt 0.04588735 0.77762330
vt 0.83862931 0.84437430
vt 0.83489972 0.83965927
vt 0.83535790 0.83920658
vt 0.83903837 0.84385872
vt 0.74329591 0.91073531
vt 0.74951160 0.91032302
vt 0.74954033 0.91107321
vt 0.74341410 0.91147810
vt 0.73187399 0.91300088
vt 0.73215193 0.91371250
vt 0.78200310 0.91835892
vt 0.78156382 0.91898781
vt 0.85409540 0.85420787
vt 0.85428423 0.85355240
vt 0.83222193 0.83436829
vt 0.83038157 0.82884908
vt 0.83090949 0.82854801
vt 0.83272082 0.83398932
vt 0.88433498 0.85171467
vt 0.88409781 0.85109341
vt 0.07303363 0.78729272
vt 0.06816899 0.78606701
vt 0.06814926 0.78535080
vt 0.07295256 0.78657073
vt 0.33232650 0.79500210
vt 0.32651851 0.79728872
vt 0.32630011 0.79678941
vt 0.33202991 0.79454112
vt 0.84835720 0.85177118
vt 0.84862721 0.85114932
vt 0.06283259 0.78470951
vt 0.05716383 0.78279388
vt 0.05730485 0.78213882
vt 0.06289428 0.78402478
vt 0.87870622 0.85416859
vt 0.87854892 0.85351372
vt 0.32072869 0.79965132
vt 0.32059970 0.79912162
vt 0.76784182 0.91229278
vt 0.76760632 0.91301322
vt 0.03480345 0.77294910
vt 0.03526026 0.77243459
vt 0.05135899 0.78063142
vt 0.05158293 0.78000420
vt 0.84314620 0.84845942
vt 0.84348512 0.84788573
vt 0.73738021 0.91164279
vt 0.73758358 0.91237170
vt 0.31511521 0.80199981
vt 0.31506211 0.80143487
vt 0.87268162 0.85567391
vt 0.87260962 0.85500097
vt 0.03012889 0.77025467
vt 0.03065115 0.76978159
vt 0.71974963 0.91964769
vt 0.72020221 0.92025918
vt 0.84771508 0.79499680
vt 0.84277600 0.79817450
vt 0.84231639 0.79774457
vt 0.84734273 0.79445779
vt 0.89821643 0.81171000
vt 0.89599138 0.80639261
vt 0.89881110 0.81154770
vt 0.89283592 0.84334260
vt 0.89621037 0.83875489
vt 0.89679527 0.83909708
vt 0.88374370 0.85052091
vt 0.87830222 0.85289347
vt 0.86644959 0.85484737
vt 0.87247843 0.85435033
vt 0.85314500 0.79262388
vt 0.85287952 0.79203731
vt 0.86039871 0.85436952
vt 0.85897070 0.79113722
vt 0.85883242 0.79053497
vt 0.85450947 0.85293108
vt 0.83591968 0.83887100
vt 0.86499578 0.79070377
vt 0.86497933 0.79003787
vt 0.84896201 0.85057551
vt 0.83094800 0.82281101
vt 0.83154660 0.82839108
vt 0.83026308 0.82284319
vt 0.87694007 0.79256862
vt 0.87105441 0.79114151
vt 0.87115687 0.79052001
vt 0.87716430 0.79199177
vt 0.84391880 0.84737682
vt 0.83955830 0.84342021
vt 0.88249022 0.79493922
vt 0.88283038 0.79440749
vt 0.88751727 0.79814219
vt 0.88795710 0.79767168
vt 0.90051061 0.82270092
vt 0.89984208 0.81713200
vt 0.90050799 0.81706297
vt 0.90118128 0.82273883
vt 0.89194822 0.80205327
vt 0.89245069 0.80170929
vt 0.83134329 0.81723732
vt 0.83066881 0.81717020
vt 0.83279741 0.81183350
vt 0.83214492 0.81166083
vt 0.90010589 0.82827491
vt 0.90076661 0.82841700
vt 0.83519483 0.80673510
vt 0.83461618 0.80647433
vt 0.83872348 0.80224621
vt 0.83812070 0.80180210
vt 0.89865822 0.83368111
vt 0.89928877 0.83392650
vt 0.87291759 0.85787648
vt 0.86639571 0.85841447
vt 0.71827358 0.91765499
vt 0.72160763 0.91494298
vt 0.73672181 0.90926361
vt 0.74291301 0.90831172
vt 0.84202868 0.85033590
vt 0.83730698 0.84606570
vt 0.05062675 0.78266811
vt 0.04458183 0.78013289
vt 0.03331410 0.77462071
vt 0.02842789 0.77180010
vt 0.76860660 0.90994233
vt 0.77426142 0.91166312
vt 0.83339661 0.84113312
vt 0.83059561 0.83560377
vt 0.06821882 0.78836459
vt 0.06263232 0.78694069
vt 0.87921590 0.85629851
vt 0.32116690 0.80138528
vt 0.31528911 0.80384058
vt 0.73095602 0.91068763
vt 0.84748298 0.85379440
vt 0.05669862 0.78493339
vt 0.03875428 0.77742410
vt 0.76245481 0.90873152
vt 0.32722029 0.79890728
vt 0.88510001 0.85373688
vt 0.85348022 0.85634011
vt 0.33329451 0.79651278
vt 0.74941832 0.90788001
vt 0.75598431 0.90807271
vt 0.07330703 0.78965378
vt 0.89039397 0.85025930
vt 0.82867098 0.82983202
vt 0.85985237 0.85789478
vt 0.77922618 0.91381037
vt 0.78342211 0.91629601
vt 0.72594458 0.91273278
vt 0.89493340 0.84597862
vt 0.86638451 0.85894603
vt 0.85977280 0.85841620
vt 0.75602973 0.90750659
vt 0.76256257 0.90818322
vt 0.72134680 0.91448492
vt 0.72568399 0.91220993
vt 0.77448052 0.91114891
vt 0.77949017 0.91331661
vt 0.89518398 0.84633309
vt 0.89060742 0.85066038
vt 0.04436922 0.78054571
vt 0.03849887 0.77778590
vt 0.83702588 0.84642547
vt 0.83310461 0.84142888
vt 0.74282980 0.90776038
vt 0.74939883 0.90732872
vt 0.73077381 0.91018587
vt 0.78369862 0.91585290
vt 0.85333961 0.85682857
vt 0.83022523 0.83588678
vt 0.82835633 0.83002502
vt 0.88527137 0.85418862
vt 0.07334136 0.79015630
vt 0.06822580 0.78890163
vt 0.33348441 0.79681671
vt 0.32736531 0.79924637
vt 0.84729171 0.85423762
vt 0.06258112 0.78739059
vt 0.05659741 0.78538960
vt 0.87933552 0.85679752
vt 0.32126531 0.80176079
vt 0.76877117 0.90940827
vt 0.03300333 0.77497607
vt 0.05047446 0.78308183
vt 0.84178841 0.85073882
vt 0.73657948 0.90872443
vt 0.31533769 0.80424482
vt 0.87297457 0.85839462
vt 0.02807039 0.77212793
vt 0.30975810 0.80668169
vt 0.30975330 0.80625361
vt 0.75605249 0.90713340
vt 0.74941790 0.90695781
vt 0.76879930 0.90904140
vt 0.76258850 0.90781301
vt 0.77451360 0.91078031
vt 0.77952981 0.91295362
vt 0.78374207 0.91549122
vt 0.06824016 0.78928500
vt 0.07335931 0.79051667
vt 0.32737660 0.79958957
vt 0.33352080 0.79713577
vt 0.05659484 0.78574067
vt 0.06258457 0.78774887
vt 0.32126281 0.80209953
vt 0.05046612 0.78343117
vt 0.31532991 0.80459768
vt 0.04433465 0.78086299
vt 0.30974030 0.80702418
vt 0.30467701 0.80921412
vt 0.30469841 0.80883682
vt 0.73077911 0.90981698
vt 0.72567189 0.91182882
vt 0.73659003 0.90835351
vt 0.74284452 0.90738952
vt 0.02182561 0.82197481
vt 0.01812916 0.82835788
vt 0.35181239 0.83130211
vt 0.34858641 0.82434392
vt 0.35047221 0.81599963
vt 0.34312639 0.81554741
vt 0.87312448 0.86202401
vt 0.86614227 0.86222261
vt 0.86613113 0.86062068
vt 0.87288833 0.86034483
vt 0.88604391 0.86006868
vt 0.87984812 0.86130488
vt 0.87948090 0.85939699
vt 0.88573122 0.85779959
vt 0.86615789 0.86383313
vt 0.86619610 0.87313402
vt 0.85856301 0.87313420
vt 0.85893297 0.86368340
vt 0.85915238 0.86197662
vt 0.85235840 0.86120111
vt 0.85270739 0.85928380
vt 0.85936570 0.86028707
vt 0.36161259 0.79556251
vt 0.35855499 0.80112648
vt 0.35451061 0.79963177
vt 0.35868889 0.79395819
vt 0.35507441 0.80765361
vt 0.34957841 0.80643988
vt 0.02729088 0.79917622
vt 0.03457570 0.79881471
vt 0.02919358 0.80759382
vt 0.01628017 0.77567190
vt 0.01459199 0.77059400
vt 0.01685220 0.76930213
vt 0.01910412 0.77399480
vt 0.84601122 0.85992670
vt 0.84035271 0.85815197
vt 0.84057802 0.85521060
vt 0.84638941 0.85760450
vt 0.01926952 0.78275228
vt 0.02321279 0.78135222
vt 0.36426061 0.72157693
vt 0.36787429 0.72213298
vt 0.36952749 0.72860903
vt 0.36609501 0.72827172
vt 0.36126581 0.71533638
vt 0.93119073 0.56879210
vt 0.92780513 0.56829470
vt 0.93113470 0.56219220
vt 0.93344361 0.56281352
vt 0.01522547 0.83300310
vt 0.36004230 0.84775871
vt 0.35691610 0.84111190
vt 0.02611744 0.81409460
vt 0.00121134 0.82099062
vt 0.01353651 0.82136762
vt 0.01149731 0.82730871
vt 0.00133055 0.82659161
vt 0.88742262 0.87322921
vt 0.88094348 0.87318248
vt 0.88020921 0.86324048
vt 0.88641012 0.86245430
vt 0.37666309 0.81017202
vt 0.37666190 0.81706238
vt 0.35788471 0.81640673
vt 0.36077169 0.80870593
vt 0.00107276 0.80040550
vt 0.01993381 0.79962200
vt 0.01762163 0.80761021
vt 0.00108045 0.80766761
vt 0.00128549 0.77914482
vt 0.00142890 0.77313751
vt 0.01221162 0.77174067
vt 0.01321589 0.77718413
vt 0.84439957 0.87318307
vt 0.83842450 0.87322921
vt 0.83982623 0.86136121
vt 0.84552401 0.86241740
vt 0.00117654 0.78586853
vt 0.01500380 0.78406632
vt 0.02269393 0.79020369
vt 0.02808350 0.78913260
vt 0.94472212 0.55771703
vt 0.93877780 0.55706251
vt 0.93939370 0.55011159
vt 0.94467241 0.55044121
vt 0.94481742 0.56435591
vt 0.93780488 0.56347388
vt 0.94495332 0.57009912
vt 0.93652481 0.56933212
vt 0.94512367 0.57475340
vt 0.93494922 0.57425708
vt 0.87376642 0.87315041
vt 0.87334973 0.86370111
vt 0.00112706 0.81461012
vt 0.01589179 0.81428522
vt 0.36305761 0.85395372
vt 0.93893528 0.52860379
vt 0.93802971 0.52217352
vt 0.94495100 0.52124113
vt 0.94481409 0.52790880
vt 0.36540201 0.85885108
vt 0.36322230 0.86261898
vt 0.93963122 0.54285431
vt 0.93947279 0.53558421
vt 0.94471931 0.53520823
vt 0.94467121 0.54282892
vt 0.36609250 0.74230361
vt 0.36952680 0.74189162
vt 0.36787730 0.74837261
vt 0.36425629 0.74901778
vt 0.85119301 0.87315100
vt 0.85195631 0.86321229
vt 0.00110489 0.79303300
vt 0.01707679 0.79132688
vt 0.37666181 0.79832667
vt 0.37666309 0.80385238
vt 0.36292449 0.80235243
vt 0.36480799 0.79685801
vt 0.93697202 0.54288751
vt 0.93655092 0.53586358
vt 0.87292349 0.85955322
vt 0.87940967 0.85827041
vt 0.88547558 0.85613722
vt 0.86632961 0.85930890
vt 0.85969979 0.85874861
vt 0.37133801 0.73524982
vt 0.37114429 0.74188179
vt 0.36995140 0.73524851
vt 0.02551782 0.77689219
vt 0.03040874 0.78218192
vt 0.37036589 0.74831808
vt 0.87295890 0.85876042
vt 0.37114441 0.72861850
vt 0.37036589 0.72218370
vt 0.01850628 0.76816452
vt 0.02135235 0.77184510
vt 0.85953438 0.85951799
vt 0.85300410 0.85819173
vt 0.84685451 0.85602701
vt 0.84125352 0.85303879
vt 0.35654119 0.79174793
vt 0.35229680 0.79531729
vt 0.34731561 0.79962480
vt 0.03842711 0.77812392
vt 0.34131381 0.80517793
vt 0.93646163 0.54989523
vt 0.93681240 0.51627952
vt 0.94512367 0.51546931
vt 0.37664011 0.85162997
vt 0.36835581 0.85259920
vt 0.36663371 0.84651411
vt 0.37664610 0.84554762
vt 0.37665150 0.83879137
vt 0.36487070 0.83986127
vt 0.36204231 0.83140719
vt 0.37665591 0.83160257
vt 0.33937091 0.79447889
vt 0.33944741 0.79481459
vt 0.03643774 0.78846443
vt 0.03288096 0.77528191
vt 0.34493300 0.79242992
vt 0.34503549 0.79272252
vt 0.34994599 0.79058051
vt 0.35009831 0.79087090
vt 0.35427049 0.78908819
vt 0.35449800 0.78934592
vt 0.84723032 0.85449672
vt 0.84173667 0.85096902
vt 0.85326737 0.85712808
vt 0.33526000 0.81073612
vt 0.02384454 0.76936609
vt 0.02789723 0.77242982
vt 0.02358311 0.76961738
vt 0.04251921 0.79428381
vt 0.89063817 0.85092437
vt 0.88530147 0.85448241
vt 0.87934953 0.85712618
vt 0.86623079 0.85996562
vt 0.74992150 0.89789200
vt 0.74334228 0.89814079
vt 0.73708391 0.89881539
vt 0.06226271 0.79917812
vt 0.06805759 0.80013013
vt 0.73125070 0.89989138
vt 0.76309818 0.89875507
vt 0.75656390 0.89812022
vt 0.72610319 0.90139300
vt 0.30473980 0.81971818
vt 0.30992639 0.81807470
vt 0.31566799 0.81628603
vt 0.04981946 0.79623771
vt 0.32177719 0.81446040
vt 0.05611151 0.79784077
vt 0.32806280 0.81263399
vt 0.07330232 0.80076569
vt 0.07785654 0.79118979
vt 0.07785958 0.80095458
vt 0.78012258 0.90304762
vt 0.77504277 0.90126532
vt 0.76930737 0.89981431
vt 0.93540710 0.52914268
vt 0.93365878 0.52291602
vt 0.36020720 0.82429087
vt 0.37665951 0.82428408
vt 0.77246511 0.84353548
vt 0.77193952 0.85308462
vt 0.76569867 0.85246938
vt 0.76622152 0.84292132
vt 0.38248101 0.74830860
vt 0.38265100 0.75434452
vt 0.37303570 0.75434393
vt 0.37286541 0.74830842
vt 0.38265091 0.71615541
vt 0.38248089 0.72219092
vt 0.37286511 0.72218788
vt 0.37303600 0.71615940
vt 0.38237670 0.72862017
vt 0.37276131 0.72861981
vt 0.38234100 0.73524988
vt 0.37272570 0.73524988
vt 0.38237661 0.74188000
vt 0.37276080 0.74188161
vt 0.34893209 0.87934428
vt 0.34912950 0.86973453
vt 0.35439131 0.86993182
vt 0.35437861 0.87955171
vt 0.38288280 0.71070880
vt 0.37326691 0.71070230
vt 0.75966841 0.84242958
vt 0.75914091 0.85197258
vt 0.75250381 0.85161191
vt 0.75303823 0.84206390
vt 0.38316780 0.70600158
vt 0.37355220 0.70599532
vt 0.74594402 0.85139281
vt 0.74647993 0.84184551
vt 0.73972571 0.85132802
vt 0.74025410 0.84177971
vt 0.06137090 0.86052758
vt 0.06144303 0.85112578
vt 0.06749427 0.85051602
vt 0.06738156 0.85988820
vt 0.73396450 0.85141373
vt 0.73448598 0.84186703
vt 0.03538918 0.85109609
vt 0.03525108 0.86047637
vt 0.72890937 0.85164911
vt 0.72951198 0.84212101
vt 0.04151612 0.85147208
vt 0.04163438 0.86086899
vt 0.30537751 0.87952769
vt 0.30525240 0.86990392
vt 0.31068769 0.86970508
vt 0.31074530 0.87932199
vt 0.31669950 0.86955959
vt 0.31680369 0.87917620
vt 0.04840356 0.85161662
vt 0.04824846 0.86101162
vt 0.34287390 0.87919891
vt 0.34275159 0.86957067
vt 0.32308641 0.86947149
vt 0.32323480 0.87908840
vt 0.05500203 0.85149479
vt 0.05488497 0.86089468
vt 0.32967651 0.86944348
vt 0.32986349 0.87906140
vt 0.33655429 0.86947870
vt 0.33650240 0.87909651
vt 0.07300078 0.84969169
vt 0.07299524 0.85909218
vt 0.07781732 0.84866399
vt 0.07783168 0.85806161
vt 0.38288280 0.75979501
vt 0.38316780 0.76449138
vt 0.37355191 0.76450223
vt 0.37326711 0.75980061
vt 0.78331751 0.84504181
vt 0.78278410 0.85458761
vt 0.77770621 0.85379863
vt 0.77823722 0.84425020
vt 0.36130789 0.75523448
vt 0.36668640 0.73528230
vt 0.93147379 0.51691222
vt 0.92829412 0.57400101
vt 0.93524510 0.55658323
vt 0.02015036 0.76698691
vt 0.36339721 0.70586127
vt 0.36351350 0.76463968
vt 0.12710971 0.97432089
vt 0.12923869 0.96847481
vt 0.12933800 0.96852112
vt 0.12721550 0.97434932
vt 0.34452391 0.98653698
vt 0.33976659 0.99051529
vt 0.33970389 0.99042553
vt 0.34444651 0.98645949
vt 0.02302247 0.96023577
vt 0.02093702 0.95439261
vt 0.02104264 0.95436430
vt 0.02312177 0.96018970
vt 0.13243841 0.96319193
vt 0.13252769 0.96325457
vt 0.07566338 0.97437543
vt 0.07029300 0.97747600
vt 0.07024675 0.97737670
vt 0.07560068 0.97428560
vt 0.13631010 0.95836401
vt 0.13638750 0.95844162
vt 0.14107670 0.95437771
vt 0.14113951 0.95446742
vt 0.06446635 0.97960192
vt 0.06443804 0.97949612
vt 0.22132480 0.97544241
vt 0.22742841 0.97638232
vt 0.22740009 0.97648811
vt 0.22131529 0.97555113
vt 0.19782850 0.98160011
vt 0.20319609 0.97850132
vt 0.20324230 0.97860062
vt 0.19789140 0.98168981
vt 0.05836266 0.98066491
vt 0.05835282 0.98055571
vt 0.20901980 0.97638142
vt 0.20904820 0.97648728
vt 0.05214679 0.98066437
vt 0.05215615 0.98055530
vt 0.21513809 0.97531003
vt 0.21514760 0.97541910
vt 0.04608970 0.97943193
vt 0.04023617 0.97746342
vt 0.04028213 0.97736412
vt 0.04611814 0.97932661
vt 0.03485059 0.97434819
vt 0.03491348 0.97425860
vt 0.23326780 0.97852480
vt 0.23322140 0.97862411
vt 0.03010505 0.97037280
vt 0.03018254 0.97029543
vt 0.31479430 0.96514070
vt 0.31586051 0.97125262
vt 0.31575140 0.97126198
vt 0.31468850 0.96516889
vt 0.23863199 0.98162121
vt 0.23856930 0.98171091
vt 0.02612096 0.96560627
vt 0.02621072 0.96554351
vt 0.31586051 0.97745639
vt 0.31575140 0.97744668
vt 0.24338850 0.98560792
vt 0.24331111 0.98568541
vt 0.31478909 0.98356688
vt 0.31468329 0.98353863
vt 0.24736580 0.99036789
vt 0.24727610 0.99043071
vt 0.12713809 0.99272257
vt 0.12603191 0.98663259
vt 0.12614100 0.98662311
vt 0.12724380 0.99269438
vt 0.35373780 0.97058398
vt 0.35160661 0.97640991
vt 0.35150740 0.97636348
vt 0.35363200 0.97055572
vt 0.25046650 0.99574143
vt 0.25036719 0.99578762
vt 0.12603180 0.98041481
vt 0.12614080 0.98042428
vt 0.34850609 0.98178172
vt 0.34841639 0.98171878
vt 0.31266811 0.95931178
vt 0.31256890 0.95935798
vt 0.39059159 0.75979501
vt 0.39087650 0.76449138
vt 0.39008549 0.72862011
vt 0.39004970 0.73524982
vt 0.77866191 0.83659488
vt 0.78374207 0.83738649
vt 0.35437539 0.88726377
vt 0.34892890 0.88705641
vt 0.07785958 0.86559480
vt 0.07302314 0.86662543
vt 0.34287071 0.88691092
vt 0.33649921 0.88680851
vt 0.06740957 0.86742139
vt 0.32986030 0.88677353
vt 0.06139916 0.86806089
vt 0.05491298 0.86842787
vt 0.32323161 0.88680053
vt 0.04827672 0.86854488
vt 0.31680050 0.88688821
vt 0.04166239 0.86840230
vt 0.31074211 0.88703388
vt 0.30537429 0.88723981
vt 0.03527909 0.86800963
vt 0.72993672 0.83446580
vt 0.73491061 0.83421171
vt 0.76009297 0.83477432
vt 0.76664609 0.83526611
vt 0.02931487 0.86738002
vt 0.74067879 0.83412439
vt 0.02396434 0.86652672
vt 0.74690461 0.83419031
vt 0.39008531 0.74188000
vt 0.39087650 0.70600152
vt 0.39059150 0.71070880
vt 0.75346267 0.83440858
vt 0.39018980 0.74830860
vt 0.39035970 0.71615529
vt 0.39035979 0.75434440
vt 0.39018971 0.72219080
vt 0.77288967 0.83588022
vt 0.93258810 0.95965290
vt 0.93258810 0.95341241
vt 0.93274081 0.95341241
vt 0.93274081 0.95965290
vt 0.04660522 0.97801030
vt 0.05248332 0.97903490
vt 0.05247437 0.97913790
vt 0.04657876 0.97811019
vt 0.21338710 0.93873191
vt 0.21338710 0.93298650
vt 0.21353979 0.93298650
vt 0.21353979 0.93873191
vt 0.92670387 0.96621531
vt 0.92670387 0.95967633
vt 0.92685658 0.95967633
vt 0.92685658 0.96621531
vt 0.93258810 0.94766951
vt 0.93274081 0.94766951
vt 0.21338710 0.92675370
vt 0.21353979 0.92675370
vt 0.92670387 0.95344561
vt 0.92685658 0.95344561
vt 0.92900240 0.99641287
vt 0.92900240 0.99136531
vt 0.92915511 0.99136531
vt 0.92915511 0.99641287
vt 0.21338710 0.92021722
vt 0.21353979 0.92021722
vt 0.92670387 0.94769931
vt 0.92685658 0.94769931
vt 0.92900229 0.98560703
vt 0.92915499 0.98560703
vt 0.21338710 0.91358221
vt 0.21353979 0.91358221
vt 0.92670387 0.94261211
vt 0.92685658 0.94261211
vt 0.92900240 0.97938639
vt 0.92915511 0.97938639
vt 0.21338710 0.90704590
vt 0.21353979 0.90704590
vt 0.93258798 0.98557818
vt 0.93258810 0.97930747
vt 0.93274081 0.97930747
vt 0.93274081 0.98557818
vt 0.92900240 0.97283232
vt 0.92915511 0.97283232
vt 0.21338710 0.90081418
vt 0.21353979 0.90081418
vt 0.93258810 0.94261211
vt 0.93274081 0.94261211
vt 0.92900240 0.96622652
vt 0.92915511 0.96622652
vt 0.21338710 0.89506698
vt 0.21353979 0.89506698
vt 0.92900240 0.95968223
vt 0.92915511 0.95968223
vt 0.92900229 0.95343781
vt 0.92915511 0.95343781
vt 0.21338710 0.88997817
vt 0.21353979 0.88997817
vt 0.92670387 0.98555458
vt 0.92670387 0.97939712
vt 0.92685658 0.97939712
vt 0.92685658 0.98555458
vt 0.92900240 0.94769400
vt 0.92915511 0.94769400
vt 0.93258810 0.99642372
vt 0.93258810 0.99133718
vt 0.93274081 0.99133718
vt 0.93274081 0.99642372
vt 0.92900240 0.94261211
vt 0.92915511 0.94261211
vt 0.92670387 0.99645293
vt 0.92670387 0.99135751
vt 0.92685658 0.99135751
vt 0.92685658 0.99645293
vt 0.93258810 0.97283131
vt 0.93274081 0.97283131
vt 0.93258810 0.96617591
vt 0.93274081 0.96617591
vt 0.92670387 0.97284120
vt 0.92685658 0.97284120
vt 0.21338710 0.94382131
vt 0.21353979 0.94382131
vt 0.89711440 0.97294241
vt 0.89711440 0.96628737
vt 0.89825982 0.96628737
vt 0.89825982 0.97294241
vt 0.23288600 0.97940671
vt 0.22727729 0.97736472
vt 0.22730410 0.97726500
vt 0.23292971 0.97931302
vt 0.05846983 0.97903597
vt 0.05847889 0.97913897
vt 0.22138520 0.97633201
vt 0.22139420 0.97622877
vt 0.06430280 0.97785091
vt 0.06994032 0.97595727
vt 0.06998401 0.97605109
vt 0.06432950 0.97795027
vt 0.21542710 0.97645801
vt 0.21541800 0.97635520
vt 0.33404359 0.99209720
vt 0.33922970 0.98909980
vt 0.33928910 0.98918438
vt 0.33408731 0.99219102
vt 0.20954910 0.97736120
vt 0.20392551 0.97942227
vt 0.20388180 0.97932857
vt 0.20952231 0.97726130
vt 0.34380019 0.98527420
vt 0.34387341 0.98534727
vt 0.12856311 0.97437942
vt 0.12753621 0.98026258
vt 0.12743330 0.98025370
vt 0.12846319 0.97435272
vt 0.19875941 0.98240173
vt 0.19870010 0.98231709
vt 0.34763709 0.98068672
vt 0.34772179 0.98074597
vt 0.12753640 0.98623461
vt 0.12743340 0.98624361
vt 0.19417880 0.98623842
vt 0.19410560 0.98616529
vt 0.35062090 0.97551781
vt 0.35071471 0.97556138
vt 0.12856831 0.99211711
vt 0.12846830 0.99214393
vt 0.13742700 0.95901603
vt 0.13359670 0.96359712
vt 0.13351190 0.96353769
vt 0.13735379 0.95894289
vt 0.31368071 0.98287630
vt 0.31474599 0.97701412
vt 0.31484899 0.97702312
vt 0.31378049 0.98290300
vt 0.02236706 0.95378703
vt 0.02441960 0.95939553
vt 0.02432566 0.95943928
vt 0.02226728 0.95381379
vt 0.13061060 0.96876907
vt 0.13051690 0.96872532
vt 0.31474599 0.97102863
vt 0.31484899 0.97101963
vt 0.02740556 0.96456718
vt 0.02732092 0.96462661
vt 0.31370780 0.96516252
vt 0.31380770 0.96513557
vt 0.03124064 0.96914577
vt 0.03116720 0.96921903
vt 0.31165740 0.95953441
vt 0.31175110 0.95949060
vt 0.03582215 0.97297662
vt 0.03576254 0.97306132
vt 0.35262939 0.96989328
vt 0.35272920 0.96991998
vt 0.24945579 0.99596387
vt 0.24637429 0.99087781
vt 0.24645869 0.99081862
vt 0.24954949 0.99592030
vt 0.04099380 0.97596252
vt 0.04095017 0.97605622
vt 0.24264570 0.98622948
vt 0.24271880 0.98615640
vt 0.23805520 0.98239088
vt 0.23811451 0.98230612
vt 0.90040541 0.94771451
vt 0.90040541 0.94261211
vt 0.90155071 0.94261211
vt 0.90155071 0.94771451
vt 0.90698743 0.98573691
vt 0.90698743 0.97949737
vt 0.90813267 0.97949737
vt 0.90813267 0.98573691
vt 0.89711440 0.95973140
vt 0.89825982 0.95973140
vt 0.90369630 0.98570812
vt 0.90369642 0.97941840
vt 0.90484172 0.97941840
vt 0.90484172 0.98570812
vt 0.90698743 0.97292352
vt 0.90813267 0.97292352
vt 0.89711440 0.95348090
vt 0.89825982 0.95348090
vt 0.90369642 0.94768482
vt 0.90369642 0.94261217
vt 0.90484172 0.94261217
vt 0.90484172 0.94768482
vt 0.90698743 0.96629781
vt 0.90813267 0.96629781
vt 0.89711440 0.94771630
vt 0.89825982 0.94771630
vt 0.90698749 0.95973378
vt 0.90813279 0.95973378
vt 0.90698743 0.95347059
vt 0.90813267 0.95347059
vt 0.89711440 0.94261211
vt 0.89825982 0.94261211
vt 0.90040541 0.98568422
vt 0.90040541 0.97950810
vt 0.90155071 0.97950810
vt 0.90155071 0.98568422
vt 0.90698749 0.94770938
vt 0.90813279 0.94770938
vt 0.90369642 0.99658632
vt 0.90369642 0.99148452
vt 0.90484172 0.99148452
vt 0.90484172 0.99658632
vt 0.90698749 0.94261217
vt 0.90813279 0.94261217
vt 0.90040541 0.99661541
vt 0.90040541 0.99150461
vt 0.90155071 0.99150461
vt 0.90155071 0.99661541
vt 0.90369642 0.97292250
vt 0.90484172 0.97292250
vt 0.90369642 0.96624720
vt 0.90484172 0.96624720
vt 0.90040541 0.97293240
vt 0.90155071 0.97293240
vt 0.90369642 0.95970428
vt 0.90484172 0.95970428
vt 0.89711440 0.99661779
vt 0.89711440 0.99151289
vt 0.89825982 0.99151289
vt 0.89825982 0.99661779
vt 0.90040541 0.96628648
vt 0.90155071 0.96628648
vt 0.90369642 0.95344508
vt 0.90484172 0.95344508
vt 0.89711440 0.98575020
vt 0.89825982 0.98575020
vt 0.90040541 0.95972770
vt 0.90155071 0.95972770
vt 0.89711440 0.97949862
vt 0.89825982 0.97949862
vt 0.90040541 0.95347840
vt 0.90155071 0.95347840
vt 0.90698743 0.99657518
vt 0.90698743 0.99151248
vt 0.90813267 0.99151248
vt 0.90813267 0.99657518
vt 0.43869171 0.97272098
vt 0.43869281 0.98022372
vt 0.42853761 0.98031902
vt 0.42853650 0.97282070
vt 0.99423188 0.97930050
vt 0.99423277 0.98531771
vt 0.98407757 0.98528987
vt 0.98407727 0.97929341
vt 0.99423242 0.90906882
vt 0.99423301 0.91655183
vt 0.98407787 0.91647059
vt 0.98407727 0.90898150
vt 0.99469358 0.14608809
vt 0.99469292 0.15331000
vt 0.98453838 0.15330639
vt 0.98453838 0.14605901
vt 0.99423403 0.88065809
vt 0.99423301 0.88690662
vt 0.98407787 0.88683778
vt 0.98407888 0.88060641
vt 0.43869129 0.96506661
vt 0.42853609 0.96516007
vt 0.43869671 0.93919051
vt 0.43869451 0.94439918
vt 0.42853931 0.94444448
vt 0.42854160 0.93921942
vt 0.99423242 0.89391953
vt 0.98407727 0.89383781
vt 0.43869439 0.98724377
vt 0.42853931 0.98733407
vt 0.43869281 0.95060527
vt 0.42853761 0.95067191
vt 0.99423218 0.90141457
vt 0.98407698 0.90132600
vt 0.43869671 0.99349850
vt 0.42854160 0.99357921
vt 0.43869171 0.95758700
vt 0.42853650 0.95767069
vt 0.99423277 0.93189502
vt 0.99423248 0.93748403
vt 0.98407727 0.93755388
vt 0.98407757 0.93195170
vt 0.99423379 0.92353851
vt 0.98407888 0.92347580
vt 0.99423230 0.94391012
vt 0.98407722 0.94396138
vt 0.99423540 0.92974943
vt 0.98408020 0.92970312
vt 0.99469417 0.18039811
vt 0.98453897 0.18042770
vt 0.98453879 0.17442380
vt 0.99469322 0.17437620
vt 0.99469417 0.12715110
vt 0.99469328 0.13273931
vt 0.98453879 0.13270180
vt 0.98453897 0.12709489
vt 0.99469322 0.13915411
vt 0.98453850 0.13911059
vt 0.99423212 0.95087337
vt 0.99423218 0.95813429
vt 0.98407698 0.95816350
vt 0.98407698 0.95091140
vt 0.99423218 0.96549040
vt 0.98407698 0.96547282
vt 0.99469358 0.16063461
vt 0.98453838 0.16060680
vt 0.99469382 0.16771720
vt 0.98453850 0.16771950
vt 0.99423170 0.97261178
vt 0.98407722 0.97258699
vt 0.99423540 0.87539071
vt 0.98408031 0.87537479
vt 0.91312641 0.95970541
vt 0.91312641 0.95344567
vt 0.91382849 0.95344567
vt 0.91382849 0.95970541
vt 0.94662207 0.94771731
vt 0.94662207 0.95348042
vt 0.94591999 0.95348042
vt 0.94591999 0.94771731
vt 0.91027838 0.96628821
vt 0.91027838 0.95972902
vt 0.91098052 0.95972902
vt 0.91098052 0.96628821
vt 0.91312641 0.94768500
vt 0.91382849 0.94768500
vt 0.94662207 0.95973247
vt 0.94591999 0.95973247
vt 0.91027838 0.95347917
vt 0.91098052 0.95347917
vt 0.94307232 0.99657887
vt 0.94307232 0.99151582
vt 0.94377440 0.99151582
vt 0.94377452 0.99657887
vt 0.94662207 0.96628922
vt 0.94591999 0.96628922
vt 0.91027838 0.94771498
vt 0.91098052 0.94771498
vt 0.94307232 0.98573971
vt 0.94377440 0.98573971
vt 0.94662207 0.97294468
vt 0.94591999 0.97294468
vt 0.91027838 0.94261217
vt 0.91098058 0.94261217
vt 0.94307232 0.97949988
vt 0.94377440 0.97949988
vt 0.94662207 0.97950113
vt 0.94591999 0.97950113
vt 0.91312617 0.98571092
vt 0.91312641 0.97942090
vt 0.91382849 0.97942090
vt 0.91382837 0.98571092
vt 0.94307232 0.97292548
vt 0.94377440 0.97292548
vt 0.94662207 0.98575211
vt 0.94591999 0.98575211
vt 0.91312641 0.94261211
vt 0.91382849 0.94261211
vt 0.94307232 0.96629918
vt 0.94377440 0.96629930
vt 0.94662207 0.99151701
vt 0.94591999 0.99151701
vt 0.94307232 0.95973480
vt 0.94377440 0.95973480
vt 0.94307232 0.95347130
vt 0.94377440 0.95347130
vt 0.94662207 0.99662149
vt 0.94591999 0.99662149
vt 0.91027838 0.98568732
vt 0.91027838 0.97951078
vt 0.91098052 0.97951078
vt 0.91098052 0.98568732
vt 0.94307232 0.94770962
vt 0.94377452 0.94770962
vt 0.91312641 0.99658978
vt 0.91312641 0.99148780
vt 0.91382849 0.99148780
vt 0.91382849 0.99658978
vt 0.94307232 0.94261211
vt 0.94377452 0.94261211
vt 0.91027838 0.99661922
vt 0.91027832 0.99150813
vt 0.91098052 0.99150813
vt 0.91098058 0.99661922
vt 0.91312641 0.97292459
vt 0.91382849 0.97292447
vt 0.91312641 0.96624869
vt 0.91382849 0.96624869
vt 0.91027838 0.97293448
vt 0.91098052 0.97293448
vt 0.94662207 0.94261211
vt 0.94591999 0.94261217
f 1/1/1 2/2/2 3/3/3
f 1/1/1 3/3/3 4/4/4
f 5/5/5 6/6/6 7/7/7
f 8/8/8 9/9/9 10/10/10
f 8/8/8 10/10/10 11/11/11
f 12/12/12 13/13/13 14/14/14
f 12/12/12 14/14/14 15/15/15
f 16/16/16 17/17/17 9/9/9
f 16/16/16 9/9/9 8/8/8
f 18/18/18 19/19/19 20/20/20
f 18/18/18 20/20/20 21/21/21
f 22/22/22 23/23/23 24/24/24
f 22/22/22 24/24/24 25/25/25
f 26/26/26 27/27/27 28/28/28
f 26/26/26 28/28/28 29/29/29
f 30/30/30 31/31/31 32/32/32
f 30/30/30 32/32/32 33/33/33
f 34/34/34 35/35/35 23/23/23
f 34/34/34 23/23/23 22/22/22
f 36/36/36 37/37/37 31/31/31
f 36/36/36 31/31/31 30/30/30
f 38/38/38 39/39/39 40/40/40
f 38/38/38 40/40/40 41/41/41
f 42/42/42 43/43/43 37/37/37
f 42/42/42 37/37/37 36/36/36
f 44/44/44 45/45/45 39/39/39
f 44/44/44 39/39/39 38/38/38
f 46/46/46 47/47/47 43/43/43
f 46/46/46 43/43/43 42/42/42
f 33/33/33 32/32/32 48/48/48
f 33/33/33 48/48/48 49/49/49
f 50/50/50 51/51/51 45/45/45
f 50/50/50 45/45/45 44/44/44
f 52/52/52 53/53/53 47/47/47
f 52/52/52 47/47/47 46/46/46
f 54/54/54 55/55/55 53/53/53
f 54/54/54 53/53/53 52/52/52
f 56/56/56 57/57/57 51/51/51
f 56/56/56 51/51/51 50/50/50
f 58/58/58 59/59/59 60/60/60
f 58/58/58 60/60/60 61/61/61
f 62/62/62 63/63/63 64/64/64
f 62/62/62 64/64/64 65/65/65
f 66/66/66 67/67/67 57/57/57
f 66/66/66 57/57/57 56/56/56
f 68/68/68 69/69/69 59/59/59
f 68/68/68 59/59/59 58/58/58
f 41/41/41 40/40/40 35/35/35
f 41/41/41 35/35/35 34/34/34
f 70/70/70 71/71/71 69/69/69
f 70/70/70 69/69/69 68/68/68
f 72/72/72 73/73/73 71/71/71
f 72/72/72 71/71/71 70/70/70
f 74/74/74 75/75/75 76/76/76
f 74/74/74 76/76/76 77/77/77
f 65/65/65 64/64/64 73/73/73
f 65/65/65 73/73/73 72/72/72
f 78/78/78 79/79/79 80/80/80
f 78/78/78 80/80/80 81/81/81
f 49/49/49 48/48/48 20/20/20
f 49/49/49 20/20/20 19/19/19
f 82/82/82 83/83/83 84/84/84
f 82/82/82 84/84/84 85/85/85
f 86/86/86 87/87/87 88/88/88
f 86/86/86 88/88/88 89/89/89
f 90/90/90 91/91/91 92/92/92
f 90/90/90 92/92/92 93/93/93
f 94/94/94 95/95/95 96/96/96
f 94/94/94 96/96/96 97/97/97
f 98/98/98 99/99/99 100/100/100
f 98/98/98 100/100/100 101/101/101
f 102/102/102 103/103/103 104/104/104
f 102/102/102 104/104/104 105/105/105
f 106/106/106 107/107/107 108/108/108
f 106/106/106 108/108/108 109/109/109
f 87/87/87 110/110/110 111/111/111
f 87/87/87 111/111/111 88/88/88
f 91/91/91 112/112/112 113/113/113
f 91/91/91 113/113/113 92/92/92
f 2/2/2 114/114/114 115/115/115
f 2/2/2 115/115/115 3/3/3
f 116/116/116 117/117/117 118/118/118
f 116/116/116 118/118/118 119/119/119
f 95/95/95 120/120/120 121/121/121
f 95/95/95 121/121/121 96/96/96
f 122/122/122 123/123/123 124/124/124
f 122/122/122 124/124/124 125/125/125
f 107/107/107 82/82/82 85/85/85
f 107/107/107 85/85/85 108/108/108
f 126/126/126 127/127/127 128/128/128
f 126/126/126 128/128/128 129/129/129
f 114/114/114 130/130/130 131/131/131
f 114/114/114 131/131/131 115/115/115
f 132/132/132 133/133/133 134/134/134
f 132/132/132 134/134/134 135/135/135
f 120/120/120 136/136/136 137/137/137
f 120/120/120 137/137/137 121/121/121
f 127/127/127 138/138/138 139/139/139
f 127/127/127 139/139/139 128/128/128
f 83/83/83 140/140/140 141/141/141
f 83/83/83 141/141/141 84/84/84
f 99/99/99 142/142/142 143/143/143
f 99/99/99 143/143/143 100/100/100
f 133/133/133 144/144/144 145/145/145
f 133/133/133 145/145/145 134/134/134
f 130/130/130 146/146/146 147/147/147
f 130/130/130 147/147/147 131/131/131
f 110/110/110 148/148/148 149/149/149
f 110/110/110 149/149/149 111/111/111
f 138/138/138 150/150/150 151/151/151
f 138/138/138 151/151/151 139/139/139
f 136/136/136 152/152/152 153/153/153
f 136/136/136 153/153/153 137/137/137
f 123/123/123 132/132/132 135/135/135
f 123/123/123 135/135/135 124/124/124
f 103/103/103 116/116/116 119/119/119
f 103/103/103 119/119/119 104/104/104
f 140/140/140 90/90/90 93/93/93
f 140/140/140 93/93/93 141/141/141
f 142/142/142 154/154/154 155/155/155
f 142/142/142 155/155/155 143/143/143
f 144/144/144 98/98/98 101/101/101
f 144/144/144 101/101/101 145/145/145
f 146/146/146 102/102/102 105/105/105
f 146/146/146 105/105/105 147/147/147
f 148/148/148 106/106/106 109/109/109
f 148/148/148 109/109/109 149/149/149
f 156/156/156 86/86/86 89/89/89
f 156/156/156 89/89/89 157/157/157
f 152/152/152 1/1/1 4/4/4
f 152/152/152 4/4/4 153/153/153
f 158/158/158 159/159/159 160/160/160
f 158/158/158 160/160/160 161/161/161
f 162/162/162 5/5/5 163/163/163
f 162/162/162 163/163/163 164/164/164
f 165/165/165 166/166/166 167/167/167
f 165/165/165 167/167/167 97/97/97
f 168/168/168 6/6/6 96/96/96
f 168/168/168 96/96/96 121/121/121
f 169/169/169 168/168/168 121/121/121
f 169/169/169 121/121/121 137/137/137
f 170/170/170 171/171/171 153/153/153
f 170/170/170 153/153/153 4/4/4
f 172/172/172 158/158/158 161/161/161
f 172/172/172 161/161/161 173/173/173
f 174/174/174 170/170/170 4/4/4
f 174/174/174 4/4/4 3/3/3
f 6/6/6 165/165/165 97/97/97
f 6/6/6 97/97/97 96/96/96
f 175/175/175 172/172/172 173/173/173
f 175/175/175 173/173/173 176/176/176
f 177/177/177 174/174/174 3/3/3
f 177/177/177 3/3/3 115/115/115
f 7/7/7 178/178/178 104/104/104
f 7/7/7 104/104/104 119/119/119
f 179/179/179 175/175/175 176/176/176
f 179/179/179 176/176/176 180/180/180
f 181/181/181 177/177/177 115/115/115
f 181/181/181 115/115/115 131/131/131
f 182/182/182 183/183/183 118/118/118
f 182/182/182 118/118/118 184/184/184
f 185/185/185 186/186/186 187/187/187
f 185/185/185 187/187/187 188/188/188
f 189/189/189 181/181/181 131/131/131
f 189/189/189 131/131/131 147/147/147
f 171/171/171 169/169/169 137/137/137
f 171/171/171 137/137/137 153/153/153
f 190/190/190 189/189/189 147/147/147
f 190/190/190 147/147/147 105/105/105
f 191/191/191 185/185/185 188/188/188
f 191/191/191 188/188/188 192/192/192
f 193/193/193 191/191/191 192/192/192
f 193/193/193 192/192/192 194/194/194
f 178/178/178 190/190/190 105/105/105
f 178/178/178 105/105/105 104/104/104
f 195/195/195 196/196/196 197/197/197
f 195/195/195 197/197/197 198/198/198
f 199/199/199 193/193/193 194/194/194
f 199/199/199 194/194/194 200/200/200
f 183/183/183 7/7/7 119/119/119
f 183/183/183 119/119/119 118/118/118
f 5/5/5 199/199/199 200/200/200
f 5/5/5 200/200/200 163/163/163
f 196/196/196 162/162/162 164/164/164
f 196/196/196 164/164/164 197/197/197
f 201/201/201 182/182/182 184/184/184
f 201/201/201 184/184/184 202/202/202
f 203/203/203 201/201/201 202/202/202
f 203/203/203 202/202/202 204/204/204
f 205/205/205 195/195/195 198/198/198
f 205/205/205 198/198/198 206/206/206
f 207/207/207 203/203/203 204/204/204
f 207/207/207 204/204/204 208/208/208
f 209/209/209 207/207/207 208/208/208
f 209/209/209 208/208/208 210/210/210
f 211/211/211 205/205/205 206/206/206
f 211/211/211 206/206/206 212/212/212
f 159/159/159 209/209/209 210/210/210
f 159/159/159 210/210/210 160/160/160
f 186/186/186 179/179/179 180/180/180
f 186/186/186 180/180/180 187/187/187
f 166/166/166 211/211/211 212/212/212
f 166/166/166 212/212/212 167/167/167
f 213/213/213 214/214/214 1/1/1
f 213/213/213 1/1/1 152/152/152
f 215/215/215 216/216/216 86/86/86
f 215/215/215 86/86/86 156/156/156
f 217/217/217 218/218/218 106/106/106
f 217/217/217 106/106/106 148/148/148
f 219/219/219 220/220/220 102/102/102
f 219/219/219 102/102/102 146/146/146
f 221/221/221 222/222/222 98/98/98
f 221/221/221 98/98/98 144/144/144
f 223/223/223 224/224/224 154/154/154
f 223/223/223 154/154/154 142/142/142
f 225/225/225 226/226/226 90/90/90
f 225/225/225 90/90/90 140/140/140
f 227/227/227 228/228/228 116/116/116
f 227/227/227 116/116/116 103/103/103
f 229/229/229 230/230/230 132/132/132
f 229/229/229 132/132/132 123/123/123
f 231/231/231 213/213/213 152/152/152
f 231/231/231 152/152/152 136/136/136
f 232/232/232 233/233/233 150/150/150
f 232/232/232 150/150/150 138/138/138
f 234/234/234 217/217/217 148/148/148
f 234/234/234 148/148/148 110/110/110
f 235/235/235 219/219/219 146/146/146
f 235/235/235 146/146/146 130/130/130
f 236/236/236 221/221/221 144/144/144
f 236/236/236 144/144/144 133/133/133
f 237/237/237 223/223/223 142/142/142
f 237/237/237 142/142/142 99/99/99
f 238/238/238 225/225/225 140/140/140
f 238/238/238 140/140/140 83/83/83
f 239/239/239 232/232/232 138/138/138
f 239/239/239 138/138/138 127/127/127
f 240/240/240 231/231/231 136/136/136
f 240/240/240 136/136/136 120/120/120
f 230/230/230 236/236/236 133/133/133
f 230/230/230 133/133/133 132/132/132
f 241/241/241 235/235/235 130/130/130
f 241/241/241 130/130/130 114/114/114
f 242/242/242 239/239/239 127/127/127
f 242/242/242 127/127/127 126/126/126
f 243/243/243 244/244/244 82/82/82
f 243/243/243 82/82/82 107/107/107
f 245/245/245 229/229/229 123/123/123
f 245/245/245 123/123/123 122/122/122
f 246/246/246 240/240/240 120/120/120
f 246/246/246 120/120/120 95/95/95
f 228/228/228 247/247/247 117/117/117
f 228/228/228 117/117/117 116/116/116
f 248/248/248 241/241/241 114/114/114
f 248/248/248 114/114/114 2/2/2
f 249/249/249 250/250/250 112/112/112
f 249/249/249 112/112/112 91/91/91
f 251/251/251 234/234/234 110/110/110
f 251/251/251 110/110/110 87/87/87
f 218/218/218 243/243/243 107/107/107
f 218/218/218 107/107/107 106/106/106
f 220/220/220 227/227/227 103/103/103
f 220/220/220 103/103/103 102/102/102
f 222/222/222 237/237/237 99/99/99
f 222/222/222 99/99/99 98/98/98
f 252/252/252 246/246/246 95/95/95
f 252/252/252 95/95/95 94/94/94
f 226/226/226 249/249/249 91/91/91
f 226/226/226 91/91/91 90/90/90
f 216/216/216 251/251/251 87/87/87
f 216/216/216 87/87/87 86/86/86
f 244/244/244 238/238/238 83/83/83
f 244/244/244 83/83/83 82/82/82
f 214/214/214 248/248/248 2/2/2
f 214/214/214 2/2/2 1/1/1
f 253/253/253 254/254/254 248/248/248
f 253/253/253 248/248/248 214/214/214
f 255/255/255 256/256/256 238/238/238
f 255/255/255 238/238/238 244/244/244
f 257/257/257 258/258/258 251/251/251
f 257/257/257 251/251/251 216/216/216
f 259/259/259 260/260/260 249/249/249
f 259/259/259 249/249/249 226/226/226
f 261/261/261 262/262/262 246/246/246
f 261/261/261 246/246/246 252/252/252
f 263/263/263 264/264/264 237/237/237
f 263/263/263 237/237/237 222/222/222
f 265/265/265 266/266/266 227/227/227
f 265/265/265 227/227/227 220/220/220
f 267/267/267 268/268/268 243/243/243
f 267/267/267 243/243/243 218/218/218
f 258/258/258 269/269/269 234/234/234
f 258/258/258 234/234/234 251/251/251
f 260/260/260 270/270/270 250/250/250
f 260/260/260 250/250/250 249/249/249
f 254/254/254 271/271/271 241/241/241
f 254/254/254 241/241/241 248/248/248
f 272/272/272 273/273/273 247/247/247
f 272/272/272 247/247/247 228/228/228
f 262/262/262 274/274/274 240/240/240
f 262/262/262 240/240/240 246/246/246
f 275/275/275 276/276/276 229/229/229
f 275/275/275 229/229/229 245/245/245
f 268/268/268 255/255/255 244/244/244
f 268/268/268 244/244/244 243/243/243
f 277/277/277 278/278/278 239/239/239
f 277/277/277 239/239/239 242/242/242
f 271/271/271 279/279/279 235/235/235
f 271/271/271 235/235/235 241/241/241
f 280/280/280 281/281/281 236/236/236
f 280/280/280 236/236/236 230/230/230
f 274/274/274 282/282/282 231/231/231
f 274/274/274 231/231/231 240/240/240
f 278/278/278 283/283/283 232/232/232
f 278/278/278 232/232/232 239/239/239
f 256/256/256 284/284/284 225/225/225
f 256/256/256 225/225/225 238/238/238
f 264/264/264 285/285/285 223/223/223
f 264/264/264 223/223/223 237/237/237
f 281/281/281 286/286/286 221/221/221
f 281/281/281 221/221/221 236/236/236
f 279/279/279 287/287/287 219/219/219
f 279/279/279 219/219/219 235/235/235
f 269/269/269 288/288/288 217/217/217
f 269/269/269 217/217/217 234/234/234
f 283/283/283 289/289/289 233/233/233
f 283/283/283 233/233/233 232/232/232
f 282/282/282 290/290/290 213/213/213
f 282/282/282 213/213/213 231/231/231
f 276/276/276 280/280/280 230/230/230
f 276/276/276 230/230/230 229/229/229
f 266/266/266 272/272/272 228/228/228
f 266/266/266 228/228/228 227/227/227
f 284/284/284 259/259/259 226/226/226
f 284/284/284 226/226/226 225/225/225
f 285/285/285 291/291/291 224/224/224
f 285/285/285 224/224/224 223/223/223
f 286/286/286 263/263/263 222/222/222
f 286/286/286 222/222/222 221/221/221
f 287/287/287 265/265/265 220/220/220
f 287/287/287 220/220/220 219/219/219
f 288/288/288 267/267/267 218/218/218
f 288/288/288 218/218/218 217/217/217
f 289/289/289 292/292/292 293/293/293
f 289/289/289 293/293/293 233/233/233
f 290/290/290 253/253/253 214/214/214
f 290/290/290 214/214/214 213/213/213
f 294/294/294 255/255/255 268/268/268
f 294/294/294 268/268/268 295/295/295
f 296/296/296 284/284/284 256/256/256
f 296/296/296 256/256/256 297/297/297
f 298/298/298 259/259/259 284/284/284
f 298/298/298 284/284/284 296/296/296
f 299/299/299 260/260/260 259/259/259
f 299/299/299 259/259/259 298/298/298
f 300/300/300 270/270/270 260/260/260
f 300/300/300 260/260/260 299/299/299
f 301/301/301 276/276/276 275/275/275
f 301/301/301 275/275/275 302/302/302
f 303/303/303 278/278/278 277/277/277
f 303/303/303 277/277/277 304/304/304
f 305/305/305 281/281/281 280/280/280
f 305/305/305 280/280/280 306/306/306
f 307/307/307 283/283/283 278/278/278
f 307/307/307 278/278/278 303/303/303
f 308/308/308 286/286/286 281/281/281
f 308/308/308 281/281/281 305/305/305
f 309/309/309 289/289/289 283/283/283
f 309/309/309 283/283/283 307/307/307
f 310/310/310 263/263/263 286/286/286
f 310/310/310 286/286/286 308/308/308
f 311/311/311 292/292/292 289/289/289
f 311/311/311 289/289/289 309/309/309
f 312/312/312 313/313/313 292/292/292
f 312/312/312 292/292/292 311/311/311
f 314/314/314 269/269/269 258/258/258
f 314/314/314 258/258/258 315/315/315
f 297/297/297 256/256/256 255/255/255
f 297/297/297 255/255/255 294/294/294
f 316/316/316 288/288/288 269/269/269
f 316/316/316 269/269/269 314/314/314
f 306/306/306 280/280/280 276/276/276
f 306/306/306 276/276/276 301/301/301
f 317/317/317 267/267/267 288/288/288
f 317/317/317 288/288/288 316/316/316
f 295/295/295 268/268/268 267/267/267
f 295/295/295 267/267/267 317/317/317
f 318/318/318 67/67/67 77/77/77
f 318/318/318 77/77/77 319/319/319
f 320/320/320 32/32/32 31/31/31
f 320/320/320 31/31/31 321/321/321
f 322/322/322 321/321/321 31/31/31
f 322/322/322 31/31/31 323/323/323
f 324/324/324 325/325/325 326/326/326
f 324/324/324 326/326/326 327/327/327
f 328/328/328 329/329/329 330/330/330
f 328/328/328 330/330/330 331/331/331
f 332/332/332 333/333/333 334/334/334
f 332/332/332 334/334/334 335/335/335
f 329/329/329 324/324/324 327/327/327
f 329/329/329 327/327/327 330/330/330
f 336/336/336 337/337/337 338/338/338
f 336/336/336 338/338/338 339/339/339
f 340/340/340 341/341/341 342/342/342
f 340/340/340 342/342/342 343/343/343
f 344/344/344 322/322/322 323/323/323
f 344/344/344 323/323/323 345/345/345
f 346/346/346 347/347/347 51/51/51
f 346/346/346 51/51/51 348/348/348
f 349/349/349 350/350/350 351/351/351
f 349/349/349 351/351/351 352/352/352
f 353/353/353 354/354/354 355/355/355
f 353/353/353 355/355/355 356/356/356
f 357/357/357 349/349/349 352/352/352
f 357/357/357 352/352/352 358/358/358
f 359/359/359 360/360/360 361/361/361
f 359/359/359 361/361/361 362/362/362
f 363/363/363 80/80/80 360/360/360
f 363/363/363 360/360/360 359/359/359
f 364/364/364 365/365/365 366/366/366
f 364/364/364 366/366/366 367/367/367
f 319/319/319 77/77/77 76/76/76
f 319/319/319 76/76/76 368/368/368
f 369/369/369 20/20/20 48/48/48
f 369/369/369 48/48/48 370/370/370
f 371/371/371 57/57/57 67/67/67
f 371/371/371 67/67/67 318/318/318
f 372/372/372 373/373/373 374/374/374
f 372/372/372 374/374/374 375/375/375
f 371/371/371 348/348/348 51/51/51
f 371/371/371 51/51/51 57/57/57
f 376/376/376 377/377/377 378/378/378
f 376/376/376 378/378/378 379/379/379
f 380/380/380 381/381/381 382/382/382
f 380/380/380 382/382/382 383/383/383
f 384/384/384 385/385/385 386/386/386
f 384/384/384 386/386/386 387/387/387
f 388/388/388 389/389/389 390/390/390
f 388/388/388 390/390/390 391/391/391
f 392/392/392 393/393/393 394/394/394
f 392/392/392 394/394/394 395/395/395
f 396/396/396 388/388/388 391/391/391
f 396/396/396 391/391/391 397/397/397
f 398/398/398 357/357/357 358/358/358
f 398/398/398 358/358/358 399/399/399
f 400/400/400 401/401/401 402/402/402
f 400/400/400 402/402/402 403/403/403
f 404/404/404 405/405/405 401/401/401
f 404/404/404 401/401/401 400/400/400
f 406/406/406 407/407/407 405/405/405
f 406/406/406 405/405/405 404/404/404
f 408/408/408 409/409/409 407/407/407
f 408/408/408 407/407/407 406/406/406
f 410/410/410 333/333/333 332/332/332
f 410/410/410 332/332/332 411/411/411
f 412/412/412 413/413/413 373/373/373
f 412/412/412 373/373/373 372/372/372
f 337/337/337 353/353/353 356/356/356
f 337/337/337 356/356/356 338/338/338
f 370/370/370 48/48/48 32/32/32
f 370/370/370 32/32/32 320/320/320
f 414/414/414 21/21/21 20/20/20
f 414/414/414 20/20/20 369/369/369
f 415/415/415 416/416/416 417/417/417
f 415/415/415 417/417/417 418/418/418
f 419/419/419 420/420/420 21/21/21
f 419/419/419 21/21/21 414/414/414
f 421/421/421 422/422/422 423/423/423
f 421/421/421 423/423/423 424/424/424
f 425/425/425 426/426/426 427/427/427
f 425/425/425 427/427/427 428/428/428
f 346/346/346 398/398/398 399/399/399
f 346/346/346 399/399/399 347/347/347
f 423/423/423 422/422/422 415/415/415
f 423/423/423 415/415/415 418/418/418
f 341/341/341 344/344/344 345/345/345
f 341/341/341 345/345/345 342/342/342
f 325/325/325 332/332/332 335/335/335
f 325/325/325 335/335/335 336/336/336
f 334/334/334 429/429/429 430/430/430
f 334/334/334 430/430/430 335/335/335
f 384/384/384 431/431/431 432/432/432
f 384/384/384 432/432/432 385/385/385
f 433/433/433 434/434/434 435/435/435
f 433/433/433 435/435/435 436/436/436
f 437/437/437 438/438/438 422/422/422
f 437/437/437 422/422/422 421/421/421
f 377/377/377 410/410/410 411/411/411
f 377/377/377 411/411/411 378/378/378
f 439/439/439 440/440/440 330/330/330
f 439/439/439 330/330/330 327/327/327
f 440/440/440 441/441/441 331/331/331
f 440/440/440 331/331/331 330/330/330
f 442/442/442 443/443/443 254/254/254
f 442/442/442 254/254/254 253/253/253
f 444/444/444 445/445/445 426/426/426
f 444/444/444 426/426/426 446/446/446
f 447/447/447 448/448/448 399/399/399
f 447/447/447 399/399/399 358/358/358
f 445/445/445 449/449/449 427/427/427
f 445/445/445 427/427/427 426/426/426
f 442/442/442 253/253/253 290/290/290
f 442/442/442 290/290/290 450/450/450
f 451/451/451 444/444/444 446/446/446
f 451/451/451 446/446/446 361/361/361
f 452/452/452 451/451/451 361/361/361
f 452/452/452 361/361/361 360/360/360
f 79/79/79 452/452/452 360/360/360
f 79/79/79 360/360/360 80/80/80
f 449/449/449 12/12/12 15/15/15
f 449/449/449 15/15/15 427/427/427
f 453/453/453 454/454/454 352/352/352
f 453/453/453 352/352/352 351/351/351
f 454/454/454 447/447/447 358/358/358
f 454/454/454 358/358/358 352/352/352
f 455/455/455 339/339/339 338/338/338
f 455/455/455 338/338/338 456/456/456
f 456/456/456 338/338/338 356/356/356
f 456/456/456 356/356/356 457/457/457
f 457/457/457 356/356/356 355/355/355
f 457/457/457 355/355/355 458/458/458
f 459/459/459 343/343/343 342/342/342
f 459/459/459 342/342/342 460/460/460
f 460/460/460 342/342/342 345/345/345
f 460/460/460 345/345/345 461/461/461
f 310/310/310 462/462/462 264/264/264
f 310/310/310 264/264/264 263/263/263
f 461/461/461 345/345/345 323/323/323
f 461/461/461 323/323/323 463/463/463
f 464/464/464 437/437/437 421/421/421
f 464/464/464 421/421/421 402/402/402
f 417/417/417 416/416/416 465/465/465
f 417/417/417 465/465/465 466/466/466
f 467/467/467 468/468/468 469/469/469
f 467/467/467 469/469/469 470/470/470
f 471/471/471 472/472/472 473/473/473
f 471/471/471 473/473/473 474/474/474
f 429/429/429 392/392/392 395/395/395
f 429/429/429 395/395/395 430/430/430
f 434/434/434 380/380/380 383/383/383
f 434/434/434 383/383/383 435/435/435
f 431/431/431 396/396/396 397/397/397
f 431/431/431 397/397/397 432/432/432
f 412/412/412 387/387/387 386/386/386
f 412/412/412 386/386/386 413/413/413
f 402/402/402 421/421/421 424/424/424
f 402/402/402 424/424/424 403/403/403
f 277/277/277 475/475/475 476/476/476
f 277/277/277 476/476/476 304/304/304
f 448/448/448 477/477/477 347/347/347
f 448/448/448 347/347/347 399/399/399
f 285/285/285 264/264/264 462/462/462
f 285/285/285 462/462/462 478/478/478
f 479/479/479 480/480/480 476/476/476
f 479/479/479 476/476/476 475/475/475
f 481/481/481 482/482/482 480/480/480
f 481/481/481 480/480/480 479/479/479
f 483/483/483 484/484/484 482/482/482
f 483/483/483 482/482/482 481/481/481
f 279/279/279 485/485/485 486/486/486
f 279/279/279 486/486/486 287/287/287
f 271/271/271 487/487/487 485/485/485
f 271/271/271 485/485/485 279/279/279
f 254/254/254 443/443/443 487/487/487
f 254/254/254 487/487/487 271/271/271
f 488/488/488 463/463/463 323/323/323
f 488/488/488 323/323/323 31/31/31
f 489/489/489 291/291/291 490/490/490
f 489/489/489 490/490/490 491/491/491
f 492/492/492 477/477/477 462/462/462
f 492/492/492 462/462/462 310/310/310
f 274/274/274 262/262/262 493/493/493
f 274/274/274 493/493/493 494/494/494
f 291/291/291 285/285/285 478/478/478
f 291/291/291 478/478/478 490/490/490
f 282/282/282 274/274/274 494/494/494
f 282/282/282 494/494/494 495/495/495
f 290/290/290 282/282/282 495/495/495
f 290/290/290 495/495/495 450/450/450
f 496/496/496 442/442/442 450/450/450
f 496/496/496 450/450/450 439/439/439
f 496/496/496 455/455/455 443/443/443
f 496/496/496 443/443/443 442/442/442
f 497/497/497 295/295/295 317/317/317
f 497/497/497 317/317/317 498/498/498
f 498/498/498 317/317/317 316/316/316
f 498/498/498 316/316/316 499/499/499
f 500/500/500 306/306/306 301/301/301
f 500/500/500 301/301/301 501/501/501
f 499/499/499 316/316/316 314/314/314
f 499/499/499 314/314/314 502/502/502
f 503/503/503 297/297/297 294/294/294
f 503/503/503 294/294/294 504/504/504
f 502/502/502 314/314/314 315/315/315
f 502/502/502 315/315/315 505/505/505
f 506/506/506 312/312/312 311/311/311
f 506/506/506 311/311/311 507/507/507
f 507/507/507 311/311/311 309/309/309
f 507/507/507 309/309/309 508/508/508
f 492/492/492 310/310/310 308/308/308
f 492/492/492 308/308/308 509/509/509
f 508/508/508 309/309/309 307/307/307
f 508/508/508 307/307/307 510/510/510
f 509/509/509 308/308/308 305/305/305
f 509/509/509 305/305/305 511/511/511
f 510/510/510 307/307/307 303/303/303
f 510/510/510 303/303/303 512/512/512
f 511/511/511 305/305/305 306/306/306
f 511/511/511 306/306/306 500/500/500
f 512/512/512 303/303/303 304/304/304
f 512/512/512 304/304/304 488/488/488
f 501/501/501 301/301/301 302/302/302
f 501/501/501 302/302/302 513/513/513
f 513/513/513 302/302/302 514/514/514
f 513/513/513 514/514/514 515/515/515
f 516/516/516 299/299/299 298/298/298
f 516/516/516 298/298/298 517/517/517
f 517/517/517 298/298/298 296/296/296
f 517/517/517 296/296/296 518/518/518
f 519/519/519 520/520/520 416/416/416
f 519/519/519 416/416/416 415/415/415
f 474/474/474 473/473/473 521/521/521
f 474/474/474 521/521/521 522/522/522
f 381/381/381 522/522/522 521/521/521
f 381/381/381 521/521/521 382/382/382
f 11/11/11 10/10/10 63/63/63
f 11/11/11 63/63/63 62/62/62
f 470/470/470 469/469/469 472/472/472
f 470/470/470 472/472/472 471/471/471
f 523/523/523 524/524/524 525/525/525
f 523/523/523 525/525/525 526/526/526
f 527/527/527 528/528/528 529/529/529
f 527/527/527 529/529/529 530/530/530
f 531/531/531 532/532/532 533/533/533
f 531/531/531 533/533/533 534/534/534
f 532/532/532 535/535/535 536/536/536
f 532/532/532 536/536/536 533/533/533
f 535/535/535 537/537/537 538/538/538
f 535/535/535 538/538/538 536/536/536
f 539/539/539 527/527/527 530/530/530
f 539/539/539 530/530/530 540/540/540
f 537/537/537 539/539/539 540/540/540
f 537/537/537 540/540/540 538/538/538
f 541/541/541 542/542/542 543/543/543
f 541/541/541 543/543/543 544/544/544
f 545/545/545 531/531/531 534/534/534
f 545/545/545 534/534/534 546/546/546
f 547/547/547 548/548/548 549/549/549
f 547/547/547 549/549/549 550/550/550
f 551/551/551 545/545/545 546/546/546
f 551/551/551 546/546/546 552/552/552
f 550/550/550 549/549/549 553/553/553
f 550/550/550 553/553/553 554/554/554
f 554/554/554 553/553/553 555/555/555
f 554/554/554 555/555/555 556/556/556
f 557/557/557 558/558/558 559/559/559
f 557/557/557 559/559/559 560/560/560
f 556/556/556 555/555/555 561/561/561
f 556/556/556 561/561/561 562/562/562
f 28/28/28 27/27/27 563/563/563
f 28/28/28 563/563/563 564/564/564
f 526/526/526 525/525/525 548/548/548
f 526/526/526 548/548/548 547/547/547
f 562/562/562 561/561/561 565/565/565
f 562/562/562 565/565/565 566/566/566
f 564/564/564 563/563/563 567/567/567
f 564/564/564 567/567/567 568/568/568
f 569/569/569 570/570/570 571/571/571
f 569/569/569 571/571/571 572/572/572
f 572/572/572 571/571/571 573/573/573
f 572/572/572 573/573/573 574/574/574
f 568/568/568 567/567/567 575/575/575
f 568/568/568 575/575/575 576/576/576
f 577/577/577 578/578/578 542/542/542
f 577/577/577 542/542/542 541/541/541
f 574/574/574 573/573/573 579/579/579
f 574/574/574 579/579/579 580/580/580
f 576/576/576 575/575/575 581/581/581
f 576/576/576 581/581/581 582/582/582
f 580/580/580 579/579/579 583/583/583
f 580/580/580 583/583/583 584/584/584
f 582/582/582 581/581/581 558/558/558
f 582/582/582 558/558/558 557/557/557
f 584/584/584 583/583/583 585/585/585
f 584/584/584 585/585/585 586/586/586
f 560/560/560 559/559/559 587/587/587
f 560/560/560 587/587/587 588/588/588
f 586/586/586 585/585/585 578/578/578
f 586/586/586 578/578/578 577/577/577
f 74/74/74 66/66/66 27/27/27
f 74/74/74 27/27/27 26/26/26
f 588/588/588 587/587/587 589/589/589
f 588/588/588 589/589/589 590/590/590
f 591/591/591 592/592/592 593/593/593
f 591/591/591 593/593/593 594/594/594
f 595/595/595 596/596/596 597/597/597
f 595/595/595 597/597/597 598/598/598
f 528/528/528 591/591/591 594/594/594
f 528/528/528 594/594/594 529/529/529
f 598/598/598 597/597/597 524/524/524
f 598/598/598 524/524/524 523/523/523
f 427/427/427 15/15/15 599/599/599
f 427/427/427 599/599/599 428/428/428
f 361/361/361 446/446/446 600/600/600
f 361/361/361 600/600/600 362/362/362
f 446/446/446 426/426/426 425/425/425
f 446/446/446 425/425/425 600/600/600
f 326/326/326 325/325/325 336/336/336
f 326/326/326 336/336/336 339/339/339
f 435/435/435 383/383/383 344/344/344
f 435/435/435 344/344/344 341/341/341
f 385/385/385 432/432/432 398/398/398
f 385/385/385 398/398/398 346/346/346
f 422/422/422 438/438/438 519/519/519
f 422/422/422 519/519/519 415/415/415
f 416/416/416 520/520/520 601/601/601
f 416/416/416 601/601/601 465/465/465
f 468/468/468 414/414/414 369/369/369
f 468/468/468 369/369/369 469/469/469
f 472/472/472 370/370/370 320/320/320
f 472/472/472 320/320/320 473/473/473
f 430/430/430 395/395/395 353/353/353
f 430/430/430 353/353/353 337/337/337
f 432/432/432 397/397/397 357/357/357
f 432/432/432 357/357/357 398/398/398
f 413/413/413 386/386/386 348/348/348
f 413/413/413 348/348/348 371/371/371
f 413/413/413 371/371/371 318/318/318
f 413/413/413 318/318/318 373/373/373
f 469/469/469 369/369/369 370/370/370
f 469/469/469 370/370/370 472/472/472
f 409/409/409 602/602/602 364/364/364
f 409/409/409 364/364/364 407/407/407
f 407/407/407 364/364/364 367/367/367
f 407/407/407 367/367/367 405/405/405
f 405/405/405 367/367/367 603/603/603
f 405/405/405 603/603/603 401/401/401
f 401/401/401 603/603/603 464/464/464
f 401/401/401 464/464/464 402/402/402
f 397/397/397 391/391/391 349/349/349
f 397/397/397 349/349/349 357/357/357
f 395/395/395 394/394/394 354/354/354
f 395/395/395 354/354/354 353/353/353
f 391/391/391 390/390/390 350/350/350
f 391/391/391 350/350/350 349/349/349
f 385/385/385 346/346/346 348/348/348
f 385/385/385 348/348/348 386/386/386
f 383/383/383 382/382/382 322/322/322
f 383/383/383 322/322/322 344/344/344
f 436/436/436 435/435/435 341/341/341
f 436/436/436 341/341/341 340/340/340
f 335/335/335 430/430/430 337/337/337
f 335/335/335 337/337/337 336/336/336
f 378/378/378 411/411/411 324/324/324
f 378/378/378 324/324/324 329/329/329
f 379/379/379 378/378/378 329/329/329
f 379/379/379 329/329/329 328/328/328
f 411/411/411 332/332/332 325/325/325
f 411/411/411 325/325/325 324/324/324
f 382/382/382 521/521/521 321/321/321
f 382/382/382 321/321/321 322/322/322
f 473/473/473 320/320/320 321/321/321
f 473/473/473 321/321/321 521/521/521
f 373/373/373 318/318/318 319/319/319
f 373/373/373 319/319/319 374/374/374
f 518/518/518 296/296/296 297/297/297
f 518/518/518 297/297/297 503/503/503
f 504/504/504 294/294/294 295/295/295
f 504/504/504 295/295/295 497/497/497
f 64/64/64 504/504/504 497/497/497
f 64/64/64 497/497/497 73/73/73
f 10/10/10 518/518/518 503/503/503
f 10/10/10 503/503/503 63/63/63
f 9/9/9 517/517/517 518/518/518
f 9/9/9 518/518/518 10/10/10
f 17/17/17 516/516/516 517/517/517
f 17/17/17 517/517/517 9/9/9
f 23/23/23 513/513/513 515/515/515
f 23/23/23 515/515/515 24/24/24
f 35/35/35 501/501/501 513/513/513
f 35/35/35 513/513/513 23/23/23
f 37/37/37 512/512/512 488/488/488
f 37/37/37 488/488/488 31/31/31
f 39/39/39 511/511/511 500/500/500
f 39/39/39 500/500/500 40/40/40
f 43/43/43 510/510/510 512/512/512
f 43/43/43 512/512/512 37/37/37
f 45/45/45 509/509/509 511/511/511
f 45/45/45 511/511/511 39/39/39
f 47/47/47 508/508/508 510/510/510
f 47/47/47 510/510/510 43/43/43
f 51/51/51 492/492/492 509/509/509
f 51/51/51 509/509/509 45/45/45
f 53/53/53 507/507/507 508/508/508
f 53/53/53 508/508/508 47/47/47
f 55/55/55 506/506/506 507/507/507
f 55/55/55 507/507/507 53/53/53
f 59/59/59 502/502/502 505/505/505
f 59/59/59 505/505/505 60/60/60
f 63/63/63 503/503/503 504/504/504
f 63/63/63 504/504/504 64/64/64
f 69/69/69 499/499/499 502/502/502
f 69/69/69 502/502/502 59/59/59
f 40/40/40 500/500/500 501/501/501
f 40/40/40 501/501/501 35/35/35
f 71/71/71 498/498/498 499/499/499
f 71/71/71 499/499/499 69/69/69
f 73/73/73 497/497/497 498/498/498
f 73/73/73 498/498/498 71/71/71
f 326/326/326 339/339/339 455/455/455
f 326/326/326 455/455/455 496/496/496
f 326/326/326 496/496/496 439/439/439
f 326/326/326 439/439/439 327/327/327
f 51/51/51 347/347/347 477/477/477
f 51/51/51 477/477/477 492/492/492
f 304/304/304 476/476/476 463/463/463
f 304/304/304 463/463/463 488/488/488
f 478/478/478 462/462/462 477/477/477
f 478/478/478 477/477/477 448/448/448
f 480/480/480 461/461/461 463/463/463
f 480/480/480 463/463/463 476/476/476
f 482/482/482 460/460/460 461/461/461
f 482/482/482 461/461/461 480/480/480
f 484/484/484 459/459/459 460/460/460
f 484/484/484 460/460/460 482/482/482
f 485/485/485 457/457/457 458/458/458
f 485/485/485 458/458/458 486/486/486
f 487/487/487 456/456/456 457/457/457
f 487/487/487 457/457/457 485/485/485
f 443/443/443 455/455/455 456/456/456
f 443/443/443 456/456/456 487/487/487
f 491/491/491 490/490/490 447/447/447
f 491/491/491 447/447/447 454/454/454
f 604/604/604 491/491/491 454/454/454
f 604/604/604 454/454/454 453/453/453
f 490/490/490 478/478/478 448/448/448
f 490/490/490 448/448/448 447/447/447
f 495/495/495 494/494/494 441/441/441
f 495/495/495 441/441/441 440/440/440
f 450/450/450 495/495/495 440/440/440
f 450/450/450 440/440/440 439/439/439
f 77/77/77 67/67/67 66/66/66
f 77/77/77 66/66/66 74/74/74
f 524/524/524 11/11/11 62/62/62
f 524/524/524 62/62/62 525/525/525
f 530/530/530 529/529/529 12/12/12
f 530/530/530 12/12/12 449/449/449
f 534/534/534 533/533/533 452/452/452
f 534/534/534 452/452/452 79/79/79
f 533/533/533 536/536/536 451/451/451
f 533/533/533 451/451/451 452/452/452
f 536/536/536 538/538/538 444/444/444
f 536/536/536 444/444/444 451/451/451
f 540/540/540 530/530/530 449/449/449
f 540/540/540 449/449/449 445/445/445
f 538/538/538 540/540/540 445/445/445
f 538/538/538 445/445/445 444/444/444
f 542/542/542 49/49/49 19/19/19
f 542/542/542 19/19/19 543/543/543
f 546/546/546 534/534/534 79/79/79
f 546/546/546 79/79/79 78/78/78
f 548/548/548 65/65/65 72/72/72
f 548/548/548 72/72/72 549/549/549
f 552/552/552 546/546/546 78/78/78
f 552/552/552 78/78/78 605/605/605
f 549/549/549 72/72/72 70/70/70
f 549/549/549 70/70/70 553/553/553
f 553/553/553 70/70/70 68/68/68
f 553/553/553 68/68/68 555/555/555
f 558/558/558 41/41/41 34/34/34
f 558/558/558 34/34/34 559/559/559
f 555/555/555 68/68/68 58/58/58
f 555/555/555 58/58/58 561/561/561
f 27/27/27 66/66/66 56/56/56
f 27/27/27 56/56/56 563/563/563
f 525/525/525 62/62/62 65/65/65
f 525/525/525 65/65/65 548/548/548
f 561/561/561 58/58/58 61/61/61
f 561/561/561 61/61/61 565/565/565
f 563/563/563 56/56/56 50/50/50
f 563/563/563 50/50/50 567/567/567
f 570/570/570 54/54/54 52/52/52
f 570/570/570 52/52/52 571/571/571
f 571/571/571 52/52/52 46/46/46
f 571/571/571 46/46/46 573/573/573
f 567/567/567 50/50/50 44/44/44
f 567/567/567 44/44/44 575/575/575
f 578/578/578 33/33/33 49/49/49
f 578/578/578 49/49/49 542/542/542
f 573/573/573 46/46/46 42/42/42
f 573/573/573 42/42/42 579/579/579
f 575/575/575 44/44/44 38/38/38
f 575/575/575 38/38/38 581/581/581
f 579/579/579 42/42/42 36/36/36
f 579/579/579 36/36/36 583/583/583
f 581/581/581 38/38/38 41/41/41
f 581/581/581 41/41/41 558/558/558
f 583/583/583 36/36/36 30/30/30
f 583/583/583 30/30/30 585/585/585
f 559/559/559 34/34/34 22/22/22
f 559/559/559 22/22/22 587/587/587
f 585/585/585 30/30/30 33/33/33
f 585/585/585 33/33/33 578/578/578
f 587/587/587 22/22/22 25/25/25
f 587/587/587 25/25/25 589/589/589
f 594/594/594 593/593/593 606/606/606
f 594/594/594 606/606/606 13/13/13
f 596/596/596 16/16/16 8/8/8
f 596/596/596 8/8/8 597/597/597
f 529/529/529 594/594/594 13/13/13
f 529/529/529 13/13/13 12/12/12
f 597/597/597 8/8/8 11/11/11
f 597/597/597 11/11/11 524/524/524
f 607/607/607 608/608/608 609/609/609
f 607/607/607 609/609/609 610/610/610
f 611/611/611 612/612/612 613/613/613
f 611/611/611 613/613/613 614/614/614
f 615/615/615 616/616/616 617/617/617
f 615/615/615 617/617/617 618/618/618
f 608/608/608 619/619/619 620/620/620
f 608/608/608 620/620/620 609/609/609
f 621/621/621 622/622/622 623/623/623
f 621/621/621 623/623/623 624/624/624
f 619/619/619 625/625/625 626/626/626
f 619/619/619 626/626/626 620/620/620
f 625/625/625 627/627/627 628/628/628
f 625/625/625 628/628/628 626/626/626
f 622/622/622 629/629/629 630/630/630
f 622/622/622 630/630/630 623/623/623
f 631/631/631 632/632/632 633/633/633
f 631/631/631 633/633/633 634/634/634
f 635/635/635 636/636/636 637/637/637
f 635/635/635 637/637/637 638/638/638
f 629/629/629 639/639/639 640/640/640
f 629/629/629 640/640/640 630/630/630
f 636/636/636 641/641/641 642/642/642
f 636/636/636 642/642/642 637/637/637
f 639/639/639 643/643/643 644/644/644
f 639/639/639 644/644/644 640/640/640
f 641/641/641 645/645/645 646/646/646
f 641/641/641 646/646/646 642/642/642
f 647/647/647 648/648/648 649/649/649
f 647/647/647 649/649/649 650/650/650
f 645/645/645 631/631/631 634/634/634
f 645/645/645 634/634/634 646/646/646
f 648/648/648 651/651/651 652/652/652
f 648/648/648 652/652/652 649/649/649
f 632/632/632 653/653/653 654/654/654
f 632/632/632 654/654/654 633/633/633
f 651/651/651 655/655/655 656/656/656
f 651/651/651 656/656/656 652/652/652
f 657/657/657 658/658/658 659/659/659
f 657/657/657 659/659/659 660/660/660
f 653/653/653 661/661/661 662/662/662
f 653/653/653 662/662/662 654/654/654
f 655/655/655 663/663/663 664/664/664
f 655/655/655 664/664/664 656/656/656
f 658/658/658 665/665/665 666/666/666
f 658/658/658 666/666/666 659/659/659
f 661/661/661 667/667/667 668/668/668
f 661/661/661 668/668/668 662/662/662
f 663/663/663 615/615/615 618/618/618
f 663/663/663 618/618/618 664/664/664
f 665/665/665 669/669/669 670/670/670
f 665/665/665 670/670/670 666/666/666
f 667/667/667 671/671/671 672/672/672
f 667/667/667 672/672/672 668/668/668
f 673/673/673 674/674/674 675/675/675
f 673/673/673 675/675/675 676/676/676
f 677/677/677 678/678/678 679/679/679
f 677/677/677 679/679/679 680/680/680
f 671/671/671 681/681/681 682/682/682
f 671/671/671 682/682/682 672/672/672
f 674/674/674 683/683/683 684/684/684
f 674/674/674 684/684/684 675/675/675
f 678/678/678 685/685/685 686/686/686
f 678/678/678 686/686/686 679/679/679
f 687/687/687 657/657/657 660/660/660
f 687/687/687 660/660/660 688/688/688
f 683/683/683 607/607/607 610/610/610
f 683/683/683 610/610/610 684/684/684
f 685/685/685 611/611/611 614/614/614
f 685/685/685 614/614/614 686/686/686
f 643/643/643 647/647/647 650/650/650
f 643/643/643 650/650/650 644/644/644
f 169/169/169 171/171/171 7/7/7
f 171/171/171 170/170/170 7/7/7
f 170/170/170 174/174/174 7/7/7
f 174/174/174 177/177/177 7/7/7
f 177/177/177 181/181/181 7/7/7
f 181/181/181 189/189/189 7/7/7
f 189/189/189 190/190/190 7/7/7
f 190/190/190 178/178/178 7/7/7
f 7/7/7 183/183/183 182/182/182
f 201/201/201 7/7/7 182/182/182
f 201/201/201 203/203/203 209/209/209
f 203/203/203 207/207/207 209/209/209
f 209/209/209 159/159/159 158/158/158
f 201/201/201 209/209/209 7/7/7
f 158/158/158 172/172/172 209/209/209
f 172/172/172 175/175/175 179/179/179
f 179/179/179 186/186/186 185/185/185
f 185/185/185 191/191/191 179/179/179
f 191/191/191 193/193/193 5/5/5
f 179/179/179 191/191/191 5/5/5
f 193/193/193 199/199/199 5/5/5
f 5/5/5 162/162/162 196/196/196
f 196/196/196 195/195/195 5/5/5
f 195/195/195 205/205/205 5/5/5
f 205/205/205 211/211/211 5/5/5
f 211/211/211 166/166/166 5/5/5
f 166/166/166 165/165/165 5/5/5
f 165/165/165 6/6/6 5/5/5
f 6/6/6 168/168/168 7/7/7
f 168/168/168 169/169/169 7/7/7
f 7/7/7 209/209/209 5/5/5
f 172/172/172 179/179/179 209/209/209
f 179/179/179 5/5/5 209/209/209
f 592/592/592 591/591/591 689/689/689
f 592/592/592 689/689/689 690/690/690
f 537/537/537 535/535/535 691/691/691
f 537/537/537 691/691/691 692/692/692
f 595/595/595 598/598/598 693/693/693
f 595/595/595 693/693/693 694/694/694
f 541/541/541 544/544/544 695/695/695
f 541/541/541 695/695/695 696/696/696
f 588/588/588 590/590/590 697/697/697
f 588/588/588 697/697/697 698/698/698
f 586/586/586 577/577/577 699/699/699
f 586/586/586 699/699/699 700/700/700
f 560/560/560 588/588/588 698/698/698
f 560/560/560 698/698/698 701/701/701
f 584/584/584 586/586/586 700/700/700
f 584/584/584 700/700/700 702/702/702
f 582/582/582 557/557/557 703/703/703
f 582/582/582 703/703/703 704/704/704
f 580/580/580 584/584/584 702/702/702
f 580/580/580 702/702/702 705/705/705
f 576/576/576 582/582/582 704/704/704
f 576/576/576 704/704/704 706/706/706
f 574/574/574 580/580/580 705/705/705
f 574/574/574 705/705/705 707/707/707
f 577/577/577 541/541/541 696/696/696
f 577/577/577 696/696/696 699/699/699
f 568/568/568 576/576/576 706/706/706
f 568/568/568 706/706/706 708/708/708
f 572/572/572 574/574/574 707/707/707
f 572/572/572 707/707/707 709/709/709
f 569/569/569 572/572/572 709/709/709
f 569/569/569 709/709/709 710/710/710
f 564/564/564 568/568/568 708/708/708
f 564/564/564 708/708/708 711/711/711
f 562/562/562 566/566/566 712/712/712
f 562/562/562 712/712/712 713/713/713
f 526/526/526 547/547/547 714/714/714
f 526/526/526 714/714/714 715/715/715
f 28/28/28 564/564/564 711/711/711
f 28/28/28 711/711/711 716/716/716
f 556/556/556 562/562/562 713/713/713
f 556/556/556 713/713/713 717/717/717
f 557/557/557 560/560/560 701/701/701
f 557/557/557 701/701/701 703/703/703
f 29/29/29 28/28/28 716/716/716
f 29/29/29 716/716/716 718/718/718
f 554/554/554 556/556/556 717/717/717
f 554/554/554 717/717/717 719/719/719
f 539/539/539 537/537/537 692/692/692
f 539/539/539 692/692/692 720/720/720
f 545/545/545 551/551/551 721/721/721
f 545/545/545 721/721/721 722/722/722
f 550/550/550 554/554/554 719/719/719
f 550/550/550 719/719/719 723/723/723
f 527/527/527 539/539/539 720/720/720
f 527/527/527 720/720/720 724/724/724
f 531/531/531 545/545/545 722/722/722
f 531/531/531 722/722/722 725/725/725
f 547/547/547 550/550/550 723/723/723
f 547/547/547 723/723/723 714/714/714
f 528/528/528 527/527/527 724/724/724
f 528/528/528 724/724/724 726/726/726
f 532/532/532 531/531/531 725/725/725
f 532/532/532 725/725/725 727/727/727
f 523/523/523 526/526/526 715/715/715
f 523/523/523 715/715/715 728/728/728
f 591/591/591 528/528/528 726/726/726
f 591/591/591 726/726/726 689/689/689
f 535/535/535 532/532/532 727/727/727
f 535/535/535 727/727/727 691/691/691
f 598/598/598 523/523/523 728/728/728
f 598/598/598 728/728/728 693/693/693
f 729/729/729 730/730/730 731/731/731
f 729/729/729 731/731/731 732/732/732
f 733/733/733 734/734/734 735/735/735
f 733/733/733 735/735/735 736/736/736
f 737/737/737 738/738/738 739/739/739
f 737/737/737 739/739/739 740/740/740
f 741/741/741 742/742/742 743/743/743
f 741/741/741 743/743/743 744/744/744
f 730/730/730 745/745/745 746/746/746
f 730/730/730 746/746/746 731/731/731
f 738/738/738 747/747/747 748/748/748
f 738/738/738 748/748/748 739/739/739
f 742/742/742 749/749/749 750/750/750
f 742/742/742 750/750/750 743/743/743
f 751/751/751 752/752/752 753/753/753
f 751/751/751 753/753/753 754/754/754
f 747/747/747 755/755/755 756/756/756
f 747/747/747 756/756/756 748/748/748
f 749/749/749 757/757/757 758/758/758
f 749/749/749 758/758/758 750/750/750
f 752/752/752 759/759/759 760/760/760
f 752/752/752 760/760/760 753/753/753
f 755/755/755 761/761/761 762/762/762
f 755/755/755 762/762/762 756/756/756
f 757/757/757 763/763/763 764/764/764
f 757/757/757 764/764/764 758/758/758
f 759/759/759 765/765/765 766/766/766
f 759/759/759 766/766/766 760/760/760
f 761/761/761 767/767/767 768/768/768
f 761/761/761 768/768/768 762/762/762
f 769/769/769 770/770/770 771/771/771
f 769/769/769 771/771/771 772/772/772
f 765/765/765 773/773/773 774/774/774
f 765/765/765 774/774/774 766/766/766
f 767/767/767 775/775/775 776/776/776
f 767/767/767 776/776/776 768/768/768
f 745/745/745 777/777/777 778/778/778
f 745/745/745 778/778/778 746/746/746
f 773/773/773 779/779/779 780/780/780
f 773/773/773 780/780/780 774/774/774
f 775/775/775 781/781/781 782/782/782
f 775/775/775 782/782/782 776/776/776
f 779/779/779 783/783/783 784/784/784
f 779/779/779 784/784/784 780/780/780
f 783/783/783 785/785/785 786/786/786
f 783/783/783 786/786/786 784/784/784
f 781/781/781 787/787/787 788/788/788
f 781/781/781 788/788/788 782/782/782
f 789/789/789 790/790/790 791/791/791
f 789/789/789 791/791/791 792/792/792
f 785/785/785 793/793/793 794/794/794
f 785/785/785 794/794/794 786/786/786
f 795/795/795 796/796/796 797/797/797
f 795/795/795 797/797/797 798/798/798
f 793/793/793 799/799/799 800/800/800
f 793/793/793 800/800/800 794/794/794
f 796/796/796 769/769/769 772/772/772
f 796/796/796 772/772/772 797/797/797
f 801/801/801 802/802/802 803/803/803
f 801/801/801 803/803/803 804/804/804
f 770/770/770 805/805/805 806/806/806
f 770/770/770 806/806/806 771/771/771
f 802/802/802 789/789/789 792/792/792
f 802/802/802 792/792/792 803/803/803
f 805/805/805 807/807/807 808/808/808
f 805/805/805 808/808/808 806/806/806
f 790/790/790 809/809/809 810/810/810
f 790/790/790 810/810/810 791/791/791
f 807/807/807 729/729/729 732/732/732
f 807/807/807 732/732/732 808/808/808
f 811/811/811 737/737/737 740/740/740
f 811/811/811 740/740/740 812/812/812
f 809/809/809 741/741/741 744/744/744
f 809/809/809 744/744/744 810/810/810
f 813/813/813 814/814/814 815/815/815
f 813/813/813 815/815/815 816/816/816
f 817/817/817 818/818/818 819/819/819
f 817/817/817 819/819/819 820/820/820
f 734/734/734 821/821/821 822/822/822
f 734/734/734 822/822/822 735/735/735
f 818/818/818 823/823/823 824/824/824
f 818/818/818 824/824/824 819/819/819
f 825/825/825 826/826/826 827/827/827
f 825/825/825 827/827/827 828/828/828
f 823/823/823 829/829/829 830/830/830
f 823/823/823 830/830/830 824/824/824
f 831/831/831 832/832/832 833/833/833
f 831/831/831 833/833/833 834/834/834
f 835/835/835 836/836/836 837/837/837
f 835/835/835 837/837/837 838/838/838
f 832/832/832 839/839/839 840/840/840
f 832/832/832 840/840/840 833/833/833
f 841/841/841 842/842/842 843/843/843
f 841/841/841 843/843/843 844/844/844
f 836/836/836 845/845/845 846/846/846
f 836/836/836 846/846/846 837/837/837
f 839/839/839 847/847/847 848/848/848
f 839/839/839 848/848/848 840/840/840
f 842/842/842 849/849/849 850/850/850
f 842/842/842 850/850/850 843/843/843
f 845/845/845 851/851/851 852/852/852
f 845/845/845 852/852/852 846/846/846
f 847/847/847 853/853/853 854/854/854
f 847/847/847 854/854/854 848/848/848
f 849/849/849 855/855/855 856/856/856
f 849/849/849 856/856/856 850/850/850
f 857/857/857 858/858/858 859/859/859
f 857/857/857 859/859/859 860/860/860
f 861/861/861 862/862/862 863/863/863
f 861/861/861 863/863/863 864/864/864
f 865/865/865 866/866/866 867/867/867
f 865/865/865 867/867/867 868/868/868
f 858/858/858 869/869/869 870/870/870
f 858/858/858 870/870/870 859/859/859
f 862/862/862 871/871/871 872/872/872
f 862/862/862 872/872/872 863/863/863
f 866/866/866 873/873/873 874/874/874
f 866/866/866 874/874/874 867/867/867
f 869/869/869 841/841/841 844/844/844
f 869/869/869 844/844/844 870/870/870
f 871/871/871 875/875/875 876/876/876
f 871/871/871 876/876/876 872/872/872
f 873/873/873 877/877/877 878/878/878
f 873/873/873 878/878/878 874/874/874
f 821/821/821 825/825/825 828/828/828
f 821/821/821 828/828/828 822/822/822
f 875/875/875 879/879/879 880/880/880
f 875/875/875 880/880/880 876/876/876
f 877/877/877 881/881/881 882/882/882
f 877/877/877 882/882/882 878/878/878
f 853/853/853 883/883/883 884/884/884
f 853/853/853 884/884/884 854/854/854
f 885/885/885 886/886/886 887/887/887
f 885/885/885 887/887/887 888/888/888
f 881/881/881 889/889/889 890/890/890
f 881/881/881 890/890/890 882/882/882
f 886/886/886 891/891/891 892/892/892
f 886/886/886 892/892/892 887/887/887
f 891/891/891 893/893/893 894/894/894
f 891/891/891 894/894/894 892/892/892
f 889/889/889 733/733/733 736/736/736
f 889/889/889 736/736/736 890/890/890
f 829/829/829 835/835/835 838/838/838
f 829/829/829 838/838/838 830/830/830
f 893/893/893 817/817/817 820/820/820
f 893/893/893 820/820/820 894/894/894
f 895/895/895 896/896/896 897/897/897
f 895/895/895 897/897/897 898/898/898
f 899/899/899 900/900/900 901/901/901
f 899/899/899 901/901/901 902/902/902
f 814/814/814 903/903/903 904/904/904
f 814/814/814 904/904/904 815/815/815
f 905/905/905 906/906/906 907/907/907
f 905/905/905 907/907/907 908/908/908
f 900/900/900 909/909/909 910/910/910
f 900/900/900 910/910/910 901/901/901
f 903/903/903 911/911/911 912/912/912
f 903/903/903 912/912/912 904/904/904
f 913/913/913 914/914/914 915/915/915
f 913/913/913 915/915/915 916/916/916
f 909/909/909 917/917/917 918/918/918
f 909/909/909 918/918/918 910/910/910
f 911/911/911 919/919/919 920/920/920
f 911/911/911 920/920/920 912/912/912
f 917/917/917 921/921/921 922/922/922
f 917/917/917 922/922/922 918/918/918
f 921/921/921 923/923/923 924/924/924
f 921/921/921 924/924/924 922/922/922
f 919/919/919 925/925/925 926/926/926
f 919/919/919 926/926/926 920/920/920
f 927/927/927 928/928/928 929/929/929
f 927/927/927 929/929/929 930/930/930
f 923/923/923 931/931/931 932/932/932
f 923/923/923 932/932/932 924/924/924
f 933/933/933 934/934/934 935/935/935
f 933/933/933 935/935/935 936/936/936
f 931/931/931 937/937/937 938/938/938
f 931/931/931 938/938/938 932/932/932
f 934/934/934 905/905/905 908/908/908
f 934/934/934 908/908/908 935/935/935
f 939/939/939 940/940/940 941/941/941
f 939/939/939 941/941/941 942/942/942
f 906/906/906 943/943/943 944/944/944
f 906/906/906 944/944/944 907/907/907
f 940/940/940 927/927/927 930/930/930
f 940/940/940 930/930/930 941/941/941
f 943/943/943 945/945/945 946/946/946
f 943/943/943 946/946/946 944/944/944
f 928/928/928 947/947/947 948/948/948
f 928/928/928 948/948/948 929/929/929
f 945/945/945 949/949/949 950/950/950
f 945/945/945 950/950/950 946/946/946
f 951/951/951 952/952/952 953/953/953
f 951/951/951 953/953/953 954/954/954
f 947/947/947 955/955/955 956/956/956
f 947/947/947 956/956/956 948/948/948
f 949/949/949 957/957/957 958/958/958
f 949/949/949 958/958/958 950/950/950
f 952/952/952 959/959/959 960/960/960
f 952/952/952 960/960/960 953/953/953
f 955/955/955 961/961/961 962/962/962
f 955/955/955 962/962/962 956/956/956
f 957/957/957 913/913/913 916/916/916
f 957/957/957 916/916/916 958/958/958
f 959/959/959 963/963/963 964/964/964
f 959/959/959 964/964/964 960/960/960
f 961/961/961 965/965/965 966/966/966
f 961/961/961 966/966/966 962/962/962
f 967/967/967 968/968/968 969/969/969
f 967/967/967 969/969/969 970/970/970
f 963/963/963 813/813/813 816/816/816
f 963/963/963 816/816/816 964/964/964
f 965/965/965 895/895/895 898/898/898
f 965/965/965 898/898/898 966/966/966
f 968/968/968 899/899/899 902/902/902
f 968/968/968 902/902/902 969/969/969
f 971/971/971 972/972/972 973/973/973
f 971/971/971 973/973/973 974/974/974
f 975/975/975 976/976/976 977/977/977
f 975/975/975 977/977/977 978/978/978
f 979/979/979 980/980/980 981/981/981
f 979/979/979 981/981/981 982/982/982
f 983/983/983 984/984/984 985/985/985
f 983/983/983 985/985/985 986/986/986
f 987/987/987 988/988/988 989/989/989
f 987/987/987 989/989/989 990/990/990
f 991/991/991 971/971/971 974/974/974
f 991/991/991 974/974/974 992/992/992
f 993/993/993 994/994/994 995/995/995
f 993/993/993 995/995/995 996/996/996
f 988/988/988 997/997/997 998/998/998
f 988/988/988 998/998/998 989/989/989
f 972/972/972 999/999/999 1000/1000/1000
f 972/972/972 1000/1000/1000 973/973/973
f 994/994/994 1001/1001/1001 1002/1002/1002
f 994/994/994 1002/1002/1002 995/995/995
f 997/997/997 1003/1003/1003 1004/1004/1004
f 997/997/997 1004/1004/1004 998/998/998
f 999/999/999 1005/1005/1005 1006/1006/1006
f 999/999/999 1006/1006/1006 1000/1000/1000
f 1001/1001/1001 1007/1007/1007 1008/1008/1008
f 1001/1001/1001 1008/1008/1008 1002/1002/1002
f 1003/1003/1003 979/979/979 982/982/982
f 1003/1003/1003 982/982/982 1004/1004/1004
f 1009/1009/1009 1010/1010/1010 1011/1011/1011
f 1009/1009/1009 1011/1011/1011 1012/1012/1012
f 1007/1007/1007 991/991/991 992/992/992
f 1007/1007/1007 992/992/992 1008/1008/1008
f 980/980/980 1013/1013/1013 1014/1014/1014
f 980/980/980 1014/1014/1014 981/981/981
f 1010/1010/1010 1015/1015/1015 1016/1016/1016
f 1010/1010/1010 1016/1016/1016 1011/1011/1011
f 1013/1013/1013 1017/1017/1017 1018/1018/1018
f 1013/1013/1013 1018/1018/1018 1014/1014/1014
f 1019/1019/1019 1020/1020/1020 1021/1021/1021
f 1019/1019/1019 1021/1021/1021 1022/1022/1022
f 1023/1023/1023 1024/1024/1024 1025/1025/1025
f 1023/1023/1023 1025/1025/1025 1026/1026/1026
f 1024/1024/1024 1027/1027/1027 1028/1028/1028
f 1024/1024/1024 1028/1028/1028 1025/1025/1025
f 1029/1029/1029 1030/1030/1030 1031/1031/1031
f 1029/1029/1029 1031/1031/1031 1032/1032/1032
f 1027/1027/1027 983/983/983 986/986/986
f 1027/1027/1027 986/986/986 1028/1028/1028
f 1030/1030/1030 1033/1033/1033 1034/1034/1034
f 1030/1030/1030 1034/1034/1034 1031/1031/1031
f 984/984/984 1035/1035/1035 1036/1036/1036
f 984/984/984 1036/1036/1036 985/985/985
f 1035/1035/1035 1037/1037/1037 1038/1038/1038
f 1035/1035/1035 1038/1038/1038 1036/1036/1036
f 1039/1039/1039 975/975/975 978/978/978
f 1039/1039/1039 978/978/978 1040/1040/1040
f 1037/1037/1037 1022/1022/1022 1021/1021/1021
f 1037/1037/1037 1021/1021/1021 1038/1038/1038
f 1041/1041/1041 987/987/987 990/990/990
f 1041/1041/1041 990/990/990 1042/1042/1042
f 1015/1015/1015 1029/1029/1029 1032/1032/1032
f 1015/1015/1015 1032/1032/1032 1016/1016/1016
f 1033/1033/1033 1039/1039/1039 1040/1040/1040
f 1033/1033/1033 1040/1040/1040 1034/1034/1034
f 1043/1043/1043 1044/1044/1044 1045/1045/1045
f 1043/1043/1043 1045/1045/1045 1046/1046/1046
f 1047/1047/1047 1048/1048/1048 1049/1049/1049
f 1047/1047/1047 1049/1049/1049 1050/1050/1050
f 1051/1051/1051 1052/1052/1052 1053/1053/1053
f 1051/1051/1051 1053/1053/1053 1054/1054/1054
f 1044/1044/1044 1055/1055/1055 1056/1056/1056
f 1044/1044/1044 1056/1056/1056 1045/1045/1045
f 1048/1048/1048 1057/1057/1057 1058/1058/1058
f 1048/1048/1048 1058/1058/1058 1049/1049/1049
f 1052/1052/1052 1059/1059/1059 1060/1060/1060
f 1052/1052/1052 1060/1060/1060 1053/1053/1053
f 1061/1061/1061 1062/1062/1062 1063/1063/1063
f 1061/1061/1061 1063/1063/1063 1064/1064/1064
f 1057/1057/1057 1065/1065/1065 1066/1066/1066
f 1057/1057/1057 1066/1066/1066 1058/1058/1058
f 1059/1059/1059 1067/1067/1067 1068/1068/1068
f 1059/1059/1059 1068/1068/1068 1060/1060/1060
f 1062/1062/1062 1069/1069/1069 1070/1070/1070
f 1062/1062/1062 1070/1070/1070 1063/1063/1063
f 1065/1065/1065 1071/1071/1071 1072/1072/1072
f 1065/1065/1065 1072/1072/1072 1066/1066/1066
f 1067/1067/1067 1073/1073/1073 1074/1074/1074
f 1067/1067/1067 1074/1074/1074 1068/1068/1068
f 1069/1069/1069 1075/1075/1075 1076/1076/1076
f 1069/1069/1069 1076/1076/1076 1070/1070/1070
f 1071/1071/1071 1077/1077/1077 1078/1078/1078
f 1071/1071/1071 1078/1078/1078 1072/1072/1072
f 1079/1079/1079 1080/1080/1080 1081/1081/1081
f 1079/1079/1079 1081/1081/1081 1082/1082/1082
f 1075/1075/1075 1083/1083/1083 1084/1084/1084
f 1075/1075/1075 1084/1084/1084 1076/1076/1076
f 1077/1077/1077 1085/1085/1085 1086/1086/1086
f 1077/1077/1077 1086/1086/1086 1078/1078/1078
f 1055/1055/1055 1087/1087/1087 1088/1088/1088
f 1055/1055/1055 1088/1088/1088 1056/1056/1056
f 1083/1083/1083 1089/1089/1089 1090/1090/1090
f 1083/1083/1083 1090/1090/1090 1084/1084/1084
f 1085/1085/1085 1091/1091/1091 1092/1092/1092
f 1085/1085/1085 1092/1092/1092 1086/1086/1086
f 1089/1089/1089 1093/1093/1093 1094/1094/1094
f 1089/1089/1089 1094/1094/1094 1090/1090/1090
f 1093/1093/1093 1095/1095/1095 1096/1096/1096
f 1093/1093/1093 1096/1096/1096 1094/1094/1094
f 1091/1091/1091 1097/1097/1097 1098/1098/1098
f 1091/1091/1091 1098/1098/1098 1092/1092/1092
f 1099/1099/1099 1100/1100/1100 1101/1101/1101
f 1099/1099/1099 1101/1101/1101 1102/1102/1102
f 1095/1095/1095 1103/1103/1103 1104/1104/1104
f 1095/1095/1095 1104/1104/1104 1096/1096/1096
f 1105/1105/1105 1106/1106/1106 1107/1107/1107
f 1105/1105/1105 1107/1107/1107 1108/1108/1108
f 1103/1103/1103 1109/1109/1109 1110/1110/1110
f 1103/1103/1103 1110/1110/1110 1104/1104/1104
f 1106/1106/1106 1079/1079/1079 1082/1082/1082
f 1106/1106/1106 1082/1082/1082 1107/1107/1107
f 1111/1111/1111 1112/1112/1112 1113/1113/1113
f 1111/1111/1111 1113/1113/1113 1114/1114/1114
f 1080/1080/1080 1115/1115/1115 1116/1116/1116
f 1080/1080/1080 1116/1116/1116 1081/1081/1081
f 1112/1112/1112 1099/1099/1099 1102/1102/1102
f 1112/1112/1112 1102/1102/1102 1113/1113/1113
f 1115/1115/1115 1117/1117/1117 1118/1118/1118
f 1115/1115/1115 1118/1118/1118 1116/1116/1116
f 1100/1100/1100 1119/1119/1119 1120/1120/1120
f 1100/1100/1100 1120/1120/1120 1101/1101/1101
f 1117/1117/1117 1043/1043/1043 1046/1046/1046
f 1117/1117/1117 1046/1046/1046 1118/1118/1118
f 1121/1121/1121 1047/1047/1047 1050/1050/1050
f 1121/1121/1121 1050/1050/1050 1122/1122/1122
f 1119/1119/1119 1051/1051/1051 1054/1054/1054
f 1119/1119/1119 1054/1054/1054 1120/1120/1120

